nest,exit_time,entry_time,duration_min
1,2024-04-16 18:12:11.433333,2024-04-16 18:34:00.066667,21.810555566666668
1,2024-04-18 10:48:14.100000,2024-04-18 11:53:19.566667,65.09111111666667
1,2024-04-18 12:15:17.000000,2024-04-18 12:22:37.166667,7.336111116666667
1,2024-04-22 16:51:01.666667,2024-04-22 17:06:43.266667,15.693333333333333
1,2024-04-23 16:20:07.800000,2024-04-23 16:34:06.266667,13.97444445
1,2024-04-24 09:46:04.600000,2024-04-24 11:29:39.433333,103.58055555
1,2024-04-24 11:29:41.166667,2024-04-24 11:39:22.433333,9.687777766666667
1,2024-04-24 11:39:25.800000,2024-04-24 13:04:44.466667,85.31111111666668
1,2024-04-24 14:24:51.200000,2024-04-24 14:52:29.766667,27.642777783333333
1,2024-04-24 14:52:44.600000,2024-04-24 14:55:57.766667,3.2194444499999997
1,2024-04-25 12:44:41.000000,2024-04-25 12:51:03.033333,6.367222216666667
1,2024-04-26 10:55:02.666667,2024-04-26 11:09:43.433333,14.679444433333334
1,2024-04-28 10:26:10.766667,2024-04-28 10:41:57.666667,15.781666666666666
1,2024-04-28 10:41:58.033333,2024-04-28 10:46:29.000000,4.516111116666666
1,2024-04-28 11:55:16.433333,2024-04-28 12:10:45.166667,15.4788889
1,2024-04-28 12:55:08.966667,2024-04-28 13:01:59.233333,6.837777766666666
1,2024-04-28 13:15:33.866667,2024-04-28 13:27:03.733333,11.497777766666667
1,2024-04-28 13:27:04.533333,2024-04-28 13:51:56.433333,24.865000000000002
1,2024-04-28 14:29:52.066667,2024-04-28 14:42:29.833333,12.629444433333333
1,2024-04-28 14:42:46.966667,2024-04-28 15:35:46.800000,52.997222216666664
1,2024-04-28 16:28:36.200000,2024-04-28 17:34:15.666667,65.65777778333333
1,2024-04-28 18:28:24.000000,2024-04-28 18:29:20.466667,0.9411111166666667
1,2024-04-28 18:29:47.166667,2024-04-28 18:33:58.833333,4.1944444333333335
1,2024-04-28 18:35:05.000000,2024-04-28 18:50:10.400000,15.09
1,2024-04-29 09:33:07.766667,2024-04-29 09:40:41.166667,7.556666666666667
1,2024-04-29 09:41:02.533333,2024-04-29 10:32:52.100000,51.82611111666667
1,2024-04-29 10:34:34.333333,2024-04-29 10:55:06.033333,20.528333333333332
1,2024-04-29 11:00:02.966667,2024-04-29 11:07:45.266667,7.705
1,2024-04-29 11:19:49.033333,2024-04-29 11:28:02.300000,8.221111116666666
1,2024-04-29 11:28:04.400000,2024-04-29 11:49:18.100000,21.228333333333335
1,2024-04-29 12:07:55.933333,2024-04-29 12:44:02.600000,36.11111111666666
1,2024-04-29 12:49:47.633333,2024-04-29 13:36:32.733333,46.751666666666665
1,2024-04-29 13:36:49.966667,2024-04-29 13:42:24.966667,5.583333333333333
1,2024-04-30 10:05:41.866667,2024-04-30 10:49:57.766667,44.265
1,2024-04-30 10:50:03.000000,2024-04-30 11:42:00.400000,51.95666666666667
1,2024-04-30 11:42:18.133333,2024-04-30 12:09:16.066667,26.96555556666667
1,2024-04-30 12:09:18.033333,2024-04-30 14:04:40.966667,115.38222223333334
1,2024-04-30 14:19:08.366667,2024-04-30 15:33:35.533333,74.45277776666667
1,2024-05-01 09:20:05.333333,2024-05-01 10:24:32.733333,64.45666666666666
1,2024-05-01 15:13:33.066667,2024-05-01 16:22:40.966667,69.13166666666666
1,2024-05-18 15:34:18.266667,2024-05-18 16:11:41.633333,37.38944443333333
1,2024-05-18 16:25:35.966667,2024-05-18 16:26:55.433333,1.3244444333333334
1,2024-05-18 16:52:45.700000,2024-05-18 16:58:03.266667,5.292777783333333
1,2024-05-18 16:58:47.266667,2024-05-18 18:50:23.933333,111.6111111
1,2024-05-19 10:52:15.266667,2024-05-19 11:12:25.433333,20.169444433333336
1,2024-05-19 11:45:37.700000,2024-05-19 12:21:49.333333,36.19388888333334
1,2024-05-19 12:22:31.133333,2024-05-19 12:26:25.400000,3.90444445
1,2024-05-19 14:00:24.466667,2024-05-19 15:22:15.666667,81.85333333333332
1,2024-05-19 15:49:13.933333,2024-05-19 17:17:02.266667,87.80555556666667
1,2024-05-19 17:17:03.933333,2024-05-19 17:22:18.633333,5.245
1,2024-05-20 09:06:23.766667,2024-05-20 09:12:02.500000,5.64555555
1,2024-05-20 09:15:23.166667,2024-05-20 09:17:13.066667,1.8316666666666668
1,2024-05-20 09:23:08.033333,2024-05-20 09:45:05.633333,21.959999999999997
1,2024-05-20 09:59:56.133333,2024-05-20 10:11:46.733333,11.843333333333334
1,2024-05-20 10:13:16.500000,2024-05-20 10:26:24.833333,13.138888883333333
1,2024-05-20 10:26:36.066667,2024-05-20 10:28:13.400000,1.6222222166666667
1,2024-05-20 10:29:27.333333,2024-05-20 10:33:50.066667,4.378888900000001
1,2024-05-20 10:33:51.000000,2024-05-20 10:40:49.066667,6.967777783333333
1,2024-05-20 10:54:25.233333,2024-05-20 11:05:50.966667,11.4288889
1,2024-05-20 11:29:29.033333,2024-05-20 11:38:45.733333,9.278333333333334
1,2024-05-20 12:04:24.000000,2024-05-20 12:13:40.833333,9.28055555
1,2024-05-20 12:25:45.066667,2024-05-20 12:45:01.000000,19.26555555
1,2024-05-20 12:47:26.100000,2024-05-20 12:49:30.700000,2.0766666666666667
1,2024-05-20 12:50:29.833333,2024-05-20 12:58:06.533333,7.611666666666666
1,2024-05-20 13:00:29.033333,2024-05-20 13:09:42.400000,9.222777783333333
1,2024-05-20 13:10:26.866667,2024-05-20 13:12:27.333333,2.0077777666666665
1,2024-05-20 13:28:52.833333,2024-05-20 13:30:35.366667,1.7088889
1,2024-05-20 13:31:34.766667,2024-05-20 13:38:22.433333,6.794444433333334
1,2024-05-20 13:42:14.433333,2024-05-20 13:45:33.300000,3.3144444500000003
1,2024-05-20 13:50:25.033333,2024-05-20 13:51:53.233333,1.47
1,2024-05-20 14:06:59.800000,2024-05-20 14:15:14.766667,8.24944445
1,2024-05-20 14:22:28.633333,2024-05-20 14:33:46.033333,11.29
1,2024-05-20 14:34:57.733333,2024-05-20 15:18:04.966667,43.12055556666667
1,2024-05-20 15:18:11.566667,2024-05-20 15:20:17.733333,2.1027777666666667
1,2024-05-20 15:48:45.733333,2024-05-20 16:04:33.633333,15.798333333333334
1,2024-05-20 16:26:35.266667,2024-05-20 16:52:24.400000,25.818888883333333
1,2024-05-20 17:31:00.666667,2024-05-20 17:37:21.300000,6.343888883333333
1,2024-05-20 17:38:48.400000,2024-05-20 17:44:58.833333,6.173888883333333
1,2024-05-20 17:44:59.433333,2024-05-20 17:53:28.900000,8.491111116666666
1,2024-05-21 09:17:56.266667,2024-05-21 09:21:13.700000,3.29055555
1,2024-05-21 09:21:15.733333,2024-05-21 09:26:11.500000,4.92944445
1,2024-05-21 09:36:15.033333,2024-05-21 09:38:18.166667,2.0522222333333335
1,2024-05-21 09:53:07.300000,2024-05-21 10:02:11.066667,9.062777783333333
1,2024-05-21 10:05:44.833333,2024-05-21 10:08:18.333333,2.558333333333333
1,2024-05-21 10:09:46.966667,2024-05-21 10:11:17.900000,1.51555555
1,2024-05-21 10:19:35.933333,2024-05-21 10:21:11.800000,1.5977777833333335
1,2024-05-21 10:23:52.033333,2024-05-21 10:32:17.133333,8.418333333333333
1,2024-05-21 10:34:54.566667,2024-05-21 10:42:29.100000,7.575555550000001
1,2024-05-21 10:43:30.866667,2024-05-21 10:53:05.000000,9.568888883333333
1,2024-05-21 10:54:00.133333,2024-05-21 10:55:54.600000,1.9077777833333334
1,2024-05-21 10:56:15.133333,2024-05-21 11:17:35.633333,21.341666666666665
1,2024-05-21 11:18:49.200000,2024-05-21 11:29:42.866667,10.89444445
1,2024-05-21 11:30:32.633333,2024-05-21 11:32:04.566667,1.5322222333333333
1,2024-05-21 11:32:13.366667,2024-05-21 11:41:50.933333,9.626111100000001
1,2024-05-21 11:46:07.466667,2024-05-21 11:54:15.366667,8.131666666666666
1,2024-05-21 11:55:49.366667,2024-05-21 12:01:47.800000,5.973888883333333
1,2024-05-21 12:04:22.633333,2024-05-21 12:09:25.933333,5.055000000000001
1,2024-05-21 12:24:42.533333,2024-05-21 12:31:19.466667,6.615555566666667
1,2024-05-21 12:32:45.800000,2024-05-21 12:37:12.133333,4.438888883333333
1,2024-05-21 12:39:36.600000,2024-05-21 12:40:18.533333,0.6988888833333333
1,2024-05-21 12:40:52.166667,2024-05-21 12:47:27.266667,6.585
1,2024-05-21 13:02:07.666667,2024-05-21 13:05:54.033333,3.7727777666666666
1,2024-05-21 13:09:03.733333,2024-05-21 13:21:08.000000,12.071111116666666
1,2024-05-21 13:30:22.366667,2024-05-21 13:31:49.966667,1.46
1,2024-05-21 13:32:58.366667,2024-05-21 13:34:15.000000,1.2772222166666665
1,2024-05-21 13:38:06.400000,2024-05-21 13:39:34.366667,1.4661111166666667
1,2024-05-21 13:42:11.366667,2024-05-21 13:45:04.133333,2.879444433333333
1,2024-05-21 13:51:32.500000,2024-05-21 13:55:42.600000,4.168333333333333
1,2024-05-21 13:56:36.766667,2024-05-21 14:25:32.033333,28.9211111
1,2024-05-21 14:54:16.766667,2024-05-21 15:09:08.400000,14.860555549999999
1,2024-05-21 15:10:43.733333,2024-05-21 15:23:30.700000,12.782777783333334
1,2024-05-21 15:24:59.966667,2024-05-21 15:50:19.900000,25.332222216666665
1,2024-05-21 15:51:18.100000,2024-05-21 16:06:53.066667,15.582777783333334
1,2024-05-21 16:08:02.633333,2024-05-21 16:28:08.400000,20.09611111666667
1,2024-05-21 16:34:02.466667,2024-05-21 17:30:27.866667,56.42333333333333
1,2024-05-21 17:31:47.066667,2024-05-21 17:32:53.833333,1.1127777666666667
1,2024-05-21 17:34:34.166667,2024-05-21 17:38:06.933333,3.5461110999999996
1,2024-05-22 08:57:14.066667,2024-05-22 09:09:21.600000,12.12555555
1,2024-05-22 09:10:22.700000,2024-05-22 09:27:13.433333,16.84555555
1,2024-05-22 09:28:29.200000,2024-05-22 09:45:24.133333,16.91555555
1,2024-05-22 09:46:45.533333,2024-05-22 09:49:28.400000,2.7144444500000002
1,2024-05-22 09:50:09.966667,2024-05-22 09:55:08.666667,4.9783333333333335
1,2024-05-22 10:13:22.866667,2024-05-22 10:23:01.666667,9.646666666666667
1,2024-05-22 10:24:43.166667,2024-05-22 10:39:24.733333,14.692777766666667
1,2024-05-22 11:43:35.700000,2024-05-22 11:46:10.966667,2.5877777833333337
1,2024-05-22 12:18:46.700000,2024-05-22 12:22:54.466667,4.12944445
1,2024-05-22 12:25:38.766667,2024-05-22 12:26:17.200000,0.64055555
1,2024-05-22 12:27:30.000000,2024-05-22 12:28:55.766667,1.4294444499999999
1,2024-05-22 12:29:55.966667,2024-05-22 12:33:56.900000,4.01555555
1,2024-05-22 12:34:56.033333,2024-05-22 12:36:25.600000,1.4927777833333333
1,2024-05-22 12:37:59.066667,2024-05-22 12:39:21.100000,1.3672222166666665
1,2024-05-22 12:40:37.400000,2024-05-22 12:42:36.833333,1.99055555
1,2024-05-22 12:48:02.266667,2024-05-22 12:49:17.533333,1.2544444333333333
1,2024-05-22 13:48:50.733333,2024-05-22 13:52:15.500000,3.4127777833333335
1,2024-05-22 14:09:03.766667,2024-05-22 14:10:29.233333,1.4244444333333335
1,2024-05-22 14:12:53.166667,2024-05-22 14:14:14.333333,1.3527777666666667
1,2024-05-22 14:15:55.366667,2024-05-22 14:19:46.800000,3.8572222166666665
1,2024-05-22 14:20:08.266667,2024-05-22 14:21:30.966667,1.3783333333333334
1,2024-05-22 14:22:47.433333,2024-05-22 14:24:37.266667,1.8305555666666666
1,2024-05-22 14:28:55.366667,2024-05-22 14:30:27.833333,1.5411111
1,2024-05-22 14:36:06.666667,2024-05-22 14:54:23.200000,18.27555555
1,2024-05-22 14:54:53.933333,2024-05-22 14:56:12.733333,1.3133333333333332
1,2024-05-22 15:18:51.366667,2024-05-22 15:39:33.733333,20.706111099999998
1,2024-05-23 09:29:09.800000,2024-05-23 09:34:00.633333,4.847222216666666
1,2024-05-23 09:34:19.100000,2024-05-23 09:39:21.133333,5.033888883333334
1,2024-05-23 09:47:08.100000,2024-05-23 10:02:15.700000,15.126666666666667
1,2024-05-23 10:04:13.000000,2024-05-23 10:05:51.233333,1.6372222166666668
1,2024-05-23 10:06:03.533333,2024-05-23 10:07:41.533333,1.6333333333333333
1,2024-05-23 10:12:43.500000,2024-05-23 10:14:00.233333,1.2788888833333334
1,2024-05-23 10:17:00.000000,2024-05-23 10:17:32.966667,0.54944445
1,2024-05-23 10:17:50.833333,2024-05-23 10:34:17.900000,16.451111116666667
1,2024-05-23 10:35:10.966667,2024-05-23 10:43:52.166667,8.686666666666667
1,2024-05-23 10:49:50.233333,2024-05-23 11:21:16.733333,31.441666666666666
1,2024-05-23 11:22:04.466667,2024-05-23 11:31:50.466667,9.766666666666667
1,2024-05-23 11:33:03.700000,2024-05-23 11:40:23.500000,7.33
1,2024-05-23 11:41:09.200000,2024-05-23 11:58:44.933333,17.595555549999997
1,2024-05-23 12:00:14.300000,2024-05-23 12:04:02.700000,3.8066666666666666
1,2024-05-23 12:04:44.933333,2024-05-23 12:19:56.533333,15.193333333333333
1,2024-05-23 12:21:31.800000,2024-05-23 12:25:04.333333,3.5422222166666666
1,2024-05-23 12:43:00.300000,2024-05-23 13:05:10.200000,22.165000000000003
1,2024-05-23 13:28:34.166667,2024-05-23 13:47:46.933333,19.212777766666665
1,2024-05-23 13:50:33.000000,2024-05-23 13:52:14.233333,1.6872222166666666
1,2024-05-23 13:52:22.333333,2024-05-23 14:02:02.700000,9.672777783333334
1,2024-05-23 14:02:05.566667,2024-05-23 14:04:43.400000,2.63055555
1,2024-05-23 14:05:57.900000,2024-05-23 14:18:39.266667,12.68944445
1,2024-05-23 14:19:58.433333,2024-05-23 14:36:09.933333,16.191666666666666
1,2024-05-23 14:37:33.300000,2024-05-23 14:48:48.133333,11.247222216666668
1,2024-05-23 14:48:51.433333,2024-05-23 14:54:12.066667,5.3438889
1,2024-05-23 15:02:13.933333,2024-05-23 15:03:10.733333,0.9466666666666667
1,2024-05-23 15:04:24.533333,2024-05-23 15:07:54.233333,3.4949999999999997
1,2024-05-23 15:11:40.633333,2024-05-23 15:18:29.466667,6.813888899999999
1,2024-05-23 15:19:01.133333,2024-05-23 15:19:31.733333,0.51
1,2024-05-23 15:23:43.300000,2024-05-23 15:24:45.100000,1.03
1,2024-05-23 15:26:42.033333,2024-05-23 15:28:01.433333,1.3233333333333335
1,2024-05-23 15:31:31.800000,2024-05-23 15:32:56.633333,1.4138888833333332
1,2024-05-23 15:38:29.000000,2024-05-23 15:47:39.200000,9.17
1,2024-05-23 16:18:09.733333,2024-05-23 16:29:21.766667,11.200555566666667
1,2024-05-23 16:53:40.733333,2024-05-23 17:07:38.266667,13.9588889
1,2024-05-23 17:09:06.566667,2024-05-23 17:22:05.266667,12.978333333333333
1,2024-05-23 17:23:39.866667,2024-05-23 17:40:27.766667,16.798333333333332
1,2024-05-23 17:41:11.766667,2024-05-23 17:43:34.533333,2.379444433333333
1,2024-05-23 18:20:24.933333,2024-05-23 18:22:39.433333,2.2416666666666667
1,2024-05-24 09:43:26.166667,2024-05-24 09:56:53.000000,13.447222216666667
1,2024-05-24 09:57:57.333333,2024-05-24 09:58:41.433333,0.735
1,2024-05-24 09:59:53.666667,2024-05-24 10:02:12.733333,2.3177777666666666
1,2024-05-24 10:03:20.266667,2024-05-24 10:17:39.566667,14.321666666666665
1,2024-05-24 10:19:10.733333,2024-05-24 11:00:53.233333,41.708333333333336
1,2024-05-24 11:06:56.866667,2024-05-24 11:30:36.733333,23.664444433333333
1,2024-05-24 11:30:41.033333,2024-05-24 12:30:28.833333,59.79666666666667
1,2024-05-24 12:35:41.966667,2024-05-24 12:48:17.666667,12.595
1,2024-05-24 15:41:31.666667,2024-05-24 16:10:01.966667,28.505
1,2024-05-24 16:10:43.166667,2024-05-24 16:13:54.200000,3.183888883333333
1,2024-05-24 16:14:39.900000,2024-05-24 16:15:19.166667,0.65444445
1,2024-05-24 16:15:27.900000,2024-05-24 16:16:57.633333,1.49555555
1,2024-05-24 16:17:19.166667,2024-05-24 16:18:05.633333,0.7744444333333333
1,2024-05-24 16:19:41.666667,2024-05-24 16:34:48.233333,15.109444433333334
1,2024-05-24 17:01:15.466667,2024-05-24 17:02:23.766667,1.1383333333333332
1,2024-05-24 17:05:14.633333,2024-05-24 17:07:59.733333,2.7516666666666665
1,2024-05-24 17:08:21.033333,2024-05-24 17:16:07.566667,7.775555566666667
1,2024-05-24 17:16:43.800000,2024-05-24 17:17:45.166667,1.0227777833333334
1,2024-05-24 17:36:05.133333,2024-05-24 17:36:48.433333,0.7216666666666666
1,2024-05-25 09:19:02.133333,2024-05-25 09:40:37.533333,21.59
1,2024-05-25 09:43:20.366667,2024-05-25 09:45:15.766667,1.9233333333333333
1,2024-05-25 10:43:14.600000,2024-05-25 11:16:41.333333,33.44555555
1,2024-05-25 11:18:03.166667,2024-05-25 11:46:02.133333,27.98277776666667
1,2024-05-25 11:47:54.700000,2024-05-25 12:58:11.333333,70.27722221666666
1,2024-05-25 13:18:36.700000,2024-05-25 13:40:41.000000,22.071666666666665
1,2024-05-25 13:40:55.500000,2024-05-25 13:43:46.300000,2.8466666666666667
1,2024-05-25 15:26:35.866667,2024-05-25 15:28:07.800000,1.5322222166666668
1,2024-05-26 12:02:48.166667,2024-05-26 12:07:06.933333,4.312777766666667
1,2024-05-26 12:09:18.900000,2024-05-26 12:11:23.100000,2.07
1,2024-05-26 12:13:27.733333,2024-05-26 12:30:54.966667,17.4538889
1,2024-05-26 12:31:29.933333,2024-05-26 12:57:25.700000,25.929444450000002
1,2024-05-26 12:59:02.733333,2024-05-26 13:13:23.400000,14.34444445
1,2024-05-26 13:14:35.433333,2024-05-26 13:38:54.133333,24.311666666666667
1,2024-05-26 14:33:11.833333,2024-05-26 14:52:43.900000,19.534444450000002
1,2024-05-26 14:54:21.800000,2024-05-26 14:58:58.933333,4.618888883333333
1,2024-05-26 15:16:41.566667,2024-05-26 15:40:26.766667,23.753333333333334
1,2024-05-26 15:51:20.333333,2024-05-26 16:41:34.600000,50.23777778333333
1,2024-05-26 16:43:32.200000,2024-05-26 16:44:40.966667,1.1461111166666667
1,2024-05-26 16:45:04.233333,2024-05-26 16:52:09.200000,7.0827777833333325
1,2024-05-27 12:42:56.066667,2024-05-27 13:12:02.300000,29.103888883333333
1,2024-05-27 13:42:42.033333,2024-05-27 13:45:59.733333,3.295
1,2024-05-27 14:38:23.633333,2024-05-27 15:05:36.266667,27.210555566666667
1,2024-05-27 15:06:47.533333,2024-05-27 15:30:21.833333,23.571666666666665
1,2024-05-27 17:16:13.566667,2024-05-27 17:45:26.133333,29.20944443333333
1,2024-06-02 09:36:52.966667,2024-06-02 09:38:48.333333,1.9227777666666666
1,2024-06-02 09:51:00.366667,2024-06-02 09:51:57.833333,0.9577777666666667
2,2024-04-18 12:21:21.000000,2024-04-18 12:24:03.900000,2.7150000000000003
2,2024-04-18 17:47:38.433333,2024-04-18 17:50:35.500000,2.9511111166666666
2,2024-04-20 09:39:09.000000,2024-04-20 09:45:42.666667,6.561111116666667
2,2024-04-22 09:39:01.566667,2024-04-22 09:41:26.000000,2.407222216666667
2,2024-04-23 12:07:46.300000,2024-04-23 12:39:13.166667,31.447777783333333
2,2024-04-24 11:24:07.133333,2024-04-24 11:29:11.700000,5.076111116666667
2,2024-04-24 11:45:43.933333,2024-04-24 11:46:27.833333,0.7316666666666667
2,2024-04-26 12:49:27.400000,2024-04-26 12:51:52.400000,2.4166666666666665
2,2024-04-28 10:41:47.100000,2024-04-28 11:30:52.766667,49.09444445
2,2024-04-29 14:23:22.266667,2024-04-29 14:48:29.933333,25.127777766666668
2,2024-05-08 14:28:28.833333,2024-05-08 14:38:37.233333,10.139999999999999
2,2024-05-18 15:50:52.366667,2024-05-18 16:24:11.133333,33.31277776666666
2,2024-05-18 16:24:12.400000,2024-05-18 17:27:28.233333,63.26388888333334
2,2024-05-19 11:48:32.366667,2024-05-19 13:18:49.233333,90.2811111
2,2024-05-19 14:14:56.533333,2024-05-19 14:36:35.500000,21.649444449999997
2,2024-05-19 14:36:35.900000,2024-05-19 14:59:46.033333,23.168888883333334
2,2024-05-19 14:59:54.700000,2024-05-19 15:13:19.033333,13.40555555
2,2024-05-20 09:29:45.266667,2024-05-20 10:45:33.166667,75.79833333333333
2,2024-05-20 13:11:34.866667,2024-05-20 13:55:03.566667,43.47833333333333
2,2024-05-20 14:36:05.166667,2024-05-20 14:55:34.666667,19.491666666666667
2,2024-05-20 14:56:59.033333,2024-05-20 15:05:20.433333,8.356666666666666
2,2024-05-20 15:14:26.833333,2024-05-20 15:16:46.933333,2.335
2,2024-05-20 15:41:37.066667,2024-05-20 15:56:00.233333,14.386111099999999
2,2024-05-20 15:57:31.100000,2024-05-20 16:12:10.066667,14.64944445
2,2024-05-20 16:14:40.000000,2024-05-20 16:26:55.433333,12.257222216666666
2,2024-05-20 16:33:38.033333,2024-05-20 16:54:53.366667,21.255555566666665
2,2024-05-20 17:02:56.033333,2024-05-20 17:13:06.066667,10.167222233333332
2,2024-05-20 17:14:26.500000,2024-05-20 17:45:50.900000,31.40666666666667
2,2024-05-20 17:49:29.266667,2024-05-20 18:52:38.400000,63.15222221666667
2,2024-05-21 09:13:52.833333,2024-05-21 10:08:05.366667,54.208888900000005
2,2024-05-21 10:08:16.000000,2024-05-21 10:17:50.966667,9.582777783333334
2,2024-05-21 15:15:57.800000,2024-05-21 15:59:39.233333,43.69055555
2,2024-05-22 09:55:06.866667,2024-05-22 09:56:42.900000,1.60055555
2,2024-05-22 09:56:52.766667,2024-05-22 10:05:59.866667,9.118333333333334
2,2024-05-22 10:39:22.400000,2024-05-22 10:56:36.333333,17.232222216666667
2,2024-05-22 10:56:42.400000,2024-05-22 12:22:46.533333,86.06888888333333
2,2024-05-22 12:22:51.966667,2024-05-22 12:26:07.800000,3.2638888833333337
2,2024-05-22 12:26:10.233333,2024-05-22 12:36:22.366667,10.202222233333334
2,2024-05-22 12:52:57.733333,2024-05-22 14:14:49.866667,81.8688889
2,2024-05-22 14:14:55.366667,2024-05-22 14:53:31.766667,38.60666666666667
2,2024-05-22 14:53:41.666667,2024-05-22 15:18:52.300000,25.177222216666667
2,2024-05-23 09:27:01.166667,2024-05-23 09:29:12.533333,2.1894444333333336
2,2024-05-23 09:29:13.133333,2024-05-23 09:31:36.300000,2.3861111166666666
2,2024-05-23 09:31:53.700000,2024-05-23 09:47:44.533333,15.847222216666667
2,2024-05-23 09:47:45.466667,2024-05-23 09:54:26.466667,6.683333333333334
2,2024-05-23 09:54:30.400000,2024-05-23 09:55:17.633333,0.7872222166666667
2,2024-05-23 09:55:20.266667,2024-05-23 09:58:03.966667,2.728333333333333
2,2024-05-23 09:58:21.133333,2024-05-23 10:07:37.600000,9.27444445
2,2024-05-23 10:07:39.666667,2024-05-23 11:53:18.666667,105.65
2,2024-05-23 11:53:20.833333,2024-05-23 12:12:02.633333,18.696666666666665
2,2024-05-23 12:12:03.033333,2024-05-23 12:24:58.600000,12.926111116666668
2,2024-05-23 12:25:02.400000,2024-05-23 13:59:16.666667,94.23777778333333
2,2024-05-23 13:59:25.666667,2024-05-23 14:02:09.966667,2.7383333333333337
2,2024-05-23 14:48:13.866667,2024-05-23 14:58:51.466667,10.626666666666667
2,2024-05-23 15:00:17.600000,2024-05-23 15:20:44.366667,20.446111116666668
2,2024-05-23 15:22:42.900000,2024-05-23 15:39:06.833333,16.39888888333333
2,2024-05-23 15:40:38.766667,2024-05-23 15:49:33.033333,8.904444433333333
2,2024-05-23 15:49:47.066667,2024-05-23 15:50:33.800000,0.7788888833333334
2,2024-05-23 15:51:09.333333,2024-05-23 16:00:04.200000,8.91444445
2,2024-05-23 16:00:17.500000,2024-05-23 16:10:08.966667,9.857777783333335
2,2024-05-23 16:10:58.100000,2024-05-23 17:35:53.500000,84.92333333333333
2,2024-05-23 17:36:36.833333,2024-05-23 17:37:52.833333,1.2666666666666666
2,2024-05-23 17:38:07.866667,2024-05-23 17:41:55.433333,3.7927777666666667
2,2024-05-23 17:42:31.000000,2024-05-23 18:54:31.933333,72.01555555
2,2024-05-24 09:30:03.666667,2024-05-24 09:41:42.433333,11.6461111
2,2024-05-24 09:41:48.000000,2024-05-24 09:44:31.000000,2.716666666666667
2,2024-05-24 09:47:05.600000,2024-05-24 09:53:25.633333,6.3338888833333336
2,2024-05-24 09:53:32.700000,2024-05-24 10:00:33.933333,7.02055555
2,2024-05-24 10:00:39.000000,2024-05-24 10:10:56.366667,10.28944445
2,2024-05-24 10:11:00.066667,2024-05-24 10:14:36.100000,3.60055555
2,2024-05-24 10:14:38.933333,2024-05-24 11:11:42.233333,57.055
2,2024-05-24 11:14:48.333333,2024-05-24 11:26:02.366667,11.2338889
2,2024-05-24 11:26:20.866667,2024-05-24 11:33:04.200000,6.722222216666666
2,2024-05-24 11:35:35.666667,2024-05-24 11:43:24.600000,7.81555555
2,2024-05-24 11:44:05.733333,2024-05-24 11:46:26.066667,2.3388889
2,2024-05-24 16:11:15.900000,2024-05-24 16:12:16.700000,1.0133333333333332
2,2024-05-24 16:12:49.166667,2024-05-24 16:13:47.600000,0.9738888833333333
2,2024-05-24 16:13:50.333333,2024-05-24 16:17:40.633333,3.8383333333333334
2,2024-05-24 16:17:41.866667,2024-05-24 17:00:33.433333,42.85944443333334
2,2024-05-24 17:00:34.866667,2024-05-24 17:29:24.433333,28.8261111
2,2024-05-26 15:37:44.200000,2024-05-26 15:40:06.033333,2.3638888833333334
3,2024-04-23 11:35:24.933333,2024-04-23 12:24:18.966667,48.90055556666667
3,2024-04-24 13:01:34.800000,2024-04-24 13:17:20.766667,15.766111116666668
3,2024-04-28 10:47:34.866667,2024-04-28 10:53:57.033333,6.369444433333333
3,2024-04-28 11:28:00.666667,2024-04-28 11:49:16.733333,21.267777766666665
3,2024-04-28 12:27:54.133333,2024-04-28 12:28:33.333333,0.6533333333333334
3,2024-04-28 13:31:54.400000,2024-04-28 14:13:41.333333,41.78222221666667
3,2024-04-28 17:13:41.300000,2024-04-28 17:58:24.900000,44.72666666666667
3,2024-04-29 09:52:47.133333,2024-04-29 10:03:01.466667,10.238888900000001
3,2024-04-29 10:03:02.566667,2024-04-29 11:07:32.866667,64.50500000000001
3,2024-05-08 09:45:13.466667,2024-05-08 10:18:57.533333,33.73444443333333
3,2024-05-08 10:19:10.500000,2024-05-08 10:35:19.533333,16.15055555
3,2024-05-18 15:13:06.500000,2024-05-18 16:34:56.200000,81.82833333333333
3,2024-05-19 12:00:34.166667,2024-05-19 12:32:43.266667,32.151666666666664
3,2024-05-19 15:57:28.966667,2024-05-19 16:21:36.733333,24.129444433333333
3,2024-05-19 16:35:38.866667,2024-05-19 16:56:58.866667,21.333333333333332
3,2024-05-19 17:24:35.600000,2024-05-19 17:32:48.933333,8.222222216666667
3,2024-05-20 08:55:57.400000,2024-05-20 09:12:12.633333,16.253888883333335
3,2024-05-20 09:12:14.033333,2024-05-20 09:52:47.500000,40.557777783333336
3,2024-05-20 09:54:12.533333,2024-05-20 10:01:33.366667,7.347222233333333
3,2024-05-20 10:33:35.533333,2024-05-20 10:42:03.066667,8.4588889
3,2024-05-20 11:27:06.133333,2024-05-20 11:42:05.700000,14.992777783333334
3,2024-05-20 11:43:29.633333,2024-05-20 11:54:24.100000,10.907777783333334
3,2024-05-20 11:55:11.266667,2024-05-20 13:16:04.900000,80.89388888333333
3,2024-05-20 13:46:17.633333,2024-05-20 13:56:06.800000,9.819444449999999
3,2024-05-20 14:03:19.966667,2024-05-20 14:12:37.600000,9.293888883333333
3,2024-05-20 14:28:45.166667,2024-05-20 14:30:37.000000,1.8638888833333334
3,2024-05-20 14:31:46.700000,2024-05-20 14:32:36.000000,0.8216666666666667
3,2024-05-20 14:48:55.966667,2024-05-20 14:51:11.200000,2.253888883333333
3,2024-05-20 14:53:01.900000,2024-05-20 14:53:44.933333,0.7172222166666666
3,2024-05-20 14:56:51.566667,2024-05-20 14:58:29.833333,1.6377777666666666
3,2024-05-20 14:58:52.033333,2024-05-20 14:59:41.700000,0.8277777833333333
3,2024-05-20 15:02:02.566667,2024-05-20 15:02:45.166667,0.7100000000000001
3,2024-05-20 15:05:01.800000,2024-05-20 15:05:47.600000,0.7633333333333333
3,2024-05-20 15:08:06.400000,2024-05-20 15:11:27.033333,3.3438888833333333
3,2024-05-20 15:13:26.466667,2024-05-20 15:20:32.966667,7.108333333333333
3,2024-05-20 15:26:37.166667,2024-05-20 15:31:38.966667,5.03
3,2024-05-20 15:32:35.433333,2024-05-20 15:35:14.733333,2.6550000000000002
3,2024-05-20 15:35:59.800000,2024-05-20 15:45:07.700000,9.131666666666666
3,2024-05-20 15:47:02.300000,2024-05-20 16:03:37.266667,16.582777783333334
3,2024-05-20 16:04:00.066667,2024-05-20 16:04:39.866667,0.6633333333333333
3,2024-05-20 16:06:39.533333,2024-05-20 16:08:57.066667,2.2922222333333333
3,2024-05-20 16:10:20.733333,2024-05-20 16:15:38.133333,5.29
3,2024-05-20 16:15:45.400000,2024-05-20 16:20:31.966667,4.776111116666667
3,2024-05-20 16:21:57.466667,2024-05-20 16:26:05.466667,4.133333333333334
3,2024-05-20 16:26:18.766667,2024-05-20 16:34:58.966667,8.67
3,2024-05-20 16:50:08.000000,2024-05-20 16:53:28.366667,3.3394444500000002
3,2024-05-21 08:56:56.533333,2024-05-21 09:14:03.933333,17.123333333333335
3,2024-05-21 09:21:33.233333,2024-05-21 09:46:59.966667,25.445555566666666
3,2024-05-21 09:48:06.166667,2024-05-21 09:50:48.400000,2.703888883333333
3,2024-05-21 09:52:57.933333,2024-05-21 10:18:26.166667,25.47055556666667
3,2024-05-21 10:19:17.300000,2024-05-21 10:22:23.133333,3.0972222166666667
3,2024-05-21 10:24:28.933333,2024-05-21 10:27:29.233333,3.0050000000000003
3,2024-05-21 10:29:12.433333,2024-05-21 10:45:45.166667,16.545555566666668
3,2024-05-21 10:46:40.500000,2024-05-21 10:47:43.666667,1.0527777833333334
3,2024-05-21 10:49:27.366667,2024-05-21 10:52:16.866667,2.825
3,2024-05-21 11:29:41.400000,2024-05-21 11:41:06.033333,11.41055555
3,2024-05-21 12:01:45.300000,2024-05-21 12:15:44.733333,13.99055555
3,2024-05-21 12:16:58.566667,2024-05-21 12:21:52.433333,4.897777766666667
3,2024-05-21 12:51:24.400000,2024-05-21 12:59:41.266667,8.281111116666667
3,2024-05-21 13:02:37.333333,2024-05-21 13:21:27.933333,18.84333333333333
3,2024-05-21 13:22:22.900000,2024-05-21 13:28:29.733333,6.113888883333333
3,2024-05-21 13:29:40.433333,2024-05-21 13:45:09.800000,15.48944445
3,2024-05-21 13:50:02.966667,2024-05-21 14:06:37.433333,16.574444433333333
3,2024-05-21 14:07:49.833333,2024-05-21 14:17:15.933333,9.435
3,2024-05-21 14:31:38.633333,2024-05-21 14:33:10.266667,1.5272222333333334
3,2024-05-21 14:37:25.500000,2024-05-21 15:22:44.566667,45.317777783333334
3,2024-05-21 15:27:19.666667,2024-05-21 16:06:07.666667,38.8
3,2024-05-21 16:06:29.200000,2024-05-21 17:40:23.833333,93.91055555
3,2024-05-22 09:05:01.300000,2024-05-22 09:12:48.900000,7.793333333333334
3,2024-05-22 09:13:47.700000,2024-05-22 09:19:31.833333,5.73555555
3,2024-05-22 09:20:32.266667,2024-05-22 09:24:58.733333,4.4411111
3,2024-05-22 09:34:04.800000,2024-05-22 09:44:03.500000,9.978333333333333
3,2024-05-22 09:46:05.900000,2024-05-22 10:07:30.800000,21.415000000000003
3,2024-05-22 10:07:32.866667,2024-05-22 10:21:48.133333,14.254444433333333
3,2024-05-22 10:22:26.966667,2024-05-22 10:29:59.266667,7.538333333333333
3,2024-05-23 12:04:00.200000,2024-05-23 13:48:02.233333,104.03388888333333
3,2024-05-23 13:51:15.966667,2024-05-23 13:59:59.566667,8.726666666666667
3,2024-05-23 14:00:21.733333,2024-05-23 14:04:05.900000,3.7361111166666663
3,2024-05-23 14:05:03.966667,2024-05-23 14:20:15.566667,15.193333333333333
3,2024-05-23 14:21:38.933333,2024-05-23 14:27:11.300000,5.53944445
3,2024-05-23 14:27:26.466667,2024-05-23 14:50:25.566667,22.985
3,2024-05-23 14:51:46.000000,2024-05-23 15:42:58.166667,51.20277778333333
3,2024-05-23 15:43:41.566667,2024-05-23 15:46:28.566667,2.783333333333333
3,2024-05-23 15:47:56.333333,2024-05-23 15:53:14.700000,5.306111116666667
3,2024-05-23 15:53:47.133333,2024-05-23 15:55:39.766667,1.8772222333333335
3,2024-05-23 16:14:22.366667,2024-05-23 16:34:07.333333,19.749444433333334
3,2024-05-23 16:34:27.000000,2024-05-23 16:35:40.366667,1.2227777833333335
3,2024-05-23 16:37:05.000000,2024-05-23 16:39:22.966667,2.29944445
3,2024-05-23 16:39:39.533333,2024-05-23 17:02:11.633333,22.535
3,2024-05-23 17:03:55.133333,2024-05-23 17:10:16.800000,6.361111116666667
3,2024-05-23 17:28:41.633333,2024-05-23 17:29:54.600000,1.2161111166666667
3,2024-05-23 17:31:23.233333,2024-05-23 17:33:05.833333,1.71
3,2024-05-23 17:40:19.333333,2024-05-23 17:42:42.233333,2.381666666666667
3,2024-05-23 17:44:20.866667,2024-05-23 17:45:28.533333,1.1277777666666668
3,2024-05-23 18:21:21.933333,2024-05-23 18:22:51.733333,1.4966666666666666
3,2024-05-23 18:30:13.433333,2024-05-23 18:38:58.366667,8.748888899999999
3,2024-05-23 18:52:44.166667,2024-05-23 18:54:40.933333,1.9461111
3,2024-05-24 08:56:24.166667,2024-05-24 09:10:17.366667,13.886666666666667
3,2024-05-24 09:12:06.133333,2024-05-24 09:20:19.533333,8.223333333333333
3,2024-05-24 09:21:09.333333,2024-05-24 09:30:50.166667,9.680555566666667
3,2024-05-24 09:33:09.233333,2024-05-24 09:43:00.533333,9.854999999999999
3,2024-05-24 09:46:35.166667,2024-05-24 09:47:22.566667,0.7899999999999999
3,2024-05-24 09:47:31.900000,2024-05-24 09:51:56.966667,4.417777783333333
3,2024-05-24 09:52:21.333333,2024-05-24 09:54:00.233333,1.6483333333333334
3,2024-05-24 09:55:00.833333,2024-05-24 09:57:01.166667,2.0055555666666667
3,2024-05-24 09:57:19.400000,2024-05-24 09:57:51.000000,0.5266666666666667
3,2024-05-24 09:57:58.900000,2024-05-24 10:01:18.133333,3.32055555
3,2024-05-24 10:02:56.233333,2024-05-24 10:07:07.066667,4.1805555666666665
3,2024-05-24 10:07:20.333333,2024-05-24 10:07:51.100000,0.5127777833333333
3,2024-05-24 10:09:55.500000,2024-05-24 10:14:43.466667,4.799444449999999
3,2024-05-24 10:14:58.433333,2024-05-24 10:15:47.566667,0.8188888999999999
3,2024-05-24 10:18:24.066667,2024-05-24 10:30:05.566667,11.691666666666666
3,2024-05-24 10:31:03.866667,2024-05-24 10:39:43.666667,8.663333333333332
3,2024-05-24 11:05:17.400000,2024-05-24 11:06:03.133333,0.7622222166666667
3,2024-05-24 11:06:42.166667,2024-05-24 11:07:20.100000,0.6322222166666667
3,2024-05-24 11:07:37.866667,2024-05-24 11:14:09.300000,6.523888883333333
3,2024-05-24 11:14:23.733333,2024-05-24 11:15:26.733333,1.05
3,2024-05-24 11:18:49.900000,2024-05-24 11:20:03.100000,1.22
3,2024-05-24 11:20:15.566667,2024-05-24 11:22:38.400000,2.38055555
3,2024-05-24 11:24:26.333333,2024-05-24 11:29:39.166667,5.2138889
3,2024-05-24 11:30:40.900000,2024-05-24 11:39:09.433333,8.475555550000001
3,2024-05-24 11:40:12.533333,2024-05-24 11:41:12.133333,0.9933333333333334
3,2024-05-24 11:41:54.366667,2024-05-24 11:49:42.100000,7.7955555500000004
3,2024-05-24 11:49:57.566667,2024-05-24 11:50:28.166667,0.51
3,2024-05-24 11:50:56.233333,2024-05-24 11:56:01.700000,5.091111116666666
3,2024-05-24 12:41:49.766667,2024-05-24 12:46:15.433333,4.427777766666667
3,2024-05-24 12:46:26.900000,2024-05-24 13:17:20.300000,30.89
3,2024-05-24 13:17:22.266667,2024-05-24 13:48:35.033333,31.212777766666665
3,2024-05-24 16:39:57.000000,2024-05-24 16:48:52.966667,8.932777783333334
3,2024-05-26 12:07:54.833333,2024-05-26 12:43:59.633333,36.080000000000005
3,2024-05-26 12:44:47.433333,2024-05-26 12:45:21.033333,0.56
3,2024-05-26 15:00:47.233333,2024-05-26 15:02:01.166667,1.2322222333333335
3,2024-05-26 15:02:14.766667,2024-05-26 15:51:22.800000,49.133888883333334
3,2024-05-26 15:51:28.800000,2024-05-26 16:40:26.266667,48.957777783333334
3,2024-05-27 14:37:36.433333,2024-05-27 15:09:30.433333,31.9
3,2024-05-29 14:39:52.733333,2024-05-29 16:08:14.000000,88.35444445
4,2024-04-18 17:59:41.000000,2024-04-18 18:13:42.700000,14.028333333333334
4,2024-04-23 09:08:10.800000,2024-04-23 10:44:29.700000,96.315
4,2024-04-24 10:56:11.000000,2024-04-24 11:33:43.000000,37.53333333333333
4,2024-04-24 11:40:42.066667,2024-04-24 12:34:06.300000,53.40388888333334
4,2024-04-24 13:05:52.833333,2024-04-24 13:20:22.300000,14.491111116666668
4,2024-04-29 11:01:19.833333,2024-04-29 11:06:53.366667,5.5588889
4,2024-04-29 11:12:36.700000,2024-04-29 11:55:30.166667,42.89111111666667
4,2024-05-19 14:22:44.966667,2024-05-19 15:09:08.400000,46.39055555
4,2024-05-19 16:09:52.200000,2024-05-19 16:22:52.833333,13.01055555
4,2024-05-20 09:15:44.633333,2024-05-20 09:26:27.800000,10.71944445
4,2024-05-20 09:29:18.900000,2024-05-20 09:45:11.500000,15.876666666666667
4,2024-05-20 10:15:14.100000,2024-05-20 10:31:55.966667,16.697777783333333
4,2024-05-20 10:32:21.900000,2024-05-20 10:34:32.466667,2.1761111166666667
4,2024-05-20 10:35:15.366667,2024-05-20 11:15:38.866667,40.391666666666666
4,2024-05-20 11:20:31.733333,2024-05-20 11:50:42.200000,30.17444445
4,2024-05-20 11:52:13.366667,2024-05-20 12:06:03.033333,13.827777766666665
4,2024-05-20 12:07:20.133333,2024-05-20 12:15:17.833333,7.961666666666667
4,2024-05-20 12:16:34.633333,2024-05-20 12:19:18.333333,2.728333333333333
4,2024-05-20 12:21:13.400000,2024-05-20 12:42:21.300000,21.131666666666668
4,2024-05-20 12:42:32.633333,2024-05-20 12:53:17.766667,10.752222233333333
4,2024-05-20 12:54:51.933333,2024-05-20 13:17:30.666667,22.645555566666665
4,2024-05-20 13:19:50.100000,2024-05-20 13:28:47.066667,8.94944445
4,2024-05-20 13:29:28.033333,2024-05-20 13:31:27.433333,1.99
4,2024-05-20 14:08:34.566667,2024-05-20 14:22:11.133333,13.609444433333334
4,2024-05-20 14:23:17.833333,2024-05-20 14:26:48.266667,3.507222233333333
4,2024-05-20 14:26:49.900000,2024-05-20 14:49:37.300000,22.790000000000003
4,2024-05-20 14:50:27.966667,2024-05-20 15:09:10.466667,18.708333333333332
4,2024-05-20 15:17:20.100000,2024-05-20 15:18:07.600000,0.7916666666666666
4,2024-05-20 15:19:50.066667,2024-05-20 15:41:46.233333,21.9361111
4,2024-05-20 15:43:48.133333,2024-05-20 15:52:27.800000,8.661111116666666
4,2024-05-20 16:00:20.166667,2024-05-20 16:01:39.866667,1.3283333333333334
4,2024-05-20 16:02:46.300000,2024-05-20 16:15:17.000000,12.511666666666667
4,2024-05-20 16:17:08.900000,2024-05-20 16:28:35.433333,11.442222216666666
4,2024-05-20 16:31:48.166667,2024-05-20 16:34:54.533333,3.1061111
4,2024-05-20 16:36:16.733333,2024-05-20 16:37:34.766667,1.3005555666666666
4,2024-05-20 16:40:48.566667,2024-05-20 16:44:40.066667,3.8583333333333334
4,2024-05-20 16:46:04.866667,2024-05-20 16:51:26.233333,5.356111100000001
4,2024-05-20 16:52:36.533333,2024-05-20 16:59:07.700000,6.51944445
4,2024-05-20 17:02:07.033333,2024-05-20 17:04:26.400000,2.3227777833333336
4,2024-05-21 09:09:14.400000,2024-05-21 10:03:06.766667,53.872777783333326
4,2024-05-21 10:09:08.633333,2024-05-21 10:16:48.633333,7.666666666666667
4,2024-05-21 10:17:30.700000,2024-05-21 10:38:50.000000,21.321666666666665
4,2024-05-21 10:40:00.000000,2024-05-21 11:11:28.533333,31.475555550000003
4,2024-05-21 11:12:44.366667,2024-05-21 11:13:25.233333,0.6811111000000001
4,2024-05-21 11:14:26.466667,2024-05-21 11:56:48.333333,42.36444443333333
4,2024-05-21 11:58:18.066667,2024-05-21 12:04:29.200000,6.18555555
4,2024-05-21 12:06:49.533333,2024-05-21 12:17:11.833333,10.371666666666666
4,2024-05-21 12:20:00.500000,2024-05-21 12:27:16.800000,7.2716666666666665
4,2024-05-21 12:29:56.666667,2024-05-21 12:36:33.166667,6.608333333333333
4,2024-05-21 12:38:47.033333,2024-05-21 12:51:02.000000,12.24944445
4,2024-05-21 12:53:08.666667,2024-05-21 12:55:49.233333,2.6761111
4,2024-05-21 12:58:06.066667,2024-05-21 13:32:20.666667,34.24333333333333
4,2024-05-21 13:33:19.666667,2024-05-21 13:51:55.700000,18.600555550000003
4,2024-05-21 13:53:03.300000,2024-05-21 13:54:13.500000,1.1700000000000002
4,2024-05-21 13:55:34.833333,2024-05-21 14:04:08.066667,8.5538889
4,2024-05-21 14:05:25.600000,2024-05-21 14:40:59.833333,35.57055555
4,2024-05-21 14:41:21.866667,2024-05-21 14:42:23.233333,1.0227777666666666
4,2024-05-21 14:43:06.200000,2024-05-21 14:47:18.466667,4.20444445
4,2024-05-21 14:48:25.833333,2024-05-21 14:54:01.166667,5.5888889
4,2024-05-21 14:54:14.600000,2024-05-21 15:00:55.100000,6.675
4,2024-05-21 15:01:17.833333,2024-05-21 15:04:27.200000,3.1561111166666667
4,2024-05-21 15:05:37.900000,2024-05-21 15:07:38.500000,2.01
4,2024-05-21 15:08:49.666667,2024-05-21 15:18:39.600000,9.832222216666667
4,2024-05-21 16:06:05.200000,2024-05-21 16:10:17.333333,4.202222216666667
4,2024-05-21 18:21:33.733333,2024-05-21 18:52:35.300000,31.026111116666666
4,2024-05-22 09:10:56.633333,2024-05-22 09:39:04.733333,28.134999999999998
4,2024-05-22 09:44:47.066667,2024-05-22 09:46:33.166667,1.7683333333333333
4,2024-05-22 09:50:57.433333,2024-05-22 09:52:07.000000,1.1594444499999998
4,2024-05-22 09:53:30.600000,2024-05-22 10:00:14.266667,6.727777783333334
4,2024-05-22 10:12:04.100000,2024-05-22 10:15:48.800000,3.7449999999999997
4,2024-05-22 10:17:08.400000,2024-05-22 10:28:12.366667,11.066111116666667
4,2024-05-22 10:29:23.833333,2024-05-22 10:31:26.433333,2.0433333333333334
4,2024-05-22 10:31:45.300000,2024-05-22 10:45:43.033333,13.962222216666667
4,2024-05-22 10:47:05.700000,2024-05-22 10:50:35.633333,3.4988888833333336
4,2024-05-22 10:51:42.700000,2024-05-22 11:01:27.700000,9.75
4,2024-05-22 11:02:43.900000,2024-05-22 11:11:24.266667,8.672777783333334
4,2024-05-22 11:15:19.333333,2024-05-22 11:28:09.566667,12.837222233333334
4,2024-05-22 11:29:57.266667,2024-05-22 11:36:27.966667,6.511666666666667
4,2024-05-22 11:38:13.600000,2024-05-22 11:49:18.400000,11.08
4,2024-05-22 11:50:44.900000,2024-05-22 12:02:24.466667,11.65944445
4,2024-05-22 12:03:54.666667,2024-05-22 13:22:39.000000,78.73888888333333
4,2024-05-22 13:24:26.800000,2024-05-22 13:33:39.300000,9.208333333333334
4,2024-05-22 13:36:35.800000,2024-05-22 13:46:19.500000,9.728333333333333
4,2024-05-22 13:48:01.866667,2024-05-22 14:47:26.700000,59.413888883333335
4,2024-05-22 16:24:30.066667,2024-05-22 17:45:27.800000,80.96222221666667
4,2024-05-23 13:13:20.533333,2024-05-23 13:40:28.900000,27.13944445
4,2024-05-23 13:40:51.000000,2024-05-23 13:42:33.533333,1.7088888833333333
4,2024-05-23 13:42:52.333333,2024-05-23 14:02:28.000000,19.59444445
4,2024-05-23 14:02:43.766667,2024-05-23 14:31:49.900000,29.102222216666668
4,2024-05-23 14:32:03.300000,2024-05-23 14:48:33.900000,16.51
4,2024-05-23 14:48:45.033333,2024-05-23 14:49:43.066667,0.9672222333333333
4,2024-05-23 14:49:50.200000,2024-05-23 14:57:21.466667,7.521111116666666
4,2024-05-23 14:57:30.800000,2024-05-23 15:17:17.000000,19.77
4,2024-05-23 15:17:35.600000,2024-05-23 15:19:48.433333,2.2138888833333334
4,2024-05-23 15:37:48.000000,2024-05-23 15:38:57.500000,1.1583333333333334
4,2024-05-23 15:39:03.866667,2024-05-23 15:50:23.200000,11.322222216666667
4,2024-05-23 15:50:31.533333,2024-05-23 16:29:28.200000,38.94444445
4,2024-05-23 16:29:52.833333,2024-05-23 16:33:25.100000,3.5377777833333335
4,2024-05-23 16:33:40.766667,2024-05-23 16:35:32.400000,1.86055555
4,2024-05-23 16:35:37.833333,2024-05-23 16:43:25.966667,7.8022222333333335
4,2024-05-23 17:36:46.566667,2024-05-23 17:37:45.933333,0.9894444333333333
4,2024-05-23 17:41:53.766667,2024-05-23 18:54:03.600000,72.16388888333333
4,2024-05-24 09:29:50.633333,2024-05-24 09:48:12.533333,18.365000000000002
4,2024-05-24 09:52:04.966667,2024-05-24 09:53:17.366667,1.2066666666666668
4,2024-05-24 09:53:23.533333,2024-05-24 09:58:29.466667,5.0988889
4,2024-05-24 09:58:47.433333,2024-05-24 10:00:27.100000,1.6611111166666668
4,2024-05-24 10:00:31.900000,2024-05-24 10:01:55.266667,1.38944445
4,2024-05-24 10:02:04.500000,2024-05-24 10:10:47.133333,8.71055555
4,2024-05-24 10:10:50.866667,2024-05-24 10:12:31.833333,1.6827777666666668
4,2024-05-24 10:12:56.266667,2024-05-24 10:16:32.266667,3.6
4,2024-05-24 10:16:48.933333,2024-05-24 10:17:22.000000,0.5511111166666667
4,2024-05-24 10:17:37.833333,2024-05-24 10:18:50.766667,1.2155555666666666
4,2024-05-24 10:19:02.233333,2024-05-24 10:37:21.200000,18.316111116666665
4,2024-05-24 11:03:30.933333,2024-05-24 11:08:00.533333,4.493333333333334
4,2024-05-24 11:08:47.266667,2024-05-24 11:10:36.233333,1.8161111
4,2024-05-24 11:12:06.300000,2024-05-24 11:16:34.300000,4.466666666666667
4,2024-05-24 11:16:39.866667,2024-05-24 11:20:22.166667,3.705
4,2024-05-24 11:22:11.100000,2024-05-24 11:24:29.033333,2.2988888833333334
4,2024-05-24 11:24:36.966667,2024-05-24 11:28:52.533333,4.259444433333333
4,2024-05-24 11:29:09.600000,2024-05-24 11:29:49.833333,0.67055555
4,2024-05-24 11:38:48.800000,2024-05-24 11:43:15.100000,4.4383333333333335
4,2024-05-24 11:43:22.400000,2024-05-24 11:45:41.866667,2.32444445
4,2024-05-24 11:49:40.266667,2024-05-24 11:50:22.966667,0.7116666666666667
4,2024-05-24 11:50:26.633333,2024-05-24 11:57:45.066667,7.307222233333333
4,2024-05-24 12:32:32.466667,2024-05-24 12:39:34.666667,7.036666666666666
4,2024-05-24 13:12:13.533333,2024-05-24 13:17:45.400000,5.531111116666667
4,2024-05-24 13:41:46.100000,2024-05-24 13:47:24.766667,5.64444445
4,2024-05-24 13:47:36.533333,2024-05-24 14:27:07.633333,39.51833333333333
4,2024-05-24 14:29:04.100000,2024-05-24 16:11:18.300000,102.23666666666666
4,2024-05-24 16:11:22.766667,2024-05-24 16:33:05.066667,21.705
4,2024-05-24 16:41:09.533333,2024-05-24 17:36:19.166667,55.160555566666666
4,2024-05-26 11:41:33.566667,2024-05-26 12:46:27.466667,64.89833333333334
4,2024-05-26 14:57:51.933333,2024-05-26 15:05:13.333333,7.3566666666666665
4,2024-05-26 15:05:25.800000,2024-05-26 15:06:34.700000,1.1483333333333334
4,2024-05-26 15:06:47.900000,2024-05-26 16:51:36.866667,104.81611111666666
4,2024-05-29 09:38:07.633333,2024-05-29 09:39:15.300000,1.1277777833333333
5,2024-04-23 10:08:35.366667,2024-04-23 11:14:33.433333,65.96777776666667
5,2024-04-28 11:28:40.533333,2024-04-28 12:12:04.066667,43.392222233333335
5,2024-04-28 15:31:19.066667,2024-04-28 16:21:40.566667,50.358333333333334
5,2024-04-29 10:24:05.900000,2024-04-29 11:19:09.166667,55.05444445
5,2024-04-29 11:29:41.733333,2024-04-29 11:45:18.433333,15.611666666666668
5,2024-04-29 17:08:47.000000,2024-04-29 17:16:20.233333,7.553888883333333
5,2024-04-30 10:55:52.633333,2024-04-30 10:56:43.500000,0.8477777833333333
5,2024-05-01 13:12:06.133333,2024-05-01 13:58:01.300000,45.91944445
5,2024-05-01 15:36:11.000000,2024-05-01 16:35:46.166667,59.586111116666665
5,2024-05-17 13:24:29.900000,2024-05-17 14:21:06.833333,56.615555549999996
5,2024-05-17 14:21:07.800000,2024-05-17 14:24:29.333333,3.3588888833333335
5,2024-05-17 14:24:31.900000,2024-05-17 14:37:48.366667,13.27444445
5,2024-05-18 09:23:51.000000,2024-05-18 10:44:25.100000,80.56833333333334
5,2024-05-19 13:37:28.200000,2024-05-19 13:55:11.466667,17.72111111666667
5,2024-05-19 13:55:44.066667,2024-05-19 14:01:21.666667,5.626666666666667
5,2024-05-19 14:01:22.466667,2024-05-19 15:07:39.233333,66.27944443333334
5,2024-05-20 09:37:13.366667,2024-05-20 09:41:28.300000,4.248888883333334
5,2024-05-20 09:43:12.833333,2024-05-20 09:47:21.233333,4.14
5,2024-05-20 09:50:09.966667,2024-05-20 09:51:02.333333,0.8727777666666667
5,2024-05-20 10:00:32.200000,2024-05-20 10:16:10.433333,15.637222216666666
5,2024-05-20 10:20:06.633333,2024-05-20 10:32:38.666667,12.533888899999999
5,2024-05-20 10:33:59.700000,2024-05-20 11:01:11.033333,27.188888883333334
5,2024-05-20 11:31:46.833333,2024-05-20 11:35:16.900000,3.5011111166666664
5,2024-05-20 11:42:02.733333,2024-05-20 12:31:24.866667,49.3688889
5,2024-05-20 12:32:51.200000,2024-05-20 12:35:09.900000,2.3116666666666665
5,2024-05-20 12:36:57.833333,2024-05-20 12:44:27.100000,7.487777783333333
5,2024-05-20 12:45:05.233333,2024-05-20 13:01:05.433333,16.003333333333334
5,2024-05-20 13:02:37.500000,2024-05-20 13:52:49.300000,50.19666666666667
5,2024-05-20 13:53:56.766667,2024-05-20 14:18:27.400000,24.51055555
5,2024-05-20 14:20:09.300000,2024-05-20 14:55:36.766667,35.457777783333334
5,2024-05-20 14:57:47.700000,2024-05-20 15:30:25.366667,32.627777783333336
5,2024-05-20 15:31:19.933333,2024-05-20 15:49:07.100000,17.786111116666667
5,2024-05-20 15:58:58.600000,2024-05-20 16:00:31.600000,1.55
5,2024-05-20 16:00:49.966667,2024-05-20 16:18:26.933333,17.6161111
5,2024-05-20 16:19:32.533333,2024-05-20 16:31:58.166667,12.427222233333334
5,2024-05-20 16:33:26.766667,2024-05-20 16:38:31.500000,5.078888883333334
5,2024-05-20 16:41:54.466667,2024-05-20 16:47:20.233333,5.429444433333333
5,2024-05-20 16:48:23.533333,2024-05-20 16:50:17.333333,1.8966666666666667
5,2024-05-20 16:58:00.000000,2024-05-20 17:21:38.100000,23.634999999999998
5,2024-05-20 17:27:11.166667,2024-05-20 17:30:25.266667,3.235
5,2024-05-20 17:32:30.166667,2024-05-20 17:34:46.733333,2.2761111
5,2024-05-20 17:36:51.133333,2024-05-20 17:50:17.700000,13.442777783333334
5,2024-05-20 17:52:12.866667,2024-05-20 18:57:30.233333,65.28944443333333
5,2024-05-21 10:02:43.500000,2024-05-21 10:50:32.266667,47.81277778333333
5,2024-05-21 11:41:45.100000,2024-05-21 11:48:12.566667,6.4577777833333325
5,2024-05-21 11:49:44.133333,2024-05-21 12:00:09.100000,10.416111116666666
5,2024-05-21 12:01:58.100000,2024-05-21 12:09:56.900000,7.98
5,2024-05-21 12:10:11.433333,2024-05-21 12:32:01.133333,21.828333333333333
5,2024-05-21 12:34:11.233333,2024-05-21 12:41:12.000000,7.012777783333333
5,2024-05-21 12:42:56.266667,2024-05-21 12:46:19.633333,3.3894444333333333
5,2024-05-21 12:48:05.400000,2024-05-21 13:02:54.233333,14.813888883333334
5,2024-05-21 13:04:52.900000,2024-05-21 13:15:55.633333,11.04555555
5,2024-05-21 13:19:50.000000,2024-05-21 13:25:19.633333,5.493888883333333
5,2024-05-21 13:26:12.900000,2024-05-21 13:30:40.600000,4.461666666666667
5,2024-05-21 13:31:24.600000,2024-05-21 14:11:32.333333,40.12888888333334
5,2024-05-21 14:12:32.866667,2024-05-21 14:39:30.333333,26.957777766666666
5,2024-05-21 14:39:46.800000,2024-05-21 14:44:38.200000,4.8566666666666665
5,2024-05-21 14:45:53.666667,2024-05-21 14:53:36.500000,7.7138888833333334
5,2024-05-21 14:53:51.000000,2024-05-21 14:58:48.733333,4.9622222166666665
5,2024-05-21 14:59:03.333333,2024-05-21 15:01:27.366667,2.4005555666666667
5,2024-05-21 15:37:29.100000,2024-05-21 15:49:09.566667,11.674444450000001
5,2024-05-21 15:50:17.166667,2024-05-21 15:55:46.666667,5.491666666666666
5,2024-05-21 16:08:47.200000,2024-05-21 17:45:18.133333,96.51555555
5,2024-05-21 17:48:36.766667,2024-05-21 18:59:02.633333,70.4311111
5,2024-05-22 09:06:36.500000,2024-05-22 09:54:31.066667,47.90944445
5,2024-05-22 09:55:37.533333,2024-05-22 09:57:37.033333,1.9916666666666667
5,2024-05-22 09:59:03.700000,2024-05-22 10:02:51.566667,3.7977777833333333
5,2024-05-22 10:05:41.200000,2024-05-22 10:06:45.433333,1.0705555500000001
5,2024-05-22 10:14:36.400000,2024-05-22 10:54:11.933333,39.59222221666666
5,2024-05-22 10:56:40.466667,2024-05-22 11:07:51.366667,11.181666666666667
5,2024-05-22 11:09:07.700000,2024-05-22 11:40:30.333333,31.377222216666667
5,2024-05-22 11:59:47.066667,2024-05-22 12:10:28.500000,10.69055555
5,2024-05-22 12:12:18.366667,2024-05-22 12:24:55.033333,12.611111099999999
5,2024-05-22 12:26:47.533333,2024-05-22 12:42:21.666667,15.5688889
5,2024-05-22 12:51:18.866667,2024-05-22 13:29:37.000000,38.30222221666667
5,2024-05-22 13:30:16.500000,2024-05-22 13:37:55.966667,7.657777783333333
5,2024-05-22 13:39:05.166667,2024-05-22 13:43:12.033333,4.114444433333333
5,2024-05-22 13:44:52.033333,2024-05-22 14:11:11.300000,26.321111116666668
5,2024-05-22 14:12:58.433333,2024-05-22 14:15:32.766667,2.5722222333333336
5,2024-05-22 14:20:11.566667,2024-05-22 14:25:26.500000,5.248888883333334
5,2024-05-22 14:30:08.100000,2024-05-22 14:31:08.000000,0.9983333333333333
5,2024-05-22 14:33:10.500000,2024-05-22 14:37:48.766667,4.637777783333333
5,2024-05-22 14:40:10.133333,2024-05-22 14:44:27.666667,4.292222233333334
5,2024-05-22 14:56:11.733333,2024-05-22 14:57:03.200000,0.8577777833333333
5,2024-05-22 18:43:17.200000,2024-05-22 18:50:35.200000,7.3
5,2024-05-23 09:26:36.100000,2024-05-23 10:52:20.733333,85.74388888333333
5,2024-05-23 13:28:27.633333,2024-05-23 13:45:59.800000,17.536111116666667
5,2024-05-23 13:46:00.366667,2024-05-23 13:46:37.766667,0.6233333333333333
5,2024-05-23 13:47:22.933333,2024-05-23 14:16:37.100000,29.236111116666667
5,2024-05-23 14:18:29.233333,2024-05-23 14:47:08.200000,28.649444449999997
5,2024-05-23 14:54:09.166667,2024-05-23 14:57:13.033333,3.0644444333333336
5,2024-05-23 14:57:19.633333,2024-05-23 15:19:09.733333,21.834999999999997
5,2024-05-23 15:19:46.333333,2024-05-23 15:20:27.500000,0.6861111166666666
5,2024-05-23 15:20:40.800000,2024-05-23 15:46:21.866667,25.68444445
5,2024-05-23 15:46:26.500000,2024-05-23 15:49:26.166667,2.99444445
5,2024-05-23 15:50:02.633333,2024-05-23 16:03:19.000000,13.272777783333334
5,2024-05-23 16:03:23.566667,2024-05-23 16:10:02.266667,6.645
5,2024-05-23 16:10:06.766667,2024-05-23 16:16:21.900000,6.2522222166666666
5,2024-05-23 16:19:59.000000,2024-05-23 16:30:05.766667,10.112777783333334
5,2024-05-23 16:30:19.000000,2024-05-23 16:36:21.900000,6.048333333333333
5,2024-05-23 16:36:31.400000,2024-05-23 16:39:02.700000,2.521666666666667
5,2024-05-23 16:39:07.200000,2024-05-23 17:02:04.533333,22.95555555
5,2024-05-23 17:02:09.233333,2024-05-23 17:26:58.700000,24.824444449999998
5,2024-05-23 17:27:03.133333,2024-05-23 17:38:14.400000,11.187777783333333
5,2024-05-23 17:38:17.733333,2024-05-23 17:42:37.033333,4.321666666666667
5,2024-05-23 17:42:40.500000,2024-05-23 17:45:22.900000,2.7066666666666666
5,2024-05-24 09:10:15.500000,2024-05-24 09:17:23.966667,7.141111116666666
5,2024-05-24 09:17:57.000000,2024-05-24 09:30:39.733333,12.712222216666667
5,2024-05-24 09:30:47.833333,2024-05-24 09:41:50.733333,11.048333333333334
5,2024-05-24 10:01:16.233333,2024-05-24 10:11:55.300000,10.651111116666668
5,2024-05-24 10:12:09.866667,2024-05-24 10:15:41.933333,3.5344444333333334
5,2024-05-24 10:15:45.733333,2024-05-24 10:19:27.133333,3.69
5,2024-05-24 11:06:28.833333,2024-05-24 11:09:11.800000,2.7161111166666667
5,2024-05-24 11:09:42.600000,2024-05-24 11:17:08.000000,7.423333333333333
5,2024-05-24 11:17:34.266667,2024-05-24 11:24:51.900000,7.2938888833333335
5,2024-05-24 11:27:13.466667,2024-05-24 11:30:23.400000,3.16555555
5,2024-05-24 11:30:33.733333,2024-05-24 11:31:04.966667,0.5205555666666667
5,2024-05-24 11:31:25.733333,2024-05-24 11:37:12.000000,5.771111116666666
5,2024-05-24 11:58:25.033333,2024-05-24 12:31:09.466667,32.740555566666664
5,2024-05-24 12:31:37.766667,2024-05-24 12:33:35.500000,1.9622222166666667
5,2024-05-24 12:33:39.200000,2024-05-24 12:35:14.233333,1.5838888833333333
5,2024-05-24 12:41:12.066667,2024-05-24 12:43:00.600000,1.8088888833333334
5,2024-05-24 12:43:20.366667,2024-05-24 13:16:06.800000,32.773888883333335
5,2024-05-24 13:16:54.533333,2024-05-24 13:40:45.366667,23.847222233333333
5,2024-05-24 13:40:52.233333,2024-05-24 14:26:02.766667,45.17555556666667
5,2024-05-24 14:26:28.433333,2024-05-24 14:31:38.333333,5.165
5,2024-05-24 14:31:47.733333,2024-05-24 15:11:24.500000,39.61277778333333
5,2024-05-24 15:11:32.766667,2024-05-24 15:16:22.300000,4.825555550000001
5,2024-05-24 15:40:36.633333,2024-05-24 15:49:09.066667,8.540555566666665
5,2024-05-24 15:49:24.233333,2024-05-24 16:16:51.833333,27.459999999999997
5,2024-05-24 16:16:55.033333,2024-05-24 16:42:50.833333,25.93
5,2024-05-24 16:44:49.500000,2024-05-24 16:45:22.500000,0.55
5,2024-05-24 16:48:00.200000,2024-05-24 17:00:37.766667,12.626111116666667
5,2024-05-24 17:00:43.800000,2024-05-24 17:15:31.833333,14.80055555
5,2024-05-25 09:35:02.833333,2024-05-25 09:42:44.366667,7.692222233333334
5,2024-05-25 09:44:07.033333,2024-05-25 09:58:17.566667,14.175555566666667
5,2024-05-26 12:57:11.566667,2024-05-26 14:27:41.300000,90.49555555
5,2024-05-26 14:28:38.666667,2024-05-26 14:57:57.733333,29.317777766666666
5,2024-05-26 14:58:18.833333,2024-05-26 14:59:10.533333,0.8616666666666667
5,2024-05-26 14:59:29.933333,2024-05-26 15:04:17.666667,4.795555566666667
5,2024-05-26 15:04:36.133333,2024-05-26 15:05:33.933333,0.9633333333333333
5,2024-05-26 15:05:44.300000,2024-05-26 15:33:09.500000,27.42
5,2024-05-26 15:33:26.233333,2024-05-26 15:39:23.933333,5.961666666666667
5,2024-05-26 15:42:15.566667,2024-05-26 16:04:50.833333,22.587777766666665
5,2024-05-26 16:05:10.133333,2024-05-26 16:34:40.433333,29.505
5,2024-05-26 16:49:14.033333,2024-05-26 16:55:15.800000,6.02944445
5,2024-05-26 16:55:31.600000,2024-05-26 17:58:28.866667,62.95444445
5,2024-05-28 11:01:52.133333,2024-05-28 11:03:25.500000,1.5561111166666668
5,2024-05-28 11:05:06.833333,2024-05-28 11:10:18.833333,5.2
5,2024-05-30 11:07:45.666667,2024-05-30 11:08:26.800000,0.68555555
6,2024-04-26 09:01:16.100000,2024-04-26 10:55:57.200000,114.685
6,2024-04-28 11:38:03.866667,2024-04-28 13:21:42.500000,103.64388888333333
6,2024-04-28 13:21:43.833333,2024-04-28 13:53:58.400000,32.24277778333333
6,2024-04-28 14:43:21.366667,2024-04-28 16:25:25.966667,102.07666666666667
6,2024-04-28 16:26:25.133333,2024-04-28 16:45:27.733333,19.043333333333333
6,2024-04-28 16:47:19.466667,2024-04-28 17:43:35.400000,56.26555555
6,2024-04-29 09:44:34.266667,2024-04-29 10:35:50.666667,51.27333333333333
6,2024-04-29 10:37:01.166667,2024-04-29 11:31:56.900000,54.928888883333336
6,2024-04-29 11:32:13.966667,2024-04-29 12:10:42.800000,38.48055555
6,2024-04-29 12:32:02.066667,2024-04-29 12:51:32.800000,19.512222216666665
6,2024-04-29 12:51:33.333333,2024-04-29 14:12:03.866667,80.5088889
6,2024-04-30 10:30:31.100000,2024-04-30 11:25:28.066667,54.94944445
6,2024-04-30 11:25:48.166667,2024-04-30 12:04:45.866667,38.961666666666666
6,2024-04-30 12:05:20.833333,2024-04-30 12:41:13.366667,35.87555556666667
6,2024-04-30 12:41:40.800000,2024-04-30 12:50:22.566667,8.696111116666666
6,2024-04-30 12:50:42.166667,2024-04-30 14:02:10.333333,71.46944443333334
6,2024-05-01 10:36:40.433333,2024-05-01 11:34:00.000000,57.32611111666667
6,2024-05-19 10:03:33.800000,2024-05-19 10:31:45.400000,28.19333333333333
6,2024-05-19 11:47:30.200000,2024-05-19 13:09:06.166667,81.59944445
6,2024-05-19 13:09:46.433333,2024-05-19 13:38:37.100000,28.84444445
6,2024-05-19 14:05:39.233333,2024-05-19 14:58:12.233333,52.55
6,2024-05-19 14:58:31.700000,2024-05-19 15:31:06.233333,32.575555550000004
6,2024-05-19 15:31:29.866667,2024-05-19 16:39:56.633333,68.44611110000001
6,2024-05-19 16:40:20.766667,2024-05-19 17:37:51.066667,57.505
6,2024-05-19 17:38:00.000000,2024-05-19 18:55:45.233333,77.75388888333333
6,2024-05-20 09:31:32.700000,2024-05-20 09:35:11.133333,3.64055555
6,2024-05-20 09:35:12.033333,2024-05-20 10:41:16.466667,66.0738889
6,2024-05-20 10:41:50.933333,2024-05-20 11:10:56.200000,29.087777783333333
6,2024-05-20 12:27:33.900000,2024-05-20 12:49:40.366667,22.107777783333333
6,2024-05-20 12:51:03.966667,2024-05-20 12:57:48.300000,6.738888883333333
6,2024-05-20 15:15:25.100000,2024-05-20 16:58:12.233333,102.78555555
6,2024-05-20 16:59:00.366667,2024-05-20 17:11:59.533333,12.986111099999999
6,2024-05-20 17:13:14.866667,2024-05-20 17:41:06.533333,27.861111100000002
6,2024-05-20 17:42:38.966667,2024-05-20 17:46:07.166667,3.4699999999999998
6,2024-05-21 10:38:34.700000,2024-05-21 11:19:24.733333,40.83388888333333
6,2024-05-21 11:22:13.766667,2024-05-21 11:23:37.400000,1.3938888833333332
6,2024-05-21 11:46:19.133333,2024-05-21 11:52:16.200000,5.951111116666667
6,2024-05-21 12:07:24.033333,2024-05-21 12:10:16.366667,2.8722222333333334
6,2024-05-21 12:10:28.800000,2024-05-21 13:34:51.333333,84.37555555
6,2024-05-21 13:35:54.333333,2024-05-21 13:41:38.633333,5.738333333333333
6,2024-05-21 13:42:43.566667,2024-05-21 14:20:58.366667,38.24666666666667
6,2024-05-22 09:46:36.533333,2024-05-22 09:56:54.933333,10.306666666666667
6,2024-05-22 09:57:30.266667,2024-05-22 11:20:20.333333,82.83444443333333
6,2024-05-22 11:46:43.400000,2024-05-22 12:15:42.733333,28.988888883333335
6,2024-05-22 12:17:26.466667,2024-05-22 12:37:45.200000,20.312222216666665
6,2024-05-22 12:41:59.366667,2024-05-22 12:51:33.300000,9.56555555
6,2024-05-22 12:54:57.466667,2024-05-22 13:27:20.100000,32.37722221666667
6,2024-05-22 13:27:39.600000,2024-05-22 13:30:34.000000,2.9066666666666667
6,2024-05-22 13:40:19.366667,2024-05-22 13:49:06.200000,8.78055555
6,2024-05-22 13:50:20.900000,2024-05-22 14:08:49.600000,18.478333333333335
6,2024-05-22 14:10:04.100000,2024-05-22 14:49:33.266667,39.48611111666666
6,2024-05-22 14:53:07.733333,2024-05-22 15:00:18.866667,7.185555566666666
6,2024-05-22 15:02:59.033333,2024-05-22 15:08:02.500000,5.057777783333333
6,2024-05-22 15:08:03.466667,2024-05-22 15:37:15.600000,29.202222216666666
6,2024-05-22 15:39:53.766667,2024-05-22 15:50:51.300000,10.958888883333334
6,2024-05-22 15:52:27.666667,2024-05-22 15:57:40.100000,5.207222216666667
6,2024-05-22 15:59:00.933333,2024-05-22 16:57:01.866667,58.01555556666666
6,2024-05-23 09:31:33.566667,2024-05-23 09:46:25.333333,14.862777766666666
6,2024-05-23 09:46:25.966667,2024-05-23 09:54:15.766667,7.83
6,2024-05-23 09:54:18.500000,2024-05-23 09:56:42.400000,2.3983333333333334
6,2024-05-23 12:10:10.000000,2024-05-23 13:35:14.533333,85.07555555
6,2024-05-23 13:36:39.466667,2024-05-23 13:44:25.266667,7.763333333333334
6,2024-05-23 14:20:12.800000,2024-05-23 14:23:34.166667,3.356111116666667
6,2024-05-23 14:24:56.666667,2024-05-23 14:27:34.066667,2.6233333333333335
6,2024-05-23 14:27:45.466667,2024-05-23 14:49:35.900000,21.840555549999998
6,2024-05-23 14:49:41.000000,2024-05-23 14:50:12.966667,0.5327777833333334
6,2024-05-23 14:50:20.000000,2024-05-23 14:51:53.966667,1.5661111166666666
6,2024-05-23 14:52:44.366667,2024-05-23 15:38:51.800000,46.12388888333333
6,2024-05-23 15:38:55.233333,2024-05-23 15:50:12.100000,11.281111116666667
6,2024-05-23 15:50:18.233333,2024-05-23 16:13:29.100000,23.181111116666667
6,2024-05-23 16:15:09.166667,2024-05-23 16:27:35.300000,12.43555555
6,2024-05-23 16:27:54.666667,2024-05-23 16:32:54.066667,4.989999999999999
6,2024-05-23 16:33:18.433333,2024-05-23 17:32:52.733333,59.57166666666667
6,2024-05-23 17:32:57.300000,2024-05-23 17:35:42.033333,2.7455555499999997
6,2024-05-23 17:38:12.733333,2024-05-23 17:40:21.066667,2.1388889
6,2024-05-23 17:41:05.500000,2024-05-23 18:26:46.466667,45.682777783333336
6,2024-05-23 18:52:56.433333,2024-05-23 18:56:18.400000,3.3661111166666666
6,2024-05-23 18:56:31.333333,2024-05-23 18:57:28.733333,0.9566666666666667
6,2024-05-24 09:19:48.133333,2024-05-24 09:28:22.233333,8.568333333333333
6,2024-05-24 09:47:29.833333,2024-05-24 09:49:19.600000,1.82944445
6,2024-05-24 09:51:59.000000,2024-05-24 09:55:26.366667,3.456111116666667
6,2024-05-24 09:55:37.933333,2024-05-24 10:31:37.266667,35.9888889
6,2024-05-24 10:36:45.833333,2024-05-24 11:18:53.433333,42.126666666666665
6,2024-05-24 11:20:56.533333,2024-05-24 11:22:33.533333,1.6166666666666667
6,2024-05-24 11:23:25.266667,2024-05-24 11:24:01.533333,0.6044444333333333
6,2024-05-24 11:24:06.500000,2024-05-24 11:25:29.066667,1.3761111166666666
6,2024-05-24 11:25:32.266667,2024-05-24 11:28:48.866667,3.2766666666666664
6,2024-05-24 11:29:03.333333,2024-05-24 11:34:21.333333,5.3
6,2024-05-24 11:44:28.033333,2024-05-24 11:46:00.500000,1.5411111166666667
6,2024-05-24 11:46:28.500000,2024-05-24 11:49:02.633333,2.5688888833333334
6,2024-05-24 12:31:04.500000,2024-05-24 12:35:19.633333,4.2522222166666666
6,2024-05-24 12:38:14.533333,2024-05-24 12:45:45.833333,7.5216666666666665
6,2024-05-24 12:45:58.333333,2024-05-24 13:14:42.100000,28.729444450000003
6,2024-05-24 13:15:22.700000,2024-05-24 13:17:06.966667,1.7377777833333332
6,2024-05-24 13:19:02.833333,2024-05-24 13:42:35.566667,23.545555566666668
6,2024-05-24 13:44:13.733333,2024-05-24 14:30:21.500000,46.12944445
6,2024-05-24 14:30:38.066667,2024-05-24 14:31:52.833333,1.2461111
6,2024-05-24 14:37:50.000000,2024-05-24 15:10:11.433333,32.35722221666666
6,2024-05-24 15:11:20.733333,2024-05-24 15:12:59.666667,1.6488889
6,2024-05-24 15:40:09.133333,2024-05-24 15:49:37.233333,9.468333333333334
6,2024-05-24 16:12:24.133333,2024-05-24 16:31:07.533333,18.723333333333336
6,2024-05-24 16:49:34.200000,2024-05-24 17:05:43.766667,16.159444450000002
6,2024-05-24 17:07:42.100000,2024-05-24 17:38:05.666667,30.392777783333333
6,2024-05-25 09:30:46.833333,2024-05-25 09:35:12.333333,4.425
6,2024-05-25 09:36:21.333333,2024-05-25 09:38:05.433333,1.7349999999999999
6,2024-05-25 09:39:18.100000,2024-05-25 09:56:39.800000,17.361666666666668
6,2024-05-25 09:56:54.900000,2024-05-25 09:59:33.566667,2.64444445
6,2024-05-25 11:12:55.100000,2024-05-25 11:13:26.033333,0.51555555
6,2024-05-25 11:13:48.666667,2024-05-25 11:14:58.033333,1.1561111
6,2024-05-25 11:15:42.933333,2024-05-25 12:50:15.200000,94.53777778333333
6,2024-05-25 15:36:00.933333,2024-05-25 15:39:36.100000,3.5861111166666664
6,2024-05-26 12:11:56.733333,2024-05-26 13:16:41.266667,64.74222223333334
6,2024-05-26 13:17:23.700000,2024-05-26 13:21:50.233333,4.442222216666667
6,2024-05-26 13:22:03.133333,2024-05-26 13:26:12.133333,4.15
6,2024-05-26 13:26:22.766667,2024-05-26 14:50:21.666667,83.98166666666665
6,2024-05-26 14:50:36.300000,2024-05-26 14:57:21.000000,6.745
6,2024-05-26 14:57:29.900000,2024-05-26 15:00:33.200000,3.055
6,2024-05-26 15:01:19.000000,2024-05-26 15:10:38.233333,9.32055555
6,2024-05-26 15:11:10.000000,2024-05-26 15:33:30.766667,22.34611111666667
6,2024-05-26 15:37:00.366667,2024-05-26 15:37:47.200000,0.7805555500000001
6,2024-05-26 15:38:26.633333,2024-05-26 15:42:32.233333,4.093333333333333
6,2024-05-26 15:45:21.566667,2024-05-26 15:46:54.966667,1.5566666666666669
6,2024-05-26 15:48:01.266667,2024-05-26 15:49:11.066667,1.1633333333333333
6,2024-05-26 15:50:13.966667,2024-05-26 16:02:28.766667,12.246666666666666
6,2024-05-26 16:03:49.066667,2024-05-26 16:05:32.933333,1.7311111
6,2024-05-26 16:06:44.166667,2024-05-26 16:07:56.900000,1.2122222166666667
6,2024-05-26 16:11:44.666667,2024-05-26 16:13:01.233333,1.2761111
6,2024-05-26 16:17:21.533333,2024-05-26 16:33:06.033333,15.741666666666667
6,2024-05-26 16:45:35.933333,2024-05-26 16:47:15.766667,1.6638889
6,2024-05-26 17:16:07.733333,2024-05-26 17:51:22.866667,35.252222233333335
6,2024-05-27 11:28:05.733333,2024-05-27 13:10:16.933333,102.18666666666667
6,2024-05-27 13:10:43.866667,2024-05-27 13:33:28.833333,22.749444433333334
6,2024-05-27 17:35:05.900000,2024-05-27 17:40:28.600000,5.378333333333333
6,2024-05-27 17:44:02.933333,2024-05-27 18:02:01.933333,17.983333333333334
6,2024-05-27 18:03:24.666667,2024-05-27 18:08:28.166667,5.058333333333334
6,2024-05-28 09:33:30.033333,2024-05-28 09:37:36.133333,4.101666666666667
6,2024-05-28 09:38:22.733333,2024-05-28 09:44:54.966667,6.537222233333334
6,2024-05-28 09:45:18.800000,2024-05-28 10:59:30.866667,74.20111111666667
6,2024-05-29 09:24:28.766667,2024-05-29 09:28:28.466667,3.9949999999999997
6,2024-05-29 09:28:53.400000,2024-05-29 09:33:18.266667,4.41444445
7,2024-04-26 14:43:24.900000,2024-04-26 14:47:02.566667,3.6277777833333333
7,2024-04-28 11:30:11.966667,2024-04-28 12:40:38.233333,70.43777776666667
7,2024-04-28 12:40:54.633333,2024-04-28 13:12:46.700000,31.867777783333334
7,2024-04-28 14:03:45.833333,2024-04-28 15:18:00.366667,74.24222223333332
7,2024-04-28 16:10:23.566667,2024-04-28 16:19:27.333333,9.062777766666667
7,2024-04-28 17:05:13.500000,2024-04-28 17:44:29.666667,39.26944445
7,2024-04-28 18:24:41.066667,2024-04-28 18:25:13.200000,0.53555555
7,2024-04-29 12:01:30.400000,2024-04-29 12:22:01.666667,20.521111116666667
7,2024-04-29 17:50:54.733333,2024-04-29 18:01:00.366667,10.0938889
7,2024-04-30 09:18:22.800000,2024-04-30 10:33:28.266667,75.09111111666667
7,2024-05-06 17:40:02.733333,2024-05-06 18:32:36.666667,52.56555556666667
7,2024-05-17 11:50:05.800000,2024-05-17 12:26:15.000000,36.15333333333333
7,2024-05-17 12:26:18.333333,2024-05-17 12:27:10.933333,0.8766666666666667
7,2024-05-18 10:26:22.700000,2024-05-18 11:35:15.266667,68.87611111666666
7,2024-05-18 11:35:16.466667,2024-05-18 12:18:10.766667,42.905
7,2024-05-19 12:30:08.400000,2024-05-19 14:04:06.566667,93.96944445000001
7,2024-05-19 14:04:39.033333,2024-05-19 14:09:52.300000,5.221111116666666
7,2024-05-19 14:10:02.500000,2024-05-19 15:33:37.266667,83.57944445
7,2024-05-19 15:33:42.033333,2024-05-19 16:54:02.766667,80.34555556666666
7,2024-05-20 09:02:01.833333,2024-05-20 09:03:10.733333,1.1483333333333334
7,2024-05-20 09:21:48.900000,2024-05-20 09:55:01.800000,33.215
7,2024-05-20 09:57:04.533333,2024-05-20 10:15:28.466667,18.3988889
7,2024-05-20 10:15:44.166667,2024-05-20 10:42:35.766667,26.86
7,2024-05-20 10:43:38.366667,2024-05-20 12:09:44.966667,86.11
7,2024-05-20 12:11:23.666667,2024-05-20 13:34:39.233333,83.25944443333333
7,2024-05-20 13:36:14.500000,2024-05-20 14:16:36.066667,40.35944445
7,2024-05-20 14:17:56.133333,2024-05-20 14:36:07.733333,18.19333333333333
7,2024-05-20 14:37:14.933333,2024-05-20 14:40:13.133333,2.9699999999999998
7,2024-05-20 14:41:23.233333,2024-05-20 14:42:31.500000,1.1377777833333333
7,2024-05-20 14:43:48.100000,2024-05-20 16:35:19.066667,111.51611111666666
7,2024-05-20 16:37:04.933333,2024-05-20 17:40:07.100000,63.03611111666667
7,2024-05-20 17:40:58.433333,2024-05-20 18:55:11.066667,74.21055556666667
7,2024-05-21 10:37:42.700000,2024-05-21 11:54:42.833333,77.00222221666667
7,2024-05-21 11:54:43.800000,2024-05-21 12:23:19.800000,28.6
7,2024-05-21 13:11:10.666667,2024-05-21 13:42:29.800000,31.318888883333333
7,2024-05-21 15:41:14.066667,2024-05-21 16:50:10.233333,68.9361111
7,2024-05-22 10:48:38.866667,2024-05-22 11:16:24.733333,27.76444443333333
7,2024-05-22 11:18:03.800000,2024-05-22 11:32:33.500000,14.495000000000001
7,2024-05-22 12:22:10.000000,2024-05-22 12:32:13.600000,10.06
7,2024-05-22 12:34:02.200000,2024-05-22 13:54:32.533333,80.50555555
7,2024-05-22 14:04:20.400000,2024-05-22 14:14:00.600000,9.67
7,2024-05-22 14:16:52.833333,2024-05-22 15:18:13.300000,61.34111111666667
7,2024-05-22 15:18:15.533333,2024-05-22 17:00:48.466667,102.54888890000001
7,2024-05-22 17:02:31.633333,2024-05-22 17:08:57.833333,6.4366666666666665
7,2024-05-22 17:09:12.033333,2024-05-22 18:45:41.433333,96.49
7,2024-05-22 18:48:14.866667,2024-05-22 18:56:06.333333,7.857777766666667
7,2024-05-23 09:12:17.600000,2024-05-23 09:26:28.366667,14.17944445
7,2024-05-23 09:26:33.000000,2024-05-23 09:54:42.033333,28.15055555
7,2024-05-23 09:54:46.166667,2024-05-23 10:34:08.700000,39.375555549999994
7,2024-05-23 11:38:51.300000,2024-05-23 12:01:57.400000,23.101666666666667
7,2024-05-23 12:03:19.666667,2024-05-23 12:51:43.400000,48.395555550000005
7,2024-05-23 12:57:17.966667,2024-05-23 13:59:41.200000,62.38722221666667
7,2024-05-23 13:59:53.966667,2024-05-23 14:18:39.066667,18.751666666666665
7,2024-05-23 14:26:54.233333,2024-05-23 14:29:43.666667,2.8238889
7,2024-05-23 14:31:27.166667,2024-05-23 14:47:58.866667,16.528333333333332
7,2024-05-23 14:48:04.133333,2024-05-23 15:36:56.200000,48.86777778333333
7,2024-05-23 15:40:07.466667,2024-05-23 15:42:48.900000,2.69055555
7,2024-05-23 15:42:55.766667,2024-05-23 16:05:23.733333,22.4661111
7,2024-05-23 16:09:23.400000,2024-05-23 16:09:55.700000,0.5383333333333333
7,2024-05-23 16:12:06.700000,2024-05-23 16:20:55.266667,8.80944445
7,2024-05-23 16:22:18.900000,2024-05-23 16:23:15.466667,0.9427777833333334
7,2024-05-23 16:24:32.366667,2024-05-23 16:35:24.833333,10.874444433333334
7,2024-05-23 16:35:30.200000,2024-05-23 16:37:52.233333,2.3672222166666668
7,2024-05-23 16:39:09.666667,2024-05-23 17:29:50.933333,50.68777776666666
7,2024-05-23 17:29:52.500000,2024-05-23 17:36:14.666667,6.3694444500000005
7,2024-05-23 18:25:55.466667,2024-05-23 18:50:27.366667,24.53166666666667
7,2024-05-23 18:51:02.966667,2024-05-23 18:52:09.733333,1.1127777666666667
7,2024-05-23 18:52:33.366667,2024-05-23 18:55:07.400000,2.5672222166666665
7,2024-05-24 09:24:05.566667,2024-05-24 09:29:37.466667,5.531666666666666
7,2024-05-24 09:29:41.600000,2024-05-24 09:40:42.433333,11.013888883333333
7,2024-05-24 09:41:16.566667,2024-05-24 10:13:37.533333,32.34944443333333
7,2024-05-24 10:14:01.166667,2024-05-24 10:15:55.600000,1.9072222166666668
7,2024-05-24 10:17:42.300000,2024-05-24 10:35:19.233333,17.61555555
7,2024-05-24 10:36:46.366667,2024-05-24 11:11:28.433333,34.701111100000006
7,2024-05-24 11:11:57.033333,2024-05-24 11:17:54.733333,5.961666666666667
7,2024-05-24 11:30:54.966667,2024-05-24 11:31:52.566667,0.9600000000000001
7,2024-05-24 11:32:01.333333,2024-05-24 11:33:07.200000,1.0977777833333335
7,2024-05-24 11:33:25.500000,2024-05-24 11:40:26.966667,7.02444445
7,2024-05-24 11:40:42.566667,2024-05-24 11:41:31.466667,0.815
7,2024-05-24 11:42:29.133333,2024-05-24 11:45:21.800000,2.8777777833333333
7,2024-05-24 11:46:13.066667,2024-05-24 11:47:06.700000,0.8938888833333334
7,2024-05-24 11:47:18.933333,2024-05-24 11:48:58.933333,1.6666666666666667
7,2024-05-24 11:49:51.300000,2024-05-24 11:52:48.366667,2.9511111166666666
7,2024-05-24 11:53:14.566667,2024-05-24 11:58:30.900000,5.272222216666666
7,2024-05-24 11:58:51.033333,2024-05-24 12:31:44.733333,32.895
7,2024-05-24 12:31:57.866667,2024-05-24 12:34:04.300000,2.1072222166666665
7,2024-05-24 12:34:46.166667,2024-05-24 12:41:47.500000,7.022222216666666
7,2024-05-24 12:42:36.566667,2024-05-24 12:43:23.500000,0.7822222166666666
7,2024-05-24 12:44:08.400000,2024-05-24 12:46:38.400000,2.5
7,2024-05-24 12:47:24.633333,2024-05-24 13:10:18.033333,22.89
7,2024-05-24 13:10:48.633333,2024-05-24 13:12:42.266667,1.8938889
7,2024-05-24 13:13:26.200000,2024-05-24 13:41:01.466667,27.587777783333333
7,2024-05-24 13:41:17.200000,2024-05-24 13:42:26.733333,1.1588888833333333
7,2024-05-24 13:46:51.000000,2024-05-24 13:47:48.166667,0.9527777833333333
7,2024-05-24 13:48:06.000000,2024-05-24 14:27:06.766667,39.012777783333334
7,2024-05-24 14:29:55.233333,2024-05-24 14:30:52.333333,0.9516666666666667
7,2024-05-24 14:31:17.133333,2024-05-24 15:41:09.700000,69.87611111666666
7,2024-05-24 15:41:51.666667,2024-05-24 15:42:56.266667,1.0766666666666667
7,2024-05-24 15:49:32.366667,2024-05-24 16:36:20.300000,46.79888888333333
7,2024-05-24 16:38:05.633333,2024-05-24 16:40:06.400000,2.012777783333333
7,2024-05-24 16:42:11.200000,2024-05-24 16:47:13.366667,5.0361111166666666
7,2024-05-24 17:12:33.866667,2024-05-24 17:43:09.700000,30.59722221666667
7,2024-05-24 17:44:13.966667,2024-05-24 17:46:36.000000,2.3672222166666668
7,2024-05-25 09:12:30.266667,2024-05-25 09:14:29.500000,1.9872222166666667
7,2024-05-25 09:14:40.666667,2024-05-25 09:21:18.600000,6.6322222166666664
7,2024-05-25 09:22:34.100000,2024-05-25 09:30:53.266667,8.31944445
7,2024-05-25 09:31:08.366667,2024-05-25 09:35:19.200000,4.18055555
7,2024-05-25 09:35:51.366667,2024-05-25 09:42:09.200000,6.2972222166666665
7,2024-05-25 09:42:21.733333,2024-05-25 09:52:21.866667,10.002222233333333
7,2024-05-25 09:53:15.000000,2024-05-25 09:56:49.766667,3.57944445
7,2024-05-25 09:57:56.700000,2024-05-25 09:58:55.900000,0.9866666666666667
7,2024-05-25 11:14:39.033333,2024-05-25 11:46:32.533333,31.891666666666666
7,2024-05-25 11:48:38.500000,2024-05-25 12:35:21.733333,46.72055555
7,2024-05-25 12:36:57.633333,2024-05-25 13:08:45.566667,31.7988889
7,2024-05-25 13:11:23.766667,2024-05-25 13:14:29.366667,3.0933333333333333
7,2024-05-25 13:16:24.200000,2024-05-25 13:49:23.300000,32.985
7,2024-05-25 15:26:04.766667,2024-05-25 15:32:11.366667,6.11
7,2024-05-25 15:34:15.633333,2024-05-25 16:09:42.500000,35.44777778333333
7,2024-05-26 10:30:01.600000,2024-05-26 10:35:54.600000,5.883333333333334
7,2024-05-26 10:36:01.433333,2024-05-26 10:36:47.666667,0.7705555666666667
7,2024-05-26 10:36:50.833333,2024-05-26 10:37:26.366667,0.5922222333333332
7,2024-05-26 10:39:36.333333,2024-05-26 11:47:23.100000,67.77944445
7,2024-05-26 11:47:36.866667,2024-05-26 11:48:35.333333,0.9744444333333334
7,2024-05-26 11:48:52.400000,2024-05-26 12:07:57.766667,19.08944445
7,2024-05-26 12:08:12.666667,2024-05-26 12:10:07.600000,1.91555555
7,2024-05-26 12:10:55.166667,2024-05-26 12:20:39.900000,9.74555555
7,2024-05-26 12:20:55.133333,2024-05-26 12:59:11.466667,38.27222223333333
7,2024-05-26 13:00:50.166667,2024-05-26 14:26:03.166667,85.21666666666667
7,2024-05-26 14:26:16.166667,2024-05-26 14:27:49.800000,1.56055555
7,2024-05-26 14:28:01.200000,2024-05-26 14:40:27.233333,12.433888883333333
7,2024-05-26 14:42:01.800000,2024-05-26 14:47:54.300000,5.875
7,2024-05-26 14:48:49.166667,2024-05-26 14:50:40.133333,1.8494444333333333
7,2024-05-26 14:52:05.833333,2024-05-26 14:54:10.166667,2.072222233333333
7,2024-05-26 14:55:34.300000,2024-05-26 15:02:16.866667,6.70944445
7,2024-05-26 15:02:34.300000,2024-05-26 15:05:03.533333,2.4872222166666664
7,2024-05-26 15:06:50.500000,2024-05-26 15:11:54.900000,5.073333333333333
7,2024-05-26 15:12:44.933333,2024-05-26 15:27:00.333333,14.256666666666666
7,2024-05-26 15:28:26.600000,2024-05-26 15:36:42.566667,8.266111116666666
7,2024-05-26 15:46:52.166667,2024-05-26 15:51:31.800000,4.66055555
7,2024-05-26 15:55:13.200000,2024-05-26 15:59:06.133333,3.882222216666667
7,2024-05-26 16:28:29.400000,2024-05-26 16:45:02.233333,16.54722221666667
7,2024-05-26 16:45:11.300000,2024-05-26 16:50:02.700000,4.8566666666666665
7,2024-05-26 16:52:46.866667,2024-05-26 16:53:37.766667,0.8483333333333333
7,2024-05-26 16:54:29.100000,2024-05-26 17:18:57.900000,24.48
7,2024-05-26 17:32:56.300000,2024-05-26 17:38:37.066667,5.67944445
7,2024-05-26 17:40:41.133333,2024-05-26 18:22:59.366667,42.3038889
7,2024-05-27 13:37:08.266667,2024-05-27 14:54:58.066667,77.83
7,2024-05-27 14:56:03.233333,2024-05-27 15:22:02.600000,25.98944445
7,2024-05-27 15:22:05.600000,2024-05-27 15:26:27.300000,4.361666666666666
7,2024-05-27 15:27:38.833333,2024-05-27 15:56:22.000000,28.71944445
7,2024-05-27 15:57:35.200000,2024-05-27 16:16:39.333333,19.068888883333333
7,2024-05-27 17:00:11.100000,2024-05-27 17:39:33.900000,39.38
7,2024-05-27 17:40:24.100000,2024-05-27 17:46:13.600000,5.825
7,2024-05-27 17:47:00.733333,2024-05-27 17:47:51.733333,0.85
7,2024-05-27 17:48:05.700000,2024-05-27 18:18:27.200000,30.358333333333334
7,2024-05-28 10:00:40.366667,2024-05-28 11:29:35.900000,88.92555555
8,2024-04-18 12:17:28.000000,2024-04-18 13:06:31.033333,49.05055555
8,2024-04-22 13:15:49.933333,2024-04-22 13:30:56.633333,15.111666666666668
8,2024-04-28 12:10:17.266667,2024-04-28 13:21:07.500000,70.83722221666667
8,2024-04-28 14:13:27.600000,2024-04-28 14:35:52.333333,22.412222216666667
8,2024-04-28 14:55:33.500000,2024-04-28 15:34:46.700000,39.22
8,2024-04-28 15:44:43.833333,2024-04-28 16:16:31.966667,31.802222233333335
8,2024-04-28 16:16:46.200000,2024-04-28 16:17:26.266667,0.6677777833333334
8,2024-04-28 16:17:33.466667,2024-04-28 16:40:34.366667,23.015
8,2024-04-28 16:40:43.866667,2024-04-28 16:43:57.233333,3.222777766666667
8,2024-04-28 17:41:59.566667,2024-04-28 18:14:13.066667,32.225
8,2024-04-29 10:37:29.666667,2024-04-29 10:47:06.100000,9.607222216666665
8,2024-04-29 11:10:52.233333,2024-04-29 11:23:37.600000,12.756111116666666
8,2024-04-29 11:23:38.166667,2024-04-29 11:27:05.233333,3.4511111
8,2024-04-29 11:27:20.100000,2024-04-29 12:01:51.266667,34.51944445
8,2024-04-29 15:51:00.866667,2024-04-29 16:05:19.733333,14.314444433333334
8,2024-04-29 17:10:26.633333,2024-04-29 17:17:49.466667,7.380555566666667
8,2024-04-30 10:04:28.866667,2024-04-30 11:04:00.866667,59.53333333333333
8,2024-04-30 11:04:45.600000,2024-04-30 11:27:16.433333,22.513888883333333
8,2024-04-30 11:27:22.866667,2024-04-30 11:38:46.733333,11.397777766666668
8,2024-04-30 12:22:34.633333,2024-04-30 13:54:45.533333,92.18166666666666
8,2024-05-01 13:08:01.433333,2024-05-01 13:23:32.266667,15.513888900000001
8,2024-05-08 10:36:48.033333,2024-05-08 10:40:38.800000,3.846111116666667
8,2024-05-08 10:40:45.666667,2024-05-08 12:15:31.600000,94.76555555
8,2024-05-08 12:26:34.633333,2024-05-08 13:22:50.733333,56.26833333333333
8,2024-05-08 13:37:20.266667,2024-05-08 14:14:07.166667,36.781666666666666
8,2024-05-17 12:31:23.300000,2024-05-17 12:46:48.833333,15.42555555
8,2024-05-17 12:53:12.300000,2024-05-17 13:23:32.766667,30.341111116666664
8,2024-05-19 13:33:45.866667,2024-05-19 14:35:22.633333,61.61277776666667
8,2024-05-19 14:36:29.800000,2024-05-19 15:05:05.566667,28.59611111666667
8,2024-05-19 16:09:44.200000,2024-05-19 16:49:44.333333,40.002222216666674
8,2024-05-19 17:24:22.366667,2024-05-19 17:29:19.466667,4.951666666666667
8,2024-05-19 17:31:19.466667,2024-05-19 18:50:39.766667,79.33833333333334
8,2024-05-20 09:46:08.633333,2024-05-20 10:21:13.466667,35.08055556666667
8,2024-05-20 10:23:01.633333,2024-05-20 10:37:19.100000,14.291111116666666
8,2024-05-20 10:37:34.233333,2024-05-20 10:49:34.900000,12.011111116666665
8,2024-05-20 14:00:00.066667,2024-05-20 15:28:30.466667,88.50666666666666
8,2024-05-20 15:28:31.633333,2024-05-20 16:02:09.433333,33.63
8,2024-05-20 16:02:55.066667,2024-05-20 16:24:00.466667,21.09
8,2024-05-21 10:22:41.900000,2024-05-21 11:31:00.466667,68.30944445
8,2024-05-21 11:32:35.166667,2024-05-21 11:36:15.500000,3.672222216666667
8,2024-05-21 12:13:16.600000,2024-05-21 13:23:53.600000,70.61666666666666
8,2024-05-21 15:31:15.066667,2024-05-21 16:01:27.766667,30.211666666666666
8,2024-05-22 13:56:44.700000,2024-05-22 14:14:58.033333,18.22222221666667
8,2024-05-22 14:15:14.633333,2024-05-22 14:20:19.966667,5.0888889
8,2024-05-22 14:36:39.266667,2024-05-22 16:00:42.566667,84.055
8,2024-05-22 16:08:45.933333,2024-05-22 16:33:39.800000,24.897777783333332
8,2024-05-22 16:38:14.900000,2024-05-22 16:57:41.966667,19.451111116666667
8,2024-05-22 17:10:42.133333,2024-05-22 17:25:44.133333,15.033333333333333
8,2024-05-22 17:26:44.433333,2024-05-22 17:39:36.766667,12.872222233333334
8,2024-05-22 17:40:34.666667,2024-05-22 17:53:46.900000,13.203888883333333
8,2024-05-23 09:29:28.433333,2024-05-23 09:34:55.933333,5.458333333333333
8,2024-05-23 09:35:07.466667,2024-05-23 10:04:34.800000,29.45555555
8,2024-05-23 10:06:36.966667,2024-05-23 11:13:48.500000,67.19222221666666
8,2024-05-23 11:15:01.700000,2024-05-23 12:20:27.900000,65.43666666666667
8,2024-05-23 12:21:55.000000,2024-05-23 12:25:57.333333,4.038888883333334
8,2024-05-23 12:26:26.766667,2024-05-23 12:32:31.400000,6.077222216666667
8,2024-05-23 12:59:30.400000,2024-05-23 13:04:32.633333,5.037222216666667
8,2024-05-23 13:05:21.533333,2024-05-23 13:53:07.600000,47.76777778333334
8,2024-05-23 13:54:35.900000,2024-05-23 14:02:52.000000,8.268333333333334
8,2024-05-23 14:04:54.733333,2024-05-23 14:14:52.500000,9.962777783333333
8,2024-05-23 14:15:59.833333,2024-05-23 14:17:14.033333,1.2366666666666668
8,2024-05-23 14:17:38.033333,2024-05-23 14:27:52.866667,10.247222233333334
8,2024-05-23 14:28:40.133333,2024-05-23 14:39:58.333333,11.303333333333335
8,2024-05-23 14:40:54.633333,2024-05-23 14:53:06.633333,12.2
8,2024-05-23 14:53:14.300000,2024-05-23 15:02:14.733333,9.007222216666666
8,2024-05-23 15:03:20.166667,2024-05-23 15:11:08.733333,7.809444433333334
8,2024-05-23 15:17:13.266667,2024-05-23 15:19:10.566667,1.9549999999999998
8,2024-05-23 15:20:13.233333,2024-05-23 15:32:41.100000,12.46444445
8,2024-05-23 15:35:57.133333,2024-05-23 15:36:37.066667,0.6655555666666667
8,2024-05-23 15:37:05.833333,2024-05-23 15:40:42.700000,3.61444445
8,2024-05-23 15:41:17.866667,2024-05-23 15:52:44.566667,11.445
8,2024-05-23 15:53:12.133333,2024-05-23 15:54:17.600000,1.0911111166666667
8,2024-05-23 16:05:51.500000,2024-05-23 16:27:59.566667,22.13444445
8,2024-05-23 16:31:44.566667,2024-05-23 16:33:11.433333,1.4477777666666667
8,2024-05-23 16:35:44.933333,2024-05-23 16:37:26.533333,1.6933333333333331
8,2024-05-23 16:37:47.000000,2024-05-23 16:38:56.666667,1.1611111166666668
8,2024-05-23 16:39:20.533333,2024-05-23 16:40:09.366667,0.8138889
8,2024-05-23 16:41:18.533333,2024-05-23 16:44:29.400000,3.1811111166666666
8,2024-05-23 16:59:30.633333,2024-05-23 17:01:58.700000,2.467777783333333
8,2024-05-23 17:02:02.466667,2024-05-23 17:05:24.566667,3.368333333333333
8,2024-05-23 17:05:27.666667,2024-05-23 17:13:20.700000,7.883888883333333
8,2024-05-23 17:13:40.666667,2024-05-23 17:16:59.633333,3.3161111
8,2024-05-23 17:25:40.133333,2024-05-23 17:26:53.833333,1.2283333333333333
8,2024-05-23 17:26:56.966667,2024-05-23 17:35:37.300000,8.672222216666666
8,2024-05-23 17:43:28.833333,2024-05-23 17:44:15.166667,0.7722222333333334
8,2024-05-23 17:44:40.700000,2024-05-23 17:45:14.666667,0.5661111166666667
8,2024-05-23 18:21:02.400000,2024-05-23 18:22:01.900000,0.9916666666666667
8,2024-05-23 18:50:15.833333,2024-05-23 18:51:30.366667,1.2422222333333333
8,2024-05-23 18:54:32.233333,2024-05-23 18:56:50.800000,2.30944445
8,2024-05-24 08:58:18.766667,2024-05-24 09:21:41.566667,23.38
8,2024-05-24 09:23:01.366667,2024-05-24 09:38:43.700000,15.705555550000001
8,2024-05-24 09:39:55.333333,2024-05-24 09:42:42.833333,2.7916666666666665
8,2024-05-24 09:43:37.933333,2024-05-24 10:00:59.966667,17.367222233333333
8,2024-05-24 10:11:19.133333,2024-05-24 11:00:07.133333,48.8
8,2024-05-24 11:01:44.900000,2024-05-24 11:03:05.766667,1.3477777833333335
8,2024-05-24 11:03:47.300000,2024-05-24 11:12:27.633333,8.672222216666666
8,2024-05-24 11:13:56.133333,2024-05-24 11:14:28.000000,0.5311111166666667
8,2024-05-24 11:24:58.233333,2024-05-24 11:31:17.300000,6.317777783333333
8,2024-05-24 11:31:28.800000,2024-05-24 11:40:16.200000,8.79
8,2024-05-24 11:44:07.833333,2024-05-24 11:47:43.433333,3.5933333333333333
8,2024-05-24 11:47:55.033333,2024-05-24 11:50:06.266667,2.1872222333333338
8,2024-05-24 11:51:45.633333,2024-05-24 11:55:56.066667,4.1738889
8,2024-05-24 11:57:35.100000,2024-05-24 11:59:00.866667,1.4294444499999999
8,2024-05-24 12:30:11.133333,2024-05-24 12:32:24.433333,2.2216666666666667
8,2024-05-24 12:37:50.033333,2024-05-24 12:38:47.233333,0.9533333333333334
8,2024-05-24 12:44:17.000000,2024-05-24 12:44:47.633333,0.51055555
8,2024-05-24 12:45:18.433333,2024-05-24 13:11:41.400000,26.38277778333333
8,2024-05-24 13:11:53.733333,2024-05-24 13:13:57.533333,2.0633333333333335
8,2024-05-24 13:14:36.200000,2024-05-24 13:15:23.800000,0.7933333333333333
8,2024-05-24 13:15:58.366667,2024-05-24 13:19:27.966667,3.493333333333333
8,2024-05-24 13:19:55.800000,2024-05-24 13:49:50.233333,29.907222216666664
8,2024-05-24 15:12:40.933333,2024-05-24 15:13:32.566667,0.8605555666666667
8,2024-05-24 15:16:07.466667,2024-05-24 16:13:03.200000,56.928888883333336
8,2024-05-24 16:13:04.166667,2024-05-24 16:41:22.433333,28.304444433333334
8,2024-05-24 16:42:51.900000,2024-05-24 16:44:26.500000,1.5766666666666667
8,2024-05-24 16:46:02.433333,2024-05-24 17:09:30.866667,23.473888900000002
8,2024-05-24 17:11:36.966667,2024-05-24 17:19:34.133333,7.952777766666667
8,2024-05-24 17:24:29.900000,2024-05-24 17:25:12.266667,0.7061111166666667
8,2024-05-24 17:29:02.233333,2024-05-24 17:33:16.000000,4.22944445
8,2024-05-24 17:35:57.166667,2024-05-24 17:36:40.966667,0.73
8,2024-05-24 17:36:50.500000,2024-05-24 17:45:28.833333,8.638888883333333
8,2024-05-25 09:13:43.100000,2024-05-25 09:15:34.433333,1.8555555499999998
8,2024-05-25 09:15:44.566667,2024-05-25 11:10:43.766667,114.98666666666666
8,2024-05-25 11:11:14.833333,2024-05-25 11:18:31.266667,7.2738889
8,2024-05-25 11:20:22.966667,2024-05-25 11:25:21.866667,4.9816666666666665
8,2024-05-25 11:27:48.733333,2024-05-25 11:30:36.066667,2.7888889000000003
8,2024-05-25 11:32:02.366667,2024-05-25 11:32:45.000000,0.71055555
8,2024-05-25 11:34:42.966667,2024-05-25 11:40:19.766667,5.613333333333333
8,2024-05-25 11:42:21.200000,2024-05-25 11:47:02.033333,4.680555549999999
8,2024-05-25 11:49:21.200000,2024-05-25 12:37:20.633333,47.990555549999996
8,2024-05-25 13:03:01.800000,2024-05-25 13:12:06.000000,9.07
8,2024-05-25 13:12:21.300000,2024-05-25 13:30:22.133333,18.013888883333333
8,2024-05-25 13:32:45.966667,2024-05-25 13:41:50.866667,9.081666666666667
8,2024-05-25 15:21:40.066667,2024-05-25 15:24:12.366667,2.5383333333333336
8,2024-05-25 15:24:32.866667,2024-05-25 15:26:01.300000,1.4738888833333335
8,2024-05-25 15:28:57.733333,2024-05-25 15:34:22.666667,5.415555566666667
8,2024-05-25 15:35:08.133333,2024-05-25 16:03:57.100000,28.816111116666665
8,2024-05-25 16:06:04.233333,2024-05-25 16:07:29.966667,1.4288889
8,2024-05-26 10:38:08.366667,2024-05-26 10:39:42.166667,1.5633333333333332
8,2024-05-26 10:56:01.500000,2024-05-26 10:59:04.900000,3.0566666666666666
8,2024-05-26 10:59:16.233333,2024-05-26 12:06:27.033333,67.18
8,2024-05-26 12:06:35.900000,2024-05-26 12:23:12.800000,16.615
8,2024-05-26 12:23:33.000000,2024-05-26 13:13:40.966667,50.13277778333334
8,2024-05-26 13:14:25.700000,2024-05-26 13:28:23.833333,13.968888883333333
8,2024-05-26 13:28:53.900000,2024-05-26 13:31:41.266667,2.78944445
8,2024-05-26 13:33:18.900000,2024-05-26 14:17:39.566667,44.34444445
8,2024-05-26 14:20:05.100000,2024-05-26 14:44:17.500000,24.206666666666667
8,2024-05-26 14:45:54.466667,2024-05-26 15:07:45.200000,21.845555549999997
8,2024-05-26 15:09:38.900000,2024-05-26 15:29:44.466667,20.092777783333336
8,2024-05-26 15:31:35.500000,2024-05-26 15:40:24.100000,8.81
8,2024-05-26 15:40:35.500000,2024-05-26 15:51:33.266667,10.962777783333333
8,2024-05-26 15:52:41.466667,2024-05-26 15:53:40.033333,0.9761111
8,2024-05-26 15:58:56.500000,2024-05-26 16:18:32.866667,19.606111116666668
8,2024-05-26 16:19:36.966667,2024-05-26 16:20:43.700000,1.1122222166666667
8,2024-05-26 16:22:41.566667,2024-05-26 16:31:42.233333,9.011111099999999
8,2024-05-26 16:35:58.866667,2024-05-26 16:48:47.800000,12.81555555
8,2024-05-26 16:49:05.600000,2024-05-26 17:35:29.833333,46.40388888333334
8,2024-05-26 17:35:47.266667,2024-05-26 17:57:40.266667,21.883333333333333
8,2024-05-27 13:56:34.366667,2024-05-27 14:52:32.700000,55.972222216666665
8,2024-05-27 14:53:21.500000,2024-05-27 15:22:08.666667,28.786111116666667
8,2024-05-27 15:22:10.933333,2024-05-27 15:24:49.733333,2.646666666666667
8,2024-05-27 16:36:41.133333,2024-05-27 16:49:18.466667,12.622222233333334
8,2024-05-27 16:52:28.766667,2024-05-27 16:56:03.266667,3.575
8,2024-05-27 17:01:25.133333,2024-05-27 17:36:05.800000,34.67777778333333
8,2024-05-27 17:36:22.000000,2024-05-27 17:44:30.100000,8.135
8,2024-05-27 17:45:31.566667,2024-05-27 18:17:29.866667,31.971666666666668
8,2024-05-28 09:28:58.733333,2024-05-28 09:31:25.200000,2.441111116666667
9,2024-04-20 11:06:40.966667,2024-04-20 12:26:01.566667,79.34333333333333
9,2024-04-26 12:11:16.266667,2024-04-26 12:14:52.700000,3.6072222166666665
9,2024-04-28 11:28:27.166667,2024-04-28 12:41:33.866667,73.11166666666666
9,2024-04-28 12:49:53.200000,2024-04-28 12:59:24.900000,9.528333333333334
9,2024-04-28 14:59:53.033333,2024-04-28 15:54:26.633333,54.559999999999995
9,2024-04-29 11:34:31.666667,2024-04-29 11:39:54.633333,5.382777766666666
9,2024-04-29 11:40:11.900000,2024-04-29 12:26:36.866667,46.41611111666667
9,2024-04-29 12:26:45.266667,2024-04-29 13:10:37.566667,43.87166666666667
9,2024-04-29 14:00:44.500000,2024-04-29 14:06:28.066667,5.726111116666667
9,2024-04-30 11:02:10.066667,2024-04-30 11:06:18.166667,4.135
9,2024-04-30 11:06:43.600000,2024-04-30 11:39:22.200000,32.64333333333333
9,2024-04-30 11:39:23.266667,2024-04-30 12:09:23.733333,30.007777766666667
9,2024-05-18 10:25:02.666667,2024-05-18 10:59:49.733333,34.784444433333334
9,2024-05-18 14:38:10.866667,2024-05-18 15:31:47.633333,53.61277776666667
9,2024-05-18 15:32:07.500000,2024-05-18 16:51:27.000000,79.325
9,2024-05-19 09:53:42.366667,2024-05-19 11:20:47.300000,87.08222221666666
9,2024-05-19 11:20:51.033333,2024-05-19 12:23:47.900000,62.94777778333333
9,2024-05-19 12:24:08.800000,2024-05-19 12:36:23.266667,12.241111116666668
9,2024-05-19 13:55:10.666667,2024-05-19 14:40:45.533333,45.5811111
9,2024-05-19 17:20:05.900000,2024-05-19 17:25:40.066667,5.569444450000001
9,2024-05-19 17:28:20.800000,2024-05-19 17:28:56.866667,0.6011111166666667
9,2024-05-19 17:30:27.766667,2024-05-19 18:52:58.866667,82.51833333333335
9,2024-05-20 09:13:22.300000,2024-05-20 09:21:29.733333,8.123888883333333
9,2024-05-20 09:21:31.500000,2024-05-20 10:30:14.466667,68.71611111666667
9,2024-05-20 10:31:59.066667,2024-05-20 10:46:39.766667,14.678333333333335
9,2024-05-20 13:07:10.166667,2024-05-20 13:12:39.133333,5.482777766666667
9,2024-05-20 13:12:50.400000,2024-05-20 13:17:08.466667,4.301111116666666
9,2024-05-20 13:32:47.566667,2024-05-20 15:31:29.200000,118.69388888333333
9,2024-05-21 11:23:33.000000,2024-05-21 11:24:05.833333,0.5472222166666667
9,2024-05-21 11:26:22.733333,2024-05-21 12:05:03.400000,38.67777778333333
9,2024-05-21 17:50:49.433333,2024-05-21 18:27:17.833333,36.473333333333336
9,2024-05-22 16:15:43.966667,2024-05-22 16:18:12.800000,2.48055555
9,2024-05-22 16:21:25.866667,2024-05-22 16:21:58.600000,0.54555555
9,2024-05-22 16:22:19.733333,2024-05-22 16:29:40.100000,7.33944445
9,2024-05-22 16:33:08.833333,2024-05-22 16:53:04.366667,19.925555566666667
9,2024-05-22 17:07:43.100000,2024-05-22 17:45:08.466667,37.42277778333333
9,2024-05-22 17:45:24.100000,2024-05-22 17:53:32.800000,8.145
9,2024-05-22 17:53:43.933333,2024-05-22 18:35:34.166667,41.837222233333335
9,2024-05-23 09:27:58.400000,2024-05-23 09:44:05.200000,16.113333333333333
9,2024-05-23 09:44:24.866667,2024-05-23 09:55:05.933333,10.684444433333335
9,2024-05-23 09:55:06.766667,2024-05-23 09:55:46.366667,0.66
9,2024-05-23 09:56:07.533333,2024-05-23 10:28:40.800000,32.55444445
9,2024-05-23 10:28:42.266667,2024-05-23 10:51:55.000000,23.212222216666664
9,2024-05-23 13:10:54.766667,2024-05-23 13:25:09.633333,14.247777766666667
9,2024-05-23 13:27:11.766667,2024-05-23 14:50:33.600000,83.36388888333333
9,2024-05-23 14:50:46.500000,2024-05-23 14:55:14.466667,4.466111116666666
9,2024-05-23 14:58:05.566667,2024-05-23 15:05:16.266667,7.178333333333333
9,2024-05-23 15:24:58.400000,2024-05-23 15:33:34.033333,8.593888883333333
9,2024-05-23 15:34:26.600000,2024-05-23 15:36:25.166667,1.9761111166666665
9,2024-05-23 15:36:34.300000,2024-05-23 15:37:13.466667,0.6527777833333333
9,2024-05-23 15:37:18.966667,2024-05-23 15:37:50.900000,0.5322222166666667
9,2024-05-23 15:41:18.833333,2024-05-23 15:56:14.633333,14.93
9,2024-05-23 16:04:07.166667,2024-05-23 16:29:20.433333,25.221111099999998
9,2024-05-23 16:29:25.966667,2024-05-23 16:43:18.833333,13.8811111
9,2024-05-23 17:02:28.833333,2024-05-23 17:10:07.300000,7.641111116666666
9,2024-05-23 17:24:26.566667,2024-05-23 17:26:23.900000,1.95555555
9,2024-05-23 17:28:40.333333,2024-05-23 17:38:15.833333,9.591666666666667
9,2024-05-23 17:40:32.200000,2024-05-23 18:29:18.533333,48.77222221666667
9,2024-05-24 09:38:07.833333,2024-05-24 10:34:19.066667,56.18722223333334
9,2024-05-24 10:34:52.566667,2024-05-24 10:36:49.933333,1.9561111
9,2024-05-24 10:36:52.500000,2024-05-24 11:18:41.300000,41.81333333333334
9,2024-05-24 11:18:48.466667,2024-05-24 11:33:53.800000,15.088888883333334
9,2024-05-24 11:33:59.733333,2024-05-24 11:36:19.733333,2.3333333333333335
9,2024-05-24 11:40:11.766667,2024-05-24 12:42:58.200000,62.773888883333335
9,2024-05-24 16:40:44.233333,2024-05-24 17:26:12.233333,45.46666666666667
9,2024-05-27 16:53:33.633333,2024-05-27 17:47:03.666667,53.50055556666667
10,2024-04-22 16:23:07.133333,2024-04-22 17:55:00.433333,91.88833333333334
10,2024-04-23 12:15:56.366667,2024-04-23 13:32:48.966667,76.87666666666668
10,2024-04-23 13:33:27.700000,2024-04-23 15:26:06.400000,112.645
10,2024-04-24 10:41:23.533333,2024-04-24 10:52:22.100000,10.976111116666667
10,2024-04-24 13:58:12.833333,2024-04-24 14:00:42.900000,2.5011111166666664
10,2024-04-24 14:43:27.366667,2024-04-24 14:46:09.466667,2.7016666666666667
10,2024-04-25 11:50:37.400000,2024-04-25 12:39:59.733333,49.372222216666664
10,2024-04-25 12:40:25.666667,2024-04-25 12:46:31.800000,6.102222216666666
10,2024-04-25 12:46:33.533333,2024-04-25 12:48:56.466667,2.382222233333333
10,2024-04-25 15:21:38.200000,2024-04-25 15:47:27.866667,25.82777778333333
10,2024-04-25 15:47:31.966667,2024-04-25 16:20:48.800000,33.28055555
10,2024-04-25 16:20:49.866667,2024-04-25 16:43:11.366667,22.358333333333334
10,2024-04-25 16:43:13.866667,2024-04-25 17:02:19.666667,19.096666666666668
10,2024-04-25 17:02:20.433333,2024-04-25 17:26:59.900000,24.657777783333334
10,2024-04-25 17:28:16.333333,2024-04-25 17:38:33.100000,10.27944445
10,2024-04-26 09:54:40.566667,2024-04-26 09:56:11.600000,1.5172222166666667
10,2024-04-26 09:56:11.600000,2024-04-26 10:42:41.500000,46.498333333333335
10,2024-04-26 11:08:27.166667,2024-04-26 11:31:21.900000,22.912222216666667
10,2024-04-26 12:59:05.466667,2024-04-26 13:39:59.666667,40.90333333333333
10,2024-04-26 15:10:58.666667,2024-04-26 15:22:43.800000,11.752222216666667
10,2024-04-26 15:34:14.433333,2024-04-26 15:50:21.966667,16.125555566666666
10,2024-04-26 15:50:29.533333,2024-04-26 17:32:07.133333,101.62666666666668
10,2024-04-28 09:23:02.233333,2024-04-28 09:31:41.466667,8.6538889
10,2024-04-28 09:31:44.700000,2024-04-28 09:35:30.100000,3.756666666666667
10,2024-04-28 09:35:30.933333,2024-04-28 09:40:45.300000,5.23944445
10,2024-04-28 12:18:18.200000,2024-04-28 12:24:21.666667,6.057777783333333
10,2024-04-28 12:42:36.133333,2024-04-28 12:53:38.133333,11.033333333333333
10,2024-04-28 12:54:05.966667,2024-04-28 12:58:59.833333,4.897777766666667
10,2024-04-28 13:39:22.266667,2024-04-28 13:45:23.833333,6.0261111
10,2024-04-28 14:03:41.233333,2024-04-28 14:09:04.700000,5.391111116666666
10,2024-04-28 14:09:09.200000,2024-04-28 14:11:09.533333,2.00555555
10,2024-04-28 14:11:53.300000,2024-04-28 14:12:49.866667,0.9427777833333334
10,2024-04-28 16:48:26.166667,2024-04-28 17:48:30.933333,60.079444433333336
10,2024-04-28 17:48:31.933333,2024-04-28 18:11:16.666667,22.745555566666667
10,2024-04-29 09:53:36.766667,2024-04-29 10:35:27.900000,41.85222221666667
10,2024-04-29 10:40:14.400000,2024-04-29 11:09:09.866667,28.92444445
10,2024-04-29 11:09:23.233333,2024-04-29 11:58:20.866667,48.96055556666667
10,2024-04-29 11:58:32.866667,2024-04-29 12:10:16.933333,11.734444433333334
10,2024-04-29 12:11:49.266667,2024-04-29 12:32:25.133333,20.597777766666663
10,2024-04-29 15:19:43.166667,2024-04-29 16:12:34.133333,52.84944443333333
10,2024-04-30 09:24:08.966667,2024-04-30 10:45:48.133333,81.65277776666667
10,2024-04-30 10:45:56.333333,2024-04-30 12:02:56.300000,76.99944445
10,2024-04-30 12:03:00.566667,2024-04-30 14:02:28.533333,119.4661111
10,2024-04-30 15:14:49.200000,2024-04-30 15:42:21.733333,27.54222221666667
10,2024-04-30 15:42:34.500000,2024-04-30 16:12:04.533333,29.50055555
10,2024-05-06 17:54:54.800000,2024-05-06 18:24:58.633333,30.063888883333334
10,2024-05-17 12:30:45.000000,2024-05-17 12:37:29.566667,6.7427777833333336
10,2024-05-17 12:45:03.900000,2024-05-17 13:00:31.033333,15.452222216666666
10,2024-05-17 13:00:31.966667,2024-05-17 13:49:57.266667,49.42166666666667
10,2024-05-18 09:36:58.766667,2024-05-18 09:46:59.633333,10.014444433333333
10,2024-05-18 10:42:13.666667,2024-05-18 11:18:11.033333,35.9561111
10,2024-05-18 11:58:53.533333,2024-05-18 13:11:03.066667,72.1588889
10,2024-05-18 14:24:58.466667,2024-05-18 15:15:27.833333,50.48944443333333
10,2024-05-18 15:15:47.133333,2024-05-18 15:55:38.466667,39.855555566666666
10,2024-05-19 10:54:10.200000,2024-05-19 11:58:14.266667,64.06777778333334
10,2024-05-19 11:58:59.533333,2024-05-19 12:26:16.000000,27.274444449999997
10,2024-05-19 12:26:33.266667,2024-05-19 12:53:12.533333,26.65444443333333
10,2024-05-19 12:55:14.600000,2024-05-19 12:55:48.633333,0.5672222166666666
10,2024-05-19 13:39:13.766667,2024-05-19 14:43:35.600000,64.36388888333333
10,2024-05-19 15:42:28.366667,2024-05-19 15:57:04.766667,14.606666666666666
10,2024-05-19 16:19:23.766667,2024-05-19 16:23:10.866667,3.7849999999999997
10,2024-05-19 16:25:02.833333,2024-05-19 17:04:29.800000,39.44944445
10,2024-05-19 17:48:33.866667,2024-05-19 18:23:06.666667,34.54666666666667
10,2024-05-20 10:15:58.866667,2024-05-20 11:31:49.333333,75.8411111
10,2024-05-20 11:34:19.866667,2024-05-20 12:08:29.366667,34.15833333333333
10,2024-05-22 15:32:52.166667,2024-05-22 15:36:52.033333,3.9977777666666667
10,2024-05-22 16:46:08.533333,2024-05-22 16:59:35.533333,13.45
10,2024-05-22 17:00:39.400000,2024-05-22 18:38:08.500000,97.485
10,2024-05-23 14:01:32.333333,2024-05-23 14:48:38.333333,47.1
10,2024-05-23 14:51:26.633333,2024-05-23 15:11:51.366667,20.412222233333335
10,2024-05-23 15:22:54.433333,2024-05-23 15:25:40.600000,2.76944445
10,2024-05-23 15:33:05.433333,2024-05-23 16:05:53.866667,32.807222233333334
10,2024-05-23 16:11:36.633333,2024-05-23 16:13:30.666667,1.9005555666666667
10,2024-05-23 16:17:23.666667,2024-05-23 16:24:57.900000,7.57055555
10,2024-05-23 16:27:24.966667,2024-05-23 16:29:24.800000,1.9972222166666667
10,2024-05-23 16:42:18.266667,2024-05-23 17:05:06.133333,22.797777766666666
10,2024-05-23 17:08:33.100000,2024-05-23 17:10:17.633333,1.7422222166666665
10,2024-05-23 17:19:19.100000,2024-05-23 17:30:09.966667,10.847777783333333
10,2024-05-23 17:31:43.533333,2024-05-23 17:33:41.666667,1.9688889
10,2024-05-23 18:20:32.300000,2024-05-23 18:22:22.166667,1.8311111166666667
10,2024-05-24 11:21:36.800000,2024-05-24 11:52:35.766667,30.982777783333333
10,2024-05-24 11:52:41.366667,2024-05-24 11:53:22.733333,0.6894444333333334
10,2024-05-24 11:55:40.000000,2024-05-24 11:56:28.833333,0.8138888833333334
10,2024-05-24 11:58:40.333333,2024-05-24 11:59:13.366667,0.5505555666666667
10,2024-05-24 12:38:26.066667,2024-05-24 12:41:44.600000,3.308888883333333
10,2024-05-24 12:43:57.366667,2024-05-24 13:10:07.633333,26.1711111
10,2024-05-24 13:10:57.500000,2024-05-24 14:22:09.666667,71.20277778333335
10,2024-05-24 15:12:06.666667,2024-05-24 15:18:06.133333,5.9911110999999995
10,2024-05-24 17:16:16.466667,2024-05-24 17:16:52.033333,0.5927777666666666
10,2024-05-24 17:17:55.533333,2024-05-24 17:26:27.133333,8.526666666666667
10,2024-05-24 17:36:51.966667,2024-05-24 17:38:57.300000,2.0888888833333334
10,2024-05-24 17:39:02.233333,2024-05-24 17:40:24.900000,1.3777777833333333
10,2024-05-24 17:42:18.433333,2024-05-24 17:45:52.966667,3.5755555666666665
10,2024-05-25 09:16:04.566667,2024-05-25 09:27:56.633333,11.867777766666668
10,2024-05-25 09:35:34.433333,2024-05-25 09:52:33.500000,16.98444445
10,2024-05-25 10:43:17.466667,2024-05-25 10:45:11.566667,1.9016666666666666
10,2024-05-25 10:47:10.366667,2024-05-25 10:49:22.333333,2.1994444333333334
10,2024-05-27 14:38:43.566667,2024-05-27 15:09:03.200000,30.327222216666666
10,2024-05-27 15:09:09.600000,2024-05-27 15:12:16.100000,3.1083333333333334
10,2024-05-27 15:13:29.133333,2024-05-27 15:45:38.833333,32.16166666666667
10,2024-05-27 15:45:45.666667,2024-05-27 15:58:46.300000,13.01055555
10,2024-05-27 16:01:49.833333,2024-05-27 16:39:35.766667,37.76555556666666
10,2024-05-27 16:41:00.533333,2024-05-27 16:52:45.333333,11.746666666666666
11,2024-04-20 09:21:26.366667,2024-04-20 10:20:12.466667,58.76833333333333
11,2024-04-22 16:29:57.866667,2024-04-22 17:14:40.566667,44.711666666666666
11,2024-04-23 10:08:15.133333,2024-04-23 11:13:22.233333,65.11833333333333
11,2024-04-23 15:47:36.800000,2024-04-23 17:04:20.300000,76.725
11,2024-04-28 10:26:11.400000,2024-04-28 11:51:33.000000,85.36
11,2024-04-28 12:43:31.066667,2024-04-28 13:02:46.333333,19.254444433333333
11,2024-04-28 13:24:48.666667,2024-04-28 15:16:15.066667,111.44
11,2024-04-28 15:16:53.933333,2024-04-28 16:30:56.000000,74.03444445
11,2024-04-28 16:31:13.600000,2024-04-28 16:43:51.333333,12.628888883333333
11,2024-04-28 16:44:02.466667,2024-04-28 17:05:54.500000,21.86722221666667
11,2024-04-28 17:06:09.033333,2024-04-28 17:42:04.600000,35.92611111666667
11,2024-04-29 10:24:30.900000,2024-04-29 11:38:29.066667,73.96944445000001
11,2024-04-29 11:39:00.200000,2024-04-29 11:58:16.600000,19.273333333333333
11,2024-04-29 11:58:17.666667,2024-04-29 12:20:39.600000,22.36555555
11,2024-04-29 14:11:53.000000,2024-04-29 14:32:16.433333,20.39055555
11,2024-04-30 10:31:24.600000,2024-04-30 10:56:49.666667,25.417777783333335
11,2024-04-30 10:57:20.800000,2024-04-30 11:08:54.166667,11.556111116666667
11,2024-05-08 15:58:10.433333,2024-05-08 16:10:26.266667,12.263888900000001
11,2024-05-08 16:11:54.266667,2024-05-08 16:14:02.533333,2.1377777666666664
11,2024-05-08 16:33:57.033333,2024-05-08 16:51:29.033333,17.533333333333335
11,2024-05-13 09:09:50.233333,2024-05-13 09:49:56.133333,40.098333333333336
11,2024-05-13 09:50:54.100000,2024-05-13 10:24:09.933333,33.26388888333334
11,2024-05-13 10:25:51.433333,2024-05-13 10:30:36.100000,4.7444444500000005
11,2024-05-13 10:32:24.666667,2024-05-13 10:54:35.833333,22.1861111
11,2024-05-13 10:56:13.433333,2024-05-13 11:02:04.033333,5.843333333333334
11,2024-05-13 11:03:52.766667,2024-05-13 11:17:13.700000,13.348888883333332
11,2024-05-13 11:19:16.666667,2024-05-13 11:31:25.800000,12.152222216666667
11,2024-05-13 12:09:46.833333,2024-05-13 12:21:05.733333,11.315
11,2024-05-13 12:22:50.466667,2024-05-13 12:31:50.066667,8.993333333333334
11,2024-05-13 12:33:48.933333,2024-05-13 12:38:45.433333,4.941666666666666
11,2024-05-13 12:40:29.100000,2024-05-13 12:46:52.833333,6.39555555
11,2024-05-13 12:57:43.733333,2024-05-13 13:03:08.033333,5.405
11,2024-05-13 13:07:22.666667,2024-05-13 13:09:53.000000,2.50555555
11,2024-05-13 13:10:31.900000,2024-05-13 13:11:31.966667,1.0011111166666666
11,2024-05-13 13:12:35.266667,2024-05-13 13:13:35.600000,1.00555555
11,2024-05-13 13:14:36.433333,2024-05-13 13:16:12.766667,1.6055555666666665
11,2024-05-13 13:21:45.600000,2024-05-13 13:22:26.000000,0.6733333333333333
11,2024-05-13 13:23:41.133333,2024-05-13 13:30:13.733333,6.543333333333334
11,2024-05-13 13:31:51.166667,2024-05-13 13:42:14.966667,10.396666666666667
11,2024-05-13 13:43:49.733333,2024-05-13 14:00:47.800000,16.967777783333336
11,2024-05-13 14:02:33.400000,2024-05-13 14:10:34.100000,8.011666666666667
11,2024-05-13 14:11:48.433333,2024-05-13 14:15:07.833333,3.3233333333333333
11,2024-05-13 14:16:59.233333,2024-05-13 14:20:14.266667,3.250555566666667
11,2024-05-13 14:22:11.633333,2024-05-13 14:25:48.166667,3.6088888999999997
11,2024-05-13 14:27:49.400000,2024-05-13 14:38:48.566667,10.986111116666667
11,2024-05-13 14:40:42.066667,2024-05-13 14:43:50.633333,3.1427777666666667
11,2024-05-13 14:45:36.500000,2024-05-13 14:53:02.033333,7.42555555
11,2024-05-13 14:54:42.100000,2024-05-13 14:59:11.700000,4.493333333333334
11,2024-05-13 15:00:14.566667,2024-05-13 15:03:50.266667,3.5949999999999998
11,2024-05-13 15:05:55.266667,2024-05-13 15:11:22.033333,5.4461110999999995
11,2024-05-13 15:12:57.633333,2024-05-13 15:28:23.133333,15.425
11,2024-05-13 15:30:21.866667,2024-05-13 15:33:15.833333,2.8994444333333336
11,2024-05-13 15:39:24.000000,2024-05-13 15:40:34.900000,1.1816666666666669
11,2024-05-13 15:44:33.500000,2024-05-13 15:45:45.833333,1.20555555
11,2024-05-13 15:47:08.833333,2024-05-13 15:51:35.833333,4.45
11,2024-05-13 15:55:58.000000,2024-05-13 16:04:30.933333,8.548888883333332
11,2024-05-13 16:05:48.366667,2024-05-13 16:10:38.366667,4.833333333333333
11,2024-05-13 16:12:06.433333,2024-05-13 16:27:24.800000,15.306111116666667
11,2024-05-13 16:28:50.166667,2024-05-13 16:39:16.466667,10.438333333333333
11,2024-05-13 16:40:43.100000,2024-05-13 16:43:19.100000,2.6
11,2024-05-13 16:44:43.166667,2024-05-13 16:47:14.333333,2.5194444333333332
11,2024-05-13 16:48:42.133333,2024-05-13 16:51:24.866667,2.7122222333333337
11,2024-05-13 17:06:57.633333,2024-05-13 17:10:04.566667,3.1155555666666666
11,2024-05-13 17:11:36.633333,2024-05-13 17:16:02.166667,4.4255555666666675
11,2024-05-13 17:22:32.733333,2024-05-13 17:27:09.566667,4.6138889
11,2024-05-13 17:36:54.766667,2024-05-13 17:48:20.500000,11.428888883333334
11,2024-05-13 17:50:11.766667,2024-05-13 17:53:08.166667,2.94
11,2024-05-13 18:04:33.333333,2024-05-13 18:58:45.133333,54.19666666666667
11,2024-05-14 09:05:49.366667,2024-05-14 09:13:20.833333,7.524444433333333
11,2024-05-14 09:15:05.266667,2024-05-14 09:35:19.400000,20.23555555
11,2024-05-14 09:36:56.066667,2024-05-14 09:41:32.833333,4.6127777666666665
11,2024-05-14 09:42:53.800000,2024-05-14 09:48:57.666667,6.06444445
11,2024-05-14 09:50:46.833333,2024-05-14 09:51:38.400000,0.85944445
11,2024-05-14 10:33:33.133333,2024-05-14 10:38:50.066667,5.282222233333333
11,2024-05-14 11:12:14.666667,2024-05-14 11:28:04.566667,15.831666666666667
11,2024-05-14 11:48:54.266667,2024-05-14 11:57:51.866667,8.96
11,2024-05-14 12:02:02.400000,2024-05-14 12:14:58.966667,12.942777783333334
11,2024-05-14 12:16:35.100000,2024-05-14 12:21:37.133333,5.033888883333334
11,2024-05-14 12:25:12.866667,2024-05-14 12:26:28.766667,1.2650000000000001
11,2024-05-14 12:39:04.733333,2024-05-14 12:52:58.533333,13.896666666666667
11,2024-05-14 13:04:54.366667,2024-05-14 13:05:48.633333,0.9044444333333334
11,2024-05-14 13:18:23.666667,2024-05-14 13:23:52.333333,5.477777766666667
11,2024-05-14 13:45:30.266667,2024-05-14 13:55:13.633333,9.722777766666667
11,2024-05-14 13:58:24.900000,2024-05-14 14:00:29.600000,2.0783333333333336
11,2024-05-14 14:16:52.600000,2024-05-14 14:17:29.600000,0.6166666666666667
11,2024-05-15 13:24:10.866667,2024-05-15 13:28:40.733333,4.497777766666667
11,2024-05-15 13:29:28.866667,2024-05-15 13:37:34.400000,8.092222216666666
11,2024-05-15 13:39:31.166667,2024-05-15 13:43:12.400000,3.6872222166666666
11,2024-05-15 13:44:48.233333,2024-05-15 13:51:11.833333,6.3933333333333335
11,2024-05-15 13:58:06.566667,2024-05-15 14:06:08.266667,8.028333333333332
11,2024-05-15 14:11:54.233333,2024-05-15 14:21:14.266667,9.3338889
11,2024-05-15 14:25:24.300000,2024-05-15 14:28:09.600000,2.7550000000000003
11,2024-05-15 14:32:03.966667,2024-05-15 14:34:34.666667,2.5116666666666663
11,2024-05-15 14:38:00.500000,2024-05-15 14:40:21.600000,2.3516666666666666
11,2024-05-15 14:51:03.333333,2024-05-15 14:57:57.266667,6.8988889
11,2024-05-15 14:59:16.633333,2024-05-15 15:08:20.166667,9.0588889
11,2024-05-15 16:36:29.800000,2024-05-15 16:38:38.933333,2.1522222166666665
11,2024-05-16 09:29:25.033333,2024-05-16 09:36:33.333333,7.138333333333334
11,2024-05-16 10:39:04.000000,2024-05-16 10:41:48.733333,2.7455555499999997
11,2024-05-17 13:52:40.866667,2024-05-17 14:44:26.300000,51.75722221666667
11,2024-05-17 14:44:52.000000,2024-05-17 14:48:11.933333,3.3322222166666666
11,2024-05-17 14:48:55.533333,2024-05-17 15:35:35.700000,46.66944445
11,2024-05-18 12:06:34.333333,2024-05-18 12:12:39.800000,6.091111116666666
11,2024-05-18 12:12:41.366667,2024-05-18 13:10:53.533333,58.20277776666667
11,2024-05-19 09:56:20.366667,2024-05-19 10:08:21.633333,12.0211111
11,2024-05-19 10:08:48.833333,2024-05-19 11:20:06.966667,71.30222223333334
11,2024-05-19 11:20:16.166667,2024-05-19 12:36:03.433333,75.78777776666668
11,2024-05-19 12:36:19.700000,2024-05-19 13:12:05.633333,35.76555555
11,2024-05-19 13:13:38.966667,2024-05-19 13:45:36.166667,31.953333333333333
11,2024-05-19 13:45:38.666667,2024-05-19 13:56:32.233333,10.892777766666667
11,2024-05-19 13:56:35.000000,2024-05-19 14:06:48.033333,10.217222216666666
11,2024-05-19 14:07:08.366667,2024-05-19 14:43:50.166667,36.69666666666667
11,2024-05-19 14:43:51.700000,2024-05-19 15:29:31.166667,45.65777778333334
11,2024-05-19 15:38:05.366667,2024-05-19 15:42:42.933333,4.6261111
11,2024-05-19 15:43:07.933333,2024-05-19 16:25:04.233333,41.93833333333334
11,2024-05-20 08:55:45.266667,2024-05-20 09:04:44.600000,8.988888883333335
11,2024-05-20 09:08:35.366667,2024-05-20 09:29:02.533333,20.452777766666667
11,2024-05-20 09:29:02.933333,2024-05-20 09:34:04.366667,5.0238889
11,2024-05-20 10:22:13.500000,2024-05-20 10:53:12.933333,30.99055555
11,2024-05-20 15:16:55.066667,2024-05-20 15:27:32.133333,10.617777766666668
11,2024-05-20 15:27:42.100000,2024-05-20 15:47:29.633333,19.79222221666667
11,2024-05-20 16:04:28.833333,2024-05-20 16:18:34.500000,14.09444445
11,2024-05-20 16:22:09.233333,2024-05-20 16:32:38.300000,10.484444450000002
11,2024-05-22 14:14:16.866667,2024-05-22 15:16:51.933333,62.58444443333334
11,2024-05-23 09:39:19.266667,2024-05-23 09:54:33.666667,15.24
11,2024-05-23 09:54:37.766667,2024-05-23 09:56:16.166667,1.6400000000000001
11,2024-05-23 09:56:37.133333,2024-05-23 10:02:47.133333,6.166666666666667
11,2024-05-23 10:03:46.833333,2024-05-23 10:07:26.833333,3.6666666666666665
11,2024-05-23 10:07:27.900000,2024-05-23 10:09:47.300000,2.3233333333333333
11,2024-05-23 10:14:08.100000,2024-05-23 10:15:01.566667,0.8911111166666666
11,2024-05-23 10:16:03.933333,2024-05-23 10:17:02.633333,0.9783333333333334
11,2024-05-23 10:18:13.500000,2024-05-23 10:22:14.033333,4.008888883333333
11,2024-05-23 10:23:29.300000,2024-05-23 10:24:06.233333,0.61555555
11,2024-05-23 10:25:44.066667,2024-05-23 10:27:52.066667,2.1333333333333333
11,2024-05-23 10:29:16.100000,2024-05-23 10:32:33.333333,3.2872222166666663
11,2024-05-23 10:33:49.533333,2024-05-23 10:34:28.866667,0.6555555666666667
11,2024-05-23 10:39:53.700000,2024-05-23 10:41:13.833333,1.3355555499999998
11,2024-05-23 10:43:24.666667,2024-05-23 10:44:21.366667,0.9450000000000001
11,2024-05-23 10:46:23.500000,2024-05-23 10:47:18.866667,0.9227777833333334
11,2024-05-23 10:50:38.900000,2024-05-23 10:51:56.633333,1.29555555
11,2024-05-23 10:52:56.666667,2024-05-23 10:54:49.866667,1.8866666666666667
11,2024-05-23 10:56:55.466667,2024-05-23 11:13:21.400000,16.432222216666666
11,2024-05-23 11:13:50.833333,2024-05-23 11:23:40.466667,9.827222233333334
11,2024-05-23 11:24:10.333333,2024-05-23 11:44:48.966667,20.6438889
11,2024-05-23 11:45:26.100000,2024-05-23 11:47:22.933333,1.9472222166666666
11,2024-05-23 11:47:54.166667,2024-05-23 11:53:22.866667,5.4783333333333335
11,2024-05-23 11:53:47.400000,2024-05-23 12:10:12.100000,16.41166666666667
11,2024-05-23 12:10:43.866667,2024-05-23 12:12:04.833333,1.3494444333333333
11,2024-05-23 12:13:04.166667,2024-05-23 12:16:17.533333,3.222777766666667
11,2024-05-23 12:21:47.666667,2024-05-23 12:30:04.133333,8.274444433333333
11,2024-05-23 12:32:48.766667,2024-05-23 12:34:23.566667,1.5799999999999998
11,2024-05-23 12:34:57.300000,2024-05-23 12:43:36.966667,8.661111116666666
11,2024-05-23 12:44:45.000000,2024-05-23 12:51:38.666667,6.89444445
11,2024-05-23 12:52:34.166667,2024-05-23 12:56:59.433333,4.4211111
11,2024-05-23 13:00:11.066667,2024-05-23 13:00:53.266667,0.7033333333333334
11,2024-05-23 13:02:06.100000,2024-05-23 13:03:19.766667,1.2277777833333334
11,2024-05-23 13:04:23.233333,2024-05-23 13:05:13.266667,0.8338889
11,2024-05-23 13:15:36.700000,2024-05-23 13:16:22.633333,0.76555555
11,2024-05-23 13:20:20.766667,2024-05-23 13:21:03.166667,0.7066666666666667
11,2024-05-23 13:22:01.166667,2024-05-23 13:22:38.533333,0.6227777666666667
11,2024-05-23 13:24:17.700000,2024-05-23 13:27:49.800000,3.5349999999999997
11,2024-05-23 13:28:13.366667,2024-05-23 13:30:10.566667,1.9533333333333334
11,2024-05-23 13:30:32.300000,2024-05-23 13:32:28.333333,1.9338888833333334
11,2024-05-23 13:32:50.466667,2024-05-23 13:35:09.666667,2.32
11,2024-05-23 13:35:31.933333,2024-05-23 13:38:23.933333,2.8666666666666667
11,2024-05-23 13:38:48.700000,2024-05-23 13:40:31.266667,1.70944445
11,2024-05-23 13:40:54.966667,2024-05-23 13:48:04.633333,7.1611111
11,2024-05-23 13:51:59.200000,2024-05-23 13:54:01.400000,2.0366666666666666
11,2024-05-23 13:54:24.166667,2024-05-23 13:56:04.000000,1.6638888833333332
11,2024-05-23 13:56:17.066667,2024-05-23 14:01:46.766667,5.495
11,2024-05-23 14:02:50.433333,2024-05-23 14:05:00.366667,2.165555566666667
11,2024-05-23 14:05:26.000000,2024-05-23 14:07:47.266667,2.3544444500000004
11,2024-05-23 14:08:09.166667,2024-05-23 14:14:33.433333,6.4044444333333335
11,2024-05-23 14:15:38.366667,2024-05-23 14:18:02.600000,2.403888883333333
11,2024-05-23 14:18:34.900000,2024-05-23 14:26:46.800000,8.198333333333332
11,2024-05-23 14:27:47.833333,2024-05-23 14:36:23.166667,8.5888889
11,2024-05-23 14:39:01.833333,2024-05-23 14:39:45.566667,0.7288889
11,2024-05-23 14:40:40.866667,2024-05-23 14:41:31.900000,0.8505555499999999
11,2024-05-23 14:42:43.200000,2024-05-23 14:43:39.866667,0.94444445
11,2024-05-23 14:46:29.566667,2024-05-23 14:47:24.966667,0.9233333333333333
11,2024-05-23 14:55:23.966667,2024-05-23 14:55:58.400000,0.5738888833333333
11,2024-05-23 14:57:45.433333,2024-05-23 14:58:37.366667,0.8655555666666667
11,2024-05-23 14:59:43.500000,2024-05-23 15:05:05.566667,5.3677777833333336
11,2024-05-23 15:06:54.600000,2024-05-23 15:11:52.333333,4.9622222166666665
11,2024-05-23 15:19:06.000000,2024-05-23 15:21:13.966667,2.1327777833333332
11,2024-05-23 15:21:42.266667,2024-05-23 15:25:52.000000,4.162222216666667
11,2024-05-23 15:26:15.000000,2024-05-23 15:28:56.400000,2.69
11,2024-05-23 15:29:19.633333,2024-05-23 15:33:13.700000,3.9011111166666668
11,2024-05-23 15:33:38.200000,2024-05-23 15:38:53.366667,5.252777783333333
11,2024-05-23 15:48:44.533333,2024-05-23 15:52:35.366667,3.8472222333333335
11,2024-05-23 15:53:00.966667,2024-05-23 15:57:50.766667,4.83
11,2024-05-23 16:10:38.800000,2024-05-23 16:26:17.366667,15.642777783333335
11,2024-05-23 16:27:30.633333,2024-05-23 16:34:34.566667,7.065555566666666
11,2024-05-23 16:35:42.800000,2024-05-23 16:43:09.100000,7.4383333333333335
11,2024-05-23 16:45:14.133333,2024-05-23 16:46:10.233333,0.935
11,2024-05-23 16:47:22.866667,2024-05-23 16:48:11.266667,0.8066666666666666
11,2024-05-23 16:49:37.500000,2024-05-23 16:50:24.666667,0.7861111166666667
11,2024-05-23 16:55:23.333333,2024-05-23 16:59:47.833333,4.408333333333333
11,2024-05-23 17:04:13.733333,2024-05-23 17:08:40.766667,4.450555566666667
11,2024-05-23 17:09:24.400000,2024-05-23 17:10:13.700000,0.8216666666666667
11,2024-05-23 17:14:16.866667,2024-05-23 17:15:00.600000,0.7288888833333333
11,2024-05-23 17:16:52.866667,2024-05-23 17:20:28.133333,3.5877777666666666
11,2024-05-23 17:21:44.066667,2024-05-23 17:22:25.166667,0.685
11,2024-05-23 17:25:41.833333,2024-05-23 17:30:56.166667,5.2388889
11,2024-05-23 17:49:56.966667,2024-05-23 17:54:51.200000,4.903888883333334
11,2024-05-24 09:20:01.266667,2024-05-24 09:22:50.166667,2.815
11,2024-05-24 09:23:14.666667,2024-05-24 09:25:06.666667,1.8666666666666667
11,2024-05-24 09:29:33.100000,2024-05-24 09:34:42.766667,5.1611111166666666
11,2024-05-24 09:35:06.800000,2024-05-24 09:46:01.633333,10.913888883333334
11,2024-05-24 09:46:42.766667,2024-05-24 09:51:38.000000,4.9205555500000004
11,2024-05-24 09:52:35.866667,2024-05-24 09:55:30.600000,2.9122222166666663
11,2024-05-24 09:56:02.100000,2024-05-24 10:07:02.833333,11.012222216666666
11,2024-05-24 10:08:03.300000,2024-05-24 10:10:32.133333,2.48055555
11,2024-05-24 10:11:00.666667,2024-05-24 11:14:04.933333,63.0711111
11,2024-05-24 11:18:21.833333,2024-05-24 11:19:32.166667,1.1722222333333332
11,2024-05-24 11:31:08.633333,2024-05-24 11:33:41.966667,2.555555566666667
11,2024-05-24 11:35:51.833333,2024-05-24 11:37:09.800000,1.29944445
11,2024-05-24 11:39:30.700000,2024-05-24 11:40:21.433333,0.84555555
11,2024-05-24 11:45:02.733333,2024-05-24 11:45:55.900000,0.8861111166666666
11,2024-05-24 11:48:28.166667,2024-05-24 11:55:27.733333,6.992777766666666
11,2024-05-24 11:55:55.533333,2024-05-24 12:30:10.900000,34.256111116666666
11,2024-05-24 12:32:15.233333,2024-05-24 12:33:59.066667,1.7305555666666665
11,2024-05-24 13:40:57.566667,2024-05-24 14:30:45.700000,49.80222221666667
11,2024-05-24 16:45:17.166667,2024-05-24 16:45:52.666667,0.5916666666666667
11,2024-05-24 16:46:04.666667,2024-05-24 16:48:09.066667,2.0733333333333333
11,2024-05-24 16:48:49.233333,2024-05-24 17:10:36.100000,21.78111111666667
11,2024-05-24 17:14:41.900000,2024-05-24 17:16:49.866667,2.1327777833333332
11,2024-05-24 17:17:16.966667,2024-05-24 17:33:30.900000,16.232222216666667
11,2024-05-25 09:14:59.700000,2024-05-25 09:17:51.866667,2.86944445
11,2024-05-25 09:18:14.566667,2024-05-25 09:24:42.366667,6.463333333333334
11,2024-05-25 09:25:50.966667,2024-05-25 09:27:33.800000,1.7138888833333332
11,2024-05-25 09:28:05.666667,2024-05-25 09:34:49.233333,6.7261111
11,2024-05-25 09:36:12.300000,2024-05-25 09:40:20.166667,4.131111116666667
11,2024-05-25 09:40:49.166667,2024-05-25 09:42:31.066667,1.6983333333333335
11,2024-05-25 09:42:40.066667,2024-05-25 09:45:07.666667,2.46
11,2024-05-25 09:51:59.966667,2024-05-25 09:52:58.633333,0.9777777666666666
11,2024-05-25 09:54:07.033333,2024-05-25 09:55:24.766667,1.2955555666666667
11,2024-05-25 09:56:48.933333,2024-05-25 10:42:01.866667,45.215555566666666
11,2024-05-25 10:46:31.166667,2024-05-25 11:10:25.700000,23.908888883333336
11,2024-05-25 11:13:59.000000,2024-05-25 11:21:04.533333,7.092222216666667
11,2024-05-25 11:27:00.700000,2024-05-25 11:27:47.966667,0.7877777833333333
11,2024-05-25 12:31:56.633333,2024-05-25 12:36:32.233333,4.593333333333334
11,2024-05-25 12:37:08.500000,2024-05-25 12:38:48.100000,1.66
11,2024-05-25 12:39:57.533333,2024-05-25 12:51:13.200000,11.261111116666665
11,2024-05-25 12:51:47.433333,2024-05-25 13:01:21.600000,9.569444449999999
11,2024-05-25 13:02:32.033333,2024-05-25 13:04:54.100000,2.367777783333333
11,2024-05-25 13:05:32.600000,2024-05-25 13:14:54.066667,9.357777783333335
11,2024-05-25 16:04:31.900000,2024-05-25 16:52:03.233333,47.52222221666667
11,2024-05-26 10:26:27.700000,2024-05-26 10:33:09.300000,6.693333333333333
11,2024-05-26 10:33:51.366667,2024-05-26 10:41:19.700000,7.472222216666666
11,2024-05-26 10:42:08.966667,2024-05-26 10:45:10.233333,3.0211110999999997
11,2024-05-26 10:48:13.900000,2024-05-26 10:51:04.700000,2.8466666666666667
11,2024-05-26 10:51:21.466667,2024-05-26 11:41:38.366667,50.281666666666666
11,2024-05-26 11:43:47.200000,2024-05-26 11:45:34.600000,1.79
11,2024-05-26 11:48:19.533333,2024-05-26 11:49:40.566667,1.3505555666666667
11,2024-05-26 13:14:55.266667,2024-05-26 13:24:23.733333,9.474444433333334
11,2024-05-26 13:24:57.500000,2024-05-26 13:36:01.800000,11.071666666666665
11,2024-05-26 13:36:35.833333,2024-05-26 14:10:32.700000,33.947777783333336
11,2024-05-26 14:11:50.000000,2024-05-26 14:26:56.533333,15.108888883333332
11,2024-05-26 14:28:05.833333,2024-05-26 14:40:03.000000,11.952777783333334
11,2024-05-26 15:01:44.400000,2024-05-26 15:06:26.733333,4.70555555
11,2024-05-26 15:06:54.066667,2024-05-26 15:25:00.133333,18.1011111
11,2024-05-26 15:26:19.933333,2024-05-26 15:48:13.433333,21.891666666666666
11,2024-05-26 15:51:02.933333,2024-05-26 15:52:00.500000,0.95944445
11,2024-05-26 15:53:01.633333,2024-05-26 15:53:58.033333,0.94
11,2024-05-26 15:55:09.566667,2024-05-26 15:55:55.366667,0.7633333333333333
11,2024-05-26 15:58:00.900000,2024-05-26 15:58:49.733333,0.8138888833333334
11,2024-05-26 16:01:24.766667,2024-05-26 16:02:31.333333,1.1094444333333333
11,2024-05-26 16:05:27.933333,2024-05-26 16:06:07.633333,0.6616666666666667
11,2024-05-26 16:09:04.366667,2024-05-26 16:17:28.166667,8.396666666666667
11,2024-05-26 16:20:44.466667,2024-05-26 16:21:26.500000,0.70055555
11,2024-05-26 16:24:52.333333,2024-05-26 16:25:59.400000,1.1177777833333333
11,2024-05-26 16:27:40.866667,2024-05-26 16:28:36.600000,0.9288888833333334
11,2024-05-26 16:30:14.600000,2024-05-26 16:32:20.900000,2.105
11,2024-05-26 16:35:42.733333,2024-05-26 16:36:55.033333,1.2049999999999998
11,2024-05-26 16:38:36.733333,2024-05-26 16:39:21.966667,0.7538889
11,2024-05-26 16:40:46.200000,2024-05-26 16:41:44.700000,0.975
11,2024-05-26 16:48:09.566667,2024-05-26 17:11:56.533333,23.782777766666666
11,2024-05-26 17:12:33.300000,2024-05-26 17:13:59.366667,1.43444445
11,2024-05-26 17:44:13.666667,2024-05-26 17:45:48.033333,1.5727777666666667
11,2024-05-26 17:46:22.366667,2024-05-26 17:48:11.666667,1.8216666666666665
11,2024-05-26 17:49:17.500000,2024-05-26 17:52:16.800000,2.9883333333333337
11,2024-05-26 17:52:45.633333,2024-05-26 18:20:00.533333,27.248333333333335
11,2024-05-26 18:20:28.233333,2024-05-26 18:41:12.833333,20.743333333333332
11,2024-05-27 11:02:23.866667,2024-05-27 12:39:03.566667,96.66166666666666
11,2024-05-27 12:40:11.666667,2024-05-27 12:41:01.733333,0.8344444333333333
11,2024-05-27 12:42:09.466667,2024-05-27 12:43:18.666667,1.1533333333333333
11,2024-05-27 12:44:47.133333,2024-05-27 12:45:34.366667,0.7872222333333333
11,2024-05-27 12:47:00.566667,2024-05-27 12:47:53.600000,0.8838888833333333
11,2024-05-27 12:51:01.033333,2024-05-27 13:12:22.866667,21.3638889
11,2024-05-27 13:16:14.833333,2024-05-27 13:16:58.000000,0.7194444499999999
11,2024-05-27 13:22:54.900000,2024-05-27 13:34:33.266667,11.639444450000001
11,2024-05-27 13:35:20.966667,2024-05-27 13:36:05.533333,0.7427777666666666
11,2024-05-27 13:42:10.633333,2024-05-27 13:42:55.833333,0.7533333333333334
11,2024-05-27 13:47:18.000000,2024-05-27 15:13:07.066667,85.81777778333334
11,2024-05-27 15:15:47.900000,2024-05-27 15:17:51.766667,2.0644444500000003
11,2024-05-27 15:18:21.233333,2024-05-27 15:21:55.366667,3.5688888999999997
11,2024-05-27 15:22:25.666667,2024-05-27 15:25:32.033333,3.1061111
11,2024-05-27 15:43:11.233333,2024-05-27 15:46:32.966667,3.3622222333333336
11,2024-05-27 15:47:24.266667,2024-05-27 15:50:55.066667,3.5133333333333336
11,2024-05-27 15:51:19.966667,2024-05-27 16:19:30.966667,28.183333333333334
11,2024-05-27 16:20:04.600000,2024-05-27 16:37:55.600000,17.85
11,2024-05-27 16:38:09.400000,2024-05-27 16:44:24.500000,6.251666666666667
11,2024-05-27 16:45:40.366667,2024-05-27 17:05:59.066667,20.311666666666667
11,2024-05-27 17:06:31.233333,2024-05-27 17:25:58.766667,19.458888899999998
11,2024-05-27 17:26:49.633333,2024-05-27 17:54:11.266667,27.36055556666667
11,2024-05-28 10:16:13.800000,2024-05-28 10:52:47.166667,36.55611111666666
11,2024-05-28 10:57:45.133333,2024-05-28 11:01:25.666667,3.6755555666666666
11,2024-05-28 11:02:44.600000,2024-05-28 12:59:13.833333,116.48722221666667
11,2024-05-28 13:16:17.466667,2024-05-28 14:40:34.366667,84.28166666666667
11,2024-05-28 14:41:26.166667,2024-05-28 14:46:04.266667,4.635000000000001
11,2024-05-29 14:28:11.500000,2024-05-29 14:52:33.866667,24.372777783333333
11,2024-05-29 15:16:00.433333,2024-05-29 15:35:14.133333,19.228333333333335
11,2024-05-29 15:35:24.966667,2024-05-29 15:37:32.733333,2.1294444333333336
11,2024-05-29 15:55:01.400000,2024-05-29 16:52:21.000000,57.32666666666667
11,2024-05-30 10:30:17.600000,2024-05-30 11:15:36.600000,45.31666666666667
11,2024-05-30 11:19:18.866667,2024-05-30 11:21:51.466667,2.5433333333333334
11,2024-05-30 11:22:10.200000,2024-05-30 12:08:35.466667,46.421111116666665
11,2024-05-30 12:09:03.833333,2024-05-30 12:11:55.366667,2.8588888999999997
11,2024-05-30 12:16:21.833333,2024-05-30 13:11:52.200000,55.506111116666666
11,2024-05-30 13:13:52.500000,2024-05-30 13:17:50.566667,3.967777783333333
11,2024-05-30 13:20:21.400000,2024-05-30 13:22:08.833333,1.79055555
11,2024-05-30 13:23:38.866667,2024-05-30 13:25:23.800000,1.7488888833333334
11,2024-05-30 13:26:27.166667,2024-05-30 13:29:55.433333,3.4711111
11,2024-05-30 13:30:11.933333,2024-05-30 13:51:17.166667,21.087222233333332
11,2024-05-30 13:51:23.800000,2024-05-30 14:41:45.000000,50.35333333333333
11,2024-05-30 14:43:06.200000,2024-05-30 14:46:46.000000,3.6633333333333336
11,2024-05-30 14:52:35.433333,2024-05-30 14:54:18.366667,1.7155555666666666
11,2024-05-31 16:14:30.800000,2024-05-31 16:17:20.233333,2.8238888833333333
11,2024-05-31 16:26:51.800000,2024-05-31 16:38:54.333333,12.042222216666666
11,2024-06-03 15:22:40.933333,2024-06-03 15:25:18.566667,2.6272222333333333
11,2024-06-03 15:28:05.566667,2024-06-03 15:36:05.500000,7.998888883333334
11,2024-06-03 15:40:13.900000,2024-06-03 15:44:07.966667,3.9011111166666668
11,2024-06-03 15:57:30.100000,2024-06-03 16:51:08.066667,53.63277778333334
11,2024-06-03 16:59:32.666667,2024-06-03 17:00:48.333333,1.2611111000000002
11,2024-06-03 17:01:38.533333,2024-06-03 17:52:53.833333,51.255
11,2024-06-03 18:05:30.966667,2024-06-03 18:18:42.600000,13.193888883333333
11,2024-06-04 14:17:02.100000,2024-06-04 15:07:43.533333,50.69055555
11,2024-06-04 15:09:14.633333,2024-06-04 15:54:25.166667,45.17555556666667
11,2024-06-04 15:55:50.966667,2024-06-04 17:13:06.766667,77.26333333333334
11,2024-06-05 12:50:53.500000,2024-06-05 13:32:42.166667,41.811111116666666
11,2024-06-05 13:34:07.866667,2024-06-05 14:03:14.633333,29.112777766666667
11,2024-06-05 14:03:26.566667,2024-06-05 14:04:48.000000,1.3572222166666668
11,2024-06-05 14:04:52.666667,2024-06-05 14:06:40.466667,1.7966666666666666
11,2024-06-05 14:09:06.800000,2024-06-05 14:13:14.433333,4.1272222166666666
11,2024-06-05 14:13:26.100000,2024-06-05 14:16:08.033333,2.6988888833333333
11,2024-06-05 14:18:02.466667,2024-06-05 14:20:03.733333,2.0211111
11,2024-06-05 14:22:15.933333,2024-06-05 14:23:54.633333,1.645
11,2024-06-05 14:29:25.500000,2024-06-05 14:31:13.600000,1.8016666666666665
11,2024-06-05 14:36:34.333333,2024-06-05 14:38:36.600000,2.0377777833333335
11,2024-06-05 15:02:43.033333,2024-06-05 15:14:01.700000,11.311111116666666
11,2024-06-05 15:16:12.800000,2024-06-05 15:17:26.433333,1.2272222166666666
11,2024-06-05 15:19:06.500000,2024-06-05 15:20:16.200000,1.1616666666666666
11,2024-06-05 15:21:59.733333,2024-06-05 15:23:28.533333,1.48
11,2024-06-05 15:25:16.000000,2024-06-05 15:26:30.166667,1.2361111166666667
11,2024-06-05 15:28:48.000000,2024-06-05 15:30:08.166667,1.3361111166666668
11,2024-06-05 15:34:21.166667,2024-06-05 15:36:03.000000,1.6972222166666666
11,2024-06-05 16:07:08.900000,2024-06-05 16:08:59.500000,1.8433333333333333
12,2024-04-20 09:37:47.233333,2024-04-20 09:42:39.433333,4.87
12,2024-04-23 09:41:00.533333,2024-04-23 09:51:34.533333,10.566666666666666
12,2024-04-23 10:14:26.033333,2024-04-23 10:21:38.400000,7.2061111166666665
12,2024-04-28 16:26:31.666667,2024-04-28 17:44:54.233333,78.37611109999999
12,2024-04-29 10:40:36.100000,2024-04-29 12:40:02.833333,119.44555555000001
12,2024-04-29 12:40:37.166667,2024-04-29 13:16:52.166667,36.25
12,2024-05-01 13:19:02.900000,2024-05-01 15:10:02.300000,110.99
12,2024-05-08 09:31:38.666667,2024-05-08 10:21:22.933333,49.73777776666667
12,2024-05-08 10:21:33.633333,2024-05-08 10:46:42.800000,25.15277778333333
12,2024-05-08 15:01:54.366667,2024-05-08 15:15:15.200000,13.347222216666667
12,2024-05-08 15:15:29.066667,2024-05-08 15:59:46.466667,44.29
12,2024-05-08 16:00:49.866667,2024-05-08 16:04:14.133333,3.404444433333333
12,2024-05-08 16:05:37.166667,2024-05-08 16:25:17.433333,19.6711111
12,2024-05-08 16:46:38.966667,2024-05-08 17:00:38.600000,13.993888883333334
12,2024-05-08 17:07:21.800000,2024-05-08 17:19:18.733333,11.948888883333332
12,2024-05-11 11:30:40.866667,2024-05-11 11:45:14.066667,14.553333333333335
12,2024-05-11 11:47:36.700000,2024-05-11 13:35:23.033333,107.77222221666666
12,2024-05-13 09:21:28.066667,2024-05-13 09:59:11.066667,37.71666666666667
12,2024-05-13 10:00:44.300000,2024-05-13 10:06:55.366667,6.18444445
12,2024-05-13 10:08:33.900000,2024-05-13 10:39:53.333333,31.323888883333332
12,2024-05-13 10:40:25.500000,2024-05-13 12:03:09.033333,82.72555555000001
12,2024-05-13 12:46:09.400000,2024-05-13 12:52:19.833333,6.173888883333333
12,2024-05-13 12:52:44.033333,2024-05-13 13:02:24.933333,9.681666666666667
12,2024-05-13 13:02:53.766667,2024-05-13 13:07:45.166667,4.8566666666666665
12,2024-05-13 13:09:40.366667,2024-05-13 13:34:36.500000,24.93555555
12,2024-05-13 13:35:55.900000,2024-05-13 13:47:01.600000,11.095
12,2024-05-13 13:48:42.800000,2024-05-13 13:51:55.033333,3.203888883333333
12,2024-05-13 13:53:35.333333,2024-05-13 13:56:24.333333,2.816666666666667
12,2024-05-13 13:58:00.366667,2024-05-13 14:31:31.866667,33.525
12,2024-05-13 14:33:27.200000,2024-05-13 15:18:37.833333,45.17722221666667
12,2024-05-13 15:20:20.366667,2024-05-13 15:56:07.066667,35.77833333333333
12,2024-05-13 15:56:57.633333,2024-05-13 16:15:23.166667,18.425555566666667
12,2024-05-13 16:24:37.066667,2024-05-13 16:31:37.166667,7.001666666666667
12,2024-05-13 16:32:56.366667,2024-05-13 16:35:11.333333,2.249444433333333
12,2024-05-13 17:01:55.033333,2024-05-13 17:46:00.666667,44.0938889
12,2024-05-13 17:47:37.366667,2024-05-13 18:53:18.933333,65.69277776666667
12,2024-05-14 11:35:35.800000,2024-05-14 12:44:18.466667,68.71111111666667
12,2024-05-15 13:43:08.800000,2024-05-15 14:20:55.300000,37.775
12,2024-05-18 09:55:39.933333,2024-05-18 11:18:08.900000,82.48277778333333
12,2024-05-18 16:44:09.233333,2024-05-18 17:42:22.766667,58.22555556666667
12,2024-05-19 10:58:30.533333,2024-05-19 12:16:48.433333,78.29833333333333
12,2024-05-19 14:44:09.433333,2024-05-19 16:39:02.133333,114.87833333333333
12,2024-05-20 09:17:43.666667,2024-05-20 09:53:44.400000,36.01222221666667
12,2024-05-20 11:57:06.966667,2024-05-20 12:07:55.866667,10.815
12,2024-05-20 12:08:21.200000,2024-05-20 12:13:06.633333,4.7572222166666664
12,2024-05-20 12:45:15.133333,2024-05-20 12:52:57.266667,7.702222233333333
12,2024-05-20 12:53:11.566667,2024-05-20 12:58:39.833333,5.4711111
12,2024-05-20 12:58:54.000000,2024-05-20 13:02:14.966667,3.34944445
12,2024-05-20 13:02:25.533333,2024-05-20 13:19:59.666667,17.5688889
12,2024-05-21 12:16:38.000000,2024-05-21 13:24:28.566667,67.84277778333333
12,2024-05-21 13:48:08.266667,2024-05-21 13:50:38.600000,2.50555555
12,2024-05-21 13:50:45.900000,2024-05-21 14:12:26.166667,21.67111111666667
12,2024-05-22 14:14:29.533333,2024-05-22 15:32:47.200000,78.29444445
12,2024-05-22 15:33:16.366667,2024-05-22 16:46:14.200000,72.96388888333333
12,2024-05-22 17:01:13.100000,2024-05-22 18:20:16.800000,79.06166666666667
12,2024-05-22 18:20:23.433333,2024-05-22 18:53:08.000000,32.74277778333333
12,2024-05-23 09:45:38.366667,2024-05-23 09:47:41.266667,2.0483333333333333
12,2024-05-23 09:47:42.133333,2024-05-23 10:00:35.833333,12.895000000000001
12,2024-05-23 10:01:44.100000,2024-05-23 10:08:13.466667,6.48944445
12,2024-05-23 10:08:51.500000,2024-05-23 10:11:20.200000,2.478333333333333
12,2024-05-23 10:11:49.133333,2024-05-23 10:51:47.333333,39.97
12,2024-05-23 10:51:54.500000,2024-05-23 11:44:15.833333,52.35555555
12,2024-05-23 11:44:46.666667,2024-05-23 12:30:44.766667,45.968333333333334
12,2024-05-23 12:31:33.866667,2024-05-23 13:13:06.300000,41.54055555
12,2024-05-23 13:13:11.300000,2024-05-23 13:39:45.866667,26.576111116666667
12,2024-05-23 13:40:32.433333,2024-05-23 13:52:33.800000,12.022777783333334
12,2024-05-23 13:53:03.200000,2024-05-23 14:47:17.833333,54.243888883333334
12,2024-05-23 14:47:22.133333,2024-05-23 14:52:47.533333,5.423333333333333
12,2024-05-24 09:45:59.300000,2024-05-24 10:39:13.633333,53.23888888333333
12,2024-05-24 10:39:31.833333,2024-05-24 11:30:52.133333,51.33833333333334
12,2024-05-24 16:43:41.666667,2024-05-24 17:18:44.266667,35.04333333333333
12,2024-05-24 17:19:19.066667,2024-05-24 17:24:02.333333,4.7211111
12,2024-05-24 17:24:08.100000,2024-05-24 17:33:14.233333,9.102222216666666
12,2024-05-24 17:33:18.100000,2024-05-24 17:38:16.833333,4.978888883333334
12,2024-05-27 14:31:04.866667,2024-05-27 15:15:50.300000,44.75722221666667
12,2024-06-03 15:44:00.533333,2024-06-03 16:50:14.733333,66.23666666666666
13,2024-04-20 09:14:00.400000,2024-04-20 10:19:06.233333,65.09722221666667
13,2024-04-20 10:26:30.600000,2024-04-20 10:56:22.966667,29.872777783333333
13,2024-04-22 10:38:12.866667,2024-04-22 10:48:21.766667,10.148333333333333
13,2024-04-22 11:00:58.333333,2024-04-22 11:28:34.066667,27.59555556666667
13,2024-04-23 10:31:46.166667,2024-04-23 10:42:18.700000,10.542222216666666
13,2024-04-23 10:45:43.100000,2024-04-23 10:49:09.900000,3.4466666666666668
13,2024-04-28 16:55:38.033333,2024-04-28 16:56:47.966667,1.1655555666666666
13,2024-04-28 16:56:51.666667,2024-04-28 17:15:27.700000,18.600555550000003
13,2024-04-29 09:53:18.133333,2024-04-29 11:30:42.233333,97.40166666666667
13,2024-04-29 11:30:50.533333,2024-04-29 11:39:06.100000,8.25944445
13,2024-04-29 11:39:37.300000,2024-04-29 11:56:50.933333,17.227222216666668
13,2024-04-29 11:57:13.133333,2024-04-29 13:00:32.400000,63.321111116666664
13,2024-04-29 13:00:51.300000,2024-04-29 13:17:00.900000,16.16
13,2024-05-01 15:07:38.466667,2024-05-01 15:14:30.933333,6.874444433333333
13,2024-05-08 10:26:14.533333,2024-05-08 10:36:53.433333,10.648333333333333
13,2024-05-08 10:37:11.766667,2024-05-08 10:46:35.400000,9.393888883333334
13,2024-05-08 14:25:47.266667,2024-05-08 15:19:09.500000,53.37055555
13,2024-05-08 15:20:20.500000,2024-05-08 15:32:40.466667,12.332777783333334
13,2024-05-08 15:33:39.800000,2024-05-08 16:57:01.033333,83.35388888333334
13,2024-05-08 16:58:06.733333,2024-05-08 17:58:14.033333,60.12166666666667
13,2024-05-12 14:01:11.733333,2024-05-12 14:22:02.500000,20.84611111666667
13,2024-05-13 12:44:44.400000,2024-05-13 12:52:08.000000,7.3933333333333335
13,2024-05-13 12:52:17.800000,2024-05-13 13:22:04.733333,29.782222216666664
13,2024-05-13 13:22:11.933333,2024-05-13 13:38:34.733333,16.38
13,2024-05-17 11:28:36.066667,2024-05-17 12:51:14.166667,82.635
13,2024-05-17 12:52:20.433333,2024-05-17 14:46:38.433333,114.3
13,2024-05-19 10:40:51.733333,2024-05-19 12:21:06.166667,100.24055556666667
13,2024-05-20 10:11:49.700000,2024-05-20 10:19:55.666667,8.09944445
13,2024-05-20 10:26:50.933333,2024-05-20 10:32:15.166667,5.4038889
13,2024-05-20 10:32:18.566667,2024-05-20 10:45:01.333333,12.712777766666667
13,2024-05-20 10:45:05.566667,2024-05-20 11:03:41.200000,18.59388888333333
13,2024-05-20 11:53:47.166667,2024-05-20 12:10:29.133333,16.699444433333333
13,2024-05-20 12:10:51.133333,2024-05-20 12:27:29.866667,16.645555566666665
13,2024-05-20 12:29:25.600000,2024-05-20 12:32:24.033333,2.9738888833333332
13,2024-05-20 12:33:58.500000,2024-05-20 12:43:27.800000,9.488333333333333
13,2024-05-20 12:51:57.200000,2024-05-20 13:05:00.933333,13.062222216666667
13,2024-05-20 13:06:24.233333,2024-05-20 13:07:30.833333,1.1099999999999999
13,2024-05-20 13:09:19.733333,2024-05-20 13:12:43.933333,3.4033333333333333
13,2024-05-20 13:22:22.400000,2024-05-20 13:26:15.166667,3.8794444500000003
13,2024-05-20 13:27:51.666667,2024-05-20 13:37:49.366667,9.961666666666668
13,2024-05-20 13:43:14.933333,2024-05-20 13:47:05.966667,3.8505555666666664
13,2024-05-20 14:03:15.633333,2024-05-20 14:06:06.200000,2.842777783333333
13,2024-05-20 14:07:46.766667,2024-05-20 14:11:49.033333,4.037777766666666
13,2024-05-20 14:12:30.800000,2024-05-20 14:19:38.033333,7.120555550000001
13,2024-05-20 14:21:30.266667,2024-05-20 14:30:26.900000,8.943888883333333
13,2024-05-20 14:32:13.066667,2024-05-20 14:57:29.400000,25.272222216666666
13,2024-05-20 14:59:47.733333,2024-05-20 15:28:37.300000,28.826111116666667
13,2024-05-20 15:29:11.166667,2024-05-20 16:53:27.500000,84.27222221666666
13,2024-05-21 09:58:38.333333,2024-05-21 09:59:47.333333,1.15
13,2024-05-21 10:01:31.600000,2024-05-21 10:02:46.866667,1.25444445
13,2024-05-21 10:06:53.800000,2024-05-21 10:30:57.933333,24.068888883333333
13,2024-05-21 10:32:07.900000,2024-05-21 10:46:05.100000,13.953333333333335
13,2024-05-21 10:50:52.966667,2024-05-21 11:24:03.566667,33.17666666666666
13,2024-05-21 11:24:16.966667,2024-05-21 11:56:02.466667,31.758333333333333
13,2024-05-21 11:57:42.800000,2024-05-21 12:13:08.666667,15.431111116666667
13,2024-05-21 12:14:51.366667,2024-05-21 12:21:24.200000,6.5472222166666665
13,2024-05-21 12:22:09.533333,2024-05-21 12:23:10.766667,1.0205555666666666
13,2024-05-21 12:23:17.066667,2024-05-21 13:00:04.933333,36.79777776666666
13,2024-05-21 13:01:51.500000,2024-05-21 13:28:21.233333,26.49555555
13,2024-05-21 13:29:46.533333,2024-05-21 13:33:51.366667,4.080555566666667
13,2024-05-21 13:35:13.500000,2024-05-21 13:39:25.400000,4.198333333333333
13,2024-05-21 13:40:29.866667,2024-05-21 13:41:36.333333,1.1077777666666668
13,2024-05-21 13:41:36.866667,2024-05-21 13:43:19.066667,1.7033333333333334
13,2024-05-21 13:44:21.633333,2024-05-21 13:53:34.033333,9.206666666666667
13,2024-05-21 13:54:42.266667,2024-05-21 14:02:56.566667,8.238333333333333
13,2024-05-21 14:03:13.466667,2024-05-21 14:13:02.366667,9.815
13,2024-05-21 14:16:56.066667,2024-05-21 14:18:36.700000,1.6772222166666666
13,2024-05-22 10:21:06.700000,2024-05-22 10:51:32.933333,30.437222216666665
13,2024-05-22 10:51:33.800000,2024-05-22 12:19:40.700000,88.115
14,2024-04-20 10:34:49.633333,2024-04-20 10:36:14.433333,1.4133333333333333
14,2024-04-20 10:46:27.800000,2024-04-20 10:56:44.766667,10.282777783333334
14,2024-04-20 11:00:53.700000,2024-04-20 11:01:59.566667,1.0977777833333335
14,2024-04-22 09:49:11.433333,2024-04-22 10:58:03.966667,68.87555556666666
14,2024-04-22 11:00:56.666667,2024-04-22 11:03:19.800000,2.38555555
14,2024-04-22 11:10:14.866667,2024-04-22 11:11:18.900000,1.0672222166666667
14,2024-04-23 10:36:51.933333,2024-04-23 10:57:57.766667,21.097222233333333
14,2024-04-23 10:58:44.200000,2024-04-23 11:00:10.466667,1.4377777833333334
14,2024-04-23 11:00:22.333333,2024-04-23 11:01:18.866667,0.9422222333333333
14,2024-04-23 11:10:47.900000,2024-04-23 11:11:30.533333,0.71055555
14,2024-04-23 11:11:35.000000,2024-04-23 11:13:48.166667,2.2194444499999997
14,2024-04-28 12:26:11.200000,2024-04-28 12:46:57.300000,20.76833333333333
14,2024-04-29 11:31:53.100000,2024-04-29 12:49:03.166667,77.16777778333334
14,2024-04-30 11:27:12.200000,2024-04-30 13:00:04.066667,92.86444445000001
14,2024-05-07 14:31:09.666667,2024-05-07 14:40:23.300000,9.227222216666666
14,2024-05-08 09:26:28.200000,2024-05-08 10:47:45.266667,81.28444445
14,2024-05-08 15:03:12.600000,2024-05-08 15:04:52.333333,1.6622222166666667
14,2024-05-08 15:06:09.200000,2024-05-08 15:27:09.600000,21.006666666666668
14,2024-05-08 15:28:15.333333,2024-05-08 15:38:19.800000,10.07444445
14,2024-05-08 15:39:27.366667,2024-05-08 15:41:22.966667,1.9266666666666665
14,2024-05-08 15:42:48.266667,2024-05-08 17:23:02.733333,100.2411111
14,2024-05-08 17:27:30.633333,2024-05-08 18:56:34.066667,89.05722223333333
14,2024-05-11 10:17:53.466667,2024-05-11 10:31:26.600000,13.552222216666667
14,2024-05-18 11:50:21.366667,2024-05-18 11:55:30.700000,5.15555555
14,2024-05-19 12:27:15.666667,2024-05-19 13:10:18.466667,43.04666666666667
14,2024-05-19 13:10:19.300000,2024-05-19 14:32:21.033333,82.02888888333334
14,2024-05-19 14:33:55.800000,2024-05-19 15:38:15.433333,64.32722221666667
14,2024-05-19 16:29:07.900000,2024-05-19 16:54:39.666667,25.529444450000003
14,2024-05-19 16:54:51.966667,2024-05-19 17:35:03.800000,40.19722221666667
14,2024-05-20 09:42:52.900000,2024-05-20 10:02:36.266667,19.722777783333335
14,2024-05-20 10:03:20.933333,2024-05-20 10:04:10.900000,0.8327777833333333
14,2024-05-20 10:04:34.433333,2024-05-20 10:19:35.233333,15.013333333333332
14,2024-05-20 10:19:36.533333,2024-05-20 10:23:07.600000,3.5177777833333335
14,2024-05-20 10:27:06.766667,2024-05-20 10:35:28.966667,8.37
14,2024-05-20 10:35:29.766667,2024-05-20 10:44:36.600000,9.113888883333335
14,2024-05-20 10:46:20.133333,2024-05-20 11:09:14.500000,22.90611111666667
14,2024-05-20 11:10:43.066667,2024-05-20 11:46:22.033333,35.64944443333333
14,2024-05-20 11:47:58.100000,2024-05-20 11:53:53.566667,5.924444449999999
14,2024-05-20 11:54:47.300000,2024-05-20 11:57:30.300000,2.716666666666667
14,2024-05-20 12:48:41.466667,2024-05-20 12:56:28.200000,7.778888883333334
14,2024-05-20 12:57:36.900000,2024-05-20 13:13:50.600000,16.228333333333335
14,2024-05-20 13:25:21.200000,2024-05-20 13:58:07.633333,32.773888883333335
14,2024-05-20 14:19:21.066667,2024-05-20 15:06:33.400000,47.20555555
14,2024-05-20 15:10:57.100000,2024-05-20 15:13:29.800000,2.545
14,2024-05-20 15:20:19.866667,2024-05-20 15:24:40.633333,4.3461111
14,2024-05-20 18:51:11.666667,2024-05-20 18:53:08.966667,1.9549999999999998
14,2024-05-20 18:53:34.500000,2024-05-20 18:58:41.500000,5.116666666666666
14,2024-05-21 09:12:33.266667,2024-05-21 09:41:55.766667,29.375
14,2024-05-21 09:42:18.400000,2024-05-21 09:50:19.033333,8.01055555
14,2024-05-21 09:51:56.933333,2024-05-21 09:53:10.433333,1.225
14,2024-05-21 09:56:26.566667,2024-05-21 10:18:28.300000,22.02888888333333
14,2024-05-21 10:18:43.300000,2024-05-21 10:23:54.000000,5.178333333333333
14,2024-05-21 10:30:00.133333,2024-05-21 11:09:41.633333,39.69166666666667
14,2024-05-21 11:17:00.133333,2024-05-21 11:34:15.433333,17.255
14,2024-05-21 11:36:08.566667,2024-05-21 11:47:19.200000,11.177222216666667
14,2024-05-21 11:48:15.700000,2024-05-21 12:17:22.966667,29.12111111666667
14,2024-05-21 12:27:40.400000,2024-05-21 12:30:44.533333,3.0688888833333334
14,2024-05-21 12:44:10.166667,2024-05-21 12:44:53.300000,0.7188888833333333
14,2024-05-21 12:45:00.233333,2024-05-21 12:49:41.100000,4.681111116666667
14,2024-05-21 12:51:14.866667,2024-05-21 13:31:08.266667,39.89
14,2024-05-21 13:32:33.800000,2024-05-21 13:36:33.466667,3.99444445
14,2024-05-22 09:32:47.600000,2024-05-22 09:47:21.966667,14.572777783333333
14,2024-05-22 09:47:58.333333,2024-05-22 09:56:36.700000,8.639444450000001
14,2024-05-22 09:57:36.233333,2024-05-22 09:58:57.866667,1.3605555666666667
14,2024-05-22 10:00:01.700000,2024-05-22 10:01:12.400000,1.1783333333333335
14,2024-05-22 10:01:58.833333,2024-05-22 10:02:59.833333,1.0166666666666666
14,2024-05-22 10:04:04.366667,2024-05-22 10:11:27.666667,7.388333333333334
14,2024-05-22 10:13:42.000000,2024-05-22 10:27:08.866667,13.447777783333333
14,2024-05-22 10:37:23.033333,2024-05-22 10:47:35.300000,10.20444445
14,2024-05-22 12:33:52.166667,2024-05-22 12:37:19.766667,3.46
15,2024-04-20 11:07:17.400000,2024-04-20 11:20:37.000000,13.326666666666666
15,2024-04-22 10:58:37.633333,2024-04-22 11:02:12.033333,3.5733333333333333
15,2024-04-22 11:13:45.400000,2024-04-22 11:15:12.733333,1.45555555
15,2024-04-23 10:43:30.700000,2024-04-23 10:53:08.800000,9.635
15,2024-04-29 09:43:13.166667,2024-04-29 11:03:43.966667,80.51333333333334
15,2024-04-29 12:04:20.666667,2024-04-29 12:24:26.866667,20.103333333333335
15,2024-05-01 16:48:55.166667,2024-05-01 17:03:14.933333,14.329444433333332
15,2024-05-06 17:40:38.300000,2024-05-06 17:49:29.233333,8.848888883333332
15,2024-05-06 17:49:55.766667,2024-05-06 18:32:58.233333,43.041111099999995
15,2024-05-13 12:31:43.433333,2024-05-13 13:30:02.766667,58.322222233333335
15,2024-05-19 10:21:11.766667,2024-05-19 11:10:31.966667,49.336666666666666
15,2024-05-19 12:26:48.666667,2024-05-19 13:54:02.733333,87.23444443333332
15,2024-05-19 13:54:30.933333,2024-05-19 14:53:07.966667,58.61722223333334
15,2024-05-19 14:53:09.500000,2024-05-19 15:28:27.033333,35.292222216666666
15,2024-05-19 16:41:23.966667,2024-05-19 17:50:54.666667,69.51166666666667
15,2024-05-20 09:05:57.366667,2024-05-20 09:35:08.600000,29.187222216666665
15,2024-05-20 09:35:09.100000,2024-05-20 09:46:11.466667,11.03944445
15,2024-05-20 09:54:58.466667,2024-05-20 10:19:47.333333,24.814444433333332
15,2024-05-20 10:19:47.900000,2024-05-20 10:23:32.233333,3.7388888833333334
15,2024-05-20 10:23:33.266667,2024-05-20 10:30:27.233333,6.899444433333333
15,2024-05-20 10:37:26.533333,2024-05-20 10:42:48.533333,5.366666666666666
15,2024-05-20 10:45:11.966667,2024-05-20 11:03:02.866667,17.848333333333336
15,2024-05-20 11:03:53.666667,2024-05-20 11:36:49.033333,32.92277776666666
15,2024-05-20 11:45:50.733333,2024-05-20 12:08:23.933333,22.553333333333335
15,2024-05-20 12:08:25.666667,2024-05-20 12:53:13.933333,44.80444443333333
15,2024-05-20 13:00:36.766667,2024-05-20 13:02:27.633333,1.8477777666666666
15,2024-05-20 13:04:02.633333,2024-05-20 13:28:43.566667,24.682222233333334
15,2024-05-20 13:29:33.900000,2024-05-20 14:05:44.333333,36.17388888333333
15,2024-05-20 14:06:03.300000,2024-05-20 14:17:36.866667,11.55944445
15,2024-05-20 14:24:00.033333,2024-05-20 14:47:22.400000,23.372777783333333
15,2024-05-20 14:47:36.700000,2024-05-20 14:56:08.233333,8.52555555
15,2024-05-20 14:56:20.333333,2024-05-20 15:46:22.233333,50.031666666666666
15,2024-05-20 15:50:42.400000,2024-05-20 16:05:23.133333,14.678888883333334
15,2024-05-20 17:10:01.366667,2024-05-20 18:22:14.800000,72.22388888333333
15,2024-05-20 18:54:00.766667,2024-05-20 18:58:23.000000,4.370555550000001
15,2024-05-21 09:00:17.033333,2024-05-21 09:03:50.000000,3.54944445
15,2024-05-21 09:05:27.200000,2024-05-21 09:24:21.466667,18.904444450000003
15,2024-05-21 09:24:38.566667,2024-05-21 10:15:49.900000,51.188888883333334
15,2024-05-21 10:17:18.000000,2024-05-21 10:53:24.633333,36.11055555
15,2024-05-21 11:02:19.366667,2024-05-21 11:55:01.066667,52.695
15,2024-05-21 12:06:31.100000,2024-05-21 12:36:00.566667,29.491111116666666
15,2024-05-21 12:37:08.866667,2024-05-21 12:46:25.533333,9.277777766666667
15,2024-05-21 12:47:58.366667,2024-05-21 13:18:34.166667,30.596666666666668
15,2024-05-21 13:20:18.266667,2024-05-21 13:21:23.533333,1.0877777666666666
15,2024-05-21 13:22:40.733333,2024-05-21 14:10:30.366667,47.82722223333334
15,2024-05-21 15:00:12.566667,2024-05-21 15:42:18.766667,42.10333333333333
15,2024-05-22 09:03:40.700000,2024-05-22 09:17:19.633333,13.648888883333333
15,2024-05-22 09:22:35.066667,2024-05-22 09:34:16.866667,11.696666666666665
15,2024-05-22 09:38:25.400000,2024-05-22 09:49:25.400000,11.0
15,2024-05-22 09:50:04.866667,2024-05-22 09:52:28.000000,2.38555555
15,2024-05-22 09:53:18.033333,2024-05-22 10:05:07.800000,11.82944445
15,2024-05-22 10:05:52.066667,2024-05-22 10:09:29.766667,3.628333333333333
15,2024-05-22 10:10:21.433333,2024-05-22 10:25:07.966667,14.775555566666666
15,2024-05-22 10:26:03.300000,2024-05-22 10:42:35.966667,16.54444445
15,2024-05-22 10:44:31.933333,2024-05-22 12:18:25.866667,93.8988889
15,2024-05-22 12:18:27.966667,2024-05-22 12:29:59.433333,11.524444433333334
15,2024-05-22 12:30:00.000000,2024-05-22 12:48:38.200000,18.636666666666667
15,2024-05-22 12:48:38.433333,2024-05-22 12:49:58.266667,1.3305555666666666
16,2024-04-20 09:39:13.466667,2024-04-20 10:24:07.833333,44.9061111
16,2024-04-23 10:47:26.633333,2024-04-23 11:04:01.833333,16.586666666666666
16,2024-04-23 11:05:34.800000,2024-04-23 11:17:19.900000,11.751666666666667
16,2024-04-26 10:41:28.833333,2024-04-26 11:20:50.266667,39.35722223333333
16,2024-04-28 16:16:03.833333,2024-04-28 16:16:59.733333,0.9316666666666666
16,2024-04-28 16:17:39.666667,2024-04-28 17:10:11.666667,52.53333333333333
16,2024-04-29 10:42:16.766667,2024-04-29 12:00:47.700000,78.51555555
16,2024-04-29 12:00:48.700000,2024-04-29 12:40:37.566667,39.814444449999996
16,2024-04-30 12:23:44.666667,2024-04-30 13:11:17.433333,47.5461111
16,2024-05-06 17:37:37.000000,2024-05-06 18:12:31.266667,34.90444445
16,2024-05-08 14:57:25.333333,2024-05-08 15:11:26.000000,14.011111116666665
16,2024-05-19 15:44:02.733333,2024-05-19 16:50:27.500000,66.41277778333333
16,2024-05-19 16:55:05.000000,2024-05-19 17:24:38.366667,29.556111116666667
16,2024-05-20 08:59:11.800000,2024-05-20 09:37:59.433333,38.79388888333334
16,2024-05-20 09:38:08.633333,2024-05-20 10:01:20.166667,23.192222233333332
16,2024-05-20 10:01:38.233333,2024-05-20 10:21:40.033333,20.029999999999998
16,2024-05-20 10:40:09.000000,2024-05-20 10:42:19.066667,2.1677777833333334
16,2024-05-20 10:42:38.566667,2024-05-20 10:43:52.200000,1.2272222166666666
16,2024-05-20 14:18:39.266667,2024-05-20 14:34:17.133333,15.6311111
16,2024-05-20 14:34:31.900000,2024-05-20 14:46:00.466667,11.476111116666667
16,2024-05-20 15:28:22.833333,2024-05-20 15:35:22.000000,6.986111116666667
16,2024-05-20 15:35:32.300000,2024-05-20 15:59:37.100000,24.08
16,2024-05-20 15:59:46.300000,2024-05-20 16:02:32.866667,2.7761111166666668
16,2024-05-20 16:02:39.633333,2024-05-20 16:10:40.600000,8.016111116666666
16,2024-05-20 16:15:33.366667,2024-05-20 16:18:50.933333,3.2927777666666667
16,2024-05-20 16:19:10.533333,2024-05-20 16:22:02.066667,2.8588888999999997
16,2024-05-20 16:23:52.533333,2024-05-20 16:44:34.333333,20.696666666666665
16,2024-05-20 18:53:00.833333,2024-05-20 18:53:52.500000,0.8611111166666666
16,2024-05-20 18:55:04.566667,2024-05-20 18:59:28.466667,4.3983333333333325
16,2024-05-21 09:06:06.733333,2024-05-21 09:12:40.500000,6.562777783333333
16,2024-05-21 09:14:33.000000,2024-05-21 09:18:12.000000,3.65
16,2024-05-21 09:19:59.300000,2024-05-21 09:37:56.866667,17.95944445
16,2024-05-21 09:39:38.366667,2024-05-21 09:40:33.733333,0.9227777666666667
16,2024-05-21 09:40:45.000000,2024-05-21 09:45:17.033333,4.533888883333334
16,2024-05-21 10:14:35.200000,2024-05-21 10:21:43.400000,7.136666666666667
16,2024-05-21 10:22:45.000000,2024-05-21 10:34:46.933333,12.032222216666666
16,2024-05-21 10:42:31.100000,2024-05-21 10:43:54.133333,1.3838888833333334
16,2024-05-21 10:45:10.666667,2024-05-21 11:19:27.133333,34.27444443333333
16,2024-05-21 11:21:13.066667,2024-05-21 11:27:40.500000,6.457222216666667
16,2024-05-21 11:39:54.733333,2024-05-21 12:16:46.600000,36.86444444999999
16,2024-05-21 12:16:53.600000,2024-05-21 12:42:16.666667,25.38444445
16,2024-05-21 12:47:41.066667,2024-05-21 13:09:40.100000,21.983888883333336
16,2024-05-21 13:10:31.733333,2024-05-21 13:12:47.000000,2.2544444500000003
16,2024-05-21 13:14:18.566667,2024-05-21 13:45:34.133333,31.259444433333332
16,2024-05-21 13:46:57.933333,2024-05-21 13:48:10.300000,1.2061111166666667
16,2024-05-21 13:49:20.900000,2024-05-21 13:50:47.966667,1.4511111166666666
16,2024-05-21 13:52:03.433333,2024-05-21 14:15:36.766667,23.555555566666666
16,2024-05-21 14:16:59.000000,2024-05-21 14:23:26.666667,6.461111116666667
16,2024-05-21 14:24:53.600000,2024-05-21 14:34:58.700000,10.085
16,2024-05-22 09:07:15.933333,2024-05-22 09:14:20.200000,7.071111116666667
16,2024-05-22 09:15:37.633333,2024-05-22 09:26:51.633333,11.233333333333333
16,2024-05-22 09:28:44.666667,2024-05-22 10:22:33.833333,53.81944443333334
16,2024-05-22 10:23:38.433333,2024-05-22 10:45:32.633333,21.903333333333332
16,2024-05-22 12:20:01.000000,2024-05-22 12:28:21.166667,8.336111116666666
17,2024-04-23 10:22:33.200000,2024-04-23 10:43:34.733333,21.02555555
17,2024-04-26 10:29:49.100000,2024-04-26 11:08:52.533333,39.057222216666666
17,2024-04-29 11:27:02.166667,2024-04-29 11:42:30.666667,15.475
17,2024-04-29 11:42:50.533333,2024-04-29 12:15:00.300000,32.16277778333333
17,2024-04-30 12:02:47.466667,2024-04-30 12:43:10.400000,40.38222221666667
17,2024-05-08 09:26:31.700000,2024-05-08 10:51:10.766667,84.65111111666667
17,2024-05-08 14:55:17.000000,2024-05-08 16:21:49.400000,86.53999999999999
17,2024-05-19 13:07:08.833333,2024-05-19 14:32:32.733333,85.39833333333333
17,2024-05-19 14:32:34.233333,2024-05-19 16:30:23.933333,117.82833333333333
17,2024-05-19 16:30:40.566667,2024-05-19 16:45:50.133333,15.159444433333334
17,2024-05-20 09:19:18.033333,2024-05-20 09:24:09.500000,4.857777783333333
17,2024-05-20 09:26:52.266667,2024-05-20 09:28:55.800000,2.058888883333333
17,2024-05-20 09:30:43.533333,2024-05-20 09:34:25.133333,3.6933333333333334
17,2024-05-20 09:36:18.733333,2024-05-20 10:00:24.233333,24.091666666666665
17,2024-05-20 10:00:39.166667,2024-05-20 10:26:02.033333,25.3811111
17,2024-05-20 10:26:03.700000,2024-05-20 10:34:28.866667,8.41944445
17,2024-05-20 10:34:30.700000,2024-05-20 10:37:08.700000,2.6333333333333333
17,2024-05-20 10:44:58.033333,2024-05-20 10:51:43.966667,6.7655555666666665
17,2024-05-20 10:53:22.366667,2024-05-20 10:56:17.666667,2.921666666666667
17,2024-05-20 10:58:44.166667,2024-05-20 11:17:17.633333,18.557777766666668
17,2024-05-20 11:19:01.000000,2024-05-20 12:13:39.466667,54.64111111666667
17,2024-05-20 12:14:21.266667,2024-05-20 12:19:57.066667,5.596666666666667
17,2024-05-20 12:21:30.200000,2024-05-20 12:36:32.000000,15.03
17,2024-05-20 12:38:05.900000,2024-05-20 12:41:10.766667,3.081111116666667
17,2024-05-20 12:42:45.300000,2024-05-20 13:08:38.500000,25.886666666666667
17,2024-05-20 13:09:57.266667,2024-05-20 13:34:14.200000,24.282222216666664
17,2024-05-20 14:36:26.433333,2024-05-20 14:41:16.100000,4.8277777833333335
17,2024-05-20 14:43:04.866667,2024-05-20 14:47:41.966667,4.618333333333334
17,2024-05-20 14:49:45.266667,2024-05-20 14:52:11.000000,2.4288888833333333
17,2024-05-20 14:54:09.466667,2024-05-20 15:44:36.066667,50.443333333333335
17,2024-05-20 15:45:58.933333,2024-05-20 15:47:07.700000,1.1461111166666667
17,2024-05-20 15:49:34.266667,2024-05-20 15:50:44.166667,1.165
17,2024-05-20 15:57:31.166667,2024-05-20 16:05:32.400000,8.020555550000001
17,2024-05-20 16:26:59.633333,2024-05-20 16:29:51.166667,2.8588888999999997
17,2024-05-20 16:33:51.200000,2024-05-20 17:10:42.066667,36.84777778333333
17,2024-05-20 17:16:26.133333,2024-05-20 17:43:40.166667,27.2338889
17,2024-05-20 17:46:21.400000,2024-05-20 18:51:47.700000,65.43833333333333
17,2024-05-20 18:53:49.666667,2024-05-20 18:57:26.133333,3.6077777666666666
17,2024-05-21 08:57:21.566667,2024-05-21 09:00:45.366667,3.396666666666667
17,2024-05-21 09:00:53.300000,2024-05-21 09:12:15.933333,11.377222216666667
17,2024-05-21 09:12:21.933333,2024-05-21 09:23:44.700000,11.37944445
17,2024-05-21 09:31:37.733333,2024-05-21 09:41:43.200000,10.091111116666667
17,2024-05-21 09:42:02.433333,2024-05-21 09:44:26.800000,2.4061111166666667
17,2024-05-21 10:18:16.700000,2024-05-21 10:19:16.433333,0.9955555500000001
17,2024-05-21 10:21:57.733333,2024-05-21 10:27:31.733333,5.566666666666666
17,2024-05-21 10:28:36.900000,2024-05-21 10:30:18.433333,1.6922222166666667
17,2024-05-21 10:31:32.566667,2024-05-21 10:35:45.200000,4.21055555
17,2024-05-21 10:35:58.666667,2024-05-21 10:37:18.566667,1.3316666666666668
17,2024-05-21 10:37:52.833333,2024-05-21 10:44:36.000000,6.71944445
17,2024-05-21 10:45:46.600000,2024-05-21 10:50:20.300000,4.5616666666666665
17,2024-05-21 10:55:38.200000,2024-05-21 10:57:10.466667,1.5377777833333333
17,2024-05-21 11:42:01.566667,2024-05-21 11:43:00.200000,0.9772222166666666
17,2024-05-21 11:44:48.200000,2024-05-21 11:51:52.366667,7.069444450000001
17,2024-05-21 11:52:45.200000,2024-05-21 11:58:17.333333,5.53555555
17,2024-05-21 11:58:23.900000,2024-05-21 12:00:03.566667,1.6611111166666668
17,2024-05-21 12:01:03.833333,2024-05-21 12:19:13.333333,18.158333333333335
17,2024-05-21 12:23:21.600000,2024-05-21 12:36:51.533333,13.498888883333333
17,2024-05-21 12:36:58.333333,2024-05-21 12:56:14.533333,19.27
17,2024-05-21 12:57:02.633333,2024-05-21 13:00:28.966667,3.4388889000000002
17,2024-05-21 13:00:34.933333,2024-05-21 13:05:22.366667,4.790555566666667
17,2024-05-21 13:22:08.666667,2024-05-21 13:29:12.400000,7.062222216666667
17,2024-05-21 13:30:21.433333,2024-05-21 13:35:33.566667,5.202222233333333
17,2024-05-21 13:36:57.566667,2024-05-21 13:46:25.833333,9.4711111
17,2024-05-21 13:48:07.666667,2024-05-21 14:05:32.966667,17.421666666666667
17,2024-05-21 14:06:03.700000,2024-05-21 14:18:08.733333,12.083888883333334
17,2024-05-21 14:28:48.433333,2024-05-21 14:36:36.233333,7.796666666666667
17,2024-05-21 14:37:32.766667,2024-05-21 15:11:00.266667,33.458333333333336
17,2024-05-21 15:13:08.000000,2024-05-21 15:32:09.666667,19.02777778333333
17,2024-05-21 15:34:11.400000,2024-05-21 15:46:39.800000,12.473333333333333
17,2024-05-21 17:30:45.300000,2024-05-21 18:24:36.600000,53.855000000000004
17,2024-05-22 09:42:43.166667,2024-05-22 10:55:10.500000,72.45555555
17,2024-05-22 12:59:29.266667,2024-05-22 13:58:03.333333,58.56777776666667
18,2024-04-24 11:36:19.266667,2024-04-24 12:46:28.966667,70.16166666666666
18,2024-04-28 10:18:25.600000,2024-04-28 11:50:30.266667,92.07777778333335
18,2024-04-28 14:52:32.000000,2024-04-28 15:32:01.233333,39.487222216666666
18,2024-04-29 10:16:43.700000,2024-04-29 10:39:00.166667,22.274444449999997
18,2024-04-29 10:39:40.933333,2024-04-29 10:43:04.133333,3.3866666666666663
18,2024-04-29 10:43:38.133333,2024-04-29 11:03:52.133333,20.233333333333334
18,2024-04-29 11:04:39.966667,2024-04-29 12:05:35.633333,60.927777766666665
18,2024-04-29 14:25:35.066667,2024-04-29 15:50:14.800000,84.66222221666666
18,2024-05-01 15:07:03.266667,2024-05-01 15:47:28.033333,40.412777766666665
18,2024-05-08 15:16:51.266667,2024-05-08 16:22:08.633333,65.28944443333333
18,2024-05-19 13:23:15.600000,2024-05-19 13:47:58.300000,24.711666666666666
18,2024-05-19 13:48:00.600000,2024-05-19 14:16:42.966667,28.706111116666666
18,2024-05-19 17:25:31.200000,2024-05-19 17:45:32.833333,20.027222216666665
18,2024-05-20 09:03:52.400000,2024-05-20 09:15:32.566667,11.669444449999999
18,2024-05-20 09:21:45.633333,2024-05-20 09:27:26.900000,5.687777783333333
18,2024-05-20 09:28:08.566667,2024-05-20 09:36:51.400000,8.713888883333334
18,2024-05-20 09:38:34.100000,2024-05-20 09:44:19.966667,5.76444445
18,2024-05-20 09:44:24.533333,2024-05-20 09:48:48.633333,4.401666666666667
18,2024-05-20 09:48:51.966667,2024-05-20 10:05:35.366667,16.723333333333333
18,2024-05-20 10:07:25.433333,2024-05-20 10:13:06.200000,5.67944445
18,2024-05-20 10:34:10.933333,2024-05-20 11:23:36.666667,49.4288889
18,2024-05-20 11:25:19.533333,2024-05-20 11:31:15.966667,5.940555566666666
18,2024-05-20 11:32:43.166667,2024-05-20 12:03:26.800000,30.727222216666668
18,2024-05-20 12:04:58.166667,2024-05-20 12:14:27.400000,9.487222216666668
18,2024-05-20 12:15:31.900000,2024-05-20 12:24:15.933333,8.733888883333332
18,2024-05-20 12:25:36.366667,2024-05-20 13:10:18.000000,44.69388888333334
18,2024-05-20 13:10:36.366667,2024-05-20 14:24:02.700000,73.43888888333332
18,2024-05-20 14:26:04.000000,2024-05-20 15:20:42.633333,54.64388888333334
18,2024-05-20 15:21:48.966667,2024-05-20 15:59:48.366667,37.99
18,2024-05-20 16:01:25.100000,2024-05-20 16:02:41.533333,1.2738888833333335
18,2024-05-20 16:08:54.566667,2024-05-20 16:37:13.200000,28.31055555
18,2024-05-20 16:42:01.933333,2024-05-20 16:49:24.133333,7.37
18,2024-05-20 16:51:14.700000,2024-05-20 16:54:02.366667,2.79444445
18,2024-05-20 16:55:21.000000,2024-05-20 17:21:28.566667,26.126111116666667
18,2024-05-20 17:22:37.866667,2024-05-20 17:27:11.866667,4.566666666666666
18,2024-05-20 17:44:26.833333,2024-05-20 17:48:02.333333,3.591666666666667
18,2024-05-20 18:21:14.466667,2024-05-20 18:26:54.033333,5.659444433333333
18,2024-05-20 18:50:27.700000,2024-05-20 18:59:05.866667,8.636111116666665
18,2024-05-21 09:14:42.100000,2024-05-21 09:30:45.300000,16.053333333333335
18,2024-05-21 09:30:54.533333,2024-05-21 09:47:31.300000,16.612777783333332
18,2024-05-21 10:24:30.733333,2024-05-21 10:34:37.500000,10.112777783333334
18,2024-05-21 10:40:47.866667,2024-05-21 10:43:09.866667,2.3666666666666667
18,2024-05-21 10:43:20.200000,2024-05-21 10:47:06.533333,3.772222216666667
18,2024-05-21 10:50:22.933333,2024-05-21 10:51:19.366667,0.9405555666666667
18,2024-05-21 10:51:33.433333,2024-05-21 10:58:11.266667,6.630555566666667
18,2024-05-21 10:58:38.266667,2024-05-21 11:00:19.300000,1.6838888833333334
18,2024-05-21 11:31:14.633333,2024-05-21 11:34:08.566667,2.8988889
18,2024-05-21 11:42:53.166667,2024-05-21 11:55:26.000000,12.547222216666666
18,2024-05-21 11:55:30.900000,2024-05-21 12:01:15.400000,5.741666666666666
18,2024-05-21 12:03:56.633333,2024-05-21 12:05:48.333333,1.8616666666666668
18,2024-05-21 12:06:31.233333,2024-05-21 12:10:31.300000,4.001111116666666
18,2024-05-21 12:19:38.533333,2024-05-21 12:24:34.566667,4.9338889
18,2024-05-21 12:35:30.200000,2024-05-21 12:42:12.933333,6.7122222166666665
18,2024-05-21 12:46:29.533333,2024-05-21 12:51:26.000000,4.941111116666666
18,2024-05-21 12:51:31.766667,2024-05-21 12:53:17.800000,1.7672222166666667
18,2024-05-21 12:58:16.166667,2024-05-21 13:02:00.900000,3.7455555499999997
18,2024-05-21 13:05:16.700000,2024-05-21 13:10:09.366667,4.877777783333333
18,2024-05-21 13:10:10.733333,2024-05-21 13:11:26.600000,1.26444445
18,2024-05-21 13:11:44.100000,2024-05-21 13:14:31.866667,2.796111116666667
18,2024-05-21 13:15:17.066667,2024-05-21 13:45:01.300000,29.737222216666666
18,2024-05-21 13:47:05.600000,2024-05-21 13:59:06.700000,12.018333333333334
18,2024-05-21 13:59:50.433333,2024-05-21 14:01:54.900000,2.07444445
18,2024-05-21 14:02:21.800000,2024-05-21 14:03:23.100000,1.0216666666666667
18,2024-05-21 14:03:43.633333,2024-05-21 14:06:32.166667,2.8088889
18,2024-05-21 14:06:47.833333,2024-05-21 14:08:44.233333,1.9400000000000002
18,2024-05-21 14:14:09.700000,2024-05-21 14:33:01.100000,18.85666666666667
18,2024-05-21 14:33:37.533333,2024-05-21 14:47:54.200000,14.277777783333333
18,2024-05-21 14:49:58.433333,2024-05-21 15:22:42.500000,32.73444445
18,2024-05-21 17:33:05.100000,2024-05-21 17:34:05.100000,1.0
18,2024-05-21 17:46:47.466667,2024-05-21 18:52:04.133333,65.27777776666667
18,2024-05-21 18:56:03.633333,2024-05-21 18:57:33.000000,1.4894444500000001
18,2024-05-22 12:39:17.633333,2024-05-22 14:01:21.300000,82.06111111666668
18,2024-05-22 14:01:31.433333,2024-05-22 14:21:05.933333,19.575
18,2024-05-22 15:29:15.566667,2024-05-22 15:34:04.400000,4.813888883333333
18,2024-05-24 09:50:13.700000,2024-05-24 09:51:12.433333,0.9788888833333333
18,2024-05-25 09:40:18.300000,2024-05-25 09:51:32.733333,11.24055555
19,2024-04-28 12:52:31.333333,2024-04-28 14:09:11.700000,76.67277778333333
19,2024-04-28 14:48:51.200000,2024-04-28 16:46:26.400000,117.58666666666666
19,2024-04-29 10:04:05.633333,2024-04-29 11:05:54.266667,61.81055556666667
19,2024-04-29 11:06:08.733333,2024-04-29 11:08:49.033333,2.671666666666667
19,2024-04-29 11:11:39.166667,2024-04-29 11:52:55.833333,41.27777776666667
19,2024-04-29 11:53:19.800000,2024-04-29 12:50:16.933333,56.95222221666667
19,2024-04-29 13:37:18.833333,2024-04-29 14:21:02.766667,43.73222223333333
19,2024-04-30 12:04:27.833333,2024-04-30 13:41:00.900000,96.55111111666666
19,2024-05-01 13:11:31.433333,2024-05-01 14:58:04.566667,106.55222223333334
19,2024-05-19 12:13:07.966667,2024-05-19 12:28:11.533333,15.059444433333335
19,2024-05-19 12:28:16.966667,2024-05-19 12:50:26.800000,22.163888883333335
19,2024-05-19 12:50:59.133333,2024-05-19 13:14:59.233333,24.001666666666665
19,2024-05-19 15:27:50.933333,2024-05-19 16:31:11.600000,63.34444445
19,2024-05-19 16:34:24.833333,2024-05-19 17:16:10.166667,41.755555566666665
19,2024-05-19 17:29:56.633333,2024-05-19 18:28:51.966667,58.92222223333333
19,2024-05-20 08:59:35.733333,2024-05-20 09:06:04.133333,6.473333333333333
19,2024-05-20 09:11:12.066667,2024-05-20 09:26:50.100000,15.633888883333332
19,2024-05-20 09:28:06.866667,2024-05-20 09:33:22.233333,5.2561111
19,2024-05-20 09:34:08.700000,2024-05-20 10:13:36.000000,39.455000000000005
19,2024-05-20 10:13:39.200000,2024-05-20 10:21:02.066667,7.381111116666667
19,2024-05-20 10:39:33.266667,2024-05-20 10:41:34.066667,2.013333333333333
19,2024-05-20 10:56:52.500000,2024-05-20 11:17:04.200000,20.195
19,2024-05-20 11:17:15.066667,2024-05-20 11:59:40.800000,42.428888883333336
19,2024-05-20 16:58:33.033333,2024-05-20 18:29:08.400000,90.58944445
19,2024-05-20 18:29:25.533333,2024-05-20 18:51:25.266667,21.995555566666667
19,2024-05-20 18:51:45.833333,2024-05-20 18:58:11.800000,6.432777783333333
19,2024-05-21 09:29:54.366667,2024-05-21 09:47:23.933333,17.492777766666666
19,2024-05-21 09:49:18.500000,2024-05-21 09:56:50.933333,7.54055555
19,2024-05-21 10:15:40.700000,2024-05-21 10:47:33.766667,31.88444445
19,2024-05-21 10:48:59.433333,2024-05-21 10:51:54.966667,2.9255555666666666
19,2024-05-21 10:57:03.966667,2024-05-21 11:01:08.200000,4.07055555
19,2024-05-21 11:02:01.466667,2024-05-21 11:03:23.666667,1.37
19,2024-05-21 11:06:37.600000,2024-05-21 11:11:00.366667,4.379444449999999
19,2024-05-21 11:11:43.633333,2024-05-21 11:13:08.066667,1.4072222333333333
19,2024-05-21 11:20:23.900000,2024-05-21 11:33:16.566667,12.877777783333332
19,2024-05-21 11:56:23.433333,2024-05-21 12:01:33.533333,5.168333333333334
19,2024-05-21 12:03:52.066667,2024-05-21 12:07:25.633333,3.5594444333333333
19,2024-05-21 12:12:51.700000,2024-05-21 12:16:56.500000,4.08
19,2024-05-21 12:41:16.600000,2024-05-21 12:45:02.033333,3.757222216666667
19,2024-05-21 12:50:17.233333,2024-05-21 13:00:36.833333,10.326666666666666
19,2024-05-21 13:01:34.566667,2024-05-21 13:04:00.200000,2.4272222166666664
19,2024-05-21 13:05:37.466667,2024-05-21 13:07:19.033333,1.6927777666666666
19,2024-05-21 13:08:36.166667,2024-05-21 13:11:03.500000,2.45555555
19,2024-05-21 13:12:21.366667,2024-05-21 13:15:19.300000,2.96555555
19,2024-05-21 13:16:37.633333,2024-05-21 13:18:35.566667,1.9655555666666666
19,2024-05-21 13:19:56.000000,2024-05-21 13:25:35.766667,5.6627777833333335
19,2024-05-21 13:30:03.433333,2024-05-21 13:31:54.533333,1.8516666666666666
19,2024-05-21 13:33:21.166667,2024-05-21 13:35:12.066667,1.8483333333333334
19,2024-05-21 13:52:21.533333,2024-05-21 13:54:16.933333,1.9233333333333333
19,2024-05-21 13:55:55.633333,2024-05-21 14:03:15.700000,7.33444445
19,2024-05-21 14:05:39.766667,2024-05-21 14:15:25.333333,9.759444433333334
19,2024-05-21 14:15:34.900000,2024-05-21 14:34:44.666667,19.162777783333336
19,2024-05-21 14:34:56.166667,2024-05-21 14:56:59.233333,22.0511111
19,2024-05-21 14:57:09.833333,2024-05-21 15:42:05.933333,44.934999999999995
19,2024-05-22 10:07:38.733333,2024-05-22 10:23:23.433333,15.745000000000001
19,2024-05-22 10:25:42.000000,2024-05-22 10:28:32.300000,2.8383333333333334
19,2024-05-22 10:30:11.933333,2024-05-22 10:49:42.266667,19.505555566666665
19,2024-05-22 10:51:23.266667,2024-05-22 12:12:30.400000,81.11888888333333
19,2024-05-22 12:14:19.733333,2024-05-22 12:30:11.900000,15.86944445
19,2024-05-22 12:31:21.233333,2024-05-22 12:50:41.533333,19.33833333333333
19,2024-05-22 12:54:51.366667,2024-05-22 13:53:34.433333,58.71777776666667
19,2024-05-22 13:55:38.933333,2024-05-22 13:57:02.866667,1.3988889
19,2024-05-22 13:59:55.500000,2024-05-22 15:21:22.933333,81.45722221666666
19,2024-05-22 15:23:42.933333,2024-05-22 15:46:12.366667,22.490555566666668
19,2024-05-22 15:48:19.733333,2024-05-22 16:10:20.566667,22.013888899999998
19,2024-05-22 16:17:00.733333,2024-05-22 16:47:18.066667,30.2888889
19,2024-05-23 09:31:28.866667,2024-05-23 10:26:28.466667,54.99333333333333
19,2024-05-23 13:57:05.900000,2024-05-23 14:38:59.133333,41.88722221666667
19,2024-05-23 14:39:19.000000,2024-05-23 16:36:18.666667,116.99444445
19,2024-05-23 16:36:19.900000,2024-05-23 17:21:34.533333,45.243888883333334
19,2024-05-23 17:21:35.400000,2024-05-23 17:31:15.633333,9.67055555
19,2024-05-23 17:31:28.566667,2024-05-23 18:29:20.933333,57.872777766666665
19,2024-05-24 10:06:07.700000,2024-05-24 10:38:42.766667,32.58444445
19,2024-05-24 10:39:07.433333,2024-05-24 11:25:11.566667,46.068888900000005
19,2024-05-24 11:25:48.100000,2024-05-24 11:31:54.966667,6.11444445
19,2024-05-24 11:37:49.600000,2024-05-24 11:42:14.400000,4.413333333333333
19,2024-05-24 11:42:53.933333,2024-05-24 12:34:11.800000,51.29777778333333
19,2024-05-25 09:34:10.933333,2024-05-25 09:37:20.066667,3.152222233333333
19,2024-05-26 12:34:20.900000,2024-05-26 13:15:05.200000,40.73833333333334
19,2024-05-26 13:15:11.833333,2024-05-26 13:39:06.133333,23.904999999999998
19,2024-05-27 15:21:01.633333,2024-05-27 15:52:50.400000,31.812777783333335
19,2024-05-28 10:29:43.466667,2024-05-28 10:31:39.233333,1.9294444333333334
19,2024-05-28 10:32:33.866667,2024-05-28 11:18:57.800000,46.398888883333335
20,2024-04-23 10:54:15.633333,2024-04-23 12:05:06.966667,70.85555556666667
20,2024-04-24 10:40:14.333333,2024-04-24 10:42:59.966667,2.7605555666666666
20,2024-04-24 11:38:13.200000,2024-04-24 12:27:22.266667,49.15111111666667
20,2024-04-24 15:21:27.500000,2024-04-24 15:30:20.066667,8.876111116666667
20,2024-04-25 11:35:03.833333,2024-04-25 12:08:42.400000,33.64277778333334
20,2024-04-25 12:09:08.133333,2024-04-25 12:24:10.366667,15.037222233333333
20,2024-04-26 10:35:48.300000,2024-04-26 12:11:48.200000,95.99833333333332
20,2024-04-26 12:53:20.633333,2024-04-26 13:05:00.100000,11.657777783333334
20,2024-04-28 10:03:42.700000,2024-04-28 10:10:32.233333,6.825555550000001
20,2024-04-28 10:46:23.100000,2024-04-28 11:15:17.666667,28.909444450000002
20,2024-04-28 11:15:18.200000,2024-04-28 12:21:18.700000,66.00833333333334
20,2024-04-28 13:14:54.266667,2024-04-28 13:37:55.600000,23.022222216666666
20,2024-04-28 14:11:35.333333,2024-04-28 15:03:16.800000,51.69111111666667
20,2024-04-28 16:43:17.466667,2024-04-28 16:45:34.666667,2.2866666666666666
20,2024-04-28 16:45:35.400000,2024-04-28 16:53:16.766667,7.68944445
20,2024-04-29 10:18:29.666667,2024-04-29 11:10:34.000000,52.07222221666667
20,2024-04-29 11:10:48.766667,2024-04-29 11:18:49.966667,8.02
20,2024-04-29 12:00:08.666667,2024-04-29 12:08:43.100000,8.573888883333332
20,2024-04-29 13:24:39.666667,2024-04-29 13:34:12.700000,9.55055555
20,2024-04-29 13:34:21.800000,2024-04-29 14:23:25.400000,49.059999999999995
20,2024-04-29 15:59:13.100000,2024-04-29 16:11:40.100000,12.45
20,2024-05-01 13:15:48.766667,2024-05-01 15:02:51.766667,107.05
20,2024-05-01 15:05:51.866667,2024-05-01 15:36:30.900000,30.65055555
20,2024-05-06 17:54:01.600000,2024-05-06 17:55:48.200000,1.7766666666666666
20,2024-05-18 11:20:00.000000,2024-05-18 11:20:47.966667,0.79944445
20,2024-05-18 15:55:34.600000,2024-05-18 16:11:30.766667,15.936111116666666
20,2024-05-18 16:11:38.900000,2024-05-18 16:30:26.633333,18.79555555
20,2024-05-18 16:31:10.933333,2024-05-18 16:43:01.233333,11.838333333333333
20,2024-05-19 09:07:18.133333,2024-05-19 10:57:52.366667,110.57055556666666
20,2024-05-19 10:58:10.800000,2024-05-19 12:25:54.900000,87.735
20,2024-05-19 12:26:10.400000,2024-05-19 12:28:45.166667,2.57944445
20,2024-05-19 12:31:58.700000,2024-05-19 13:23:02.000000,51.055
20,2024-05-19 13:24:46.466667,2024-05-19 13:27:55.700000,3.153888883333333
20,2024-05-19 13:27:57.700000,2024-05-19 14:01:02.500000,33.08
20,2024-05-19 14:01:17.866667,2024-05-19 15:12:36.966667,71.31833333333334
20,2024-05-19 15:12:57.966667,2024-05-19 16:32:45.500000,79.79222221666667
20,2024-05-19 16:33:14.200000,2024-05-19 17:37:36.233333,64.36722221666666
20,2024-05-19 17:37:38.300000,2024-05-19 18:53:49.333333,76.18388888333334
20,2024-05-20 09:32:34.800000,2024-05-20 09:48:40.333333,16.092222216666666
20,2024-05-21 09:13:19.233333,2024-05-21 09:30:57.733333,17.641666666666666
20,2024-05-21 09:32:18.233333,2024-05-21 09:34:23.266667,2.0838889
20,2024-05-21 09:36:19.633333,2024-05-21 09:51:54.766667,15.585555566666667
20,2024-05-21 09:53:36.233333,2024-05-21 10:05:07.200000,11.516111116666668
20,2024-05-21 10:06:31.033333,2024-05-21 10:09:35.033333,3.066666666666667
20,2024-05-21 10:11:08.833333,2024-05-21 10:23:12.033333,12.053333333333335
20,2024-05-21 10:24:45.233333,2024-05-21 10:27:22.400000,2.61944445
20,2024-05-21 10:28:54.066667,2024-05-21 10:31:20.466667,2.44
20,2024-05-21 10:32:46.500000,2024-05-21 10:39:05.533333,6.317222216666667
20,2024-05-21 10:40:41.266667,2024-05-21 11:02:52.533333,22.187777766666667
20,2024-05-21 11:03:02.066667,2024-05-21 11:07:53.166667,4.8516666666666675
20,2024-05-21 11:23:36.100000,2024-05-21 11:41:24.900000,17.813333333333333
20,2024-05-21 11:43:24.100000,2024-05-21 11:45:32.633333,2.1422222166666667
20,2024-05-21 11:50:08.400000,2024-05-21 12:51:39.566667,61.51944445
20,2024-05-21 13:44:31.533333,2024-05-21 13:57:46.466667,13.248888899999999
20,2024-05-21 14:00:17.900000,2024-05-21 14:30:43.966667,30.43444445
20,2024-05-21 14:32:55.333333,2024-05-21 14:35:21.933333,2.4433333333333334
20,2024-05-21 14:50:27.866667,2024-05-21 14:51:50.566667,1.3783333333333334
20,2024-05-21 14:58:28.200000,2024-05-21 15:00:24.833333,1.9438888833333332
20,2024-05-21 15:02:41.733333,2024-05-21 15:03:56.733333,1.25
20,2024-05-21 15:06:05.900000,2024-05-21 15:18:28.733333,12.38055555
20,2024-05-21 15:25:04.266667,2024-05-21 15:26:33.233333,1.4827777666666668
20,2024-05-21 15:33:52.500000,2024-05-21 15:35:53.566667,2.0177777833333335
20,2024-05-21 15:37:11.700000,2024-05-21 15:39:03.200000,1.8583333333333334
20,2024-05-21 15:40:20.233333,2024-05-21 15:42:03.466667,1.7205555666666668
20,2024-05-21 15:43:35.366667,2024-05-21 15:52:01.300000,8.432222216666666
20,2024-05-21 15:54:32.033333,2024-05-21 16:00:52.966667,6.3488889
20,2024-05-21 16:05:54.066667,2024-05-21 16:15:10.900000,9.28055555
20,2024-05-21 16:30:48.566667,2024-05-21 16:58:53.100000,28.07555555
20,2024-05-22 08:57:20.500000,2024-05-22 09:00:07.433333,2.782222216666667
20,2024-05-22 09:01:44.366667,2024-05-22 09:03:16.700000,1.5388888833333332
20,2024-05-22 09:06:29.300000,2024-05-22 09:16:07.600000,9.638333333333332
20,2024-05-22 09:17:19.066667,2024-05-22 09:23:34.333333,6.254444433333333
20,2024-05-22 09:25:47.166667,2024-05-22 09:29:40.000000,3.88055555
20,2024-05-22 09:31:35.266667,2024-05-22 09:33:52.800000,2.2922222166666666
20,2024-05-22 09:35:18.066667,2024-05-22 09:44:27.933333,9.164444433333333
20,2024-05-22 09:45:55.600000,2024-05-22 09:55:31.300000,9.595
20,2024-05-22 09:57:11.033333,2024-05-22 10:03:10.866667,5.997222233333333
20,2024-05-22 10:04:54.433333,2024-05-22 10:07:41.566667,2.7855555666666665
20,2024-05-22 10:09:19.666667,2024-05-22 10:11:38.233333,2.3094444333333333
20,2024-05-22 10:13:12.000000,2024-05-22 10:15:42.833333,2.5138888833333337
20,2024-05-22 10:17:11.966667,2024-05-22 10:45:55.366667,28.723333333333336
20,2024-05-22 11:30:06.900000,2024-05-22 11:34:41.266667,4.572777783333334
20,2024-05-22 12:01:14.266667,2024-05-22 12:02:31.200000,1.2822222166666668
20,2024-05-22 12:07:06.733333,2024-05-22 12:08:35.033333,1.4716666666666667
20,2024-05-22 12:10:42.166667,2024-05-22 12:22:41.000000,11.98055555
20,2024-05-22 12:28:44.400000,2024-05-22 12:32:59.666667,4.25444445
20,2024-05-22 12:34:33.333333,2024-05-22 12:35:47.700000,1.2394444500000001
20,2024-05-22 12:40:55.300000,2024-05-22 12:42:09.733333,1.24055555
20,2024-05-22 12:59:24.100000,2024-05-22 14:01:33.500000,62.156666666666666
20,2024-05-22 14:09:22.833333,2024-05-22 14:12:13.866667,2.8505555666666664
20,2024-05-22 14:15:08.700000,2024-05-22 14:16:54.266667,1.75944445
20,2024-05-22 14:19:25.766667,2024-05-22 14:21:20.133333,1.9061111
20,2024-05-22 14:28:23.766667,2024-05-22 15:00:05.100000,31.688888883333334
20,2024-05-22 15:01:23.433333,2024-05-22 15:21:37.600000,20.236111116666667
20,2024-05-22 15:21:49.466667,2024-05-22 15:32:54.866667,11.09
20,2024-05-22 15:35:00.433333,2024-05-22 15:40:43.066667,5.710555566666667
20,2024-05-22 15:42:11.866667,2024-05-22 15:48:29.566667,6.295
20,2024-05-22 15:50:03.533333,2024-05-22 15:59:19.466667,9.265555566666666
20,2024-05-22 16:09:18.733333,2024-05-22 16:17:59.833333,8.685
20,2024-05-22 16:33:59.933333,2024-05-22 16:35:22.833333,1.3816666666666668
20,2024-05-22 17:00:32.000000,2024-05-22 17:12:57.766667,12.42944445
20,2024-05-22 17:35:50.766667,2024-05-22 17:41:55.333333,6.0761111
20,2024-05-22 17:55:33.900000,2024-05-22 18:23:23.966667,27.83444445
20,2024-05-22 18:24:58.166667,2024-05-22 18:29:11.366667,4.22
20,2024-05-22 18:38:15.266667,2024-05-22 18:43:39.600000,5.40555555
20,2024-05-23 09:34:53.766667,2024-05-23 09:43:42.466667,8.811666666666667
20,2024-05-23 09:44:01.600000,2024-05-23 09:47:14.800000,3.2199999999999998
20,2024-05-23 09:57:37.433333,2024-05-23 10:27:39.966667,30.042222233333334
20,2024-05-23 10:29:14.166667,2024-05-23 10:53:47.566667,24.55666666666667
20,2024-05-23 10:56:07.400000,2024-05-23 10:58:08.166667,2.012777783333333
20,2024-05-23 10:59:02.300000,2024-05-23 11:08:15.433333,9.218888883333333
20,2024-05-23 11:09:30.966667,2024-05-23 11:11:26.666667,1.9283333333333335
20,2024-05-23 11:14:33.500000,2024-05-23 11:16:56.800000,2.3883333333333336
20,2024-05-23 11:18:11.366667,2024-05-23 11:20:13.266667,2.0316666666666667
20,2024-05-23 11:22:14.433333,2024-05-23 11:29:48.433333,7.566666666666666
20,2024-05-23 11:31:55.966667,2024-05-23 11:33:56.133333,2.0027777666666666
20,2024-05-23 11:48:50.900000,2024-05-23 11:51:50.233333,2.9888888833333334
20,2024-05-23 11:53:22.133333,2024-05-23 11:54:51.000000,1.4811111166666668
20,2024-05-23 11:57:43.866667,2024-05-23 11:59:09.266667,1.4233333333333333
20,2024-05-23 12:03:24.766667,2024-05-23 12:05:49.633333,2.4144444333333337
20,2024-05-23 12:06:45.000000,2024-05-23 12:30:47.333333,24.038888883333335
20,2024-05-23 12:32:18.133333,2024-05-23 12:39:58.600000,7.674444449999999
20,2024-05-23 12:41:32.400000,2024-05-23 12:55:51.200000,14.313333333333333
20,2024-05-23 12:57:42.233333,2024-05-23 13:09:36.433333,11.903333333333334
20,2024-05-23 13:11:14.033333,2024-05-23 13:18:56.566667,7.708888900000001
20,2024-05-23 13:20:42.866667,2024-05-23 13:28:30.633333,7.7961111
20,2024-05-23 13:29:58.666667,2024-05-23 13:38:29.833333,8.519444433333334
20,2024-05-23 13:39:54.266667,2024-05-23 13:41:39.833333,1.7594444333333332
20,2024-05-23 13:42:29.533333,2024-05-23 13:48:09.233333,5.661666666666666
20,2024-05-23 13:49:37.900000,2024-05-23 14:05:17.333333,15.657222216666666
20,2024-05-23 14:07:01.133333,2024-05-23 14:11:28.466667,4.455555566666666
20,2024-05-23 14:13:09.033333,2024-05-23 14:19:24.966667,6.2655555666666665
20,2024-05-23 14:23:26.066667,2024-05-23 14:24:58.866667,1.5466666666666666
20,2024-05-23 14:28:30.200000,2024-05-23 14:29:45.166667,1.24944445
20,2024-05-23 14:31:45.900000,2024-05-23 14:32:45.900000,1.0
20,2024-05-23 14:37:41.333333,2024-05-23 14:39:21.133333,1.6633333333333333
20,2024-05-23 14:40:52.500000,2024-05-23 14:42:05.133333,1.2105555499999998
20,2024-05-23 14:46:52.600000,2024-05-23 14:49:03.366667,2.17944445
20,2024-05-23 14:58:50.033333,2024-05-23 15:02:28.600000,3.6427777833333335
20,2024-05-23 15:03:18.466667,2024-05-23 15:11:03.866667,7.756666666666666
20,2024-05-23 15:21:01.933333,2024-05-23 15:24:41.733333,3.6633333333333336
20,2024-05-23 15:26:06.533333,2024-05-23 15:29:28.400000,3.36444445
20,2024-05-23 15:30:52.900000,2024-05-23 15:35:14.566667,4.361111116666667
20,2024-05-23 15:36:43.966667,2024-05-23 15:52:32.933333,15.8161111
20,2024-05-23 15:54:04.366667,2024-05-23 16:06:54.066667,12.828333333333335
20,2024-05-23 16:08:30.900000,2024-05-23 16:35:48.600000,27.295
20,2024-05-23 16:39:22.100000,2024-05-23 17:11:40.100000,32.3
20,2024-05-23 17:14:36.000000,2024-05-23 17:21:40.033333,7.067222216666667
20,2024-05-23 17:24:39.133333,2024-05-23 17:33:11.800000,8.544444449999999
20,2024-05-23 17:35:14.133333,2024-05-23 17:37:15.233333,2.018333333333333
20,2024-05-23 17:38:41.166667,2024-05-23 18:20:34.133333,41.88277776666666
20,2024-05-23 18:22:39.866667,2024-05-23 18:39:22.300000,16.707222216666665
20,2024-05-23 18:39:24.166667,2024-05-23 18:54:49.166667,15.416666666666666
20,2024-05-24 09:15:17.700000,2024-05-24 09:17:01.966667,1.7377777833333332
20,2024-05-24 09:18:33.166667,2024-05-24 09:26:13.600000,7.673888883333333
20,2024-05-24 09:29:24.333333,2024-05-24 09:31:03.866667,1.6588889
20,2024-05-24 09:36:12.700000,2024-05-24 09:39:22.000000,3.1550000000000002
20,2024-05-24 09:54:34.266667,2024-05-24 10:00:39.466667,6.086666666666667
20,2024-05-24 10:03:08.566667,2024-05-24 10:10:37.033333,7.474444433333333
20,2024-05-24 10:15:29.766667,2024-05-24 10:30:30.800000,15.017222216666665
20,2024-05-24 10:32:16.300000,2024-05-24 10:36:59.833333,4.72555555
20,2024-05-24 10:38:35.166667,2024-05-24 11:02:51.700000,24.27555555
20,2024-05-24 11:04:20.666667,2024-05-24 11:27:40.466667,23.33
20,2024-05-24 11:27:49.666667,2024-05-24 11:42:56.133333,15.107777766666667
20,2024-05-24 11:43:45.800000,2024-05-24 11:44:36.366667,0.8427777833333334
20,2024-05-24 11:47:13.133333,2024-05-24 12:35:27.066667,48.23222223333333
20,2024-05-24 12:37:49.000000,2024-05-24 13:18:49.166667,41.002777783333336
20,2024-05-24 14:20:27.633333,2024-05-24 14:24:09.100000,3.691111116666667
20,2024-05-24 14:25:45.000000,2024-05-24 15:10:44.433333,44.990555549999996
20,2024-05-24 15:11:02.600000,2024-05-24 15:14:06.300000,3.0616666666666665
20,2024-05-24 15:42:44.766667,2024-05-24 16:12:25.400000,29.677222216666667
20,2024-05-25 09:19:20.400000,2024-05-25 09:20:26.400000,1.1
20,2024-05-25 09:22:03.766667,2024-05-25 09:22:44.266667,0.675
20,2024-05-25 09:23:06.000000,2024-05-25 09:34:12.900000,11.115
20,2024-05-25 09:35:43.666667,2024-05-25 09:54:25.066667,18.69
20,2024-05-25 10:43:54.533333,2024-05-25 11:11:35.333333,27.68
20,2024-05-25 11:14:41.900000,2024-05-25 11:28:07.666667,13.42944445
20,2024-05-25 11:30:22.700000,2024-05-25 11:40:07.833333,9.752222216666667
20,2024-05-25 11:42:01.333333,2024-05-25 12:39:42.166667,57.68055556666666
20,2024-05-26 12:04:14.433333,2024-05-26 12:06:38.100000,2.39444445
20,2024-05-26 12:07:49.300000,2024-05-26 12:09:29.100000,1.6633333333333333
20,2024-05-26 12:11:06.600000,2024-05-26 12:19:30.400000,8.396666666666667
20,2024-05-26 12:21:58.333333,2024-05-26 12:27:25.200000,5.447777783333334
20,2024-05-26 12:31:52.066667,2024-05-26 12:40:52.966667,9.014999999999999
20,2024-05-26 12:47:41.300000,2024-05-26 12:48:51.533333,1.17055555
20,2024-05-26 12:51:05.800000,2024-05-26 13:03:58.300000,12.875
20,2024-05-26 13:05:45.700000,2024-05-26 13:07:23.100000,1.6233333333333335
20,2024-05-26 13:09:56.400000,2024-05-26 13:11:43.533333,1.78555555
20,2024-05-26 13:13:16.100000,2024-05-26 13:15:13.866667,1.9627777833333333
20,2024-05-26 13:16:20.566667,2024-05-26 13:17:56.833333,1.6044444333333334
20,2024-05-26 13:18:58.733333,2024-05-26 13:20:31.133333,1.54
20,2024-05-26 13:35:25.766667,2024-05-26 13:36:55.166667,1.49
20,2024-05-26 13:37:55.966667,2024-05-26 14:17:59.500000,40.05888888333333
20,2024-05-26 14:32:12.766667,2024-05-26 14:33:26.766667,1.2333333333333334
20,2024-05-26 14:36:18.333333,2024-05-26 14:37:53.533333,1.5866666666666667
20,2024-05-26 14:38:58.433333,2024-05-26 14:40:05.300000,1.1144444500000001
20,2024-05-26 14:43:12.100000,2024-05-26 14:44:29.533333,1.29055555
20,2024-05-26 14:45:31.000000,2024-05-26 14:56:22.000000,10.85
20,2024-05-26 15:00:09.333333,2024-05-26 15:01:27.266667,1.2988889000000001
20,2024-05-26 15:04:37.733333,2024-05-26 15:05:30.333333,0.8766666666666667
20,2024-05-26 15:07:45.866667,2024-05-26 15:09:05.166667,1.3216666666666665
20,2024-05-26 15:12:41.500000,2024-05-26 15:13:39.866667,0.9727777833333333
20,2024-05-26 15:18:53.433333,2024-05-26 15:20:09.100000,1.2611111166666666
20,2024-05-26 15:52:08.766667,2024-05-26 15:58:22.233333,6.224444433333333
20,2024-05-26 16:00:06.766667,2024-05-26 16:03:47.033333,3.6711110999999996
20,2024-05-26 16:04:35.733333,2024-05-26 16:06:32.000000,1.9377777833333334
20,2024-05-26 16:07:42.833333,2024-05-26 16:08:45.000000,1.0361111166666666
20,2024-05-26 16:10:29.933333,2024-05-26 16:11:28.200000,0.9711111166666666
20,2024-05-26 16:14:13.433333,2024-05-26 16:47:18.433333,33.083333333333336
20,2024-05-26 16:51:59.500000,2024-05-26 16:53:01.100000,1.0266666666666666
20,2024-05-26 16:59:21.633333,2024-05-26 17:00:36.466667,1.2472222333333332
20,2024-05-26 17:15:15.700000,2024-05-26 17:16:21.900000,1.1033333333333333
20,2024-05-26 17:17:04.300000,2024-05-26 17:42:49.900000,25.759999999999998
20,2024-05-26 17:47:02.100000,2024-05-26 17:51:21.633333,4.325555550000001
20,2024-05-26 17:51:53.933333,2024-05-26 17:55:06.066667,3.202222233333333
20,2024-05-26 17:56:15.433333,2024-05-26 17:57:19.866667,1.0738889
20,2024-05-27 12:37:12.466667,2024-05-27 12:37:51.566667,0.6516666666666667
20,2024-05-27 12:52:43.033333,2024-05-27 13:27:07.266667,34.4038889
20,2024-05-27 13:40:31.266667,2024-05-27 13:42:45.866667,2.243333333333333
20,2024-05-27 14:03:20.300000,2024-05-27 14:31:08.033333,27.79555555
20,2024-05-27 14:35:56.766667,2024-05-27 14:39:02.133333,3.0894444333333335
20,2024-05-27 15:09:21.833333,2024-05-27 15:10:31.533333,1.1616666666666666
20,2024-05-27 15:10:58.900000,2024-05-27 15:12:33.566667,1.5777777833333333
20,2024-05-27 15:14:47.733333,2024-05-27 15:49:52.466667,35.0788889
20,2024-05-29 09:32:36.766667,2024-05-29 09:33:32.833333,0.9344444333333333
20,2024-05-31 10:10:49.200000,2024-05-31 10:15:36.500000,4.788333333333333
20,2024-06-01 10:14:54.133333,2024-06-01 10:16:02.633333,1.1416666666666666
21,2024-04-20 11:02:09.900000,2024-04-20 11:21:49.866667,19.666111116666666
21,2024-04-22 10:44:43.400000,2024-04-22 10:56:05.100000,11.361666666666668
21,2024-04-22 11:59:14.766667,2024-04-22 13:10:46.000000,71.52055555
21,2024-04-23 09:53:54.100000,2024-04-23 10:50:03.366667,56.15444445
21,2024-04-24 12:25:11.800000,2024-04-24 13:17:39.633333,52.46388888333333
21,2024-04-24 13:19:29.733333,2024-04-24 15:10:18.033333,110.805
21,2024-04-28 10:26:51.400000,2024-04-28 10:33:28.166667,6.612777783333333
21,2024-04-28 10:44:21.633333,2024-04-28 11:22:38.333333,38.27833333333333
21,2024-04-28 12:18:25.633333,2024-04-28 12:21:09.833333,2.7366666666666664
21,2024-04-28 16:12:45.633333,2024-04-28 16:20:21.966667,7.605555566666666
21,2024-04-28 16:20:56.066667,2024-04-28 17:26:22.133333,65.43444443333334
21,2024-04-29 12:26:32.566667,2024-04-29 12:56:13.733333,29.6861111
21,2024-04-30 11:00:38.533333,2024-04-30 11:10:08.333333,9.496666666666666
21,2024-04-30 11:22:07.033333,2024-04-30 12:02:57.600000,40.84277778333333
21,2024-04-30 12:04:05.433333,2024-04-30 12:22:00.800000,17.922777783333334
21,2024-04-30 13:32:10.433333,2024-04-30 14:10:03.166667,37.8788889
21,2024-04-30 14:10:19.366667,2024-04-30 14:41:11.300000,30.86555555
21,2024-04-30 14:42:12.233333,2024-04-30 14:53:55.166667,11.715555566666666
21,2024-04-30 14:56:13.166667,2024-04-30 14:57:56.866667,1.7283333333333333
21,2024-04-30 15:03:13.866667,2024-04-30 15:38:46.033333,35.5361111
21,2024-05-01 11:07:50.033333,2024-05-01 11:32:47.266667,24.9538889
21,2024-05-01 11:33:33.066667,2024-05-01 11:41:02.000000,7.482222216666667
21,2024-05-01 11:42:40.733333,2024-05-01 11:48:38.766667,5.967222233333334
21,2024-05-01 11:50:12.600000,2024-05-01 12:03:24.033333,13.19055555
21,2024-05-01 12:05:04.500000,2024-05-01 12:11:26.900000,6.373333333333333
21,2024-05-01 12:13:07.966667,2024-05-01 12:20:33.566667,7.426666666666667
21,2024-05-01 12:24:13.000000,2024-05-01 12:26:15.700000,2.045
21,2024-05-01 12:35:10.833333,2024-05-01 12:40:11.966667,5.018888899999999
21,2024-05-01 12:40:24.800000,2024-05-01 12:45:53.100000,5.471666666666667
21,2024-05-01 12:46:06.400000,2024-05-01 12:51:35.433333,5.483888883333334
21,2024-05-01 13:00:13.900000,2024-05-01 13:01:33.166667,1.3211111166666667
21,2024-05-01 13:02:21.100000,2024-05-01 13:04:01.933333,1.68055555
21,2024-05-01 13:04:15.566667,2024-05-01 13:05:57.900000,1.70555555
21,2024-05-01 13:16:51.900000,2024-05-01 13:25:58.000000,9.101666666666667
21,2024-05-01 13:37:04.600000,2024-05-01 13:54:45.966667,17.68944445
21,2024-05-01 13:56:16.366667,2024-05-01 14:20:08.033333,23.861111100000002
21,2024-05-01 14:21:52.100000,2024-05-01 14:29:03.700000,7.193333333333333
21,2024-05-01 14:29:37.200000,2024-05-01 14:36:39.866667,7.04444445
21,2024-05-01 14:38:10.333333,2024-05-01 14:47:13.866667,9.0588889
21,2024-05-01 14:48:55.966667,2024-05-01 14:56:53.800000,7.9638888833333334
21,2024-05-01 14:58:27.366667,2024-05-01 14:59:20.300000,0.8822222166666667
21,2024-05-01 14:59:34.800000,2024-05-01 15:02:40.966667,3.102777783333333
21,2024-05-01 15:04:18.566667,2024-05-01 15:12:41.600000,8.383888883333334
21,2024-05-01 15:14:28.900000,2024-05-01 15:15:11.866667,0.7161111166666667
21,2024-05-01 15:15:19.266667,2024-05-01 15:21:03.966667,5.745
21,2024-05-01 15:23:04.266667,2024-05-01 15:26:31.200000,3.4488888833333333
21,2024-05-01 15:27:59.000000,2024-05-01 15:35:28.033333,7.483888883333334
21,2024-05-01 15:38:29.066667,2024-05-01 15:58:15.500000,19.77388888333333
21,2024-05-01 16:00:02.700000,2024-05-01 16:12:37.500000,12.58
21,2024-05-01 16:14:16.300000,2024-05-01 16:22:28.566667,8.20444445
21,2024-05-01 16:24:17.566667,2024-05-01 16:24:55.366667,0.63
21,2024-05-01 16:32:34.833333,2024-05-01 16:33:59.466667,1.4105555666666667
21,2024-05-01 16:39:09.000000,2024-05-01 16:52:44.166667,13.586111116666666
21,2024-05-01 16:54:14.700000,2024-05-01 16:55:55.733333,1.6838888833333334
21,2024-05-01 16:57:26.400000,2024-05-01 16:58:53.100000,1.445
21,2024-05-01 16:59:39.700000,2024-05-01 17:01:06.966667,1.45444445
21,2024-05-01 17:01:22.600000,2024-05-01 17:06:08.266667,4.761111116666667
21,2024-05-01 17:07:32.433333,2024-05-01 17:08:42.800000,1.1727777833333335
21,2024-05-01 17:10:47.966667,2024-05-01 17:11:37.700000,0.8288888833333333
21,2024-05-01 17:13:30.000000,2024-05-01 17:14:54.000000,1.4
21,2024-05-01 17:19:16.166667,2024-05-01 17:23:47.133333,4.5161111
21,2024-05-01 17:44:35.666667,2024-05-01 17:50:52.633333,6.282777766666666
21,2024-05-01 18:44:51.766667,2024-05-01 18:55:57.833333,11.1011111
21,2024-05-02 08:57:50.166667,2024-05-02 09:00:22.766667,2.5433333333333334
21,2024-05-02 09:01:25.666667,2024-05-02 09:03:16.900000,1.8538888833333333
21,2024-05-02 09:05:17.533333,2024-05-02 09:08:00.233333,2.7116666666666664
21,2024-05-02 09:27:46.000000,2024-05-02 09:32:08.733333,4.3788888833333335
21,2024-05-02 09:33:22.633333,2024-05-02 09:40:15.233333,6.876666666666667
21,2024-05-02 09:42:20.666667,2024-05-02 09:49:00.100000,6.657222216666667
21,2024-05-02 09:50:39.966667,2024-05-02 10:07:29.033333,16.81777776666667
21,2024-05-02 10:08:20.566667,2024-05-02 10:16:13.666667,7.885000000000001
21,2024-05-02 10:17:16.666667,2024-05-02 10:24:33.633333,7.282777766666666
21,2024-05-02 10:26:27.433333,2024-05-02 10:30:11.000000,3.7261111166666665
21,2024-05-02 10:30:11.966667,2024-05-02 10:34:16.166667,4.069999999999999
21,2024-05-02 10:44:02.633333,2024-05-02 10:50:58.200000,6.926111116666666
21,2024-05-02 10:51:53.566667,2024-05-02 10:58:27.000000,6.557222216666667
21,2024-05-02 11:00:27.066667,2024-05-02 11:06:49.133333,6.367777766666666
21,2024-05-02 11:17:30.933333,2024-05-02 11:24:52.766667,7.3638889
21,2024-05-02 11:35:22.733333,2024-05-02 11:44:06.066667,8.722222233333333
21,2024-05-02 11:45:50.900000,2024-05-02 11:46:39.100000,0.8033333333333333
21,2024-05-02 11:49:51.466667,2024-05-02 11:52:04.833333,2.222777766666667
21,2024-05-02 11:53:11.733333,2024-05-02 11:55:49.066667,2.6222222333333334
21,2024-05-02 11:56:52.400000,2024-05-02 11:58:26.366667,1.5661111166666666
21,2024-05-02 11:59:40.700000,2024-05-02 12:04:01.233333,4.342222216666667
21,2024-05-02 12:05:11.933333,2024-05-02 12:06:54.766667,1.7138889
21,2024-05-02 12:12:12.533333,2024-05-02 12:14:49.000000,2.6077777833333333
21,2024-05-06 16:50:38.066667,2024-05-06 16:52:40.533333,2.0411111
21,2024-05-06 16:54:35.400000,2024-05-06 17:01:18.300000,6.715
21,2024-05-06 17:05:52.066667,2024-05-06 17:07:36.400000,1.7388888833333334
21,2024-05-06 17:10:32.200000,2024-05-06 17:12:21.366667,1.81944445
21,2024-05-06 17:21:27.233333,2024-05-06 17:34:44.400000,13.286111116666666
21,2024-05-06 17:35:17.600000,2024-05-06 17:36:13.766667,0.9361111166666666
21,2024-05-06 17:39:43.900000,2024-05-06 17:46:18.033333,6.568888883333333
21,2024-05-06 17:46:20.900000,2024-05-06 17:51:24.166667,5.05444445
21,2024-05-06 18:06:47.266667,2024-05-06 18:12:05.466667,5.303333333333333
21,2024-05-07 10:18:18.266667,2024-05-07 10:59:13.666667,40.92333333333333
21,2024-05-07 11:21:07.266667,2024-05-07 11:29:53.466667,8.770000000000001
21,2024-05-07 11:32:12.333333,2024-05-07 11:40:50.866667,8.642222233333333
21,2024-05-07 11:42:01.200000,2024-05-07 11:51:50.733333,9.825555549999999
21,2024-05-07 11:53:49.333333,2024-05-07 12:03:27.933333,9.643333333333334
21,2024-05-07 12:05:32.900000,2024-05-07 12:20:08.200000,14.588333333333333
21,2024-05-07 12:31:42.000000,2024-05-07 12:50:55.633333,19.227222216666668
21,2024-05-07 12:52:31.433333,2024-05-07 13:03:29.166667,10.962222233333334
21,2024-05-07 13:05:05.066667,2024-05-07 13:12:18.266667,7.22
21,2024-05-07 13:13:22.366667,2024-05-07 13:14:39.733333,1.2894444333333333
21,2024-05-07 13:15:53.400000,2024-05-07 13:21:24.433333,5.517222216666667
21,2024-05-07 13:22:31.700000,2024-05-07 13:24:20.166667,1.8077777833333333
21,2024-05-07 13:25:14.600000,2024-05-07 13:26:48.166667,1.55944445
21,2024-05-07 13:28:04.300000,2024-05-07 13:45:43.033333,17.645555549999997
21,2024-05-07 13:46:43.633333,2024-05-07 13:48:25.900000,1.70444445
21,2024-05-07 13:54:41.400000,2024-05-07 14:02:57.800000,8.273333333333333
21,2024-05-07 14:03:55.600000,2024-05-07 14:08:29.633333,4.567222216666667
21,2024-05-07 14:09:34.800000,2024-05-07 14:21:43.366667,12.142777783333335
21,2024-05-07 14:23:53.533333,2024-05-07 14:27:05.400000,3.1977777833333336
21,2024-05-07 14:31:35.200000,2024-05-07 14:34:27.900000,2.878333333333333
21,2024-05-07 14:42:08.166667,2024-05-07 14:44:42.566667,2.5733333333333333
21,2024-05-07 14:55:02.466667,2024-05-07 14:56:00.000000,0.9588888833333333
21,2024-05-07 15:00:37.733333,2024-05-07 15:01:24.966667,0.7872222333333333
21,2024-05-07 15:01:26.533333,2024-05-07 15:03:34.966667,2.140555566666667
21,2024-05-07 15:03:55.966667,2024-05-07 15:08:24.200000,4.47055555
21,2024-05-07 15:08:33.866667,2024-05-07 15:10:42.333333,2.1411111000000003
21,2024-05-07 15:13:07.833333,2024-05-07 15:19:00.200000,5.8727777833333334
21,2024-05-07 15:19:02.466667,2024-05-07 15:21:54.400000,2.8655555500000003
21,2024-05-07 15:21:56.933333,2024-05-07 15:26:59.900000,5.049444449999999
21,2024-05-07 15:28:01.133333,2024-05-07 15:29:54.266667,1.8855555666666668
21,2024-05-07 15:30:01.000000,2024-05-07 15:33:33.133333,3.5355555499999998
21,2024-05-07 15:36:55.900000,2024-05-07 15:39:33.533333,2.6272222166666666
21,2024-05-07 15:39:42.400000,2024-05-07 15:42:27.866667,2.7577777833333332
21,2024-05-07 15:42:37.966667,2024-05-07 15:44:13.766667,1.5966666666666667
21,2024-05-07 15:44:30.133333,2024-05-07 17:33:03.066667,108.54888890000001
21,2024-05-07 17:35:57.000000,2024-05-07 17:45:30.733333,9.562222216666667
21,2024-05-07 17:45:40.200000,2024-05-07 17:49:59.633333,4.323888883333334
21,2024-05-07 18:00:25.300000,2024-05-07 18:09:59.700000,9.573333333333332
21,2024-05-07 18:16:35.766667,2024-05-07 18:18:42.000000,2.1038888833333336
21,2024-05-08 09:20:00.000000,2024-05-08 09:44:10.400000,24.173333333333336
21,2024-05-08 10:47:33.866667,2024-05-08 11:09:16.066667,21.703333333333333
21,2024-05-08 11:35:49.400000,2024-05-08 11:36:54.733333,1.0888888833333332
21,2024-05-11 11:06:11.900000,2024-05-11 11:06:42.533333,0.51055555
21,2024-05-11 11:06:51.666667,2024-05-11 11:08:12.433333,1.3461111000000001
21,2024-05-17 13:12:49.533333,2024-05-17 13:36:56.933333,24.123333333333335
21,2024-05-17 13:36:57.966667,2024-05-17 13:43:49.400000,6.857222216666667
21,2024-05-18 10:30:31.200000,2024-05-18 11:15:17.500000,44.77166666666667
21,2024-05-18 16:02:49.466667,2024-05-18 16:07:38.133333,4.811111100000001
21,2024-05-20 12:44:15.000000,2024-05-20 13:04:54.333333,20.65555555
21,2024-05-20 13:05:41.133333,2024-05-20 13:08:56.366667,3.2538889
21,2024-05-20 13:09:26.133333,2024-05-20 13:13:39.233333,4.218333333333333
21,2024-05-20 13:13:47.166667,2024-05-20 14:55:42.600000,101.92388888333333
21,2024-05-23 09:56:14.133333,2024-05-23 09:57:49.400000,1.5877777833333333
21,2024-05-23 13:11:58.700000,2024-05-23 13:44:03.500000,32.08
21,2024-05-24 11:26:45.466667,2024-05-24 12:30:38.366667,63.88166666666667
21,2024-05-27 15:19:08.766667,2024-05-27 15:44:38.533333,25.4961111
21,2024-05-27 15:44:46.933333,2024-05-27 15:47:19.033333,2.5349999999999997
21,2024-05-27 15:47:19.433333,2024-05-27 15:48:52.700000,1.5544444499999999
21,2024-05-27 15:49:13.166667,2024-05-27 16:38:15.366667,49.03666666666666
21,2024-05-27 16:39:28.633333,2024-05-27 16:55:57.233333,16.476666666666667
21,2024-05-27 16:56:00.766667,2024-05-27 16:57:22.133333,1.3561111
21,2024-05-27 16:58:03.066667,2024-05-27 17:02:05.100000,4.033888883333334
21,2024-06-03 15:36:03.366667,2024-06-03 16:49:59.333333,73.93277776666667
22,2024-04-26 10:14:09.733333,2024-04-26 12:01:18.966667,107.1538889
22,2024-04-28 13:47:37.933333,2024-04-28 14:01:33.466667,13.925555566666667
22,2024-04-28 17:09:27.900000,2024-04-28 17:27:10.666667,17.712777783333333
22,2024-04-29 14:09:27.600000,2024-04-29 15:59:55.666667,110.46777778333333
22,2024-04-30 10:58:31.500000,2024-04-30 11:26:16.166667,27.74444445
22,2024-04-30 11:26:26.600000,2024-04-30 11:44:48.033333,18.357222216666667
22,2024-04-30 11:46:01.700000,2024-04-30 12:16:44.100000,30.706666666666667
22,2024-04-30 12:17:23.966667,2024-04-30 12:28:00.133333,10.602777766666666
22,2024-04-30 12:54:16.533333,2024-04-30 12:59:31.400000,5.2477777833333334
22,2024-04-30 13:00:41.800000,2024-04-30 13:02:10.900000,1.4849999999999999
22,2024-04-30 13:04:02.633333,2024-04-30 13:19:19.966667,15.2888889
22,2024-04-30 13:21:53.433333,2024-04-30 13:34:28.733333,12.588333333333333
22,2024-04-30 13:37:22.366667,2024-04-30 13:48:53.966667,11.526666666666667
22,2024-04-30 13:50:31.466667,2024-04-30 13:57:59.966667,7.475
22,2024-04-30 14:35:35.500000,2024-04-30 14:37:17.766667,1.70444445
22,2024-04-30 14:39:40.633333,2024-04-30 15:11:49.100000,32.141111116666664
22,2024-04-30 15:14:52.433333,2024-04-30 15:16:20.966667,1.4755555666666667
22,2024-04-30 15:18:22.500000,2024-04-30 15:19:54.366667,1.5311111166666669
22,2024-05-01 09:28:13.366667,2024-05-01 10:27:42.133333,59.479444433333335
22,2024-05-01 10:39:48.333333,2024-05-01 11:24:00.433333,44.20166666666667
22,2024-05-01 12:45:42.133333,2024-05-01 12:50:22.800000,4.677777783333334
22,2024-05-01 12:51:25.533333,2024-05-01 13:03:28.166667,12.0438889
22,2024-05-01 13:03:55.366667,2024-05-01 13:28:01.966667,24.11
22,2024-05-01 13:29:29.200000,2024-05-01 13:47:26.900000,17.961666666666666
22,2024-05-01 14:10:44.700000,2024-05-01 15:45:12.800000,94.46833333333333
22,2024-05-06 18:03:48.733333,2024-05-06 18:12:22.100000,8.556111116666667
22,2024-05-07 18:18:43.900000,2024-05-07 18:26:33.233333,7.822222216666666
22,2024-05-08 09:32:09.266667,2024-05-08 09:46:11.366667,14.035
22,2024-05-08 09:47:35.133333,2024-05-08 09:50:11.466667,2.6055555666666668
22,2024-05-08 09:51:06.733333,2024-05-08 09:52:49.433333,1.7116666666666667
22,2024-05-08 09:53:25.466667,2024-05-08 10:12:43.400000,19.298888883333333
22,2024-05-08 10:43:29.933333,2024-05-08 10:44:26.933333,0.95
22,2024-05-08 10:45:18.366667,2024-05-08 10:45:51.766667,0.5566666666666666
22,2024-05-08 10:49:35.300000,2024-05-08 10:59:36.900000,10.026666666666667
22,2024-05-08 11:02:18.366667,2024-05-08 11:03:03.733333,0.7561111
22,2024-05-08 11:03:10.833333,2024-05-08 11:07:37.900000,4.451111116666667
22,2024-05-08 11:19:07.033333,2024-05-08 12:05:54.866667,46.79722223333333
22,2024-05-08 12:08:19.800000,2024-05-08 12:15:19.733333,6.998888883333334
22,2024-05-08 12:17:23.066667,2024-05-08 12:19:02.666667,1.66
22,2024-05-08 12:20:22.500000,2024-05-08 12:32:06.566667,11.734444450000002
22,2024-05-19 09:27:44.566667,2024-05-19 09:31:24.133333,3.6594444333333334
22,2024-05-19 12:32:39.333333,2024-05-19 14:08:02.700000,95.38944445
22,2024-05-20 09:18:22.833333,2024-05-20 09:48:44.600000,30.362777783333335
22,2024-05-20 09:48:45.766667,2024-05-20 10:33:55.866667,45.16833333333333
22,2024-05-22 14:10:10.266667,2024-05-22 15:22:17.033333,72.11277776666667
22,2024-05-22 15:22:26.133333,2024-05-22 15:27:09.500000,4.722777783333333
22,2024-05-22 15:27:13.866667,2024-05-22 15:45:04.466667,17.84333333333333
22,2024-05-22 15:45:18.833333,2024-05-22 16:47:24.733333,62.098333333333336
22,2024-05-22 16:47:26.866667,2024-05-22 17:35:14.233333,47.78944443333333
22,2024-05-23 12:30:01.600000,2024-05-23 13:36:48.866667,66.78777778333333
22,2024-05-27 15:12:00.566667,2024-05-27 16:37:50.233333,85.82777776666667
22,2024-05-27 16:37:52.766667,2024-05-27 16:41:25.733333,3.5494444333333335
22,2024-06-03 15:06:23.433333,2024-06-03 15:08:25.800000,2.03944445
22,2024-06-03 15:08:44.500000,2024-06-03 15:20:06.833333,11.372222216666668
23,2024-04-20 09:44:13.900000,2024-04-20 09:50:57.466667,6.726111116666667
23,2024-04-20 10:54:23.200000,2024-04-20 10:59:43.700000,5.341666666666667
23,2024-04-22 10:45:46.033333,2024-04-22 11:13:06.533333,27.341666666666665
23,2024-04-22 11:17:17.466667,2024-04-22 13:14:02.400000,116.74888888333334
23,2024-04-23 09:53:32.266667,2024-04-23 10:01:52.766667,8.341666666666667
23,2024-04-23 10:42:16.233333,2024-04-23 10:45:11.533333,2.921666666666667
23,2024-04-23 10:47:18.800000,2024-04-23 10:52:42.833333,5.400555550000001
23,2024-04-24 10:45:30.100000,2024-04-24 10:53:44.500000,8.24
23,2024-04-26 09:30:26.566667,2024-04-26 09:42:16.033333,11.824444433333333
23,2024-04-26 10:20:49.500000,2024-04-26 11:03:00.066667,42.17611111666667
23,2024-04-28 10:00:44.933333,2024-04-28 10:31:44.700000,30.99611111666667
23,2024-04-28 17:37:09.066667,2024-04-28 17:40:10.333333,3.0211110999999997
23,2024-04-29 09:49:42.166667,2024-04-29 10:31:29.266667,41.785
23,2024-04-29 11:09:23.266667,2024-04-29 11:39:26.000000,30.04555555
23,2024-04-29 11:39:50.966667,2024-04-29 12:30:11.066667,50.335
23,2024-04-29 12:30:54.466667,2024-04-29 13:01:41.000000,30.77555555
23,2024-04-30 11:06:00.333333,2024-04-30 11:32:19.566667,26.320555566666666
23,2024-04-30 11:34:24.833333,2024-04-30 11:47:48.533333,13.395000000000001
23,2024-04-30 11:48:55.166667,2024-04-30 12:09:32.400000,20.62055555
23,2024-04-30 12:10:49.833333,2024-04-30 12:37:22.233333,26.540000000000003
23,2024-04-30 12:37:30.933333,2024-04-30 12:55:56.800000,18.431111116666667
23,2024-04-30 13:29:55.466667,2024-04-30 13:38:58.100000,9.043888883333333
23,2024-04-30 13:40:21.633333,2024-04-30 13:42:24.866667,2.0538889
23,2024-04-30 14:05:41.800000,2024-04-30 14:11:02.633333,5.347222216666666
23,2024-04-30 14:15:24.133333,2024-04-30 14:23:45.066667,8.3488889
23,2024-04-30 14:26:01.933333,2024-04-30 14:49:07.200000,23.087777783333333
23,2024-04-30 14:50:16.800000,2024-04-30 14:51:55.933333,1.6522222166666665
23,2024-04-30 14:52:25.400000,2024-04-30 15:47:36.700000,55.18833333333334
23,2024-05-01 08:58:04.900000,2024-05-01 09:52:16.700000,54.19666666666667
23,2024-05-01 09:54:15.833333,2024-05-01 10:15:21.833333,21.1
23,2024-05-01 10:16:25.000000,2024-05-01 10:56:33.566667,40.14277778333334
23,2024-05-01 11:16:59.100000,2024-05-01 11:48:52.066667,31.88277778333333
23,2024-05-01 11:49:00.466667,2024-05-01 12:28:31.133333,39.5111111
23,2024-05-01 12:30:07.166667,2024-05-01 12:47:51.733333,17.742777766666666
23,2024-05-01 18:02:24.700000,2024-05-01 18:50:27.233333,48.042222216666666
23,2024-05-02 10:24:31.433333,2024-05-02 11:12:32.833333,48.02333333333333
23,2024-05-06 17:42:38.166667,2024-05-06 17:49:20.500000,6.70555555
23,2024-05-08 09:31:32.733333,2024-05-08 10:33:14.266667,61.69222223333334
23,2024-05-08 10:52:38.933333,2024-05-08 11:03:12.900000,10.566111116666667
23,2024-05-08 11:03:18.000000,2024-05-08 11:22:12.900000,18.915000000000003
23,2024-05-08 11:27:14.166667,2024-05-08 11:52:20.700000,25.108888883333336
23,2024-05-08 11:54:25.200000,2024-05-08 12:22:29.733333,28.07555555
23,2024-05-08 12:23:58.700000,2024-05-08 13:35:01.933333,71.05388888333333
23,2024-05-19 12:02:17.566667,2024-05-19 13:47:22.066667,105.075
23,2024-05-19 14:41:41.366667,2024-05-19 16:03:54.700000,82.22222221666667
23,2024-05-19 16:03:55.900000,2024-05-19 17:41:08.266667,97.20611111666668
23,2024-05-19 17:41:52.266667,2024-05-19 18:55:20.700000,73.47388888333333
23,2024-05-20 09:34:29.766667,2024-05-20 10:30:20.000000,55.83722221666667
23,2024-05-20 10:30:21.433333,2024-05-20 10:43:03.700000,12.70444445
23,2024-05-20 10:43:04.966667,2024-05-20 11:59:56.733333,76.86277776666667
23,2024-05-20 11:59:57.700000,2024-05-20 13:02:00.966667,62.05444445
23,2024-05-20 13:02:04.566667,2024-05-20 13:07:04.966667,5.006666666666666
23,2024-05-20 13:09:45.966667,2024-05-20 13:10:44.033333,0.9677777666666666
23,2024-05-23 09:57:46.900000,2024-05-23 10:44:52.033333,47.08555555
23,2024-05-23 11:02:09.566667,2024-05-23 11:42:42.100000,40.542222216666666
23,2024-05-23 13:39:41.700000,2024-05-23 14:17:42.966667,38.02111111666667
23,2024-05-27 15:48:29.733333,2024-05-27 16:15:59.900000,27.502777783333332
24,2024-04-20 11:07:52.533333,2024-04-20 13:02:42.400000,114.83111111666668
24,2024-04-22 11:08:25.366667,2024-04-22 11:21:43.866667,13.308333333333334
24,2024-04-23 10:54:26.266667,2024-04-23 11:00:32.033333,6.0961111
24,2024-04-23 11:04:05.466667,2024-04-23 11:31:21.800000,27.272222216666666
24,2024-04-24 10:50:50.333333,2024-04-24 11:54:32.033333,63.695
24,2024-04-26 11:42:25.400000,2024-04-26 12:02:28.933333,20.058888883333335
24,2024-04-28 12:53:13.966667,2024-04-28 12:55:49.666667,2.5949999999999998
24,2024-04-30 10:49:35.366667,2024-04-30 12:05:49.133333,76.22944443333334
24,2024-04-30 12:06:46.666667,2024-04-30 12:14:38.533333,7.864444433333333
24,2024-04-30 12:15:19.400000,2024-04-30 12:24:47.600000,9.47
24,2024-04-30 12:25:39.533333,2024-04-30 12:37:32.666667,11.885555566666666
24,2024-04-30 12:40:30.433333,2024-04-30 12:58:15.500000,17.751111116666667
24,2024-04-30 12:58:43.466667,2024-04-30 13:24:05.200000,25.362222216666666
24,2024-04-30 13:24:06.666667,2024-04-30 14:00:20.533333,36.2311111
24,2024-04-30 14:02:17.833333,2024-04-30 14:40:58.133333,38.67166666666667
24,2024-04-30 14:41:09.200000,2024-04-30 14:51:35.133333,10.432222216666666
24,2024-04-30 14:51:49.000000,2024-04-30 14:57:46.000000,5.95
24,2024-05-01 17:54:28.966667,2024-05-01 18:42:57.700000,48.47888888333333
24,2024-05-02 09:32:06.900000,2024-05-02 11:12:51.900000,100.75
24,2024-05-07 18:17:17.333333,2024-05-07 18:23:44.400000,6.451111116666667
24,2024-05-07 18:24:41.200000,2024-05-07 18:26:36.266667,1.9177777833333332
24,2024-05-19 14:33:51.033333,2024-05-19 14:56:17.700000,22.44444445
24,2024-05-20 17:03:49.100000,2024-05-20 17:36:58.166667,33.15111111666667
24,2024-05-20 17:38:33.500000,2024-05-20 17:48:33.533333,10.00055555
24,2024-05-22 16:46:03.133333,2024-05-22 17:53:20.966667,67.29722223333333
24,2024-05-23 09:33:56.433333,2024-05-23 10:07:31.300000,33.58111111666667
24,2024-05-23 10:07:31.833333,2024-05-23 11:04:53.533333,57.361666666666665
25,2024-04-20 11:31:13.033333,2024-04-20 11:33:14.833333,2.03
25,2024-04-20 11:42:38.200000,2024-04-20 11:46:10.966667,3.546111116666667
25,2024-04-22 11:19:11.466667,2024-04-22 11:21:01.066667,1.8266666666666667
25,2024-04-22 11:23:06.833333,2024-04-22 11:24:56.066667,1.8205555666666666
25,2024-04-23 11:04:50.500000,2024-04-23 11:35:35.600000,30.751666666666665
25,2024-04-23 11:46:38.266667,2024-04-23 11:51:21.066667,4.713333333333334
25,2024-04-24 10:43:32.133333,2024-04-24 11:53:33.233333,70.01833333333335
25,2024-04-28 10:31:06.633333,2024-04-28 10:48:55.833333,17.82
25,2024-04-28 16:42:59.466667,2024-04-28 17:48:22.866667,65.39
25,2024-04-29 12:15:46.233333,2024-04-29 12:59:31.333333,43.751666666666665
25,2024-04-29 13:00:03.633333,2024-04-29 13:33:07.400000,33.06277778333334
25,2024-04-29 13:33:42.600000,2024-04-29 13:34:37.533333,0.91555555
25,2024-04-29 13:35:14.533333,2024-04-29 13:35:53.333333,0.6466666666666666
25,2024-04-30 11:37:31.700000,2024-04-30 12:05:25.133333,27.89055555
25,2024-04-30 12:06:24.933333,2024-04-30 12:28:04.533333,21.66
25,2024-04-30 12:30:40.100000,2024-04-30 13:05:38.866667,34.979444449999995
25,2024-04-30 13:06:41.266667,2024-04-30 13:13:49.766667,7.141666666666667
25,2024-04-30 13:14:59.033333,2024-04-30 13:34:10.800000,19.196111116666668
25,2024-04-30 13:34:26.633333,2024-04-30 13:39:05.066667,4.6405555666666665
25,2024-04-30 14:09:10.800000,2024-04-30 14:27:28.033333,18.287222216666667
25,2024-04-30 14:27:50.566667,2024-04-30 14:53:45.133333,25.90944443333333
25,2024-04-30 14:53:52.800000,2024-04-30 15:16:11.266667,22.307777783333332
25,2024-05-08 10:40:33.600000,2024-05-08 10:50:39.633333,10.10055555
25,2024-05-08 10:50:41.733333,2024-05-08 11:02:11.666667,11.498888899999999
25,2024-05-17 14:15:01.366667,2024-05-17 15:20:17.433333,65.26777776666667
25,2024-05-19 13:22:59.266667,2024-05-19 13:55:03.966667,32.07833333333333
25,2024-05-19 13:55:04.733333,2024-05-19 15:31:03.066667,95.97222223333333
25,2024-05-19 15:31:04.100000,2024-05-19 17:03:33.133333,92.48388888333334
25,2024-05-20 09:29:08.733333,2024-05-20 09:36:42.466667,7.562222233333333
25,2024-05-20 09:36:43.000000,2024-05-20 10:55:17.866667,78.58111111666668
25,2024-05-20 12:15:23.333333,2024-05-20 13:23:36.866667,68.22555556666667
25,2024-05-20 14:55:46.000000,2024-05-20 15:04:55.533333,9.158888883333333
25,2024-05-22 15:27:00.100000,2024-05-22 15:49:37.000000,22.615000000000002
25,2024-05-22 15:49:40.366667,2024-05-22 16:00:33.000000,10.877222216666667
25,2024-05-23 10:04:47.033333,2024-05-23 10:28:08.500000,23.357777783333333
26,2024-04-20 11:32:38.800000,2024-04-20 11:46:35.766667,13.94944445
26,2024-04-28 13:41:47.266667,2024-04-28 14:24:39.466667,42.87
26,2024-04-28 15:02:53.700000,2024-04-28 15:26:18.800000,23.418333333333333
26,2024-04-30 10:55:48.366667,2024-04-30 11:20:27.233333,24.647777766666664
26,2024-04-30 11:20:34.033333,2024-04-30 12:05:26.900000,44.881111116666666
26,2024-04-30 12:27:10.266667,2024-04-30 12:41:12.033333,14.029444433333333
26,2024-04-30 12:43:21.400000,2024-04-30 13:30:05.066667,46.72777778333333
26,2024-04-30 13:30:08.633333,2024-04-30 13:42:19.500000,12.181111116666667
26,2024-04-30 13:43:01.600000,2024-04-30 13:44:00.566667,0.9827777833333333
26,2024-04-30 13:44:36.400000,2024-04-30 13:52:29.766667,7.88944445
26,2024-05-06 17:54:28.666667,2024-05-06 18:20:39.100000,26.173888883333333
26,2024-05-08 09:31:49.500000,2024-05-08 10:22:05.900000,50.27333333333333
26,2024-05-08 10:22:10.600000,2024-05-08 10:51:42.433333,29.53055555
26,2024-05-17 12:22:35.833333,2024-05-17 12:28:00.733333,5.415
26,2024-05-19 13:07:54.200000,2024-05-19 13:17:05.166667,9.182777783333334
26,2024-05-19 15:10:39.466667,2024-05-19 15:51:11.700000,40.53722221666667
26,2024-05-19 15:51:22.533333,2024-05-19 16:20:22.200000,28.99444445
26,2024-05-20 12:12:43.966667,2024-05-20 13:09:48.966667,57.083333333333336
26,2024-05-20 13:10:14.433333,2024-05-20 15:03:54.500000,113.66777778333334
26,2024-05-20 15:03:55.000000,2024-05-20 17:01:09.400000,117.24
26,2024-05-22 15:22:49.366667,2024-05-22 17:22:44.100000,119.91222221666666
26,2024-05-22 17:23:05.100000,2024-05-22 17:32:59.200000,9.901666666666667
26,2024-05-22 17:33:09.000000,2024-05-22 18:40:31.700000,67.37833333333333
26,2024-05-23 09:25:08.900000,2024-05-23 10:08:04.266667,42.92277778333333
26,2024-05-23 13:47:56.466667,2024-05-23 13:57:09.900000,9.223888883333332
26,2024-05-23 13:57:45.833333,2024-05-23 14:16:55.033333,19.153333333333332
26,2024-05-27 15:13:47.733333,2024-05-27 15:50:03.200000,36.25777778333334
27,2024-04-23 11:06:04.366667,2024-04-23 11:31:18.000000,25.227222216666668
27,2024-04-28 10:41:42.633333,2024-04-28 11:45:08.166667,63.42555556666667
27,2024-04-29 10:38:57.333333,2024-04-29 10:41:04.266667,2.1155555666666666
27,2024-04-30 11:21:55.400000,2024-04-30 11:26:45.533333,4.83555555
27,2024-04-30 11:44:32.400000,2024-04-30 12:03:03.933333,18.52555555
27,2024-04-30 12:04:05.233333,2024-04-30 12:21:11.600000,17.106111116666668
27,2024-04-30 12:22:07.600000,2024-04-30 12:24:12.433333,2.08055555
27,2024-04-30 12:24:39.500000,2024-04-30 12:27:48.500000,3.15
27,2024-04-30 12:39:11.466667,2024-04-30 13:02:05.200000,22.895555549999997
27,2024-05-01 15:02:13.866667,2024-05-01 15:57:08.400000,54.90888888333333
27,2024-05-08 09:56:11.333333,2024-05-08 10:43:54.133333,47.71333333333334
27,2024-05-08 11:01:10.633333,2024-05-08 12:23:36.033333,82.42333333333333
27,2024-05-18 14:07:25.833333,2024-05-18 16:04:20.400000,116.90944445
27,2024-05-19 09:27:29.566667,2024-05-19 10:53:39.666667,86.16833333333334
27,2024-05-20 09:00:41.966667,2024-05-20 10:21:40.600000,80.97722221666666
27,2024-05-20 10:21:57.466667,2024-05-20 10:31:32.200000,9.578888883333333
27,2024-05-20 15:01:23.233333,2024-05-20 15:08:16.900000,6.89444445
27,2024-05-24 11:24:34.033333,2024-05-24 11:27:52.733333,3.3116666666666665
27,2024-05-27 15:48:43.366667,2024-05-27 15:53:52.633333,5.1544444333333335
28,2024-04-23 11:31:16.133333,2024-04-23 11:57:48.333333,26.53666666666667
28,2024-04-28 11:26:55.500000,2024-04-28 12:26:26.000000,59.50833333333333
28,2024-04-28 15:34:20.033333,2024-04-28 16:10:32.600000,36.20944445
28,2024-04-28 16:18:36.466667,2024-04-28 16:46:46.500000,28.16722221666667
28,2024-04-28 16:46:51.100000,2024-04-28 17:12:04.666667,25.22611111666667
28,2024-04-29 09:44:09.233333,2024-04-29 10:37:58.000000,53.81277778333333
28,2024-04-29 12:23:54.666667,2024-04-29 13:16:12.200000,52.292222216666666
28,2024-04-29 13:16:57.766667,2024-04-29 13:19:03.900000,2.1022222166666666
28,2024-04-29 14:31:03.633333,2024-04-29 15:42:29.866667,71.43722223333333
28,2024-04-30 11:44:45.133333,2024-04-30 12:05:42.033333,20.948333333333334
28,2024-04-30 12:05:46.900000,2024-04-30 13:19:39.333333,73.87388888333334
28,2024-04-30 13:19:40.266667,2024-04-30 14:03:42.433333,44.0361111
28,2024-04-30 14:03:55.000000,2024-04-30 15:11:42.333333,67.78888888333333
28,2024-04-30 15:11:45.933333,2024-04-30 15:13:48.533333,2.0433333333333334
28,2024-05-07 18:18:08.766667,2024-05-07 18:22:25.700000,4.282222216666667
28,2024-05-08 09:31:59.233333,2024-05-08 10:16:53.300000,44.90111111666667
28,2024-05-08 10:17:13.933333,2024-05-08 10:37:16.066667,20.03555556666667
28,2024-05-08 10:37:32.833333,2024-05-08 12:22:16.466667,104.72722223333334
28,2024-05-08 13:01:49.300000,2024-05-08 14:29:51.133333,88.03055554999999
28,2024-05-08 14:30:39.100000,2024-05-08 14:56:01.000000,25.365000000000002
28,2024-05-19 10:50:35.766667,2024-05-19 11:16:51.066667,26.255
28,2024-05-19 12:36:00.366667,2024-05-19 13:52:53.566667,76.88666666666667
28,2024-05-19 13:52:56.533333,2024-05-19 14:01:06.200000,8.161111116666667
28,2024-05-20 09:21:58.600000,2024-05-20 09:43:52.800000,21.903333333333332
28,2024-05-20 09:44:06.300000,2024-05-20 09:44:41.100000,0.58
28,2024-05-20 10:26:47.666667,2024-05-20 10:54:26.866667,27.653333333333332
28,2024-05-20 10:54:49.633333,2024-05-20 12:41:32.666667,106.71722223333333
28,2024-05-20 12:41:55.733333,2024-05-20 13:29:35.866667,47.6688889
28,2024-05-22 17:34:30.133333,2024-05-22 18:42:54.700000,68.40944445
28,2024-05-23 09:25:13.500000,2024-05-23 09:57:12.933333,31.99055555
29,2024-04-24 09:45:52.133333,2024-04-24 11:35:23.100000,109.51611111666666
29,2024-04-24 11:35:36.500000,2024-04-24 11:54:00.366667,18.397777783333332
29,2024-04-28 12:50:42.933333,2024-04-28 13:33:52.200000,43.15444445
29,2024-04-28 13:36:23.300000,2024-04-28 14:51:09.900000,74.77666666666667
29,2024-04-28 15:10:42.366667,2024-04-28 15:54:44.866667,44.041666666666664
29,2024-04-28 16:27:07.466667,2024-04-28 16:46:01.333333,18.897777766666664
29,2024-04-30 11:20:40.600000,2024-04-30 12:02:54.333333,42.22888888333333
29,2024-04-30 12:02:55.333333,2024-04-30 12:37:12.266667,34.28222223333333
29,2024-04-30 12:37:13.100000,2024-04-30 12:42:29.933333,5.28055555
29,2024-04-30 12:42:43.166667,2024-04-30 13:02:43.833333,20.0111111
29,2024-04-30 13:03:07.333333,2024-04-30 14:02:51.500000,59.73611111666666
29,2024-05-08 14:49:27.566667,2024-05-08 14:52:11.133333,2.7261111
29,2024-05-18 11:54:21.300000,2024-05-18 11:58:30.700000,4.156666666666667
29,2024-05-19 13:53:14.166667,2024-05-19 14:58:07.700000,64.89222221666667
29,2024-05-20 09:12:53.633333,2024-05-20 09:29:01.966667,16.1388889
29,2024-05-20 13:12:35.033333,2024-05-20 13:15:48.766667,3.2288889000000003
29,2024-05-23 09:26:23.900000,2024-05-23 09:29:28.333333,3.0738888833333333
29,2024-05-23 09:29:45.533333,2024-05-23 09:43:34.166667,13.810555566666666
29,2024-05-23 13:36:38.266667,2024-05-23 14:16:18.633333,39.67277776666666
29,2024-05-23 14:16:33.833333,2024-05-23 15:33:30.066667,76.93722223333333
30,2024-04-23 10:30:41.833333,2024-04-23 11:09:13.666667,38.53055556666666
30,2024-04-26 10:25:27.133333,2024-04-26 10:48:18.633333,22.858333333333334
30,2024-04-26 11:37:36.866667,2024-04-26 13:12:49.033333,95.20277776666667
30,2024-04-28 10:14:58.166667,2024-04-28 10:23:59.266667,9.018333333333334
30,2024-04-28 10:39:30.200000,2024-04-28 11:03:23.166667,23.88277778333333
30,2024-04-28 11:22:18.566667,2024-04-28 12:03:35.900000,41.288888883333335
30,2024-04-28 13:09:35.066667,2024-04-28 14:03:49.866667,54.24666666666667
30,2024-04-28 15:21:41.200000,2024-04-28 16:59:30.766667,97.82611111666667
30,2024-04-28 16:59:50.933333,2024-04-28 17:41:32.600000,41.69444445
30,2024-04-29 09:52:42.100000,2024-04-29 09:54:26.200000,1.7349999999999999
30,2024-04-29 10:33:26.666667,2024-04-29 10:44:02.233333,10.592777766666668
30,2024-04-29 10:44:39.133333,2024-04-29 11:26:35.666667,41.94222223333334
30,2024-04-29 12:21:39.866667,2024-04-29 12:32:05.933333,10.434444433333335
30,2024-04-29 12:32:05.933333,2024-04-29 12:47:07.500000,15.026111116666668
30,2024-04-30 11:05:37.800000,2024-04-30 13:00:00.733333,114.38222221666666
30,2024-05-01 09:08:20.733333,2024-05-01 09:09:09.000000,0.80444445
30,2024-05-01 09:09:14.900000,2024-05-01 09:11:24.933333,2.1672222166666666
30,2024-05-01 12:39:45.000000,2024-05-01 13:13:09.600000,33.41
30,2024-05-06 17:48:19.900000,2024-05-06 17:55:33.633333,7.228888883333334
30,2024-05-08 09:26:35.300000,2024-05-08 10:55:17.366667,88.70111111666667
30,2024-05-18 15:49:52.300000,2024-05-18 15:55:13.133333,5.347222216666666
30,2024-05-18 15:55:41.000000,2024-05-18 16:31:14.333333,35.55555555
30,2024-05-18 16:31:15.866667,2024-05-18 16:51:23.566667,20.128333333333334
30,2024-05-18 16:51:24.200000,2024-05-18 17:13:39.733333,22.258888883333334
30,2024-05-18 17:33:24.533333,2024-05-18 18:51:14.633333,77.83500000000001
30,2024-05-19 12:20:32.566667,2024-05-19 13:01:16.166667,40.72666666666667
30,2024-05-19 13:02:07.633333,2024-05-19 14:50:32.600000,108.41611111666666
30,2024-05-20 09:36:11.733333,2024-05-20 10:11:11.433333,34.995
30,2024-05-20 10:11:27.400000,2024-05-20 10:51:48.566667,40.35277778333333
30,2024-05-22 18:52:34.166667,2024-05-22 18:59:01.400000,6.453888883333334
30,2024-05-23 09:26:03.100000,2024-05-23 09:29:19.400000,3.271666666666667
30,2024-05-23 14:54:06.400000,2024-05-23 15:23:25.033333,29.31055555
30,2024-05-24 15:15:13.000000,2024-05-24 16:16:40.200000,61.45333333333333
31,2024-04-22 16:20:22.833333,2024-04-22 16:54:48.633333,34.43
31,2024-04-28 17:02:03.633333,2024-04-28 17:04:01.700000,1.9677777833333332
31,2024-04-28 17:07:52.533333,2024-04-28 17:21:55.066667,14.042222233333332
31,2024-04-28 17:24:40.466667,2024-04-28 18:02:00.800000,37.33888888333333
31,2024-04-28 18:03:16.000000,2024-04-28 18:05:55.533333,2.6588888833333333
31,2024-04-28 18:05:56.566667,2024-04-28 18:09:08.966667,3.2066666666666666
31,2024-04-28 18:12:04.600000,2024-04-28 18:13:00.400000,0.9299999999999999
31,2024-04-28 18:31:43.000000,2024-04-28 18:38:36.966667,6.89944445
31,2024-04-29 09:11:56.233333,2024-04-29 09:13:21.166667,1.4155555666666666
31,2024-04-29 09:13:48.100000,2024-04-29 09:35:03.800000,21.261666666666667
31,2024-04-29 09:35:27.366667,2024-04-29 09:47:34.900000,12.12555555
31,2024-04-29 09:48:19.500000,2024-04-29 09:48:53.600000,0.5683333333333334
31,2024-04-29 13:26:17.966667,2024-04-29 14:02:01.000000,35.71722221666666
31,2024-04-29 14:03:21.200000,2024-04-29 15:04:00.500000,60.655
31,2024-04-29 15:04:01.133333,2024-04-29 15:11:24.766667,7.393888899999999
31,2024-04-30 09:02:01.066667,2024-04-30 09:07:40.733333,5.6611111
31,2024-04-30 09:07:47.966667,2024-04-30 09:24:14.033333,16.434444433333333
31,2024-04-30 09:24:19.566667,2024-04-30 09:37:41.566667,13.366666666666667
31,2024-04-30 09:37:44.900000,2024-04-30 11:05:05.066667,87.33611111666667
31,2024-04-30 11:05:39.466667,2024-04-30 12:37:28.566667,91.81833333333334
31,2024-04-30 12:37:30.966667,2024-04-30 13:03:27.666667,25.945
31,2024-04-30 13:10:34.966667,2024-04-30 13:11:40.333333,1.0894444333333333
31,2024-04-30 13:16:18.100000,2024-04-30 13:50:44.133333,34.43388888333333
31,2024-04-30 13:52:06.666667,2024-04-30 13:53:03.300000,0.9438888833333333
31,2024-04-30 13:54:03.633333,2024-04-30 13:55:07.066667,1.0572222333333334
31,2024-04-30 13:56:13.666667,2024-04-30 13:57:36.733333,1.3844444333333332
31,2024-04-30 14:32:53.133333,2024-04-30 14:37:26.933333,4.5633333333333335
31,2024-04-30 14:42:32.833333,2024-04-30 15:50:37.733333,68.08166666666666
31,2024-05-01 12:57:46.733333,2024-05-01 13:01:21.033333,3.5716666666666668
31,2024-05-01 13:03:48.366667,2024-05-01 13:09:20.300000,5.532222216666667
31,2024-05-01 13:12:00.433333,2024-05-01 13:31:30.900000,19.50777778333333
31,2024-05-01 13:31:59.366667,2024-05-01 13:37:29.533333,5.502777766666667
31,2024-05-01 14:21:44.733333,2024-05-01 14:51:31.766667,29.7838889
31,2024-05-01 14:52:25.933333,2024-05-01 15:02:18.500000,9.876111116666667
31,2024-05-01 15:02:33.933333,2024-05-01 15:07:11.466667,4.625555566666667
31,2024-05-01 15:09:50.666667,2024-05-01 16:08:22.266667,58.526666666666664
31,2024-05-01 16:09:48.400000,2024-05-01 16:42:55.200000,33.11333333333333
31,2024-05-01 16:44:05.866667,2024-05-01 17:10:45.666667,26.663333333333334
31,2024-05-02 09:07:24.066667,2024-05-02 10:20:36.166667,73.20166666666667
31,2024-05-02 11:22:09.233333,2024-05-02 11:41:48.533333,19.654999999999998
31,2024-05-17 09:30:16.600000,2024-05-17 09:36:36.966667,6.33944445
31,2024-05-17 16:19:05.366667,2024-05-17 16:27:54.300000,8.81555555
31,2024-05-18 09:17:27.766667,2024-05-18 09:22:00.000000,4.537222216666667
31,2024-05-18 15:30:27.700000,2024-05-18 15:46:16.566667,15.81444445
31,2024-05-18 16:03:57.033333,2024-05-18 16:22:03.333333,18.105
31,2024-05-18 16:22:36.700000,2024-05-18 17:04:48.600000,42.19833333333334
31,2024-05-18 17:05:14.366667,2024-05-18 17:38:06.400000,32.86722221666667
31,2024-05-19 10:20:20.633333,2024-05-19 11:36:32.666667,76.20055556666667
31,2024-05-19 11:36:49.633333,2024-05-19 11:46:04.933333,9.254999999999999
31,2024-05-19 11:46:05.900000,2024-05-19 12:21:15.700000,35.163333333333334
31,2024-05-19 12:21:39.900000,2024-05-19 13:11:59.633333,50.328888883333335
31,2024-05-19 13:12:25.833333,2024-05-19 13:15:07.566667,2.695555566666667
31,2024-05-19 13:15:12.200000,2024-05-19 14:00:36.900000,45.41166666666666
31,2024-05-19 14:00:59.033333,2024-05-19 14:24:05.566667,23.1088889
31,2024-05-19 14:24:53.600000,2024-05-19 14:35:38.366667,10.746111116666667
31,2024-05-19 15:55:11.166667,2024-05-19 16:00:44.533333,5.5561111
31,2024-05-19 16:00:54.900000,2024-05-19 17:00:07.366667,59.207777783333334
31,2024-05-20 09:00:14.966667,2024-05-20 09:25:44.133333,25.486111100000002
31,2024-05-20 09:25:57.633333,2024-05-20 09:28:40.666667,2.717222233333333
31,2024-05-20 09:28:52.466667,2024-05-20 09:38:01.966667,9.158333333333333
31,2024-05-20 09:38:17.433333,2024-05-20 10:19:00.033333,40.71
31,2024-05-20 10:19:09.933333,2024-05-20 10:50:37.633333,31.461666666666666
31,2024-05-20 10:50:57.700000,2024-05-20 11:32:26.333333,41.47722221666667
31,2024-05-20 12:36:14.433333,2024-05-20 12:43:03.366667,6.815555566666666
31,2024-05-20 12:43:33.333333,2024-05-20 13:06:10.000000,22.611111116666667
31,2024-05-22 18:26:14.000000,2024-05-22 18:57:50.133333,31.602222216666668
31,2024-05-22 18:58:03.400000,2024-05-22 18:58:39.100000,0.5950000000000001
31,2024-05-24 11:34:44.833333,2024-05-24 11:44:04.766667,9.332222233333333
31,2024-05-24 11:44:34.333333,2024-05-24 11:55:18.433333,10.735000000000001
31,2024-05-24 14:37:07.600000,2024-05-24 15:11:00.066667,33.87444445
31,2024-05-24 15:11:13.766667,2024-05-24 15:18:52.833333,7.6511111
31,2024-05-24 15:19:15.666667,2024-05-24 17:09:27.566667,110.19833333333332
31,2024-05-27 15:26:16.933333,2024-05-27 15:47:32.000000,21.251111116666667
31,2024-05-27 15:47:47.133333,2024-05-27 15:54:30.866667,6.7288889
32,2024-04-28 17:21:07.366667,2024-04-28 17:25:30.833333,4.3911111
32,2024-04-28 17:30:54.166667,2024-04-28 17:44:29.900000,13.59555555
32,2024-04-28 17:46:42.100000,2024-04-28 17:49:52.666667,3.1761111166666667
32,2024-04-29 09:18:09.333333,2024-04-29 09:51:57.966667,33.81055556666667
32,2024-04-29 15:56:42.966667,2024-04-29 17:09:13.000000,72.50055555
32,2024-04-30 09:26:28.500000,2024-04-30 09:32:04.833333,5.60555555
32,2024-04-30 12:57:28.266667,2024-04-30 13:19:17.200000,21.81555555
32,2024-05-01 09:36:25.200000,2024-05-01 11:07:40.700000,91.25833333333334
32,2024-05-01 11:07:43.266667,2024-05-01 11:32:37.133333,24.897777766666664
32,2024-05-01 11:33:03.433333,2024-05-01 12:37:07.933333,64.075
32,2024-05-01 12:40:45.633333,2024-05-01 13:24:08.066667,43.3738889
32,2024-05-01 13:26:17.200000,2024-05-01 13:53:35.233333,27.300555550000002
32,2024-05-01 13:55:02.833333,2024-05-01 14:10:56.766667,15.8988889
32,2024-05-01 14:13:09.866667,2024-05-01 14:36:54.266667,23.740000000000002
32,2024-05-01 14:43:56.233333,2024-05-01 15:09:48.333333,25.868333333333332
32,2024-05-01 15:15:34.000000,2024-05-01 15:36:08.933333,20.582222216666665
32,2024-05-01 15:52:02.600000,2024-05-01 15:59:26.000000,7.39
32,2024-05-01 16:26:28.666667,2024-05-01 16:44:23.666667,17.916666666666668
32,2024-05-02 09:32:07.700000,2024-05-02 09:45:19.333333,13.193888883333333
32,2024-05-02 09:46:40.633333,2024-05-02 10:12:40.933333,26.005
32,2024-05-02 10:14:06.633333,2024-05-02 10:29:32.166667,15.425555566666667
32,2024-05-02 10:39:02.133333,2024-05-02 11:02:51.166667,23.817222233333332
32,2024-05-02 11:04:22.766667,2024-05-02 11:26:29.766667,22.116666666666667
32,2024-05-02 11:27:24.366667,2024-05-02 11:32:46.066667,5.361666666666666
32,2024-05-02 11:34:13.100000,2024-05-02 11:49:05.000000,14.865
32,2024-05-02 11:50:21.566667,2024-05-02 11:56:13.166667,5.86
32,2024-05-07 14:46:06.766667,2024-05-07 16:40:04.633333,113.96444443333333
32,2024-05-08 11:05:41.766667,2024-05-08 11:10:08.333333,4.442777766666667
32,2024-05-08 11:15:06.833333,2024-05-08 11:15:47.500000,0.6777777833333333
32,2024-05-08 11:26:38.733333,2024-05-08 11:36:08.933333,9.503333333333334
32,2024-05-08 11:49:36.566667,2024-05-08 12:00:18.533333,10.699444433333333
32,2024-05-08 12:09:36.566667,2024-05-08 12:20:07.833333,10.5211111
32,2024-05-08 12:54:55.100000,2024-05-08 12:58:09.733333,3.2438888833333333
32,2024-05-08 13:03:25.300000,2024-05-08 13:11:20.566667,7.921111116666666
32,2024-05-08 13:13:42.700000,2024-05-08 13:15:24.433333,1.6955555500000001
32,2024-05-08 13:16:12.566667,2024-05-08 13:17:58.033333,1.7577777666666667
32,2024-05-08 13:19:03.000000,2024-05-08 13:21:04.333333,2.0222222166666666
32,2024-05-08 13:22:06.000000,2024-05-08 13:26:58.466667,4.8744444499999995
32,2024-05-08 13:27:13.433333,2024-05-08 13:32:37.666667,5.4038889
32,2024-05-08 13:33:06.200000,2024-05-08 13:35:47.266667,2.68444445
32,2024-05-08 13:37:05.633333,2024-05-08 13:43:11.266667,6.0938889
32,2024-05-08 14:02:52.133333,2024-05-08 14:07:34.866667,4.712222233333334
32,2024-05-08 14:09:19.933333,2024-05-08 14:10:50.766667,1.5138889
32,2024-05-08 14:12:31.000000,2024-05-08 14:14:05.333333,1.5722222166666666
32,2024-05-08 14:20:39.433333,2024-05-08 14:21:15.000000,0.5927777833333334
32,2024-05-19 13:08:59.833333,2024-05-19 14:49:09.733333,100.16499999999999
32,2024-05-20 09:02:03.500000,2024-05-20 09:27:07.533333,25.067222216666668
32,2024-05-20 09:27:22.266667,2024-05-20 09:44:11.733333,16.824444433333333
32,2024-05-20 09:44:15.566667,2024-05-20 10:34:15.666667,50.001666666666665
32,2024-05-20 10:37:11.566667,2024-05-20 10:56:33.833333,19.3711111
32,2024-05-20 14:36:32.800000,2024-05-20 14:38:19.000000,1.77
32,2024-05-20 14:46:55.266667,2024-05-20 15:10:36.000000,23.678888883333332
32,2024-05-20 15:16:24.633333,2024-05-20 15:18:47.933333,2.3883333333333336
32,2024-05-20 15:25:35.166667,2024-05-20 15:26:45.133333,1.1661111
32,2024-05-20 15:35:08.433333,2024-05-20 15:38:22.366667,3.2322222333333333
32,2024-05-20 15:40:44.866667,2024-05-20 15:44:18.833333,3.5661111
32,2024-05-20 15:45:25.233333,2024-05-20 15:49:57.200000,4.532777783333333
32,2024-05-20 15:50:55.100000,2024-05-20 15:53:46.800000,2.8616666666666664
32,2024-05-20 16:07:58.666667,2024-05-20 16:10:35.300000,2.61055555
32,2024-05-20 16:13:14.000000,2024-05-20 16:15:29.566667,2.2594444499999997
32,2024-05-20 16:16:05.933333,2024-05-20 16:19:13.533333,3.1266666666666665
32,2024-05-20 16:28:43.000000,2024-05-20 16:31:45.966667,3.04944445
32,2024-05-20 16:32:32.300000,2024-05-20 16:42:58.800000,10.441666666666666
32,2024-05-20 16:53:09.166667,2024-05-20 16:56:30.766667,3.36
32,2024-05-20 17:13:47.666667,2024-05-20 17:16:50.666667,3.05
32,2024-05-20 17:17:05.433333,2024-05-20 17:19:57.233333,2.8633333333333337
32,2024-05-20 17:27:38.466667,2024-05-20 17:30:29.966667,2.8583333333333334
32,2024-05-20 17:35:32.700000,2024-05-20 17:41:49.633333,6.282222216666667
32,2024-05-20 17:45:46.366667,2024-05-20 17:51:57.100000,6.178888883333333
32,2024-05-20 17:53:05.100000,2024-05-20 18:20:28.566667,27.391111116666664
32,2024-05-20 18:22:05.133333,2024-05-20 18:51:00.733333,28.926666666666666
32,2024-05-20 18:52:41.866667,2024-05-20 18:54:57.633333,2.2627777666666664
32,2024-05-20 18:56:34.733333,2024-05-20 18:59:03.466667,2.4788889000000003
32,2024-05-21 09:02:20.866667,2024-05-21 09:05:33.700000,3.2138888833333334
32,2024-05-21 09:14:25.600000,2024-05-21 09:16:51.366667,2.42944445
32,2024-05-21 09:18:28.266667,2024-05-21 09:21:09.433333,2.6861110999999998
32,2024-05-21 09:34:22.600000,2024-05-21 09:37:11.866667,2.8211111166666667
32,2024-05-21 09:37:54.966667,2024-05-21 09:42:01.833333,4.114444433333333
32,2024-05-21 09:46:56.066667,2024-05-21 09:50:34.033333,3.6327777666666665
32,2024-05-21 09:52:09.433333,2024-05-21 09:55:15.366667,3.0988889
32,2024-05-21 09:56:04.166667,2024-05-21 09:59:39.133333,3.5827777666666667
32,2024-05-21 10:00:53.800000,2024-05-21 10:04:47.166667,3.88944445
32,2024-05-21 10:05:35.233333,2024-05-21 10:09:55.033333,4.33
32,2024-05-21 10:11:50.300000,2024-05-21 10:15:36.233333,3.76555555
32,2024-05-21 10:16:18.666667,2024-05-21 10:19:44.266667,3.4266666666666667
32,2024-05-21 10:20:33.800000,2024-05-21 10:24:26.733333,3.882222216666667
32,2024-05-21 10:35:05.933333,2024-05-21 10:38:12.700000,3.1127777833333337
32,2024-05-21 10:39:54.000000,2024-05-21 10:41:25.200000,1.52
32,2024-05-21 10:46:42.933333,2024-05-21 10:48:01.733333,1.3133333333333332
32,2024-05-21 10:49:44.766667,2024-05-21 10:50:58.266667,1.225
32,2024-05-21 10:59:36.666667,2024-05-21 11:05:17.800000,5.68555555
32,2024-05-21 11:06:42.666667,2024-05-21 11:08:50.366667,2.1283333333333334
32,2024-05-21 11:10:27.633333,2024-05-21 11:11:36.333333,1.145
32,2024-05-21 11:20:28.866667,2024-05-21 11:22:39.100000,2.17055555
32,2024-05-21 11:23:03.300000,2024-05-21 11:27:06.833333,4.058888883333333
32,2024-05-21 11:27:50.500000,2024-05-21 11:29:46.200000,1.9283333333333335
32,2024-05-21 11:37:31.900000,2024-05-21 11:39:31.500000,1.9933333333333332
32,2024-05-21 11:41:15.900000,2024-05-21 11:46:48.900000,5.55
32,2024-05-21 11:48:11.133333,2024-05-21 11:50:30.033333,2.315
32,2024-05-21 11:51:54.733333,2024-05-21 11:54:23.466667,2.4788889000000003
32,2024-05-21 11:55:05.333333,2024-05-21 11:58:13.033333,3.128333333333333
32,2024-05-21 12:03:39.133333,2024-05-21 12:06:11.633333,2.5416666666666665
32,2024-05-21 12:07:12.666667,2024-05-21 12:09:22.200000,2.1588888833333333
32,2024-05-21 12:10:51.166667,2024-05-21 12:12:55.200000,2.0672222166666665
32,2024-05-21 12:14:16.233333,2024-05-21 12:16:51.066667,2.580555566666667
32,2024-05-21 12:17:31.166667,2024-05-21 12:20:43.133333,3.1994444333333334
32,2024-05-21 12:21:23.133333,2024-05-21 12:26:49.433333,5.4383333333333335
32,2024-05-21 12:29:12.233333,2024-05-21 12:30:40.733333,1.475
32,2024-05-21 12:40:04.500000,2024-05-21 12:42:57.266667,2.8794444500000003
32,2024-05-21 12:45:26.900000,2024-05-21 12:51:32.466667,6.092777783333333
32,2024-05-21 12:57:57.466667,2024-05-21 13:01:49.033333,3.859444433333333
32,2024-05-21 13:05:51.700000,2024-05-21 13:07:08.833333,1.28555555
32,2024-05-21 13:08:33.633333,2024-05-21 13:09:55.633333,1.3666666666666667
32,2024-05-21 13:16:43.500000,2024-05-21 13:20:06.266667,3.3794444500000003
32,2024-05-21 13:25:28.166667,2024-05-21 13:48:15.933333,22.7961111
32,2024-05-21 14:27:16.266667,2024-05-21 14:37:31.266667,10.25
32,2024-05-21 14:39:21.933333,2024-05-21 14:45:06.000000,5.73444445
32,2024-05-21 14:49:50.600000,2024-05-21 15:05:57.100000,16.108333333333334
32,2024-05-21 15:23:43.433333,2024-05-21 15:38:35.366667,14.865555566666666
32,2024-05-21 15:39:06.033333,2024-05-21 15:40:58.933333,1.8816666666666668
32,2024-05-21 15:42:14.400000,2024-05-21 15:48:50.000000,6.593333333333334
32,2024-05-21 15:49:29.233333,2024-05-21 15:53:03.333333,3.5683333333333334
32,2024-05-21 15:54:34.866667,2024-05-21 15:56:50.733333,2.2644444333333333
32,2024-05-21 16:06:32.966667,2024-05-21 16:10:19.266667,3.771666666666667
32,2024-05-21 16:10:23.766667,2024-05-21 16:15:08.033333,4.7377777666666665
32,2024-05-21 16:27:18.800000,2024-05-21 16:30:52.266667,3.5577777833333335
32,2024-05-21 16:32:44.966667,2024-05-21 16:50:36.566667,17.86
32,2024-05-21 16:52:49.300000,2024-05-21 16:59:45.466667,6.936111116666667
32,2024-05-21 17:33:57.533333,2024-05-21 17:38:44.600000,4.78444445
32,2024-05-21 17:40:06.333333,2024-05-21 18:20:44.533333,40.63666666666666
32,2024-05-21 18:21:37.666667,2024-05-21 18:27:24.433333,5.7794444333333335
32,2024-05-22 09:12:54.566667,2024-05-22 09:20:39.766667,7.753333333333333
32,2024-05-22 09:21:56.733333,2024-05-22 09:38:18.266667,16.3588889
32,2024-05-22 09:44:58.400000,2024-05-22 09:56:26.866667,11.47444445
32,2024-05-22 09:58:01.266667,2024-05-22 10:02:29.600000,4.472222216666666
32,2024-05-22 10:03:55.566667,2024-05-22 10:07:17.166667,3.36
32,2024-05-22 10:08:40.233333,2024-05-22 10:11:46.133333,3.0983333333333336
32,2024-05-22 10:12:08.633333,2024-05-22 10:16:46.166667,4.625555566666667
32,2024-05-22 10:29:29.900000,2024-05-22 10:33:18.766667,3.8144444500000003
32,2024-05-22 10:33:55.766667,2024-05-22 10:39:15.266667,5.325
32,2024-05-22 10:48:05.933333,2024-05-22 10:49:47.366667,1.6905555666666667
32,2024-05-22 10:50:57.933333,2024-05-22 10:52:38.333333,1.6733333333333333
32,2024-05-22 10:53:46.133333,2024-05-22 10:55:23.300000,1.61944445
32,2024-05-22 10:56:32.400000,2024-05-22 11:11:38.566667,15.102777783333332
32,2024-05-22 11:15:02.233333,2024-05-22 11:16:39.800000,1.6261111166666666
32,2024-05-22 11:18:24.633333,2024-05-22 11:19:55.300000,1.5111111166666666
32,2024-05-22 11:21:20.700000,2024-05-22 11:22:52.466667,1.52944445
32,2024-05-22 11:25:54.933333,2024-05-22 11:27:41.700000,1.77944445
32,2024-05-22 11:30:54.700000,2024-05-22 11:35:35.733333,4.683888883333334
32,2024-05-22 11:46:28.300000,2024-05-22 11:48:30.833333,2.0422222166666666
32,2024-05-22 11:49:21.133333,2024-05-22 11:51:25.600000,2.07444445
32,2024-05-22 11:53:46.466667,2024-05-22 11:56:24.333333,2.6311111
32,2024-05-22 12:02:08.400000,2024-05-22 12:04:16.000000,2.1266666666666665
32,2024-05-22 12:05:33.866667,2024-05-22 12:07:05.000000,1.5188888833333332
32,2024-05-22 12:08:13.100000,2024-05-22 12:11:42.766667,3.49444445
32,2024-05-22 12:15:46.200000,2024-05-22 12:19:03.066667,3.2811111166666667
32,2024-05-22 12:19:52.100000,2024-05-22 12:23:00.466667,3.13944445
32,2024-05-22 12:28:09.066667,2024-05-22 12:30:12.666667,2.06
32,2024-05-22 12:31:55.866667,2024-05-22 12:34:28.133333,2.5377777666666663
32,2024-05-22 12:35:05.366667,2024-05-22 12:37:48.533333,2.7194444333333334
32,2024-05-22 12:39:07.700000,2024-05-22 12:42:24.266667,3.2761111166666668
32,2024-05-22 12:43:01.333333,2024-05-22 12:45:46.966667,2.7605555666666666
32,2024-05-22 12:47:43.066667,2024-05-22 12:51:47.366667,4.071666666666667
32,2024-05-22 13:44:29.466667,2024-05-22 13:47:56.966667,3.4583333333333335
32,2024-05-22 13:49:20.866667,2024-05-22 14:07:16.266667,17.923333333333336
32,2024-05-22 14:09:44.600000,2024-05-22 14:10:53.500000,1.1483333333333334
32,2024-05-22 14:12:48.266667,2024-05-22 14:14:31.700000,1.7238888833333335
32,2024-05-22 14:15:50.833333,2024-05-22 14:17:20.900000,1.5011111166666666
32,2024-05-22 14:18:46.633333,2024-05-22 14:19:42.566667,0.9322222333333333
32,2024-05-22 14:27:31.266667,2024-05-22 14:28:06.933333,0.5944444333333333
32,2024-05-22 14:31:39.766667,2024-05-22 14:34:03.900000,2.4022222166666665
32,2024-05-22 14:36:40.166667,2024-05-22 14:37:33.833333,0.8944444333333333
32,2024-05-22 14:38:38.133333,2024-05-22 14:39:38.166667,1.0005555666666668
32,2024-05-22 14:40:55.266667,2024-05-22 14:56:48.766667,15.891666666666667
32,2024-05-22 14:58:45.633333,2024-05-22 14:59:33.133333,0.7916666666666666
32,2024-05-22 15:06:43.700000,2024-05-22 15:16:57.700000,10.233333333333333
32,2024-05-22 15:18:27.466667,2024-05-22 15:19:51.966667,1.4083333333333334
33,2024-04-24 13:00:05.133333,2024-04-24 13:17:52.733333,17.793333333333333
33,2024-04-28 09:33:27.000000,2024-04-28 11:28:33.633333,115.11055555
33,2024-04-28 13:27:47.233333,2024-04-28 13:43:39.966667,15.8788889
33,2024-04-28 16:41:29.933333,2024-04-28 17:48:11.966667,66.70055556666667
33,2024-04-28 17:48:27.800000,2024-04-28 18:08:56.566667,20.479444450000003
33,2024-04-28 18:09:06.833333,2024-04-28 18:38:27.700000,29.347777783333335
33,2024-04-28 18:38:35.033333,2024-04-28 18:54:53.433333,16.306666666666665
33,2024-04-29 13:14:56.500000,2024-04-29 14:04:04.200000,49.12833333333333
33,2024-04-29 14:08:18.466667,2024-04-29 14:26:33.300000,18.247222216666668
33,2024-04-29 18:44:36.066667,2024-04-29 18:48:07.166667,3.518333333333333
33,2024-04-29 18:50:41.166667,2024-04-29 18:52:02.600000,1.3572222166666668
33,2024-04-30 08:59:46.700000,2024-04-30 09:13:50.633333,14.06555555
33,2024-04-30 09:13:59.333333,2024-04-30 10:05:11.366667,51.20055556666667
33,2024-04-30 10:06:40.166667,2024-04-30 10:43:10.233333,36.5011111
33,2024-04-30 10:43:16.300000,2024-04-30 10:57:30.600000,14.238333333333333
33,2024-04-30 10:57:31.133333,2024-04-30 12:53:47.833333,116.27833333333334
33,2024-04-30 12:55:32.933333,2024-04-30 13:00:52.333333,5.323333333333333
33,2024-04-30 13:01:13.100000,2024-04-30 14:33:17.700000,92.07666666666667
33,2024-04-30 14:34:12.466667,2024-04-30 14:38:24.933333,4.207777766666667
33,2024-04-30 14:40:35.200000,2024-04-30 14:56:17.533333,15.705555550000001
33,2024-04-30 14:56:20.100000,2024-04-30 15:58:02.633333,61.70888888333333
33,2024-04-30 15:58:25.666667,2024-04-30 16:09:55.100000,11.49055555
33,2024-05-01 09:35:20.133333,2024-05-01 11:07:17.600000,91.95777778333333
33,2024-05-01 11:07:27.600000,2024-05-01 11:28:38.500000,21.18166666666667
33,2024-05-01 11:28:45.366667,2024-05-01 12:55:15.433333,86.50111109999999
33,2024-05-01 12:57:07.466667,2024-05-01 13:15:35.966667,18.475
33,2024-05-01 13:15:38.533333,2024-05-01 13:20:48.766667,5.170555566666667
33,2024-05-01 13:20:51.266667,2024-05-01 13:31:10.966667,10.328333333333335
33,2024-05-01 13:31:10.966667,2024-05-01 13:55:57.733333,24.77944443333333
33,2024-05-01 15:04:38.733333,2024-05-01 15:18:47.966667,14.1538889
33,2024-05-01 15:19:49.100000,2024-05-01 16:00:23.766667,40.57777778333333
33,2024-05-01 16:00:30.566667,2024-05-01 17:02:11.366667,61.68
33,2024-05-01 17:04:44.466667,2024-05-01 17:24:58.966667,20.241666666666667
33,2024-05-02 11:03:08.733333,2024-05-02 11:06:08.133333,2.99
33,2024-05-02 11:07:51.433333,2024-05-02 11:16:32.866667,8.690555566666665
33,2024-05-06 17:04:09.033333,2024-05-06 18:07:40.600000,63.52611111666667
33,2024-05-07 08:57:22.166667,2024-05-07 09:38:52.766667,41.51
33,2024-05-07 09:42:27.600000,2024-05-07 10:19:35.300000,37.12833333333333
33,2024-05-07 10:21:01.566667,2024-05-07 10:25:04.033333,4.0411111
33,2024-05-07 12:00:56.900000,2024-05-07 12:35:51.866667,34.91611111666667
33,2024-05-07 12:36:15.700000,2024-05-07 13:06:31.133333,30.257222216666666
33,2024-05-07 13:06:57.733333,2024-05-07 14:01:23.300000,54.42611111666667
33,2024-05-07 14:01:37.166667,2024-05-07 14:45:40.033333,44.04777776666666
33,2024-05-07 14:46:02.333333,2024-05-07 14:49:16.100000,3.2294444500000004
33,2024-05-07 14:49:35.100000,2024-05-07 15:05:59.266667,16.40277778333333
33,2024-05-07 15:06:11.700000,2024-05-07 16:24:35.900000,78.40333333333334
33,2024-05-07 16:24:58.566667,2024-05-07 16:43:24.533333,18.432777766666668
33,2024-05-07 16:44:51.766667,2024-05-07 16:55:32.833333,10.684444433333335
33,2024-05-07 16:59:49.533333,2024-05-07 17:01:40.166667,1.8438889
33,2024-05-07 17:04:56.166667,2024-05-07 18:12:14.466667,67.305
33,2024-05-08 09:57:11.200000,2024-05-08 10:08:08.000000,10.946666666666665
33,2024-05-08 10:08:40.133333,2024-05-08 10:09:22.366667,0.7038889
33,2024-05-08 10:09:53.000000,2024-05-08 10:26:21.066667,16.467777783333336
33,2024-05-08 10:27:51.466667,2024-05-08 10:36:39.200000,8.79555555
33,2024-05-08 10:38:22.900000,2024-05-08 10:48:28.266667,10.08944445
33,2024-05-08 10:50:22.066667,2024-05-08 10:51:26.533333,1.0744444333333334
33,2024-05-08 10:51:33.833333,2024-05-08 11:09:54.766667,18.348888900000002
33,2024-05-08 11:48:28.900000,2024-05-08 12:10:16.633333,21.79555555
33,2024-05-08 12:10:21.933333,2024-05-08 13:06:01.833333,55.665
33,2024-05-08 13:06:34.000000,2024-05-08 13:32:33.700000,25.995
33,2024-05-08 13:32:35.300000,2024-05-08 13:40:37.633333,8.038888883333334
33,2024-05-08 13:42:34.333333,2024-05-08 13:43:06.900000,0.5427777833333334
33,2024-05-08 13:43:08.900000,2024-05-08 13:46:00.366667,2.8577777833333333
33,2024-05-08 13:46:01.733333,2024-05-08 13:50:56.200000,4.907777783333333
33,2024-05-08 13:51:13.700000,2024-05-08 14:01:33.266667,10.326111116666668
33,2024-05-08 14:02:25.900000,2024-05-08 14:14:02.800000,11.615
33,2024-05-08 14:14:03.766667,2024-05-08 14:20:55.333333,6.8594444333333335
33,2024-05-08 14:21:12.833333,2024-05-08 14:37:55.666667,16.7138889
33,2024-05-08 14:38:05.233333,2024-05-08 14:46:53.333333,8.801666666666668
33,2024-05-08 14:46:56.266667,2024-05-08 15:06:30.933333,19.577777766666667
33,2024-05-08 15:06:36.433333,2024-05-08 15:14:47.733333,8.188333333333334
33,2024-05-19 14:10:47.900000,2024-05-19 14:21:39.866667,10.866111116666668
33,2024-05-19 14:21:44.033333,2024-05-19 14:24:41.533333,2.9583333333333335
33,2024-05-19 17:14:32.166667,2024-05-19 17:31:39.766667,17.126666666666665
33,2024-05-20 08:56:04.833333,2024-05-20 09:10:58.600000,14.896111116666667
33,2024-05-20 09:11:23.900000,2024-05-20 10:28:03.933333,76.66722221666667
33,2024-05-20 10:28:29.166667,2024-05-20 11:00:43.466667,32.23833333333333
33,2024-05-20 14:28:47.700000,2024-05-20 14:29:55.566667,1.1311111166666667
33,2024-05-20 14:30:02.433333,2024-05-20 14:31:44.966667,1.7088889
33,2024-05-20 14:32:24.466667,2024-05-20 14:46:18.500000,13.90055555
33,2024-05-20 14:54:57.933333,2024-05-20 15:34:38.166667,39.670555566666664
33,2024-05-20 15:34:46.400000,2024-05-20 15:43:10.800000,8.406666666666666
33,2024-05-20 15:53:17.733333,2024-05-20 15:58:57.300000,5.65944445
33,2024-05-20 16:14:39.166667,2024-05-20 16:17:53.333333,3.2361111
33,2024-05-20 16:19:21.400000,2024-05-20 16:25:00.300000,5.6483333333333325
33,2024-05-20 16:25:19.600000,2024-05-20 16:26:00.266667,0.6777777833333333
33,2024-05-20 16:28:04.500000,2024-05-20 16:41:27.733333,13.387222216666666
33,2024-05-20 17:02:47.900000,2024-05-20 17:11:09.233333,8.35555555
33,2024-05-20 17:12:34.433333,2024-05-20 17:15:45.166667,3.1788889
33,2024-05-20 17:16:43.266667,2024-05-20 17:39:59.466667,23.27
33,2024-05-20 17:40:10.000000,2024-05-20 17:54:20.300000,14.171666666666665
33,2024-05-20 18:20:26.366667,2024-05-20 18:24:06.933333,3.6761111
33,2024-05-20 18:24:07.933333,2024-05-20 18:58:56.500000,34.80944445
33,2024-05-21 08:57:59.133333,2024-05-21 09:10:27.766667,12.477222233333332
33,2024-05-21 09:12:38.833333,2024-05-21 09:38:29.366667,25.842222233333334
33,2024-05-21 09:40:13.200000,2024-05-21 09:41:54.966667,1.6961111166666667
33,2024-05-21 10:03:57.500000,2024-05-21 10:19:37.800000,15.671666666666665
33,2024-05-21 10:31:52.966667,2024-05-21 10:38:06.200000,6.22055555
33,2024-05-21 10:38:10.466667,2024-05-21 10:54:38.800000,16.47222221666667
33,2024-05-21 10:59:58.966667,2024-05-21 11:00:40.433333,0.6911111000000001
33,2024-05-21 11:00:42.100000,2024-05-21 11:13:34.200000,12.868333333333334
33,2024-05-21 11:34:50.600000,2024-05-21 12:20:21.066667,45.50777778333334
33,2024-05-21 12:22:08.066667,2024-05-21 12:26:43.100000,4.5838888833333336
33,2024-05-21 12:26:47.300000,2024-05-21 12:50:09.200000,23.365000000000002
33,2024-05-21 12:51:53.633333,2024-05-21 13:02:14.600000,10.34944445
33,2024-05-21 13:03:51.833333,2024-05-21 13:07:27.333333,3.591666666666667
33,2024-05-21 13:52:44.066667,2024-05-21 13:59:57.100000,7.217222216666667
33,2024-05-21 14:01:11.366667,2024-05-21 14:05:31.333333,4.332777766666666
33,2024-05-21 14:06:25.666667,2024-05-21 14:19:57.766667,13.535
33,2024-05-21 14:20:33.900000,2024-05-21 15:25:51.966667,65.30111111666666
33,2024-05-21 15:26:35.233333,2024-05-21 15:30:17.133333,3.6983333333333333
33,2024-05-22 09:14:06.400000,2024-05-22 09:46:13.766667,32.12277778333333
33,2024-05-22 11:16:35.233333,2024-05-22 11:38:52.866667,22.293888900000002
33,2024-05-22 11:39:14.300000,2024-05-22 12:41:16.633333,62.038888883333335
33,2024-05-22 12:41:28.433333,2024-05-22 14:21:07.700000,99.65444445
33,2024-05-22 14:44:07.866667,2024-05-22 15:15:01.333333,30.8911111
33,2024-05-22 15:15:09.333333,2024-05-22 15:33:12.166667,18.047222233333333
33,2024-05-22 15:33:13.700000,2024-05-22 15:45:34.633333,12.348888883333332
33,2024-05-22 15:45:39.400000,2024-05-22 15:57:14.900000,11.591666666666667
33,2024-05-22 15:57:46.166667,2024-05-22 16:08:33.900000,10.79555555
33,2024-05-22 16:11:31.833333,2024-05-22 16:32:29.766667,20.96555556666667
33,2024-05-22 16:32:36.766667,2024-05-22 16:53:04.666667,20.465
33,2024-05-22 17:28:36.766667,2024-05-22 18:57:45.333333,89.14277776666667
33,2024-05-23 09:22:53.066667,2024-05-23 09:39:46.533333,16.8911111
33,2024-05-23 10:02:40.300000,2024-05-23 10:51:48.833333,49.14222221666667
33,2024-05-23 11:30:24.033333,2024-05-23 11:56:06.100000,25.701111116666667
33,2024-05-23 13:40:17.200000,2024-05-23 14:10:42.433333,30.42055555
33,2024-05-23 14:10:52.666667,2024-05-23 14:36:26.933333,25.5711111
33,2024-05-24 09:58:27.966667,2024-05-24 10:00:44.900000,2.282222216666667
33,2024-05-24 17:23:01.300000,2024-05-24 17:34:08.833333,11.12555555
33,2024-05-26 13:17:57.266667,2024-05-26 14:53:44.633333,95.78944443333333
33,2024-05-27 15:33:03.733333,2024-05-27 15:44:58.800000,11.917777783333333
34,2024-04-26 12:23:58.400000,2024-04-26 13:15:02.433333,51.067222216666664
34,2024-04-28 17:00:20.300000,2024-04-28 18:27:54.633333,87.57222221666666
34,2024-04-29 13:41:22.233333,2024-04-29 13:53:58.833333,12.610000000000001
34,2024-04-29 14:08:00.333333,2024-04-29 14:34:21.933333,26.36
34,2024-04-29 14:34:25.933333,2024-04-29 15:07:20.866667,32.91555556666667
34,2024-04-29 17:15:34.466667,2024-04-29 17:16:58.366667,1.3983333333333334
34,2024-04-29 17:24:53.800000,2024-04-29 17:29:01.966667,4.136111116666666
34,2024-04-29 17:29:57.433333,2024-04-29 17:30:57.200000,0.9961111166666666
34,2024-04-29 17:34:25.833333,2024-04-29 17:34:57.200000,0.5227777833333334
34,2024-04-29 17:56:20.166667,2024-04-29 18:09:35.166667,13.25
34,2024-04-30 09:08:12.500000,2024-04-30 09:37:49.833333,29.622222216666668
34,2024-04-30 09:38:05.566667,2024-04-30 09:40:44.100000,2.6422222166666667
34,2024-04-30 09:42:14.666667,2024-04-30 09:49:03.433333,6.812777766666667
34,2024-04-30 09:50:28.400000,2024-04-30 10:31:39.966667,41.192777783333334
34,2024-04-30 10:31:46.466667,2024-04-30 12:19:18.633333,107.5361111
34,2024-04-30 12:21:47.233333,2024-04-30 12:35:26.466667,13.6538889
34,2024-04-30 12:37:49.300000,2024-04-30 12:47:00.700000,9.19
34,2024-04-30 12:47:02.333333,2024-04-30 12:59:25.066667,12.3788889
34,2024-04-30 13:00:13.266667,2024-04-30 13:01:56.500000,1.72055555
34,2024-04-30 13:48:45.533333,2024-04-30 14:10:29.166667,21.727222233333336
34,2024-04-30 14:13:17.033333,2024-04-30 14:42:29.300000,29.20444445
34,2024-04-30 14:42:46.033333,2024-04-30 15:55:47.733333,73.02833333333334
34,2024-04-30 15:56:10.233333,2024-04-30 16:02:01.566667,5.855555566666666
34,2024-05-01 10:41:33.133333,2024-05-01 11:07:30.766667,25.960555566666667
34,2024-05-01 11:07:56.833333,2024-05-01 12:49:28.866667,101.5338889
34,2024-05-01 13:04:48.166667,2024-05-01 14:28:11.000000,83.38055555
34,2024-05-01 14:29:22.900000,2024-05-01 15:03:02.200000,33.655
34,2024-05-01 15:06:07.766667,2024-05-01 15:10:14.500000,4.112222216666667
34,2024-05-01 15:11:10.166667,2024-05-01 15:28:57.600000,17.79055555
34,2024-05-01 15:30:25.300000,2024-05-01 16:16:20.700000,45.92333333333333
34,2024-05-01 16:17:35.833333,2024-05-01 17:02:51.966667,45.2688889
34,2024-05-01 17:03:01.400000,2024-05-01 17:59:59.666667,56.97111111666666
34,2024-05-06 17:24:55.300000,2024-05-06 17:34:10.666667,9.256111116666666
34,2024-05-06 17:36:12.033333,2024-05-06 17:42:07.666667,5.9272222333333335
34,2024-05-06 17:55:03.400000,2024-05-06 17:57:06.700000,2.055
34,2024-05-06 17:59:28.833333,2024-05-06 18:32:55.566667,33.44555556666667
34,2024-05-06 18:34:29.700000,2024-05-06 18:54:36.200000,20.108333333333334
34,2024-05-06 18:54:40.233333,2024-05-06 18:57:11.066667,2.5138889
34,2024-05-07 09:25:10.800000,2024-05-07 09:45:03.233333,19.873888883333333
34,2024-05-07 10:32:38.000000,2024-05-07 11:09:04.566667,36.442777783333334
34,2024-05-07 11:11:03.966667,2024-05-07 11:35:40.566667,24.61
34,2024-05-07 11:35:53.000000,2024-05-07 11:50:21.533333,14.47555555
34,2024-05-07 11:51:42.833333,2024-05-07 11:52:53.866667,1.1838889
34,2024-05-07 11:53:10.666667,2024-05-07 12:01:04.733333,7.9011111
34,2024-05-07 12:01:49.066667,2024-05-07 12:10:04.100000,8.25055555
34,2024-05-07 12:10:10.366667,2024-05-07 12:26:30.200000,16.33055555
34,2024-05-07 12:29:00.966667,2024-05-07 13:03:03.833333,34.04777776666666
34,2024-05-07 13:06:34.200000,2024-05-07 13:37:51.900000,31.295
34,2024-05-07 13:40:29.866667,2024-05-07 13:58:34.900000,18.083888883333334
34,2024-05-07 14:00:24.733333,2024-05-07 14:12:14.866667,11.835555566666667
34,2024-05-07 14:21:01.800000,2024-05-07 14:42:07.833333,21.100555550000003
34,2024-05-07 14:44:55.033333,2024-05-07 15:10:38.733333,25.728333333333335
34,2024-05-07 15:10:51.866667,2024-05-07 15:23:26.433333,12.5761111
34,2024-05-07 15:23:39.200000,2024-05-07 15:24:25.666667,0.7744444500000001
34,2024-05-07 15:25:00.200000,2024-05-07 15:25:41.566667,0.68944445
34,2024-05-07 15:37:11.366667,2024-05-07 15:51:48.700000,14.622222216666668
34,2024-05-07 16:55:17.966667,2024-05-07 16:57:52.466667,2.575
34,2024-05-08 08:56:19.033333,2024-05-08 08:59:21.300000,3.0377777833333335
34,2024-05-08 09:15:25.233333,2024-05-08 09:30:20.966667,14.9288889
34,2024-05-08 09:32:29.533333,2024-05-08 09:38:40.233333,6.178333333333333
34,2024-05-08 09:46:17.966667,2024-05-08 10:12:28.066667,26.168333333333333
34,2024-05-08 10:14:02.133333,2024-05-08 10:16:25.100000,2.3827777833333332
34,2024-05-08 13:17:37.000000,2024-05-08 13:35:15.333333,17.638888883333333
34,2024-05-08 13:40:22.766667,2024-05-08 13:50:02.500000,9.662222216666667
34,2024-05-08 13:50:36.833333,2024-05-08 14:03:15.933333,12.651666666666667
34,2024-05-08 14:11:08.233333,2024-05-08 14:34:25.066667,23.280555566666667
34,2024-05-08 14:35:20.533333,2024-05-08 15:14:54.966667,39.5738889
34,2024-05-08 15:21:50.400000,2024-05-08 15:38:46.833333,16.94055555
34,2024-05-08 15:43:44.033333,2024-05-08 15:45:15.800000,1.52944445
34,2024-05-19 10:11:23.833333,2024-05-19 10:53:29.966667,42.102222233333336
34,2024-05-19 10:53:36.500000,2024-05-19 11:52:02.066667,58.42611111666667
34,2024-05-19 11:52:24.300000,2024-05-19 13:48:06.300000,115.7
34,2024-05-19 13:48:32.000000,2024-05-19 13:50:45.966667,2.2327777833333333
34,2024-05-19 13:50:46.466667,2024-05-19 14:35:30.933333,44.7411111
34,2024-05-19 14:35:31.500000,2024-05-19 14:54:33.566667,19.034444450000002
34,2024-05-19 14:55:28.966667,2024-05-19 15:46:22.100000,50.88555555000001
34,2024-05-19 15:46:23.566667,2024-05-19 16:44:43.533333,58.332777766666666
34,2024-05-19 17:11:45.966667,2024-05-19 17:23:39.100000,11.88555555
34,2024-05-19 17:23:39.733333,2024-05-19 17:44:14.466667,20.5788889
34,2024-05-20 10:23:37.166667,2024-05-20 10:28:30.600000,4.89055555
34,2024-05-20 10:28:38.133333,2024-05-20 10:31:42.533333,3.0733333333333333
34,2024-05-20 10:32:05.733333,2024-05-20 10:58:38.533333,26.546666666666667
34,2024-05-20 10:58:43.933333,2024-05-20 11:48:28.733333,49.74666666666667
34,2024-05-20 12:07:28.266667,2024-05-20 13:14:39.033333,67.17944443333333
34,2024-05-20 13:16:18.266667,2024-05-20 13:41:06.500000,24.803888883333332
34,2024-05-20 13:41:33.266667,2024-05-20 14:21:49.266667,40.266666666666666
34,2024-05-20 14:26:59.733333,2024-05-20 14:36:02.933333,9.053333333333335
34,2024-05-20 14:41:57.366667,2024-05-20 14:50:47.200000,8.830555550000001
34,2024-05-20 14:52:29.000000,2024-05-20 15:15:42.266667,23.22111111666667
34,2024-05-20 15:26:43.400000,2024-05-20 16:03:57.166667,37.229444449999995
34,2024-05-20 16:19:59.300000,2024-05-20 16:21:06.766667,1.12444445
34,2024-05-20 16:41:46.500000,2024-05-20 16:51:15.566667,9.484444450000002
34,2024-05-20 16:52:53.033333,2024-05-20 16:57:36.400000,4.722777783333333
34,2024-05-20 16:57:47.600000,2024-05-20 17:01:36.066667,3.8077777833333335
34,2024-05-20 17:53:08.233333,2024-05-20 18:21:12.400000,28.06944445
34,2024-05-20 18:26:45.666667,2024-05-20 18:54:51.033333,28.08944443333333
34,2024-05-21 09:32:32.400000,2024-05-21 10:19:13.733333,46.688888883333334
34,2024-05-21 10:48:39.066667,2024-05-21 10:55:46.400000,7.122222216666667
34,2024-05-21 10:56:58.633333,2024-05-21 11:15:43.466667,18.747222233333332
34,2024-05-21 11:16:29.866667,2024-05-21 11:46:01.266667,29.523333333333333
34,2024-05-21 11:46:49.766667,2024-05-21 13:10:12.033333,83.37111110000001
34,2024-05-21 14:17:03.066667,2024-05-21 14:33:40.566667,16.625
34,2024-05-21 14:34:51.566667,2024-05-21 15:51:34.266667,76.71166666666666
34,2024-05-21 16:03:58.300000,2024-05-21 16:12:48.600000,8.838333333333333
34,2024-05-21 17:44:02.266667,2024-05-21 18:51:37.966667,67.595
34,2024-05-22 09:21:26.766667,2024-05-22 09:47:46.200000,26.323888883333332
34,2024-05-22 09:48:14.466667,2024-05-22 09:58:22.866667,10.139999999999999
34,2024-05-22 10:01:15.566667,2024-05-22 10:17:11.266667,15.928333333333335
34,2024-05-22 10:23:48.766667,2024-05-22 10:30:40.266667,6.858333333333333
34,2024-05-22 10:32:14.100000,2024-05-22 11:07:07.166667,34.884444450000004
34,2024-05-22 11:09:10.900000,2024-05-22 11:59:04.800000,49.89833333333333
34,2024-05-22 12:05:40.333333,2024-05-22 12:45:50.700000,40.17277778333333
34,2024-05-22 12:47:23.266667,2024-05-22 13:54:05.066667,66.69666666666667
34,2024-05-22 13:55:36.233333,2024-05-22 14:13:35.366667,17.98555556666667
34,2024-05-22 14:14:48.333333,2024-05-22 14:54:50.100000,40.02944445
34,2024-05-22 14:57:12.466667,2024-05-22 14:59:21.733333,2.154444433333333
34,2024-05-22 14:59:34.500000,2024-05-22 15:04:12.300000,4.63
34,2024-05-22 15:05:54.933333,2024-05-22 15:29:32.766667,23.630555566666665
34,2024-05-22 15:37:56.100000,2024-05-22 16:17:27.666667,39.52611111666667
34,2024-05-22 16:18:47.566667,2024-05-22 16:32:04.933333,13.289444433333333
34,2024-05-22 16:32:27.400000,2024-05-22 16:36:25.366667,3.9661111166666667
34,2024-05-22 16:36:26.466667,2024-05-22 18:20:56.900000,104.50722221666666
34,2024-05-23 09:28:53.033333,2024-05-23 09:55:51.300000,26.97111111666667
34,2024-05-23 09:55:57.200000,2024-05-23 10:50:12.433333,54.25388888333334
34,2024-05-23 11:23:34.033333,2024-05-23 11:44:52.833333,21.313333333333333
34,2024-05-23 11:46:33.333333,2024-05-23 12:44:29.866667,57.94222223333334
34,2024-05-23 14:18:12.400000,2024-05-23 14:34:27.666667,16.25444445
34,2024-05-23 14:35:48.333333,2024-05-23 14:47:01.733333,11.223333333333333
34,2024-05-23 14:47:18.533333,2024-05-23 14:52:00.466667,4.6988889
34,2024-05-23 15:09:50.166667,2024-05-23 15:36:32.166667,26.7
34,2024-05-23 16:48:22.700000,2024-05-23 17:31:27.400000,43.07833333333333
34,2024-05-23 17:31:34.766667,2024-05-23 17:36:34.100000,4.988888883333333
34,2024-05-24 09:24:17.100000,2024-05-24 09:31:41.000000,7.3983333333333325
34,2024-05-24 09:33:57.066667,2024-05-24 10:33:33.166667,59.60166666666667
34,2024-05-24 10:35:03.966667,2024-05-24 11:06:59.933333,31.932777766666668
34,2024-05-24 11:07:47.233333,2024-05-24 11:25:56.066667,18.14722223333333
34,2024-05-24 11:27:15.800000,2024-05-24 11:50:18.566667,23.04611111666667
34,2024-05-24 16:34:46.466667,2024-05-24 17:26:45.966667,51.99166666666667
34,2024-05-24 17:26:47.000000,2024-05-24 17:29:18.133333,2.518888883333333
34,2024-05-24 17:29:19.466667,2024-05-24 17:33:22.600000,4.052222216666666
34,2024-05-24 17:33:57.500000,2024-05-24 17:43:00.400000,9.048333333333334
34,2024-05-25 10:44:27.566667,2024-05-25 10:46:11.400000,1.7305555499999998
34,2024-05-25 11:24:44.633333,2024-05-25 11:33:53.400000,9.146111116666667
34,2024-05-25 11:47:03.633333,2024-05-25 13:44:20.866667,117.28722223333332
34,2024-05-26 14:56:42.300000,2024-05-26 15:13:03.133333,16.34722221666667
34,2024-05-27 15:32:26.700000,2024-05-27 15:34:07.266667,1.6761111166666667
35,2024-04-28 16:14:51.066667,2024-04-28 17:08:09.233333,53.302777766666665
35,2024-04-29 16:50:03.866667,2024-04-29 17:04:03.900000,14.00055555
35,2024-04-29 17:05:10.866667,2024-04-29 17:21:22.766667,16.198333333333334
35,2024-04-29 17:22:01.166667,2024-04-29 17:22:48.600000,0.79055555
35,2024-04-29 17:25:38.566667,2024-04-29 17:26:35.900000,0.95555555
35,2024-04-29 17:27:29.333333,2024-04-29 17:28:46.833333,1.2916666666666667
35,2024-04-29 17:29:01.766667,2024-04-29 17:30:17.466667,1.2616666666666667
35,2024-04-29 17:30:54.433333,2024-04-29 17:31:42.766667,0.8055555666666667
35,2024-04-29 17:38:04.800000,2024-04-29 17:56:33.000000,18.470000000000002
35,2024-04-29 18:00:46.400000,2024-04-29 18:45:49.866667,45.057777783333336
35,2024-04-30 09:09:41.933333,2024-04-30 10:00:54.233333,51.205000000000005
35,2024-04-30 11:05:00.166667,2024-04-30 12:45:52.400000,100.87055555
35,2024-04-30 12:48:13.333333,2024-04-30 13:57:52.500000,69.65277778333333
35,2024-04-30 13:59:57.000000,2024-04-30 14:38:42.866667,38.76444445
35,2024-04-30 14:40:19.466667,2024-04-30 15:06:24.900000,26.090555549999998
35,2024-04-30 15:07:54.166667,2024-04-30 15:12:45.433333,4.854444433333333
35,2024-04-30 15:26:55.000000,2024-04-30 15:41:15.566667,14.342777783333334
35,2024-04-30 15:42:06.666667,2024-04-30 15:49:47.000000,7.6722222166666665
35,2024-05-01 09:35:29.000000,2024-05-01 10:34:57.133333,59.468888883333335
35,2024-05-01 11:28:28.800000,2024-05-01 11:46:34.433333,18.09388888333333
35,2024-05-01 11:46:39.100000,2024-05-01 13:35:13.433333,108.57222221666666
35,2024-05-01 13:37:09.166667,2024-05-01 13:50:17.533333,13.139444433333333
35,2024-05-01 13:50:20.666667,2024-05-01 14:29:01.933333,38.68777776666666
35,2024-05-01 14:29:05.466667,2024-05-01 14:50:12.733333,21.1211111
35,2024-05-01 14:50:14.533333,2024-05-01 15:19:56.733333,29.703333333333333
35,2024-05-01 15:22:05.233333,2024-05-01 15:34:14.000000,12.146111116666667
35,2024-05-06 16:51:51.866667,2024-05-06 17:06:33.933333,14.7011111
35,2024-05-06 17:08:00.300000,2024-05-06 17:10:40.500000,2.67
35,2024-05-06 17:17:37.700000,2024-05-06 17:27:17.533333,9.663888883333334
35,2024-05-06 17:53:04.800000,2024-05-06 18:01:58.400000,8.893333333333334
35,2024-05-06 18:07:26.033333,2024-05-06 18:18:58.200000,11.536111116666666
35,2024-05-06 18:20:51.600000,2024-05-06 18:22:03.233333,1.1938888833333332
35,2024-05-06 18:22:47.100000,2024-05-06 18:24:53.966667,2.11444445
35,2024-05-06 18:25:46.466667,2024-05-06 18:39:25.933333,13.657777766666667
35,2024-05-06 18:40:51.700000,2024-05-06 18:54:43.233333,13.858888883333332
35,2024-05-07 09:08:31.633333,2024-05-07 09:19:37.733333,11.101666666666667
35,2024-05-07 09:34:45.000000,2024-05-07 10:11:10.400000,36.42333333333333
35,2024-05-07 10:14:15.533333,2024-05-07 10:17:46.166667,3.5105555666666666
35,2024-05-07 10:18:27.366667,2024-05-07 10:21:20.733333,2.8894444333333333
35,2024-05-07 10:22:45.666667,2024-05-07 10:27:06.200000,4.342222216666667
35,2024-05-07 10:27:18.933333,2024-05-07 10:28:53.300000,1.5727777833333334
35,2024-05-07 10:42:52.733333,2024-05-07 10:46:46.366667,3.8938889
35,2024-05-07 11:00:06.766667,2024-05-07 11:02:52.266667,2.7583333333333333
35,2024-05-07 11:05:08.233333,2024-05-07 11:07:20.700000,2.2077777833333334
35,2024-05-07 11:14:02.066667,2024-05-07 11:17:42.000000,3.66555555
35,2024-05-07 11:17:59.200000,2024-05-07 11:22:29.766667,4.50944445
35,2024-05-07 11:23:04.200000,2024-05-07 11:24:46.700000,1.7083333333333333
35,2024-05-07 11:25:11.333333,2024-05-07 11:37:32.900000,12.359444450000002
35,2024-05-07 11:44:51.066667,2024-05-07 11:46:46.600000,1.92555555
35,2024-05-07 11:46:51.400000,2024-05-07 11:48:42.333333,1.8488888833333335
35,2024-05-07 11:48:46.400000,2024-05-07 11:56:31.500000,7.751666666666667
35,2024-05-07 11:59:56.266667,2024-05-07 12:05:23.600000,5.45555555
35,2024-05-07 12:05:27.033333,2024-05-07 12:25:07.033333,19.666666666666668
35,2024-05-07 12:26:56.100000,2024-05-07 12:31:55.300000,4.986666666666666
35,2024-05-07 12:32:00.033333,2024-05-07 12:37:35.100000,5.58444445
35,2024-05-07 12:38:16.833333,2024-05-07 12:43:26.200000,5.156111116666667
35,2024-05-07 12:52:14.033333,2024-05-07 13:05:36.133333,13.368333333333334
35,2024-05-07 13:05:46.633333,2024-05-07 13:22:35.933333,16.821666666666665
35,2024-05-07 13:29:20.700000,2024-05-07 13:30:47.800000,1.4516666666666667
35,2024-05-07 13:30:51.766667,2024-05-07 13:33:06.800000,2.25055555
35,2024-05-07 13:33:17.433333,2024-05-07 13:45:31.833333,12.24
35,2024-05-07 13:57:39.500000,2024-05-07 14:15:00.700000,17.353333333333335
35,2024-05-07 14:17:10.400000,2024-05-07 14:41:20.400000,24.166666666666668
35,2024-05-07 14:41:39.466667,2024-05-07 14:43:32.233333,1.8794444333333333
35,2024-05-07 14:44:25.166667,2024-05-07 14:46:09.733333,1.7427777666666666
35,2024-05-07 14:47:06.366667,2024-05-07 14:47:37.500000,0.5188888833333334
35,2024-05-07 14:48:19.800000,2024-05-07 14:49:38.866667,1.3177777833333333
35,2024-05-07 14:50:45.600000,2024-05-07 14:51:46.233333,1.01055555
35,2024-05-07 14:53:03.000000,2024-05-07 15:06:15.733333,13.212222216666667
35,2024-05-07 15:09:26.533333,2024-05-07 15:11:29.633333,2.0516666666666667
35,2024-05-07 15:11:45.166667,2024-05-07 15:23:42.733333,11.959444433333335
35,2024-05-07 15:25:19.133333,2024-05-07 15:38:12.233333,12.885
35,2024-05-07 15:51:02.933333,2024-05-07 15:58:57.866667,7.915555566666667
35,2024-05-07 15:59:23.933333,2024-05-07 16:00:14.966667,0.8505555666666668
35,2024-05-07 16:43:01.233333,2024-05-07 16:53:50.633333,10.823333333333332
35,2024-05-07 16:53:52.666667,2024-05-07 17:05:15.400000,11.378888883333333
35,2024-05-07 17:06:18.833333,2024-05-07 17:09:25.166667,3.1055555666666668
35,2024-05-07 17:10:30.933333,2024-05-07 17:19:18.300000,8.78944445
35,2024-05-07 17:20:30.133333,2024-05-07 17:34:17.266667,13.785555566666666
35,2024-05-07 17:37:32.433333,2024-05-07 17:40:47.633333,3.253333333333333
35,2024-05-07 17:42:43.733333,2024-05-07 17:59:56.766667,17.217222233333334
35,2024-05-07 18:09:52.200000,2024-05-07 18:18:53.800000,9.026666666666667
35,2024-05-08 08:59:00.466667,2024-05-08 09:17:46.200000,18.762222216666665
35,2024-05-08 09:18:40.500000,2024-05-08 09:33:22.200000,14.695
35,2024-05-08 09:33:48.300000,2024-05-08 10:21:17.333333,47.48388888333333
35,2024-05-08 10:23:24.466667,2024-05-08 10:31:58.933333,8.574444433333333
35,2024-05-08 10:33:22.233333,2024-05-08 10:59:42.833333,26.34333333333333
35,2024-05-08 11:10:01.533333,2024-05-08 13:07:05.266667,117.06222223333333
35,2024-05-08 13:30:38.366667,2024-05-08 13:31:33.666667,0.9216666666666666
35,2024-05-08 13:34:39.466667,2024-05-08 13:39:10.466667,4.516666666666667
35,2024-05-08 13:39:35.566667,2024-05-08 13:42:41.400000,3.0972222166666667
35,2024-05-08 13:43:31.000000,2024-05-08 13:48:00.566667,4.4927777833333336
35,2024-05-08 13:48:21.766667,2024-05-08 13:51:15.900000,2.9022222166666665
35,2024-05-08 13:52:39.100000,2024-05-08 14:01:47.533333,9.140555549999998
35,2024-05-08 14:02:08.566667,2024-05-08 14:15:17.466667,13.148333333333333
35,2024-05-08 14:17:16.733333,2024-05-08 14:20:05.533333,2.8133333333333335
35,2024-05-08 14:21:41.733333,2024-05-08 14:24:41.166667,2.9905555666666666
35,2024-05-08 14:26:11.866667,2024-05-08 14:29:15.100000,3.0538888833333333
35,2024-05-08 14:50:06.233333,2024-05-08 15:33:30.200000,43.399444450000004
35,2024-05-08 15:35:46.500000,2024-05-08 15:41:30.800000,5.738333333333333
35,2024-05-13 16:31:59.200000,2024-05-13 17:04:04.133333,32.082222216666665
35,2024-05-19 12:03:38.100000,2024-05-19 13:24:18.566667,80.67444445
35,2024-05-19 13:24:40.833333,2024-05-19 13:59:21.666667,34.68055556666666
35,2024-05-19 13:59:40.966667,2024-05-19 14:08:30.533333,8.8261111
35,2024-05-19 14:08:50.533333,2024-05-19 15:41:55.800000,93.08777778333334
35,2024-05-19 17:27:34.700000,2024-05-19 17:36:28.833333,8.902222216666667
35,2024-05-20 09:02:09.933333,2024-05-20 09:32:43.766667,30.5638889
35,2024-05-20 09:33:01.500000,2024-05-20 09:35:00.600000,1.9849999999999999
35,2024-05-20 10:37:16.200000,2024-05-20 11:16:07.433333,38.85388888333333
35,2024-05-20 12:07:52.966667,2024-05-20 12:34:18.766667,26.43
35,2024-05-20 12:39:46.600000,2024-05-20 12:41:19.766667,1.5527777833333334
35,2024-05-20 12:41:25.366667,2024-05-20 13:11:41.066667,30.261666666666667
35,2024-05-20 13:12:01.433333,2024-05-20 14:04:06.966667,52.09222223333334
35,2024-05-20 14:28:24.866667,2024-05-20 14:44:35.200000,16.17222221666667
35,2024-05-20 14:46:10.333333,2024-05-20 15:09:42.833333,23.541666666666668
35,2024-05-20 15:09:52.166667,2024-05-20 16:16:03.866667,66.195
35,2024-05-20 16:42:00.733333,2024-05-20 16:53:40.666667,11.665555566666665
35,2024-05-20 17:02:19.866667,2024-05-20 17:04:41.566667,2.3616666666666664
35,2024-05-20 17:04:57.333333,2024-05-20 17:09:52.766667,4.9238889
35,2024-05-20 17:20:19.466667,2024-05-20 17:24:18.900000,3.9905555500000003
35,2024-05-20 17:28:55.200000,2024-05-20 17:44:40.066667,15.747777783333333
35,2024-05-20 18:55:18.000000,2024-05-20 18:56:31.566667,1.2261111166666665
35,2024-05-21 09:34:29.033333,2024-05-21 10:50:14.800000,75.76277778333333
35,2024-05-21 10:58:55.866667,2024-05-21 11:17:39.400000,18.725555550000003
35,2024-05-21 11:18:52.966667,2024-05-21 11:41:40.900000,22.798888883333333
35,2024-05-21 11:44:18.633333,2024-05-21 13:06:19.200000,82.00944445
35,2024-05-21 13:25:32.366667,2024-05-21 13:43:58.466667,18.435
35,2024-05-21 13:47:24.066667,2024-05-21 13:48:30.966667,1.115
35,2024-05-21 13:50:02.100000,2024-05-21 14:02:14.133333,12.200555549999999
35,2024-05-21 14:03:43.666667,2024-05-21 14:07:37.633333,3.8994444333333336
35,2024-05-21 14:09:44.366667,2024-05-21 14:10:42.300000,0.9655555499999999
35,2024-05-21 14:12:21.766667,2024-05-21 14:13:19.533333,0.9627777666666667
35,2024-05-21 14:14:52.866667,2024-05-21 14:21:35.033333,6.702777766666667
35,2024-05-21 14:42:32.133333,2024-05-21 14:44:25.633333,1.8916666666666666
35,2024-05-21 14:46:03.166667,2024-05-21 14:48:13.966667,2.18
35,2024-05-21 15:36:38.633333,2024-05-21 16:58:02.966667,81.40555556666666
35,2024-05-21 16:59:22.000000,2024-05-21 17:31:44.766667,32.37944445
35,2024-05-21 18:20:56.733333,2024-05-21 18:25:27.466667,4.5122222333333335
35,2024-05-22 09:12:35.900000,2024-05-22 09:32:33.500000,19.959999999999997
35,2024-05-22 09:34:41.666667,2024-05-22 09:36:21.533333,1.6644444333333333
35,2024-05-22 09:36:38.033333,2024-05-22 09:40:03.733333,3.4283333333333332
35,2024-05-22 09:47:09.966667,2024-05-22 09:55:41.533333,8.5261111
35,2024-05-22 09:56:18.733333,2024-05-22 10:03:21.700000,7.049444449999999
35,2024-05-22 10:04:15.633333,2024-05-22 10:23:06.166667,18.842222233333334
35,2024-05-22 10:23:08.866667,2024-05-22 10:27:06.166667,3.955
35,2024-05-22 10:28:45.533333,2024-05-22 10:34:29.700000,5.736111116666667
35,2024-05-22 10:41:17.633333,2024-05-22 11:15:02.133333,33.74166666666667
35,2024-05-22 11:15:29.500000,2024-05-22 11:19:59.533333,4.5005555500000005
35,2024-05-22 11:20:16.033333,2024-05-22 11:24:42.000000,4.432777783333333
35,2024-05-22 12:21:18.333333,2024-05-22 12:22:16.933333,0.9766666666666667
35,2024-05-22 12:34:21.600000,2024-05-22 13:51:51.400000,77.49666666666667
35,2024-05-22 13:52:52.400000,2024-05-22 14:01:57.766667,9.08944445
35,2024-05-22 14:17:22.733333,2024-05-22 14:31:11.166667,13.807222233333333
35,2024-05-22 14:34:16.500000,2024-05-22 14:44:12.566667,9.93444445
35,2024-05-22 14:47:59.666667,2024-05-22 14:51:47.533333,3.797777766666667
35,2024-05-22 14:53:40.566667,2024-05-22 14:58:26.700000,4.768888883333333
35,2024-05-22 14:59:48.233333,2024-05-22 15:11:41.133333,11.881666666666666
35,2024-05-22 15:13:28.433333,2024-05-22 15:15:11.766667,1.7222222333333332
35,2024-05-22 15:16:32.500000,2024-05-22 15:17:37.800000,1.0883333333333334
35,2024-05-22 15:19:30.600000,2024-05-22 15:23:05.533333,3.5822222166666666
35,2024-05-22 15:39:07.866667,2024-05-22 15:40:23.533333,1.2611111000000002
35,2024-05-22 15:42:17.933333,2024-05-22 15:44:44.866667,2.4488889
35,2024-05-22 15:44:58.533333,2024-05-22 15:49:17.433333,4.3149999999999995
35,2024-05-22 15:49:21.000000,2024-05-22 15:57:48.566667,8.45944445
35,2024-05-22 16:08:04.000000,2024-05-22 16:09:36.433333,1.54055555
35,2024-05-22 16:16:03.200000,2024-05-22 16:24:16.966667,8.229444449999999
35,2024-05-22 16:30:42.833333,2024-05-22 16:32:42.400000,1.9927777833333333
35,2024-05-22 16:43:15.300000,2024-05-22 17:28:41.733333,45.44055555
35,2024-05-22 18:25:53.400000,2024-05-22 18:58:08.666667,32.25444445
35,2024-05-23 10:50:01.066667,2024-05-23 11:38:04.666667,48.059999999999995
35,2024-05-23 11:38:23.100000,2024-05-23 11:39:28.600000,1.0916666666666666
35,2024-05-23 11:42:43.266667,2024-05-23 11:43:22.466667,0.6533333333333334
35,2024-05-23 12:23:09.433333,2024-05-23 12:24:52.933333,1.725
35,2024-05-23 12:26:08.566667,2024-05-23 12:41:35.166667,15.443333333333333
35,2024-05-23 12:42:17.600000,2024-05-23 12:44:33.033333,2.257222216666667
35,2024-05-23 12:45:59.633333,2024-05-23 13:01:52.500000,15.881111116666666
35,2024-05-23 13:04:02.800000,2024-05-23 13:14:27.133333,10.40555555
35,2024-05-23 13:15:42.700000,2024-05-23 13:31:20.666667,15.632777783333333
35,2024-05-23 13:33:43.266667,2024-05-23 13:35:00.200000,1.2822222166666668
35,2024-05-23 13:35:47.466667,2024-05-23 14:12:04.400000,36.28222221666667
35,2024-05-23 14:13:31.800000,2024-05-23 14:21:00.900000,7.485
35,2024-05-23 14:22:28.900000,2024-05-23 14:40:46.566667,18.29444445
35,2024-05-23 15:47:24.633333,2024-05-23 16:17:29.833333,30.086666666666666
35,2024-05-23 16:59:09.066667,2024-05-23 17:15:22.233333,16.219444433333333
35,2024-05-23 17:15:36.666667,2024-05-23 17:19:11.500000,3.58055555
35,2024-05-23 17:27:41.766667,2024-05-23 17:44:49.000000,17.12055555
35,2024-05-24 10:04:06.866667,2024-05-24 10:31:29.866667,27.383333333333333
35,2024-05-24 10:38:15.600000,2024-05-24 11:20:22.200000,42.11
35,2024-05-24 11:21:38.700000,2024-05-24 11:29:08.766667,7.501111116666666
35,2024-05-24 11:32:15.800000,2024-05-24 11:33:45.433333,1.4938888833333333
35,2024-05-24 11:43:34.666667,2024-05-24 11:49:41.666667,6.116666666666666
35,2024-05-24 11:49:55.866667,2024-05-24 11:52:13.166667,2.2883333333333336
35,2024-05-24 11:55:33.400000,2024-05-24 12:34:26.600000,38.88666666666666
35,2024-05-24 12:34:32.833333,2024-05-24 12:38:58.733333,4.431666666666667
35,2024-05-24 15:48:28.033333,2024-05-24 16:10:45.700000,22.29444445
35,2024-05-24 16:11:21.400000,2024-05-24 16:31:12.333333,19.848888883333334
35,2024-05-24 16:31:36.866667,2024-05-24 16:32:47.200000,1.1722222166666667
35,2024-05-24 16:33:48.500000,2024-05-24 16:47:26.566667,13.63444445
35,2024-05-24 16:48:05.866667,2024-05-24 17:02:42.300000,14.607222216666665
35,2024-05-24 17:03:17.566667,2024-05-24 17:04:32.800000,1.2538888833333333
35,2024-05-24 17:30:04.700000,2024-05-24 17:40:29.000000,10.405
35,2024-05-24 17:41:23.566667,2024-05-24 17:41:56.466667,0.5483333333333333
35,2024-05-25 09:23:14.100000,2024-05-25 09:33:24.433333,10.172222216666666
35,2024-05-25 09:35:13.466667,2024-05-25 09:55:08.933333,19.924444433333335
35,2024-05-25 09:55:09.633333,2024-05-25 11:14:28.933333,79.32166666666667
35,2024-05-25 11:15:26.366667,2024-05-25 11:26:32.666667,11.104999999999999
35,2024-05-25 11:27:59.733333,2024-05-25 11:29:07.366667,1.1272222333333335
35,2024-05-25 11:30:26.466667,2024-05-25 11:31:49.266667,1.38
35,2024-05-25 11:36:52.166667,2024-05-25 12:38:50.400000,61.97055555
35,2024-05-25 12:56:05.066667,2024-05-25 13:01:31.766667,5.444999999999999
35,2024-05-25 13:04:25.766667,2024-05-25 13:05:35.666667,1.165
35,2024-05-26 12:23:39.233333,2024-05-26 12:37:51.766667,14.2088889
35,2024-05-26 12:38:45.466667,2024-05-26 12:40:27.566667,1.7016666666666667
35,2024-05-26 12:41:22.333333,2024-05-26 12:51:32.866667,10.175555566666667
35,2024-05-26 12:52:40.300000,2024-05-26 12:58:18.400000,5.635000000000001
35,2024-05-26 12:59:17.533333,2024-05-26 13:06:24.800000,7.1211111166666665
35,2024-05-26 13:10:25.600000,2024-05-26 13:12:23.000000,1.9566666666666668
35,2024-05-26 13:15:33.400000,2024-05-26 13:34:50.700000,19.288333333333334
35,2024-05-26 14:14:20.466667,2024-05-26 14:16:45.033333,2.4094444333333334
35,2024-05-26 14:18:00.766667,2024-05-26 14:19:57.866667,1.9516666666666667
35,2024-05-26 14:20:51.900000,2024-05-26 14:37:49.166667,16.95444445
36,2024-04-29 15:54:55.433333,2024-04-29 16:01:21.133333,6.428333333333333
36,2024-04-29 16:03:04.066667,2024-04-29 16:11:21.233333,8.286111100000001
36,2024-04-29 16:23:46.766667,2024-04-29 16:54:18.033333,30.5211111
36,2024-04-29 16:56:11.166667,2024-04-29 17:12:13.366667,16.03666666666667
36,2024-04-29 17:27:19.866667,2024-04-29 17:52:42.200000,25.372222216666668
36,2024-04-29 18:07:03.133333,2024-04-29 18:31:23.133333,24.333333333333332
36,2024-04-30 09:12:16.733333,2024-04-30 09:14:15.366667,1.9772222333333334
36,2024-04-30 09:16:16.600000,2024-04-30 10:33:07.133333,76.84222221666667
36,2024-04-30 10:34:42.700000,2024-04-30 11:05:43.333333,31.01055555
36,2024-04-30 11:07:52.133333,2024-04-30 12:23:26.633333,75.575
36,2024-04-30 12:25:03.266667,2024-04-30 14:06:21.433333,101.30277776666667
36,2024-04-30 14:08:29.833333,2024-04-30 14:50:21.000000,41.85277778333333
36,2024-04-30 15:49:42.166667,2024-04-30 15:50:23.600000,0.6905555499999999
36,2024-05-01 09:38:59.933333,2024-05-01 10:05:21.366667,26.357222233333335
36,2024-05-01 10:06:42.966667,2024-05-01 10:28:17.433333,21.574444433333333
36,2024-05-01 10:29:16.733333,2024-05-01 10:42:35.433333,13.311666666666667
36,2024-05-01 10:44:43.300000,2024-05-01 10:54:59.033333,10.262222216666666
36,2024-05-01 10:56:34.633333,2024-05-01 11:17:52.100000,21.291111116666666
36,2024-05-01 11:20:25.833333,2024-05-01 11:37:37.966667,17.202222233333334
36,2024-05-01 11:40:53.633333,2024-05-01 11:50:41.033333,9.79
36,2024-05-01 11:52:00.366667,2024-05-01 11:58:45.366667,6.75
36,2024-05-01 11:59:51.766667,2024-05-01 12:06:59.333333,7.1261111
36,2024-05-01 12:08:47.833333,2024-05-01 12:23:06.133333,14.305
36,2024-05-01 12:37:56.166667,2024-05-01 12:42:41.200000,4.7505555500000005
36,2024-05-01 12:44:36.100000,2024-05-01 13:04:51.000000,20.248333333333335
36,2024-05-01 13:06:00.866667,2024-05-01 13:15:40.533333,9.6611111
36,2024-05-01 13:20:35.966667,2024-05-01 14:10:33.833333,49.964444433333334
36,2024-05-01 14:12:29.233333,2024-05-01 14:19:14.166667,6.7488889
36,2024-05-01 14:21:06.700000,2024-05-01 14:38:58.933333,17.87055555
36,2024-05-01 14:40:36.433333,2024-05-01 14:50:18.233333,9.696666666666665
36,2024-05-01 14:52:02.533333,2024-05-01 16:00:35.300000,68.54611111666667
36,2024-05-01 16:02:18.333333,2024-05-01 16:13:43.066667,11.412222233333333
36,2024-05-01 16:14:18.800000,2024-05-01 17:01:12.766667,46.899444450000004
36,2024-05-01 17:02:32.833333,2024-05-01 17:13:40.366667,11.125555566666666
36,2024-05-02 09:30:18.133333,2024-05-02 11:05:08.000000,94.83111111666668
36,2024-05-02 11:05:36.766667,2024-05-02 11:22:43.533333,17.112777766666667
36,2024-05-06 17:43:57.266667,2024-05-06 17:47:31.566667,3.5716666666666668
36,2024-05-06 17:47:46.533333,2024-05-06 17:52:01.600000,4.251111116666666
36,2024-05-06 18:05:10.666667,2024-05-06 18:16:51.466667,11.68
36,2024-05-06 18:18:50.733333,2024-05-06 18:22:56.766667,4.100555566666666
36,2024-05-06 18:23:14.366667,2024-05-06 18:38:01.333333,14.782777766666667
36,2024-05-06 18:38:23.166667,2024-05-06 18:39:52.766667,1.4933333333333332
36,2024-05-06 18:40:13.933333,2024-05-06 18:56:16.233333,16.038333333333334
36,2024-05-06 18:56:50.866667,2024-05-06 18:57:38.600000,0.79555555
36,2024-05-07 09:13:12.566667,2024-05-07 09:26:59.633333,13.784444433333334
36,2024-05-07 09:27:29.233333,2024-05-07 09:35:11.900000,7.711111116666667
36,2024-05-07 09:38:33.233333,2024-05-07 09:43:16.100000,4.71444445
36,2024-05-07 09:44:25.666667,2024-05-07 09:46:08.266667,1.71
36,2024-05-07 09:51:59.966667,2024-05-07 10:34:31.133333,42.519444433333334
36,2024-05-07 10:35:00.833333,2024-05-07 10:38:31.733333,3.515
36,2024-05-07 10:40:44.500000,2024-05-07 10:43:17.666667,2.552777783333333
36,2024-05-07 10:48:59.100000,2024-05-07 10:49:44.900000,0.7633333333333333
36,2024-05-07 10:50:42.300000,2024-05-07 11:07:50.933333,17.143888883333332
36,2024-05-07 11:09:02.633333,2024-05-07 11:17:44.866667,8.7038889
36,2024-05-07 11:17:53.633333,2024-05-07 11:26:04.266667,8.177222233333334
36,2024-05-07 11:27:47.466667,2024-05-07 11:31:24.733333,3.6211111
36,2024-05-07 11:31:35.733333,2024-05-07 11:36:16.666667,4.682222233333333
36,2024-05-07 11:40:37.966667,2024-05-07 11:43:01.566667,2.393333333333333
36,2024-05-07 11:43:12.000000,2024-05-07 11:53:36.233333,10.403888883333334
36,2024-05-07 11:54:23.100000,2024-05-07 12:00:33.833333,6.178888883333333
36,2024-05-07 12:00:38.100000,2024-05-07 12:10:57.233333,10.318888883333333
36,2024-05-07 12:16:40.233333,2024-05-07 12:36:57.700000,20.291111116666666
36,2024-05-07 12:37:21.233333,2024-05-07 12:58:39.500000,21.304444450000002
36,2024-05-07 12:59:48.433333,2024-05-07 13:05:20.833333,5.54
36,2024-05-07 13:05:31.466667,2024-05-07 13:06:19.533333,0.8011111
36,2024-05-07 13:06:25.300000,2024-05-07 13:10:39.700000,4.24
36,2024-05-07 13:12:06.633333,2024-05-07 13:16:39.500000,4.547777783333333
36,2024-05-07 13:17:35.866667,2024-05-07 13:24:00.233333,6.4061111
36,2024-05-07 13:25:00.033333,2024-05-07 13:26:51.466667,1.8572222333333335
36,2024-05-07 13:37:49.433333,2024-05-07 13:58:29.233333,20.663333333333334
36,2024-05-07 13:58:33.300000,2024-05-07 13:59:37.200000,1.065
36,2024-05-07 14:02:56.633333,2024-05-07 14:04:03.200000,1.10944445
36,2024-05-07 14:05:00.800000,2024-05-07 14:16:48.100000,11.788333333333332
36,2024-05-07 14:16:52.900000,2024-05-07 14:26:19.833333,9.448888883333332
36,2024-05-07 14:27:18.600000,2024-05-07 14:44:50.333333,17.52888888333333
36,2024-05-07 14:47:35.466667,2024-05-07 15:10:33.266667,22.96333333333333
36,2024-05-07 15:10:36.900000,2024-05-07 15:11:26.366667,0.82444445
36,2024-05-07 15:11:27.966667,2024-05-07 15:42:04.433333,30.60777776666667
36,2024-05-07 15:43:13.833333,2024-05-07 15:47:43.966667,4.502222233333333
36,2024-05-07 15:47:48.033333,2024-05-07 15:51:33.366667,3.7555555666666667
36,2024-05-07 15:51:35.833333,2024-05-07 16:00:09.366667,8.5588889
36,2024-05-07 16:00:12.833333,2024-05-07 17:00:55.233333,60.70666666666667
36,2024-05-07 17:01:24.800000,2024-05-07 17:03:21.666667,1.9477777833333334
36,2024-05-07 17:03:27.166667,2024-05-07 17:05:07.866667,1.6783333333333335
36,2024-05-07 17:05:12.533333,2024-05-07 17:40:36.666667,35.40222223333333
36,2024-05-07 17:40:45.166667,2024-05-07 17:49:35.700000,8.842222216666666
36,2024-05-07 17:49:42.300000,2024-05-07 17:58:29.066667,8.77944445
36,2024-05-07 18:26:05.300000,2024-05-07 18:38:28.233333,12.382222216666666
36,2024-05-08 08:55:45.133333,2024-05-08 09:02:39.766667,6.910555566666667
36,2024-05-08 09:11:38.266667,2024-05-08 09:18:32.400000,6.902222216666667
36,2024-05-08 09:18:43.833333,2024-05-08 09:20:06.366667,1.3755555666666666
36,2024-05-08 09:21:00.200000,2024-05-08 09:23:40.866667,2.677777783333333
36,2024-05-08 09:24:30.666667,2024-05-08 09:35:51.233333,11.342777766666668
36,2024-05-08 09:36:53.133333,2024-05-08 10:09:11.300000,32.30277778333333
36,2024-05-08 10:12:25.666667,2024-05-08 10:21:10.166667,8.741666666666667
36,2024-05-08 10:21:15.233333,2024-05-08 11:08:18.633333,47.056666666666665
36,2024-05-08 11:18:07.633333,2024-05-08 12:02:36.300000,44.47777778333333
36,2024-05-08 12:03:06.533333,2024-05-08 13:09:04.700000,65.96944445
36,2024-05-08 15:09:48.866667,2024-05-08 15:32:28.533333,22.661111100000003
36,2024-05-08 15:33:22.733333,2024-05-08 15:40:27.333333,7.076666666666667
36,2024-05-08 15:45:09.566667,2024-05-08 16:02:16.600000,17.11722221666667
36,2024-05-12 12:41:37.366667,2024-05-12 13:29:25.933333,47.80944443333333
36,2024-05-12 13:29:30.666667,2024-05-12 14:05:36.433333,36.0961111
36,2024-05-12 16:58:50.033333,2024-05-12 17:17:20.300000,18.50444445
36,2024-05-13 09:32:11.266667,2024-05-13 09:45:37.366667,13.435
36,2024-05-13 09:45:42.966667,2024-05-13 10:35:32.566667,49.82666666666667
36,2024-05-13 10:35:37.000000,2024-05-13 10:42:24.700000,6.795
36,2024-05-13 10:42:28.900000,2024-05-13 10:52:33.866667,10.082777783333334
36,2024-05-13 10:55:42.766667,2024-05-13 11:02:32.033333,6.8211110999999995
36,2024-05-13 15:46:50.633333,2024-05-13 17:38:10.600000,111.33277778333333
36,2024-05-17 13:21:21.600000,2024-05-17 13:40:59.833333,19.637222216666665
36,2024-05-19 11:36:53.700000,2024-05-19 13:08:38.033333,91.73888888333333
36,2024-05-19 13:08:40.466667,2024-05-19 13:25:50.733333,17.1711111
36,2024-05-19 13:26:38.333333,2024-05-19 13:37:39.666667,11.022222233333334
36,2024-05-20 08:57:06.700000,2024-05-20 09:05:56.233333,8.825555549999999
36,2024-05-20 09:19:35.233333,2024-05-20 09:39:04.033333,19.48
36,2024-05-20 11:04:07.966667,2024-05-20 11:42:33.066667,38.41833333333333
36,2024-05-20 12:15:47.633333,2024-05-20 12:23:08.333333,7.345
36,2024-05-20 12:25:07.033333,2024-05-20 12:36:20.400000,11.222777783333333
36,2024-05-20 12:44:53.833333,2024-05-20 12:49:31.066667,4.620555566666667
36,2024-05-20 14:28:53.466667,2024-05-20 14:37:57.400000,9.06555555
36,2024-05-20 14:37:58.500000,2024-05-20 14:39:39.633333,1.68555555
36,2024-05-20 14:39:40.566667,2024-05-20 15:10:12.166667,30.526666666666664
36,2024-05-20 15:12:07.300000,2024-05-20 15:20:13.866667,8.10944445
36,2024-05-20 16:35:37.000000,2024-05-20 16:44:19.700000,8.711666666666668
36,2024-05-20 16:45:42.100000,2024-05-20 17:02:51.966667,17.16444445
36,2024-05-20 17:02:55.766667,2024-05-20 17:03:52.600000,0.9472222166666667
36,2024-05-20 17:04:29.000000,2024-05-20 17:21:42.866667,17.231111116666668
36,2024-05-20 17:23:02.800000,2024-05-20 17:31:47.700000,8.748333333333333
36,2024-05-20 17:34:34.600000,2024-05-20 17:40:12.066667,5.6244444499999995
36,2024-05-20 17:41:13.733333,2024-05-20 17:42:16.500000,1.0461111166666666
36,2024-05-21 09:46:41.900000,2024-05-21 10:22:54.166667,36.20444445
36,2024-05-21 10:42:35.333333,2024-05-21 10:44:10.133333,1.5799999999999998
36,2024-05-21 10:45:18.066667,2024-05-21 11:08:15.233333,22.952777766666667
36,2024-05-21 11:09:36.766667,2024-05-21 11:22:49.333333,13.209444433333335
36,2024-05-21 11:26:42.000000,2024-05-21 11:35:51.966667,9.166111116666666
36,2024-05-21 11:37:33.033333,2024-05-21 11:39:59.566667,2.442222233333333
36,2024-05-21 11:59:24.766667,2024-05-21 12:02:59.900000,3.58555555
36,2024-05-21 12:10:05.066667,2024-05-21 12:16:10.700000,6.093888883333333
36,2024-05-21 12:26:45.500000,2024-05-21 12:32:19.033333,5.558888883333334
36,2024-05-21 12:33:36.366667,2024-05-21 12:42:19.700000,8.722222216666667
36,2024-05-21 12:59:08.100000,2024-05-21 13:36:35.166667,37.45111111666667
36,2024-05-21 13:40:40.900000,2024-05-21 13:41:44.833333,1.06555555
36,2024-05-21 13:43:04.033333,2024-05-21 14:37:15.233333,54.18666666666666
36,2024-05-21 15:25:41.600000,2024-05-21 15:39:45.666667,14.067777783333334
36,2024-05-21 16:31:28.266667,2024-05-21 16:35:22.300000,3.90055555
36,2024-05-21 16:57:01.066667,2024-05-21 17:38:14.166667,41.218333333333334
36,2024-05-21 17:39:55.733333,2024-05-21 17:40:56.033333,1.005
36,2024-05-22 09:02:23.766667,2024-05-22 09:14:27.433333,12.0611111
36,2024-05-22 09:16:28.933333,2024-05-22 09:22:12.100000,5.71944445
36,2024-05-22 09:22:32.233333,2024-05-22 09:24:29.866667,1.9605555666666667
36,2024-05-22 09:25:41.966667,2024-05-22 09:36:47.866667,11.098333333333333
36,2024-05-22 09:43:51.033333,2024-05-22 09:52:55.833333,9.08
36,2024-05-22 09:54:02.933333,2024-05-22 09:56:35.200000,2.5377777833333335
36,2024-05-22 09:56:55.866667,2024-05-22 10:09:22.200000,12.438888883333334
36,2024-05-22 10:09:46.900000,2024-05-22 10:11:16.966667,1.5011111166666666
36,2024-05-22 10:11:42.400000,2024-05-22 10:12:43.933333,1.02555555
36,2024-05-22 10:15:03.466667,2024-05-22 10:57:38.166667,42.57833333333333
36,2024-05-22 11:01:19.866667,2024-05-22 11:05:22.166667,4.038333333333333
36,2024-05-22 11:05:36.533333,2024-05-22 11:15:58.700000,10.36944445
36,2024-05-22 11:16:28.133333,2024-05-22 11:17:24.000000,0.9311111166666667
36,2024-05-22 11:18:54.400000,2024-05-22 11:20:26.933333,1.5422222166666666
36,2024-05-22 11:20:49.900000,2024-05-22 11:21:49.633333,0.9955555500000001
36,2024-05-22 11:23:16.700000,2024-05-22 11:39:27.400000,16.178333333333335
36,2024-05-22 11:39:53.300000,2024-05-22 11:44:56.333333,5.05055555
36,2024-05-22 11:46:32.333333,2024-05-22 11:47:10.033333,0.6283333333333334
36,2024-05-22 11:47:45.500000,2024-05-22 12:34:32.500000,46.78333333333333
36,2024-05-22 12:34:53.000000,2024-05-22 12:38:15.233333,3.3705555499999997
36,2024-05-22 12:39:36.166667,2024-05-22 13:34:40.900000,55.078888883333335
36,2024-05-22 13:49:13.066667,2024-05-22 13:56:38.933333,7.4311111
36,2024-05-22 14:00:20.666667,2024-05-22 14:18:37.100000,18.27388888333333
36,2024-05-22 14:21:06.600000,2024-05-22 14:40:07.866667,19.021111116666667
36,2024-05-22 15:03:05.433333,2024-05-22 15:20:35.866667,17.507222233333334
36,2024-05-22 15:31:24.666667,2024-05-22 15:45:54.366667,14.495000000000001
36,2024-05-22 15:46:46.300000,2024-05-22 15:54:15.233333,7.482222216666667
36,2024-05-22 15:55:23.266667,2024-05-22 16:19:19.766667,23.941666666666666
36,2024-05-23 09:10:50.266667,2024-05-23 09:46:44.866667,35.91
36,2024-05-23 09:46:46.166667,2024-05-23 11:20:41.100000,93.91555555
36,2024-05-23 11:20:58.800000,2024-05-23 11:36:33.366667,15.576111116666668
36,2024-05-23 11:36:52.600000,2024-05-23 12:10:52.633333,34.00055555
36,2024-05-23 12:10:55.866667,2024-05-23 12:23:39.233333,12.722777766666667
36,2024-05-23 12:24:05.800000,2024-05-23 12:46:40.666667,22.581111116666666
36,2024-05-23 12:47:07.933333,2024-05-23 12:49:03.900000,1.9327777833333333
36,2024-05-23 12:50:06.000000,2024-05-23 12:51:29.366667,1.38944445
36,2024-05-23 13:00:36.300000,2024-05-23 13:04:59.066667,4.379444449999999
36,2024-05-23 13:10:28.300000,2024-05-23 13:20:22.900000,9.91
36,2024-05-23 13:21:37.833333,2024-05-23 13:24:40.566667,3.0455555666666667
36,2024-05-23 13:26:59.500000,2024-05-23 13:42:49.700000,15.836666666666668
36,2024-05-23 13:44:11.866667,2024-05-23 14:05:01.733333,20.831111099999998
36,2024-05-23 14:06:44.866667,2024-05-23 14:36:35.666667,29.846666666666668
36,2024-05-23 14:37:54.200000,2024-05-23 14:42:37.600000,4.723333333333333
36,2024-05-23 14:43:43.400000,2024-05-23 14:44:46.433333,1.05055555
36,2024-05-23 14:46:03.800000,2024-05-23 14:47:16.166667,1.2061111166666667
36,2024-05-23 14:48:22.000000,2024-05-23 14:49:18.233333,0.9372222166666667
36,2024-05-23 14:50:39.833333,2024-05-23 14:54:40.000000,4.002777783333333
36,2024-05-23 15:06:17.500000,2024-05-23 15:11:03.900000,4.7733333333333325
36,2024-05-23 15:13:49.933333,2024-05-23 15:15:03.133333,1.22
36,2024-05-23 15:16:23.333333,2024-05-23 15:17:22.066667,0.9788889
36,2024-05-23 15:21:14.833333,2024-05-23 15:28:00.766667,6.7655555666666665
36,2024-05-23 15:29:13.633333,2024-05-23 15:41:57.366667,12.7288889
36,2024-05-23 15:48:53.666667,2024-05-23 16:24:42.633333,35.81611109999999
36,2024-05-23 16:26:06.466667,2024-05-23 16:30:37.400000,4.51555555
36,2024-05-23 17:04:05.133333,2024-05-23 17:08:35.566667,4.507222233333334
36,2024-05-23 17:10:10.266667,2024-05-23 17:12:07.900000,1.9605555499999998
36,2024-05-23 17:13:49.233333,2024-05-23 17:16:55.600000,3.106111116666667
36,2024-05-23 17:18:02.666667,2024-05-23 17:23:39.933333,5.621111099999999
36,2024-05-23 17:25:06.133333,2024-05-23 17:51:11.033333,26.081666666666667
36,2024-05-24 09:14:06.066667,2024-05-24 10:13:48.666667,59.71
36,2024-05-24 10:15:28.300000,2024-05-24 11:02:46.233333,47.29888888333333
36,2024-05-24 11:05:07.300000,2024-05-24 11:10:26.633333,5.322222216666666
36,2024-05-24 11:10:47.933333,2024-05-24 11:23:21.500000,12.55944445
36,2024-05-24 11:23:42.233333,2024-05-24 11:36:10.900000,12.477777783333332
36,2024-05-24 11:37:03.400000,2024-05-24 13:19:49.066667,102.76111111666667
36,2024-05-24 13:44:41.066667,2024-05-24 15:13:37.766667,88.945
36,2024-05-24 15:14:50.966667,2024-05-24 15:17:19.300000,2.4722222166666667
36,2024-05-24 15:18:59.800000,2024-05-24 15:42:53.433333,23.893888883333332
36,2024-05-24 15:43:00.600000,2024-05-24 16:13:45.166667,30.742777783333334
36,2024-05-24 16:15:38.733333,2024-05-24 16:34:53.200000,19.241111116666666
36,2024-05-24 16:37:28.066667,2024-05-24 17:16:17.766667,38.82833333333333
36,2024-05-24 17:23:50.633333,2024-05-24 17:30:30.866667,6.670555566666667
36,2024-05-25 09:22:54.333333,2024-05-25 11:10:46.100000,107.86277778333333
36,2024-05-25 11:13:19.033333,2024-05-25 11:16:53.833333,3.58
36,2024-05-25 11:41:56.500000,2024-05-25 12:32:21.733333,50.42055555
36,2024-05-25 12:35:39.566667,2024-05-25 12:50:51.200000,15.193888883333333
36,2024-05-25 12:53:33.133333,2024-05-25 12:57:12.966667,3.6638889000000003
36,2024-05-25 13:00:19.833333,2024-05-25 13:13:25.400000,13.092777783333334
36,2024-05-26 12:26:52.000000,2024-05-26 12:28:50.966667,1.9827777833333333
36,2024-05-26 12:29:53.333333,2024-05-26 12:54:23.466667,24.502222233333335
36,2024-05-26 12:56:20.400000,2024-05-26 13:01:10.833333,4.84055555
36,2024-05-26 13:04:24.633333,2024-05-26 13:18:01.166667,13.6088889
36,2024-05-26 14:24:38.933333,2024-05-26 14:33:20.800000,8.697777783333333
36,2024-05-26 14:35:42.266667,2024-05-26 14:48:00.766667,12.308333333333334
36,2024-05-26 14:51:19.433333,2024-05-26 14:59:03.900000,7.741111116666667
36,2024-05-26 15:02:29.000000,2024-05-26 15:04:35.866667,2.11444445
37,2024-04-20 10:13:55.266667,2024-04-20 11:15:18.533333,61.387777766666666
37,2024-04-20 12:46:56.700000,2024-04-20 13:23:22.466667,36.42944445
37,2024-04-23 11:04:40.966667,2024-04-23 12:30:49.833333,86.14777776666666
37,2024-04-28 17:01:11.666667,2024-04-28 17:29:14.333333,28.044444433333336
37,2024-04-28 17:29:15.733333,2024-04-28 17:37:17.466667,8.0288889
37,2024-04-29 16:01:09.533333,2024-04-29 16:49:04.833333,47.92166666666667
37,2024-04-29 17:15:44.733333,2024-04-29 18:41:49.166667,86.0738889
37,2024-04-30 09:12:52.000000,2024-04-30 09:32:13.000000,19.35
37,2024-04-30 09:32:23.300000,2024-04-30 09:37:28.266667,5.0827777833333325
37,2024-04-30 09:37:39.033333,2024-04-30 09:38:10.500000,0.5244444500000001
37,2024-04-30 12:37:05.633333,2024-04-30 12:40:44.066667,3.640555566666667
37,2024-04-30 15:42:48.700000,2024-04-30 16:10:33.233333,27.74222221666667
37,2024-05-01 10:17:20.600000,2024-05-01 10:41:13.600000,23.883333333333333
37,2024-05-01 10:41:19.366667,2024-05-01 11:28:30.900000,47.192222216666664
37,2024-05-01 11:28:35.400000,2024-05-01 12:10:58.966667,42.39277778333334
37,2024-05-01 12:32:58.166667,2024-05-01 13:04:38.100000,31.66555555
37,2024-05-01 15:19:46.600000,2024-05-01 15:28:44.766667,8.96944445
37,2024-05-01 15:28:55.333333,2024-05-01 15:34:02.833333,5.125
37,2024-05-01 15:34:11.433333,2024-05-01 15:49:44.766667,15.555555566666667
37,2024-05-01 15:49:57.500000,2024-05-01 17:00:59.800000,71.03833333333334
37,2024-05-01 17:01:04.200000,2024-05-01 17:10:12.000000,9.129999999999999
37,2024-05-02 10:48:09.933333,2024-05-02 11:26:24.866667,38.2488889
37,2024-05-06 17:01:32.166667,2024-05-06 17:10:31.366667,8.986666666666668
37,2024-05-06 17:20:32.133333,2024-05-06 17:34:02.866667,13.512222233333334
37,2024-05-06 17:34:08.733333,2024-05-06 17:44:59.900000,10.852777783333332
37,2024-05-06 17:51:55.700000,2024-05-06 17:56:55.100000,4.989999999999999
37,2024-05-06 17:57:04.366667,2024-05-06 18:21:51.900000,24.79222221666667
37,2024-05-06 18:24:10.300000,2024-05-06 18:32:37.433333,8.452222216666666
37,2024-05-06 18:34:45.266667,2024-05-06 18:54:11.966667,19.445
37,2024-05-06 18:54:29.866667,2024-05-06 18:55:30.900000,1.0172222166666667
37,2024-05-06 18:56:10.333333,2024-05-06 18:57:25.933333,1.26
37,2024-05-07 09:34:59.733333,2024-05-07 09:58:20.633333,23.348333333333336
37,2024-05-07 10:20:01.633333,2024-05-07 10:22:52.333333,2.8449999999999998
37,2024-05-07 10:22:57.066667,2024-05-07 10:25:27.100000,2.50055555
37,2024-05-07 10:25:31.766667,2024-05-07 10:26:58.033333,1.4377777666666667
37,2024-05-07 10:27:04.300000,2024-05-07 10:40:51.533333,13.787222216666667
37,2024-05-07 10:40:56.366667,2024-05-07 11:02:44.700000,21.80555555
37,2024-05-07 11:02:49.733333,2024-05-07 11:22:23.700000,19.566111116666665
37,2024-05-07 11:22:27.800000,2024-05-07 11:24:41.900000,2.235
37,2024-05-07 11:24:44.833333,2024-05-07 11:31:17.166667,6.5388889
37,2024-05-07 11:31:22.700000,2024-05-07 11:33:55.433333,2.54555555
37,2024-05-07 11:44:56.933333,2024-05-07 11:46:53.400000,1.9411111166666666
37,2024-05-07 11:46:57.300000,2024-05-07 11:49:58.466667,3.01944445
37,2024-05-07 12:26:32.766667,2024-05-07 12:43:06.500000,16.562222216666665
37,2024-05-07 12:43:09.733333,2024-05-07 12:50:24.966667,7.253888900000001
37,2024-05-07 12:50:28.033333,2024-05-07 12:51:00.800000,0.5461111166666667
37,2024-05-07 13:03:32.333333,2024-05-07 13:12:31.400000,8.984444450000002
37,2024-05-07 13:14:26.400000,2024-05-07 13:34:15.300000,19.815
37,2024-05-07 13:42:25.800000,2024-05-07 14:12:40.666667,30.247777783333333
37,2024-05-07 14:12:45.066667,2024-05-07 14:14:53.333333,2.1377777666666664
37,2024-05-07 14:14:58.200000,2024-05-07 14:42:03.100000,27.081666666666667
37,2024-05-07 15:10:31.466667,2024-05-07 15:25:30.000000,14.97555555
37,2024-05-07 15:25:33.100000,2024-05-07 15:33:49.566667,8.274444449999999
37,2024-05-07 15:33:55.300000,2024-05-07 15:38:06.266667,4.182777783333333
37,2024-05-07 15:38:09.566667,2024-05-07 15:47:39.500000,9.498888883333333
37,2024-05-07 15:47:41.533333,2024-05-07 15:48:39.133333,0.9600000000000001
37,2024-05-07 15:48:45.233333,2024-05-07 16:04:11.266667,15.4338889
37,2024-05-07 16:04:17.533333,2024-05-07 16:14:18.866667,10.022222233333334
37,2024-05-07 16:14:23.366667,2024-05-07 16:28:47.566667,14.403333333333334
37,2024-05-07 16:28:51.500000,2024-05-07 16:32:54.033333,4.042222216666667
37,2024-05-07 16:32:59.433333,2024-05-07 16:34:59.600000,2.0027777833333333
37,2024-05-07 16:42:37.566667,2024-05-07 16:46:14.466667,3.615
37,2024-05-07 16:46:17.400000,2024-05-07 17:00:41.833333,14.407222216666666
37,2024-05-07 17:01:15.366667,2024-05-07 17:03:28.966667,2.2266666666666666
37,2024-05-07 17:03:32.933333,2024-05-07 17:05:03.066667,1.5022222333333335
37,2024-05-07 17:05:05.266667,2024-05-07 17:08:56.100000,3.8472222166666667
37,2024-05-07 17:09:22.766667,2024-05-07 17:16:44.366667,7.36
37,2024-05-07 17:19:16.366667,2024-05-07 17:20:03.300000,0.7822222166666666
37,2024-05-07 17:20:07.300000,2024-05-07 17:38:09.366667,18.034444450000002
37,2024-05-07 17:38:18.666667,2024-05-07 18:06:08.466667,27.83
37,2024-05-07 18:18:43.000000,2024-05-07 18:41:41.366667,22.972777783333335
37,2024-05-07 18:41:46.600000,2024-05-07 18:43:53.333333,2.112222216666667
37,2024-05-07 18:43:59.300000,2024-05-07 18:54:02.700000,10.056666666666667
37,2024-05-08 08:55:54.433333,2024-05-08 08:59:03.600000,3.1527777833333333
37,2024-05-08 08:59:07.266667,2024-05-08 09:21:51.300000,22.733888883333336
37,2024-05-08 09:21:55.633333,2024-05-08 09:29:29.633333,7.566666666666666
37,2024-05-08 09:29:34.700000,2024-05-08 09:34:00.366667,4.427777783333334
37,2024-05-08 09:34:06.033333,2024-05-08 09:43:45.100000,9.651111116666668
37,2024-05-08 09:43:48.766667,2024-05-08 09:54:08.166667,10.323333333333332
37,2024-05-08 09:54:11.800000,2024-05-08 10:02:06.066667,7.90444445
37,2024-05-08 10:14:45.966667,2024-05-08 10:29:16.766667,14.513333333333332
37,2024-05-08 10:29:21.433333,2024-05-08 10:43:37.700000,14.271111116666667
37,2024-05-08 10:43:41.766667,2024-05-08 12:03:33.300000,79.85888888333334
37,2024-05-08 12:46:01.633333,2024-05-08 13:08:16.066667,22.240555566666668
37,2024-05-08 13:08:27.300000,2024-05-08 13:19:39.333333,11.200555549999999
37,2024-05-08 13:19:48.333333,2024-05-08 13:31:19.266667,11.515555566666666
37,2024-05-08 13:31:29.700000,2024-05-08 13:35:08.266667,3.6427777833333335
37,2024-05-08 14:29:12.200000,2024-05-08 14:34:20.233333,5.133888883333333
37,2024-05-08 14:34:22.600000,2024-05-08 15:27:22.066667,52.991111116666666
37,2024-05-08 15:27:25.633333,2024-05-08 16:09:31.633333,42.1
37,2024-05-08 16:09:35.533333,2024-05-08 16:43:26.133333,33.843333333333334
37,2024-05-09 10:45:04.000000,2024-05-09 12:12:50.833333,87.78055554999999
37,2024-05-09 12:13:04.433333,2024-05-09 12:22:06.000000,9.026111116666668
37,2024-05-09 12:22:10.366667,2024-05-09 12:38:19.566667,16.153333333333332
37,2024-05-09 12:38:31.000000,2024-05-09 12:50:29.666667,11.977777783333332
37,2024-05-09 12:51:11.066667,2024-05-09 13:14:07.333333,22.937777766666667
37,2024-05-09 13:14:09.566667,2024-05-09 13:36:45.800000,22.603888883333333
37,2024-05-11 11:01:31.766667,2024-05-11 11:21:34.266667,20.041666666666668
37,2024-05-11 14:04:43.333333,2024-05-11 14:12:22.300000,7.64944445
37,2024-05-12 12:39:24.300000,2024-05-12 12:43:06.366667,3.7011111166666666
37,2024-05-12 12:43:12.433333,2024-05-12 13:03:10.533333,19.96833333333333
37,2024-05-12 13:07:34.333333,2024-05-12 13:49:14.666667,41.67222223333333
37,2024-05-12 13:49:18.033333,2024-05-12 14:21:23.033333,32.083333333333336
37,2024-05-12 14:21:29.366667,2024-05-12 14:25:52.533333,4.3861111
37,2024-05-13 09:40:01.366667,2024-05-13 09:50:21.433333,10.334444433333335
37,2024-05-13 09:50:27.566667,2024-05-13 09:57:36.066667,7.141666666666667
37,2024-05-13 09:57:46.566667,2024-05-13 10:08:49.700000,11.052222216666667
37,2024-05-13 10:08:54.666667,2024-05-13 10:14:35.100000,5.673888883333333
37,2024-05-13 10:26:46.533333,2024-05-13 10:35:48.900000,9.03944445
37,2024-05-13 17:03:25.600000,2024-05-13 17:43:17.600000,39.86666666666667
37,2024-05-18 15:23:37.866667,2024-05-18 16:02:01.733333,38.397777766666664
37,2024-05-19 13:27:13.333333,2024-05-19 14:32:42.833333,65.49166666666666
37,2024-05-19 14:32:56.166667,2024-05-19 14:37:29.133333,4.549444433333333
37,2024-05-19 14:38:07.066667,2024-05-19 14:45:32.033333,7.416111099999999
37,2024-05-19 14:46:05.366667,2024-05-19 16:04:12.833333,78.12444443333334
37,2024-05-20 10:46:36.200000,2024-05-20 12:10:31.166667,83.91611111666666
37,2024-05-20 12:21:31.066667,2024-05-20 13:03:26.166667,41.91833333333333
37,2024-05-20 13:05:37.166667,2024-05-20 13:07:01.100000,1.3988888833333335
37,2024-05-20 13:07:43.833333,2024-05-20 13:34:02.033333,26.303333333333335
37,2024-05-20 15:03:12.366667,2024-05-20 15:40:38.466667,37.434999999999995
37,2024-05-20 15:53:55.466667,2024-05-20 16:08:48.666667,14.886666666666667
37,2024-05-20 16:58:24.600000,2024-05-20 17:35:34.600000,37.166666666666664
37,2024-05-20 17:36:44.433333,2024-05-20 18:58:56.000000,82.19277778333334
37,2024-05-21 09:18:00.800000,2024-05-21 09:59:21.666667,41.34777778333333
37,2024-05-21 10:00:08.066667,2024-05-21 11:45:40.666667,105.54333333333334
37,2024-05-21 11:45:59.333333,2024-05-21 11:51:21.133333,5.363333333333333
37,2024-05-21 11:51:50.466667,2024-05-21 13:06:22.800000,74.53888888333333
37,2024-05-21 13:15:13.633333,2024-05-21 14:05:12.533333,49.98166666666667
37,2024-05-21 14:05:29.433333,2024-05-21 14:56:32.400000,51.04944445
37,2024-05-21 14:56:51.800000,2024-05-21 15:16:09.733333,19.298888883333333
37,2024-05-21 15:16:34.200000,2024-05-21 15:50:08.300000,33.568333333333335
37,2024-05-21 15:50:57.466667,2024-05-21 15:55:26.333333,4.481111100000001
37,2024-05-21 15:55:41.166667,2024-05-21 16:32:35.466667,36.905
37,2024-05-22 09:00:26.566667,2024-05-22 09:13:05.733333,12.652777766666667
37,2024-05-22 09:13:14.233333,2024-05-22 09:18:54.000000,5.6627777833333335
37,2024-05-22 09:19:06.033333,2024-05-22 09:21:52.633333,2.7766666666666664
37,2024-05-22 09:22:06.266667,2024-05-22 09:24:16.533333,2.1711110999999996
37,2024-05-22 09:24:27.500000,2024-05-22 09:27:24.866667,2.956111116666667
37,2024-05-22 09:27:47.433333,2024-05-22 10:08:49.433333,41.03333333333333
37,2024-05-22 10:09:01.533333,2024-05-22 10:17:47.800000,8.771111116666667
37,2024-05-22 10:20:22.666667,2024-05-22 11:00:43.866667,40.35333333333333
37,2024-05-22 11:00:50.600000,2024-05-22 11:06:53.300000,6.045
37,2024-05-22 11:07:05.166667,2024-05-22 11:32:55.200000,25.833888883333334
37,2024-05-22 11:33:06.233333,2024-05-22 11:44:42.500000,11.604444449999999
37,2024-05-22 11:44:52.600000,2024-05-22 11:46:44.566667,1.8661111166666666
37,2024-05-22 12:19:24.300000,2024-05-22 12:41:04.066667,21.662777783333336
37,2024-05-22 12:41:14.666667,2024-05-22 12:45:38.933333,4.4044444333333335
37,2024-05-22 12:45:48.533333,2024-05-22 12:50:35.400000,4.781111116666667
37,2024-05-22 12:51:29.233333,2024-05-22 14:13:24.500000,81.92111111666667
37,2024-05-22 14:13:32.700000,2024-05-22 14:16:01.366667,2.477777783333333
37,2024-05-22 14:27:19.133333,2024-05-22 14:43:45.466667,16.438888900000002
37,2024-05-22 14:43:52.200000,2024-05-22 15:38:31.666667,54.65777778333334
37,2024-05-22 15:38:38.066667,2024-05-22 15:40:21.233333,1.7194444333333334
37,2024-05-22 15:40:21.933333,2024-05-22 15:42:42.300000,2.3394444500000002
37,2024-05-22 15:43:07.600000,2024-05-22 17:04:42.300000,81.57833333333333
37,2024-05-22 17:04:51.766667,2024-05-22 18:37:26.266667,92.575
37,2024-05-22 18:37:43.133333,2024-05-22 18:58:12.466667,20.4888889
37,2024-05-23 09:31:15.433333,2024-05-23 09:34:41.933333,3.441666666666667
37,2024-05-23 09:34:45.633333,2024-05-23 09:53:59.066667,19.223888900000002
37,2024-05-23 09:54:05.333333,2024-05-23 10:00:27.066667,6.362222233333333
37,2024-05-23 14:04:12.766667,2024-05-23 14:18:28.833333,14.267777766666667
37,2024-05-23 14:18:47.100000,2024-05-23 14:33:20.766667,14.561111116666666
37,2024-05-23 14:33:27.900000,2024-05-23 15:08:00.033333,34.535555550000005
37,2024-05-23 15:08:08.533333,2024-05-23 15:22:16.033333,14.125
37,2024-05-23 15:22:21.233333,2024-05-23 15:53:52.000000,31.512777783333334
37,2024-05-23 16:05:27.700000,2024-05-23 16:10:17.833333,4.83555555
37,2024-05-23 16:10:23.333333,2024-05-23 16:17:13.500000,6.836111116666667
37,2024-05-23 16:17:26.833333,2024-05-23 16:38:43.933333,21.285
37,2024-05-23 16:38:52.166667,2024-05-23 17:05:46.033333,26.897777766666664
37,2024-05-23 17:05:53.366667,2024-05-23 17:11:37.366667,5.733333333333333
37,2024-05-24 09:31:38.433333,2024-05-24 09:59:53.533333,28.251666666666665
37,2024-05-24 10:00:02.500000,2024-05-24 10:34:22.000000,34.325
37,2024-05-24 10:34:22.833333,2024-05-24 11:32:00.233333,57.623333333333335
37,2024-05-24 11:32:01.533333,2024-05-24 11:54:45.566667,22.7338889
37,2024-05-24 11:55:14.500000,2024-05-24 13:41:14.366667,105.99777778333333
37,2024-05-24 13:41:29.933333,2024-05-24 14:33:02.066667,51.535555566666666
37,2024-05-24 16:12:47.266667,2024-05-24 17:02:33.500000,49.770555550000005
37,2024-05-25 11:21:02.166667,2024-05-25 11:26:25.200000,5.383888883333333
37,2024-05-25 11:26:30.800000,2024-05-25 12:51:13.566667,84.71277778333334
37,2024-05-25 12:51:39.266667,2024-05-25 13:43:15.166667,51.598333333333336
37,2024-05-26 12:17:03.933333,2024-05-26 12:21:24.300000,4.33944445
37,2024-05-26 14:37:43.200000,2024-05-26 15:17:37.233333,39.90055555
37,2024-05-27 15:14:56.000000,2024-05-27 15:21:19.966667,6.39944445
37,2024-05-27 15:21:20.733333,2024-05-27 15:49:24.933333,28.07
38,2024-04-28 16:13:01.333333,2024-04-28 16:28:26.866667,15.425555566666667
38,2024-04-28 17:44:23.566667,2024-04-28 18:29:27.000000,45.057222216666666
38,2024-04-29 09:39:55.733333,2024-04-29 11:09:45.000000,89.82111111666667
38,2024-04-29 11:46:33.200000,2024-04-29 13:16:09.233333,89.60055555000001
38,2024-04-29 13:16:09.866667,2024-04-29 13:27:03.266667,10.889999999999999
38,2024-04-29 16:21:46.200000,2024-04-29 16:55:55.833333,34.160555550000005
38,2024-04-29 16:56:38.233333,2024-04-29 18:08:22.333333,71.735
38,2024-04-30 09:34:58.800000,2024-04-30 09:45:35.833333,10.617222216666667
38,2024-04-30 09:47:26.800000,2024-04-30 10:08:15.933333,20.818888883333333
38,2024-04-30 10:09:33.800000,2024-04-30 10:52:33.666667,42.997777783333326
38,2024-04-30 11:46:54.833333,2024-04-30 12:05:18.100000,18.387777783333334
38,2024-04-30 12:06:49.833333,2024-04-30 13:06:05.400000,59.259444450000004
38,2024-04-30 13:06:56.333333,2024-04-30 14:00:58.766667,54.04055556666666
38,2024-04-30 14:02:12.733333,2024-04-30 14:20:21.000000,18.137777783333334
38,2024-04-30 14:22:14.933333,2024-04-30 14:35:28.766667,13.230555566666668
38,2024-04-30 14:35:59.200000,2024-04-30 14:42:58.233333,6.983888883333334
38,2024-04-30 14:45:29.233333,2024-04-30 14:46:44.566667,1.2555555666666665
38,2024-04-30 14:46:59.566667,2024-04-30 14:53:13.966667,6.239999999999999
38,2024-05-01 11:09:34.566667,2024-05-01 11:33:22.533333,23.799444433333335
38,2024-05-01 11:34:44.766667,2024-05-01 11:46:41.666667,11.948333333333332
38,2024-05-01 11:48:04.166667,2024-05-01 11:56:11.233333,8.117777766666666
38,2024-05-01 11:58:10.233333,2024-05-01 12:17:47.633333,19.623333333333335
38,2024-05-01 12:18:01.233333,2024-05-01 12:33:17.133333,15.264999999999999
38,2024-05-01 12:38:26.733333,2024-05-01 12:47:30.666667,9.065555566666665
38,2024-05-01 12:48:55.100000,2024-05-01 12:57:27.566667,8.541111116666666
38,2024-05-01 13:00:52.233333,2024-05-01 13:20:55.533333,20.055
38,2024-05-01 13:22:20.900000,2024-05-01 13:37:10.433333,14.825555549999999
38,2024-05-01 13:38:53.700000,2024-05-01 13:50:22.600000,11.481666666666666
38,2024-05-01 13:51:55.366667,2024-05-01 14:01:41.500000,9.768888883333334
38,2024-05-01 14:02:36.533333,2024-05-01 14:29:09.200000,26.54444445
38,2024-05-01 14:31:03.300000,2024-05-01 15:09:38.366667,38.58444445
38,2024-05-01 15:10:28.666667,2024-05-01 15:35:31.900000,25.053888883333332
38,2024-05-01 15:36:21.633333,2024-05-01 15:44:26.833333,8.086666666666666
38,2024-05-01 15:45:33.633333,2024-05-01 15:52:29.433333,6.930000000000001
38,2024-05-01 15:54:01.833333,2024-05-01 16:07:44.266667,13.707222233333333
38,2024-05-01 16:09:40.366667,2024-05-01 16:33:41.233333,24.01444443333333
38,2024-05-01 16:34:33.233333,2024-05-01 17:18:56.900000,44.39444445
38,2024-05-02 09:20:01.466667,2024-05-02 09:29:18.566667,9.285
38,2024-05-02 09:29:38.500000,2024-05-02 09:39:53.666667,10.252777783333332
38,2024-05-02 09:40:16.733333,2024-05-02 10:48:29.133333,68.20666666666666
38,2024-05-02 10:49:23.766667,2024-05-02 11:27:00.033333,37.604444433333335
38,2024-05-02 11:27:19.033333,2024-05-02 12:07:05.933333,39.781666666666666
38,2024-05-06 18:40:25.000000,2024-05-06 18:41:10.133333,0.7522222166666667
38,2024-05-06 18:41:31.100000,2024-05-06 18:42:50.533333,1.3238888833333333
38,2024-05-06 18:43:38.066667,2024-05-06 18:44:46.866667,1.1466666666666667
38,2024-05-06 18:45:27.333333,2024-05-06 18:46:04.066667,0.6122222333333334
38,2024-05-06 18:46:17.366667,2024-05-06 18:47:46.933333,1.4927777666666666
38,2024-05-06 18:51:06.300000,2024-05-06 18:53:15.100000,2.146666666666667
38,2024-05-06 18:54:05.333333,2024-05-06 18:58:22.766667,4.290555566666667
38,2024-05-07 09:14:51.766667,2024-05-07 09:46:20.866667,31.485
38,2024-05-07 09:46:27.166667,2024-05-07 10:17:38.766667,31.19333333333333
38,2024-05-07 10:17:44.466667,2024-05-07 10:20:07.366667,2.381666666666667
38,2024-05-07 10:20:20.466667,2024-05-07 10:29:14.366667,8.898333333333333
38,2024-05-07 10:34:29.400000,2024-05-07 10:41:00.333333,6.51555555
38,2024-05-07 10:55:56.700000,2024-05-07 11:02:21.266667,6.40944445
38,2024-05-07 11:08:51.866667,2024-05-07 11:18:02.766667,9.181666666666667
38,2024-05-07 11:19:29.500000,2024-05-07 11:33:40.700000,14.186666666666667
38,2024-05-07 11:42:33.833333,2024-05-07 11:44:59.766667,2.4322222333333334
38,2024-05-07 11:50:11.866667,2024-05-07 11:53:13.233333,3.0227777666666666
38,2024-05-07 11:53:25.900000,2024-05-07 12:01:00.266667,7.572777783333334
38,2024-05-07 12:01:02.366667,2024-05-07 12:10:52.466667,9.835
38,2024-05-07 12:10:55.400000,2024-05-07 12:15:16.866667,4.357777783333333
38,2024-05-07 13:21:02.733333,2024-05-07 13:21:54.366667,0.8605555666666667
38,2024-05-07 13:22:33.633333,2024-05-07 13:37:52.700000,15.317777783333334
38,2024-05-07 13:41:10.366667,2024-05-07 13:58:23.433333,17.217777766666664
38,2024-05-07 13:58:27.333333,2024-05-07 14:11:46.066667,13.312222233333333
38,2024-05-07 14:13:51.433333,2024-05-07 14:41:55.233333,28.063333333333333
38,2024-05-07 14:53:20.033333,2024-05-07 15:14:46.900000,21.447777783333333
38,2024-05-07 15:15:27.233333,2024-05-07 15:33:59.700000,18.541111116666666
38,2024-05-07 15:35:14.433333,2024-05-07 15:38:00.633333,2.77
38,2024-05-07 15:38:04.300000,2024-05-07 15:51:29.933333,13.427222216666667
38,2024-05-07 15:51:31.466667,2024-05-07 16:26:06.033333,34.576111100000006
38,2024-05-07 16:27:53.600000,2024-05-07 16:33:03.266667,5.1611111166666666
38,2024-05-07 16:38:17.200000,2024-05-07 16:46:19.566667,8.03944445
38,2024-05-07 16:47:00.566667,2024-05-07 16:48:07.100000,1.1088888833333332
38,2024-05-07 17:01:35.666667,2024-05-07 17:05:25.400000,3.828888883333333
38,2024-05-07 17:09:08.033333,2024-05-07 17:19:09.633333,10.026666666666667
38,2024-05-07 17:19:10.766667,2024-05-07 17:29:59.566667,10.813333333333333
38,2024-05-07 17:30:10.166667,2024-05-07 17:49:28.500000,19.30555555
38,2024-05-07 17:49:33.300000,2024-05-07 17:52:59.066667,3.42944445
38,2024-05-07 17:53:35.566667,2024-05-07 18:05:26.566667,11.85
38,2024-05-07 18:06:44.100000,2024-05-07 18:28:44.600000,22.008333333333333
38,2024-05-07 18:30:09.433333,2024-05-07 18:35:40.533333,5.5183333333333335
38,2024-05-07 18:38:17.566667,2024-05-07 18:59:41.166667,21.39333333333333
38,2024-05-08 09:08:31.066667,2024-05-08 09:16:21.166667,7.835
38,2024-05-08 09:17:00.666667,2024-05-08 09:25:15.333333,8.244444433333333
38,2024-05-08 09:26:03.500000,2024-05-08 09:29:38.100000,3.5766666666666667
38,2024-05-08 09:30:59.800000,2024-05-08 09:38:26.266667,7.441111116666666
38,2024-05-08 09:41:18.966667,2024-05-08 10:16:45.633333,35.44444443333334
38,2024-05-08 10:16:50.933333,2024-05-08 10:19:26.633333,2.5949999999999998
38,2024-05-08 10:23:01.000000,2024-05-08 11:01:17.133333,38.26888888333334
38,2024-05-08 11:01:20.866667,2024-05-08 11:02:29.700000,1.1472222166666666
38,2024-05-08 11:02:53.066667,2024-05-08 11:25:44.266667,22.853333333333335
38,2024-05-08 11:26:14.900000,2024-05-08 11:32:24.966667,6.167777783333333
38,2024-05-08 13:31:16.933333,2024-05-08 14:02:56.500000,31.659444450000002
38,2024-05-08 14:21:53.766667,2024-05-08 15:15:37.066667,53.72166666666667
38,2024-05-08 15:32:13.600000,2024-05-08 15:34:13.933333,2.00555555
38,2024-05-08 15:34:31.366667,2024-05-08 15:36:08.633333,1.6211111
38,2024-05-08 15:40:11.300000,2024-05-08 15:47:43.066667,7.52944445
38,2024-05-08 15:48:01.066667,2024-05-08 16:02:33.666667,14.543333333333333
38,2024-05-08 16:03:12.266667,2024-05-08 16:10:38.400000,7.43555555
38,2024-05-08 16:28:11.800000,2024-05-08 16:40:59.333333,12.792222216666666
38,2024-05-08 16:41:17.200000,2024-05-08 17:37:24.300000,56.11833333333333
38,2024-05-08 17:45:39.200000,2024-05-08 17:51:19.633333,5.673888883333333
38,2024-05-09 09:00:26.766667,2024-05-09 10:00:15.766667,59.81666666666667
38,2024-05-09 10:00:36.600000,2024-05-09 10:19:10.966667,18.572777783333333
38,2024-05-09 10:20:40.966667,2024-05-09 10:25:10.266667,4.488333333333333
38,2024-05-09 10:26:12.866667,2024-05-09 10:32:45.500000,6.5438888833333335
38,2024-05-09 10:35:55.000000,2024-05-09 10:37:49.200000,1.9033333333333333
38,2024-05-09 10:40:42.700000,2024-05-09 11:57:24.000000,76.68833333333333
38,2024-05-09 11:58:33.833333,2024-05-09 12:03:14.133333,4.671666666666667
38,2024-05-09 12:03:51.133333,2024-05-09 12:51:15.466667,47.40555556666666
38,2024-05-09 12:53:43.600000,2024-05-09 13:14:13.100000,20.491666666666667
38,2024-05-09 13:15:33.100000,2024-05-09 13:18:28.400000,2.921666666666667
38,2024-05-09 13:19:11.166667,2024-05-09 13:20:37.366667,1.4366666666666668
38,2024-05-09 13:22:04.833333,2024-05-09 13:23:26.200000,1.3561111166666668
38,2024-05-09 13:24:40.800000,2024-05-09 13:52:02.433333,27.36055555
38,2024-05-09 13:52:15.433333,2024-05-09 13:55:58.533333,3.7183333333333333
38,2024-05-09 13:56:15.633333,2024-05-09 14:20:30.433333,24.246666666666666
38,2024-05-09 14:21:42.500000,2024-05-09 14:35:14.633333,13.53555555
38,2024-05-11 10:53:44.466667,2024-05-11 10:59:15.400000,5.51555555
38,2024-05-11 11:00:05.300000,2024-05-11 11:25:04.866667,24.992777783333334
38,2024-05-11 12:10:03.600000,2024-05-11 12:17:02.733333,6.98555555
38,2024-05-11 12:17:53.100000,2024-05-11 12:33:41.533333,15.807222216666666
38,2024-05-11 12:47:16.266667,2024-05-11 13:18:32.000000,31.262222216666665
38,2024-05-11 13:20:42.366667,2024-05-11 13:35:04.633333,14.3711111
38,2024-05-11 13:35:49.333333,2024-05-11 13:36:27.633333,0.6383333333333333
38,2024-05-11 13:36:39.866667,2024-05-11 13:55:40.166667,19.005
38,2024-05-11 14:00:00.533333,2024-05-11 14:12:59.533333,12.983333333333333
38,2024-05-12 12:42:14.100000,2024-05-12 12:44:10.933333,1.9472222166666666
38,2024-05-12 12:44:23.200000,2024-05-12 12:45:23.066667,0.9977777833333333
38,2024-05-12 12:46:18.366667,2024-05-12 13:00:18.800000,14.007222216666666
38,2024-05-12 13:01:16.066667,2024-05-12 13:16:27.666667,15.193333333333333
38,2024-05-12 13:17:13.433333,2024-05-12 13:18:00.733333,0.7883333333333333
38,2024-05-12 13:19:20.866667,2024-05-12 13:32:03.666667,12.713333333333333
38,2024-05-12 13:34:53.800000,2024-05-12 13:40:20.233333,5.44055555
38,2024-05-12 13:41:35.233333,2024-05-12 14:01:10.000000,19.57944445
38,2024-05-12 14:03:55.166667,2024-05-12 14:13:49.766667,9.91
38,2024-05-12 14:20:14.100000,2024-05-12 14:28:23.533333,8.157222216666666
38,2024-05-12 14:30:14.833333,2024-05-12 14:55:10.200000,24.922777783333334
38,2024-05-12 14:57:02.966667,2024-05-12 15:00:52.733333,3.8294444333333333
38,2024-05-12 16:46:19.766667,2024-05-12 17:04:48.966667,18.486666666666668
38,2024-05-13 08:57:40.033333,2024-05-13 09:00:04.533333,2.408333333333333
38,2024-05-13 09:01:49.833333,2024-05-13 09:22:13.133333,20.388333333333332
38,2024-05-13 09:23:33.733333,2024-05-13 09:25:09.633333,1.5983333333333334
38,2024-05-13 09:29:34.433333,2024-05-13 09:32:16.133333,2.695
38,2024-05-13 09:46:31.200000,2024-05-13 10:08:56.933333,22.428888883333332
38,2024-05-13 10:22:19.366667,2024-05-13 10:52:59.700000,30.67222221666667
38,2024-05-19 10:01:28.366667,2024-05-19 11:06:40.000000,65.19388888333334
38,2024-05-19 11:30:31.233333,2024-05-19 12:24:16.633333,53.75666666666667
38,2024-05-19 12:25:05.133333,2024-05-19 13:18:09.566667,53.0738889
38,2024-05-19 13:35:15.666667,2024-05-19 14:02:59.733333,27.734444433333334
38,2024-05-19 14:03:24.733333,2024-05-19 15:45:06.900000,101.70277778333335
38,2024-05-19 16:11:27.700000,2024-05-19 16:24:38.566667,13.181111116666667
38,2024-05-19 16:25:12.333333,2024-05-19 16:53:15.566667,28.0538889
38,2024-05-19 16:53:49.500000,2024-05-19 17:16:03.033333,22.225555550000003
38,2024-05-20 09:13:32.700000,2024-05-20 09:47:14.366667,33.69444445
38,2024-05-20 09:48:02.233333,2024-05-20 09:48:39.933333,0.6283333333333334
38,2024-05-20 09:48:46.533333,2024-05-20 10:12:08.066667,23.3588889
38,2024-05-20 10:34:30.200000,2024-05-20 10:51:54.766667,17.409444450000002
38,2024-05-20 14:29:02.766667,2024-05-20 15:29:23.033333,60.33777776666667
38,2024-05-21 09:54:06.400000,2024-05-21 10:07:14.500000,13.135
38,2024-05-21 15:01:17.300000,2024-05-21 16:01:40.966667,60.39444445
38,2024-05-21 16:02:08.800000,2024-05-21 17:36:13.866667,94.08444445
38,2024-05-22 10:17:08.866667,2024-05-22 11:07:41.533333,50.54444443333333
38,2024-05-22 11:07:48.566667,2024-05-22 11:12:47.066667,4.975
38,2024-05-22 11:12:58.633333,2024-05-22 11:33:10.300000,20.19444445
38,2024-05-22 12:15:16.533333,2024-05-22 12:21:47.766667,6.520555566666667
38,2024-05-22 12:21:53.333333,2024-05-22 13:34:34.333333,72.68333333333334
38,2024-05-22 15:49:12.600000,2024-05-22 16:24:49.000000,35.60666666666667
38,2024-05-22 16:41:36.300000,2024-05-22 16:53:00.766667,11.407777783333334
38,2024-05-22 16:56:51.900000,2024-05-22 17:04:18.266667,7.43944445
38,2024-05-22 17:04:21.966667,2024-05-22 17:29:44.833333,25.3811111
38,2024-05-23 09:22:59.000000,2024-05-23 09:43:19.800000,20.346666666666668
38,2024-05-23 09:43:31.233333,2024-05-23 11:05:54.666667,82.39055556666668
38,2024-05-23 11:06:15.200000,2024-05-23 11:43:49.300000,37.568333333333335
38,2024-05-23 11:44:09.633333,2024-05-23 12:11:11.333333,27.028333333333332
38,2024-05-23 12:13:17.833333,2024-05-23 12:26:48.366667,13.508888899999999
38,2024-05-23 12:27:00.633333,2024-05-23 12:33:14.633333,6.233333333333333
38,2024-05-23 13:08:00.500000,2024-05-23 13:10:23.300000,2.3800000000000003
38,2024-05-23 13:10:43.033333,2024-05-23 13:27:53.333333,17.171666666666667
38,2024-05-23 16:00:37.133333,2024-05-23 17:28:53.966667,88.28055556666666
38,2024-05-27 15:33:54.666667,2024-05-27 15:46:28.233333,12.559444433333335
38,2024-05-27 15:46:38.833333,2024-05-27 15:49:55.600000,3.27944445
39,2024-04-18 11:35:43.000000,2024-04-18 11:37:08.000000,1.4166666666666667
39,2024-04-18 11:40:10.900000,2024-04-18 12:14:40.733333,34.497222216666664
39,2024-04-28 13:30:05.900000,2024-04-28 14:39:05.633333,68.99555555
39,2024-04-28 14:40:26.800000,2024-04-28 15:31:34.000000,51.12
39,2024-04-29 10:37:11.533333,2024-04-29 11:38:48.866667,61.62222223333333
39,2024-04-30 09:05:02.600000,2024-04-30 09:24:23.333333,19.345555549999997
39,2024-04-30 09:28:00.633333,2024-04-30 09:50:34.900000,22.571111116666668
39,2024-04-30 09:58:05.966667,2024-04-30 10:15:44.766667,17.646666666666665
39,2024-04-30 10:45:27.666667,2024-04-30 11:17:57.100000,32.490555549999996
39,2024-04-30 11:19:01.233333,2024-04-30 11:30:51.166667,11.832222233333333
39,2024-04-30 13:51:48.566667,2024-04-30 14:30:14.000000,38.42388888333333
39,2024-04-30 14:31:14.433333,2024-04-30 14:41:04.166667,9.8288889
39,2024-04-30 14:43:36.133333,2024-04-30 14:45:37.300000,2.01944445
39,2024-04-30 14:46:23.033333,2024-04-30 14:46:59.000000,0.59944445
39,2024-04-30 15:27:00.066667,2024-04-30 16:03:44.433333,36.73944443333333
39,2024-05-01 09:04:48.000000,2024-05-01 09:05:39.566667,0.85944445
39,2024-05-01 09:06:12.900000,2024-05-01 09:13:40.966667,7.467777783333333
39,2024-05-01 09:15:12.633333,2024-05-01 09:19:42.766667,4.502222233333333
39,2024-05-01 09:19:44.766667,2024-05-01 09:50:37.333333,30.8761111
39,2024-05-01 09:51:52.533333,2024-05-01 10:17:22.866667,25.505555566666665
39,2024-05-01 10:59:15.433333,2024-05-01 11:20:44.700000,21.487777783333335
39,2024-05-01 11:20:58.200000,2024-05-01 11:23:59.533333,3.022222216666667
39,2024-05-01 11:30:19.100000,2024-05-01 11:41:04.800000,10.761666666666667
39,2024-05-01 11:41:21.833333,2024-05-01 12:16:36.533333,35.245
39,2024-05-01 12:17:34.066667,2024-05-01 12:49:34.800000,32.012222216666665
39,2024-05-01 12:49:49.433333,2024-05-01 12:53:35.366667,3.765555566666667
39,2024-05-01 12:54:42.900000,2024-05-01 13:13:00.900000,18.3
39,2024-05-01 13:15:14.533333,2024-05-01 13:44:53.366667,29.64722223333333
39,2024-05-01 13:46:03.733333,2024-05-01 14:48:43.233333,62.65833333333333
39,2024-05-01 14:49:38.233333,2024-05-01 15:04:41.366667,15.052222233333334
39,2024-05-01 15:04:47.333333,2024-05-01 15:09:40.633333,4.888333333333334
39,2024-05-01 15:09:46.200000,2024-05-01 15:18:21.700000,8.591666666666667
39,2024-05-01 15:19:18.033333,2024-05-01 15:22:33.566667,3.2588889
39,2024-05-01 15:22:44.700000,2024-05-01 15:32:56.133333,10.19055555
39,2024-05-01 15:55:09.700000,2024-05-01 16:14:26.333333,19.277222216666665
39,2024-05-01 16:15:41.733333,2024-05-01 16:19:27.500000,3.7627777833333336
39,2024-05-01 16:21:21.433333,2024-05-01 16:24:51.800000,3.5061111166666667
39,2024-05-01 16:29:01.533333,2024-05-01 16:43:35.400000,14.56444445
39,2024-05-01 16:45:57.533333,2024-05-01 17:10:34.166667,24.61055556666667
39,2024-05-01 17:11:43.200000,2024-05-01 17:15:37.733333,3.9088888833333333
39,2024-05-01 17:16:15.400000,2024-05-01 17:49:31.833333,33.273888883333335
39,2024-05-01 18:48:00.033333,2024-05-01 18:51:57.500000,3.9577777833333334
39,2024-05-02 09:04:34.133333,2024-05-02 09:20:15.400000,15.687777783333333
39,2024-05-02 09:21:58.933333,2024-05-02 09:30:54.900000,8.932777783333334
39,2024-05-02 09:32:51.666667,2024-05-02 09:40:38.000000,7.772222216666666
39,2024-05-02 09:42:45.033333,2024-05-02 09:51:50.666667,9.0938889
39,2024-05-02 09:52:55.666667,2024-05-02 09:58:56.600000,6.01555555
39,2024-05-02 10:01:03.600000,2024-05-02 10:10:35.466667,9.531111116666667
39,2024-05-02 10:12:38.433333,2024-05-02 10:19:45.366667,7.115555566666667
39,2024-05-02 10:22:03.300000,2024-05-02 10:30:21.466667,8.302777783333333
39,2024-05-02 10:32:12.333333,2024-05-02 10:38:31.266667,6.315555566666666
39,2024-05-02 10:40:11.366667,2024-05-02 10:45:59.400000,5.80055555
39,2024-05-02 10:47:44.133333,2024-05-02 10:50:02.433333,2.305
39,2024-05-02 10:51:00.266667,2024-05-02 11:03:19.133333,12.314444433333334
39,2024-05-02 11:31:41.933333,2024-05-02 11:34:27.633333,2.7616666666666663
39,2024-05-06 17:10:29.333333,2024-05-06 17:24:15.666667,13.772222233333334
39,2024-05-06 17:34:00.900000,2024-05-06 17:51:52.133333,17.853888883333333
39,2024-05-06 17:52:33.300000,2024-05-06 17:56:46.900000,4.226666666666667
39,2024-05-06 17:56:53.166667,2024-05-06 17:57:42.600000,0.8238888833333333
39,2024-05-06 18:02:19.333333,2024-05-06 18:10:25.966667,8.110555566666667
39,2024-05-06 18:11:00.766667,2024-05-06 18:14:14.233333,3.2244444333333333
39,2024-05-06 18:14:19.766667,2024-05-06 18:39:41.366667,25.36
39,2024-05-06 18:39:50.300000,2024-05-06 18:40:31.600000,0.6883333333333332
39,2024-05-06 18:40:59.566667,2024-05-06 18:41:38.600000,0.65055555
39,2024-05-06 18:42:39.033333,2024-05-06 18:43:47.766667,1.1455555666666666
39,2024-05-06 18:44:35.533333,2024-05-06 18:46:26.966667,1.8572222333333335
39,2024-05-06 18:47:37.566667,2024-05-06 18:51:13.633333,3.6011111
39,2024-05-06 18:52:15.966667,2024-05-06 18:52:48.533333,0.5427777666666667
39,2024-05-07 09:25:57.566667,2024-05-07 09:26:32.366667,0.58
39,2024-05-07 09:26:53.700000,2024-05-07 09:31:57.066667,5.056111116666667
39,2024-05-07 09:38:10.133333,2024-05-07 09:42:14.800000,4.0777777833333335
39,2024-05-07 09:47:43.233333,2024-05-07 09:54:09.333333,6.4350000000000005
39,2024-05-07 09:55:06.400000,2024-05-07 09:57:06.866667,2.0077777833333332
39,2024-05-07 09:58:16.600000,2024-05-07 10:22:59.500000,24.715
39,2024-05-07 10:23:58.966667,2024-05-07 10:25:34.033333,1.5844444333333334
39,2024-05-07 10:27:32.733333,2024-05-07 11:17:33.233333,50.00833333333333
39,2024-05-07 11:22:21.566667,2024-05-07 11:31:02.800000,8.687222216666667
39,2024-05-07 11:31:14.933333,2024-05-07 11:34:29.300000,3.23944445
39,2024-05-07 11:58:58.366667,2024-05-07 12:03:37.266667,4.6483333333333325
39,2024-05-07 12:10:22.300000,2024-05-07 12:26:23.233333,16.01555555
39,2024-05-07 12:26:28.066667,2024-05-07 12:27:00.900000,0.5472222166666667
39,2024-05-07 12:27:41.100000,2024-05-07 12:32:04.000000,4.381666666666666
39,2024-05-07 12:32:36.000000,2024-05-07 12:36:55.400000,4.323333333333333
39,2024-05-07 12:36:55.833333,2024-05-07 12:37:28.300000,0.5411111166666667
39,2024-05-07 12:37:28.866667,2024-05-07 12:43:34.966667,6.1016666666666675
39,2024-05-07 12:50:23.200000,2024-05-07 12:51:08.000000,0.7466666666666666
39,2024-05-07 12:52:30.500000,2024-05-07 13:04:12.466667,11.69944445
39,2024-05-07 13:13:33.366667,2024-05-07 13:14:29.433333,0.9344444333333333
39,2024-05-07 13:15:43.333333,2024-05-07 13:30:54.466667,15.185555566666666
39,2024-05-07 13:33:23.466667,2024-05-07 13:34:20.733333,0.9544444333333334
39,2024-05-07 13:52:25.900000,2024-05-07 14:12:48.400000,20.375
39,2024-05-07 14:12:55.200000,2024-05-07 14:42:37.300000,29.701666666666664
39,2024-05-07 14:43:01.833333,2024-05-07 15:22:11.033333,39.15333333333333
39,2024-05-07 15:23:22.600000,2024-05-07 15:25:35.533333,2.21555555
39,2024-05-07 15:29:32.900000,2024-05-07 15:48:48.966667,19.267777783333333
39,2024-05-07 15:51:27.733333,2024-05-07 15:56:27.933333,5.003333333333333
39,2024-05-07 15:58:04.366667,2024-05-07 16:04:21.133333,6.2794444333333335
39,2024-05-07 16:05:07.500000,2024-05-07 16:14:27.533333,9.333888883333334
39,2024-05-07 16:15:47.833333,2024-05-07 16:25:42.400000,9.90944445
39,2024-05-07 16:26:01.500000,2024-05-07 16:28:54.200000,2.878333333333333
39,2024-05-07 16:29:42.600000,2024-05-07 16:30:44.166667,1.0261111166666668
39,2024-05-07 16:31:52.000000,2024-05-07 16:42:40.800000,10.813333333333333
39,2024-05-07 16:45:13.466667,2024-05-07 16:50:22.666667,5.153333333333333
39,2024-05-07 16:59:55.433333,2024-05-07 17:00:56.433333,1.0166666666666666
39,2024-05-07 17:08:48.333333,2024-05-07 17:10:47.300000,1.9827777833333333
39,2024-05-07 17:14:15.833333,2024-05-07 17:16:35.766667,2.3322222333333333
39,2024-05-07 17:16:42.366667,2024-05-07 17:20:10.000000,3.46055555
39,2024-05-07 17:22:09.133333,2024-05-07 17:23:24.933333,1.2633333333333332
39,2024-05-07 17:24:26.500000,2024-05-07 17:38:22.400000,13.931666666666667
39,2024-05-07 17:39:05.333333,2024-05-07 17:46:39.366667,7.567222233333334
39,2024-05-07 17:47:43.266667,2024-05-07 17:49:22.466667,1.6533333333333333
39,2024-05-07 17:49:26.500000,2024-05-07 18:10:54.166667,21.461111116666665
39,2024-05-07 18:11:27.166667,2024-05-07 18:16:14.300000,4.78555555
39,2024-05-07 18:16:14.700000,2024-05-07 18:19:59.233333,3.7422222166666668
39,2024-05-07 18:42:56.766667,2024-05-07 18:44:02.033333,1.0877777666666666
39,2024-05-07 18:44:52.833333,2024-05-07 18:46:49.966667,1.9522222333333334
39,2024-05-07 18:47:44.900000,2024-05-07 18:51:23.466667,3.6427777833333335
39,2024-05-07 18:52:54.666667,2024-05-07 18:54:10.800000,1.2688888833333332
39,2024-05-08 09:00:25.000000,2024-05-08 09:15:31.000000,15.1
39,2024-05-08 09:16:18.000000,2024-05-08 09:17:13.833333,0.93055555
39,2024-05-08 09:22:48.966667,2024-05-08 09:25:34.533333,2.7594444333333334
39,2024-05-08 09:32:56.500000,2024-05-08 09:34:08.600000,1.2016666666666667
39,2024-05-08 09:35:00.533333,2024-05-08 09:41:42.066667,6.692222233333334
39,2024-05-08 09:41:58.533333,2024-05-08 09:43:51.200000,1.8777777833333333
39,2024-05-08 09:44:38.300000,2024-05-08 09:47:28.933333,2.8438888833333333
39,2024-05-08 09:48:46.266667,2024-05-08 09:50:43.366667,1.9516666666666667
39,2024-05-08 09:58:11.300000,2024-05-08 10:02:13.433333,4.03555555
39,2024-05-08 10:13:01.700000,2024-05-08 10:22:40.633333,9.648888883333333
39,2024-05-08 10:22:44.733333,2024-05-08 10:29:24.033333,6.655
39,2024-05-08 10:35:31.933333,2024-05-08 10:43:43.966667,8.200555566666667
39,2024-05-08 11:22:33.733333,2024-05-08 11:45:46.666667,23.21555556666667
39,2024-05-08 12:17:05.766667,2024-05-08 12:30:04.666667,12.981666666666666
39,2024-05-08 16:01:04.133333,2024-05-08 16:09:37.833333,8.561666666666667
39,2024-05-08 16:10:26.833333,2024-05-08 16:43:34.466667,33.127222233333335
39,2024-05-08 16:43:57.566667,2024-05-08 16:47:25.033333,3.4577777666666667
39,2024-05-09 09:01:20.566667,2024-05-09 09:08:51.133333,7.509444433333333
39,2024-05-09 09:12:07.966667,2024-05-09 09:23:30.766667,11.379999999999999
39,2024-05-09 09:25:52.733333,2024-05-09 09:36:47.700000,10.916111116666666
39,2024-05-09 09:40:09.466667,2024-05-09 09:53:11.133333,13.027777766666667
39,2024-05-09 09:58:34.033333,2024-05-09 10:00:44.433333,2.1733333333333333
39,2024-05-09 10:01:11.966667,2024-05-09 10:03:52.500000,2.67555555
39,2024-05-09 10:05:04.300000,2024-05-09 10:09:58.566667,4.90444445
39,2024-05-09 10:11:18.066667,2024-05-09 10:13:43.166667,2.4183333333333334
39,2024-05-09 10:15:51.066667,2024-05-09 10:27:48.600000,11.958888883333334
39,2024-05-09 10:29:25.400000,2024-05-09 10:45:06.433333,15.683888883333333
39,2024-05-09 10:45:20.800000,2024-05-09 10:47:30.366667,2.15944445
39,2024-05-09 10:51:03.700000,2024-05-09 11:07:27.733333,16.40055555
39,2024-05-09 11:08:51.600000,2024-05-09 11:10:12.933333,1.3555555499999998
39,2024-05-09 11:11:04.166667,2024-05-09 11:12:51.033333,1.7811111
39,2024-05-09 11:18:01.066667,2024-05-09 11:26:05.933333,8.0811111
39,2024-05-09 11:28:33.300000,2024-05-09 11:31:15.100000,2.6966666666666668
39,2024-05-09 11:35:08.300000,2024-05-09 11:46:42.366667,11.567777783333334
39,2024-05-09 12:08:43.500000,2024-05-09 12:13:08.566667,4.417777783333333
39,2024-05-09 12:13:48.433333,2024-05-09 12:22:24.966667,8.6088889
39,2024-05-09 12:22:51.033333,2024-05-09 12:27:18.033333,4.45
39,2024-05-09 12:29:00.166667,2024-05-09 12:38:36.833333,9.611111099999999
39,2024-05-09 12:41:38.900000,2024-05-09 13:03:57.333333,22.307222216666666
39,2024-05-09 13:06:44.066667,2024-05-09 13:15:38.666667,8.91
39,2024-05-09 13:17:34.400000,2024-05-09 13:28:09.600000,10.586666666666668
39,2024-05-09 13:41:10.233333,2024-05-09 13:42:33.233333,1.3833333333333333
39,2024-05-09 13:43:59.566667,2024-05-09 13:49:08.666667,5.151666666666667
39,2024-05-09 13:50:11.200000,2024-05-09 13:53:48.366667,3.61944445
39,2024-05-09 13:55:52.500000,2024-05-09 14:00:03.833333,4.188888883333333
39,2024-05-09 14:02:05.300000,2024-05-09 14:04:03.233333,1.9655555500000002
39,2024-05-09 14:06:41.800000,2024-05-09 14:08:22.666667,1.6811111166666668
39,2024-05-09 14:12:24.200000,2024-05-09 14:24:04.866667,11.677777783333333
39,2024-05-09 14:46:24.100000,2024-05-09 14:48:36.400000,2.205
39,2024-05-09 14:55:44.233333,2024-05-09 15:03:34.300000,7.83444445
39,2024-05-11 09:29:48.700000,2024-05-11 09:31:11.133333,1.3738888833333334
39,2024-05-11 09:31:16.466667,2024-05-11 10:37:51.966667,66.59166666666667
39,2024-05-11 10:37:53.466667,2024-05-11 11:01:41.566667,23.801666666666666
39,2024-05-11 11:05:41.966667,2024-05-11 11:06:27.866667,0.765
39,2024-05-11 11:06:50.200000,2024-05-11 11:20:12.900000,13.378333333333334
39,2024-05-11 11:20:22.600000,2024-05-11 11:21:47.800000,1.4200000000000002
39,2024-05-11 11:28:03.500000,2024-05-11 11:33:34.700000,5.52
39,2024-05-11 11:34:05.966667,2024-05-11 11:48:55.833333,14.8311111
39,2024-05-11 11:49:24.000000,2024-05-11 12:02:14.400000,12.84
39,2024-05-11 12:02:58.633333,2024-05-11 12:10:08.966667,7.172222233333333
39,2024-05-11 12:10:47.633333,2024-05-11 12:17:57.700000,7.167777783333333
39,2024-05-11 12:18:37.333333,2024-05-11 12:26:02.800000,7.424444449999999
39,2024-05-11 12:34:57.700000,2024-05-11 12:47:52.133333,12.907222216666666
39,2024-05-11 12:48:59.633333,2024-05-11 12:56:11.800000,7.2027777833333335
39,2024-05-11 12:58:49.966667,2024-05-11 13:21:31.066667,22.685
39,2024-05-11 13:22:26.233333,2024-05-11 13:36:45.900000,14.327777783333334
39,2024-05-11 13:38:07.233333,2024-05-11 14:01:26.766667,23.325555566666665
39,2024-05-11 14:01:48.900000,2024-05-11 14:04:49.300000,3.006666666666667
39,2024-05-11 14:05:37.200000,2024-05-11 14:21:05.466667,15.471111116666666
39,2024-05-12 10:36:19.033333,2024-05-12 10:37:38.566667,1.3255555666666665
39,2024-05-12 10:38:11.300000,2024-05-12 10:42:39.566667,4.471111116666666
39,2024-05-12 11:52:51.100000,2024-05-12 11:58:05.533333,5.24055555
39,2024-05-12 12:35:16.733333,2024-05-12 12:39:27.633333,4.181666666666667
39,2024-05-12 12:39:44.500000,2024-05-12 12:43:14.966667,3.5077777833333332
39,2024-05-12 12:49:16.733333,2024-05-12 12:57:48.933333,8.536666666666667
39,2024-05-12 13:02:28.666667,2024-05-12 13:03:18.766667,0.8350000000000001
39,2024-05-12 13:03:25.666667,2024-05-12 13:07:37.266667,4.193333333333333
39,2024-05-12 13:08:11.033333,2024-05-12 13:19:29.100000,11.301111116666668
39,2024-05-12 13:20:47.766667,2024-05-12 13:21:29.600000,0.6972222166666667
39,2024-05-12 13:23:33.566667,2024-05-12 13:26:18.200000,2.7438888833333333
39,2024-05-12 13:26:25.900000,2024-05-12 13:29:33.066667,3.11944445
39,2024-05-12 13:30:35.766667,2024-05-12 13:49:19.966667,18.736666666666668
39,2024-05-12 14:00:03.833333,2024-05-12 14:11:19.100000,11.25444445
39,2024-05-12 14:13:10.133333,2024-05-12 14:21:31.900000,8.362777783333334
39,2024-05-12 14:24:42.300000,2024-05-12 14:32:03.100000,7.346666666666667
39,2024-05-12 14:38:27.533333,2024-05-12 14:44:19.533333,5.866666666666666
39,2024-05-12 16:59:22.066667,2024-05-12 17:10:11.100000,10.817222216666666
39,2024-05-12 17:10:35.166667,2024-05-12 17:17:30.833333,6.927777766666667
39,2024-05-12 17:18:01.500000,2024-05-12 17:21:16.233333,3.2455555499999997
39,2024-05-12 17:21:46.133333,2024-05-12 17:27:51.200000,6.08444445
39,2024-05-12 17:28:22.800000,2024-05-12 17:44:32.900000,16.168333333333333
39,2024-05-12 17:47:07.433333,2024-05-12 17:51:09.766667,4.0388889
39,2024-05-13 09:05:29.066667,2024-05-13 09:07:26.100000,1.95055555
39,2024-05-13 09:09:34.766667,2024-05-13 09:11:08.766667,1.5666666666666667
39,2024-05-13 09:13:21.933333,2024-05-13 09:15:44.600000,2.3777777833333333
39,2024-05-13 09:20:31.800000,2024-05-13 09:34:26.100000,13.905
39,2024-05-13 09:38:28.933333,2024-05-13 09:40:04.166667,1.5872222333333332
39,2024-05-13 09:42:56.733333,2024-05-13 09:50:30.966667,7.570555566666667
39,2024-05-13 09:50:58.933333,2024-05-13 09:57:50.133333,6.8533333333333335
39,2024-05-13 09:58:30.533333,2024-05-13 10:03:27.366667,4.947222233333333
39,2024-05-13 10:03:52.233333,2024-05-13 10:14:49.533333,10.955
39,2024-05-13 10:15:11.000000,2024-05-13 10:26:48.500000,11.625
39,2024-05-13 10:37:25.666667,2024-05-13 10:42:31.533333,5.097777766666667
39,2024-05-13 10:56:35.366667,2024-05-13 11:00:22.966667,3.7933333333333334
39,2024-05-13 11:01:30.366667,2024-05-13 11:02:37.100000,1.1122222166666667
39,2024-05-13 11:04:02.466667,2024-05-13 12:32:36.000000,88.55888888333334
39,2024-05-19 09:56:40.966667,2024-05-19 10:49:19.566667,52.64333333333333
39,2024-05-19 10:50:54.133333,2024-05-19 11:10:19.733333,19.426666666666666
39,2024-05-19 11:10:27.900000,2024-05-19 12:02:52.300000,52.406666666666666
39,2024-05-19 12:03:20.766667,2024-05-19 12:05:09.533333,1.8127777666666667
39,2024-05-19 12:05:33.933333,2024-05-19 13:13:18.166667,67.73722223333333
39,2024-05-19 13:44:34.000000,2024-05-19 13:49:10.466667,4.607777783333333
39,2024-05-19 14:35:53.233333,2024-05-19 16:15:18.633333,99.42333333333333
39,2024-05-19 16:15:21.000000,2024-05-19 16:25:48.233333,10.453888883333333
39,2024-05-20 08:56:10.600000,2024-05-20 09:00:51.400000,4.680000000000001
39,2024-05-20 09:12:00.300000,2024-05-20 09:26:19.166667,14.31444445
39,2024-05-20 09:26:26.566667,2024-05-20 09:36:47.666667,10.351666666666667
39,2024-05-20 09:36:49.500000,2024-05-20 09:46:01.600000,9.201666666666666
39,2024-05-20 10:59:09.266667,2024-05-20 11:03:08.800000,3.9922222166666668
39,2024-05-20 11:03:40.400000,2024-05-20 11:24:59.833333,21.323888883333332
39,2024-05-20 11:28:26.300000,2024-05-20 11:38:52.833333,10.442222216666666
39,2024-05-20 11:40:55.466667,2024-05-20 11:45:18.433333,4.382777766666666
39,2024-05-20 11:47:09.966667,2024-05-20 11:54:01.466667,6.858333333333333
39,2024-05-20 12:06:08.166667,2024-05-20 12:16:53.566667,10.756666666666666
39,2024-05-20 12:19:00.666667,2024-05-20 12:42:12.133333,23.1911111
39,2024-05-20 12:42:19.166667,2024-05-20 13:06:05.666667,23.775
39,2024-05-20 13:12:15.800000,2024-05-20 15:09:00.866667,116.75111111666666
39,2024-05-20 15:13:27.700000,2024-05-20 16:57:20.600000,103.88166666666666
39,2024-05-20 16:57:24.900000,2024-05-20 16:58:43.566667,1.3111111166666667
39,2024-05-21 11:52:51.100000,2024-05-21 12:47:54.166667,55.05111111666667
39,2024-05-21 13:40:13.700000,2024-05-21 15:06:33.366667,86.32777778333335
39,2024-05-22 10:11:14.733333,2024-05-22 10:30:16.600000,19.03111111666667
39,2024-05-22 15:28:21.366667,2024-05-22 17:04:23.800000,96.04055555
39,2024-05-23 09:46:53.300000,2024-05-23 11:44:37.800000,117.74166666666666
39,2024-05-23 11:44:49.666667,2024-05-23 13:40:53.566667,116.065
39,2024-05-23 13:41:08.900000,2024-05-23 13:59:05.666667,17.946111116666668
39,2024-05-23 13:59:34.200000,2024-05-23 14:32:31.466667,32.954444450000004
39,2024-05-23 14:32:37.866667,2024-05-23 14:52:07.333333,19.4911111
39,2024-05-23 14:52:18.200000,2024-05-23 15:27:54.266667,35.601111116666665
40,2024-04-20 12:35:13.300000,2024-04-20 12:59:45.033333,24.52888888333333
40,2024-04-23 12:05:42.600000,2024-04-23 12:11:04.766667,5.3694444500000005
40,2024-04-24 12:59:35.600000,2024-04-24 14:05:26.000000,65.84
40,2024-04-24 14:27:29.133333,2024-04-24 14:53:42.133333,26.216666666666665
40,2024-04-25 12:01:50.566667,2024-04-25 12:32:18.733333,30.469444433333333
40,2024-04-25 12:32:20.233333,2024-04-25 12:34:59.733333,2.658333333333333
40,2024-04-25 16:32:25.700000,2024-04-25 16:36:04.266667,3.6427777833333335
40,2024-04-28 12:30:13.666667,2024-04-28 13:39:01.466667,68.79666666666667
40,2024-04-29 09:25:10.666667,2024-04-29 09:32:29.433333,7.312777766666667
40,2024-04-29 09:32:31.800000,2024-04-29 11:11:07.900000,98.60166666666667
40,2024-04-29 11:26:22.566667,2024-04-29 12:49:48.400000,83.43055555
40,2024-04-29 12:49:48.800000,2024-04-29 13:26:11.333333,36.375555549999994
40,2024-04-30 10:32:43.133333,2024-04-30 11:54:41.500000,81.97277778333334
40,2024-04-30 14:28:54.700000,2024-04-30 14:31:21.666667,2.44944445
40,2024-05-01 11:30:38.833333,2024-05-01 11:47:13.566667,16.5788889
40,2024-05-01 11:47:19.900000,2024-05-01 12:01:29.500000,14.16
40,2024-05-01 12:02:23.800000,2024-05-01 14:00:36.800000,118.21666666666667
40,2024-05-01 14:00:52.333333,2024-05-01 14:17:23.400000,16.517777783333333
40,2024-05-01 14:19:11.700000,2024-05-01 14:50:06.633333,30.91555555
40,2024-05-01 14:50:09.900000,2024-05-01 15:02:55.433333,12.758888883333332
40,2024-05-01 15:02:58.200000,2024-05-01 15:08:52.166667,5.89944445
40,2024-05-01 15:09:33.300000,2024-05-01 15:13:04.733333,3.5238888833333335
40,2024-05-01 15:28:42.500000,2024-05-01 16:56:54.100000,88.19333333333334
40,2024-05-01 17:01:08.133333,2024-05-01 17:09:37.300000,8.486111116666667
40,2024-05-01 17:09:39.000000,2024-05-01 17:10:09.133333,0.5022222166666667
40,2024-05-01 17:10:09.933333,2024-05-01 17:37:00.833333,26.848333333333336
40,2024-05-01 17:37:02.166667,2024-05-01 17:48:28.933333,11.4461111
40,2024-05-01 17:48:39.700000,2024-05-01 17:59:56.800000,11.285
40,2024-05-01 17:59:57.900000,2024-05-01 18:43:39.733333,43.69722221666667
40,2024-05-01 18:43:42.300000,2024-05-01 18:55:42.266667,11.99944445
40,2024-05-07 10:27:13.166667,2024-05-07 10:48:10.233333,20.9511111
40,2024-05-07 11:35:13.466667,2024-05-07 11:38:25.100000,3.1938888833333334
40,2024-05-07 11:45:18.200000,2024-05-07 12:12:39.433333,27.353888883333333
40,2024-05-07 12:34:16.166667,2024-05-07 12:50:34.766667,16.31
40,2024-05-07 12:52:53.233333,2024-05-07 13:41:45.000000,48.86277778333333
40,2024-05-07 14:10:44.066667,2024-05-07 14:11:24.233333,0.6694444333333334
40,2024-05-07 14:18:01.233333,2024-05-07 15:09:20.866667,51.32722223333334
40,2024-05-07 15:13:05.766667,2024-05-07 16:11:14.966667,58.15333333333333
40,2024-05-07 16:34:01.100000,2024-05-07 18:33:51.200000,119.83500000000001
40,2024-05-08 15:06:49.133333,2024-05-08 16:59:06.500000,112.28944445
40,2024-05-13 11:06:04.100000,2024-05-13 11:27:42.066667,21.63277778333333
40,2024-05-13 14:46:09.966667,2024-05-13 14:47:29.000000,1.3172222166666667
40,2024-05-13 15:19:00.066667,2024-05-13 15:42:54.833333,23.912777766666668
40,2024-05-13 16:03:24.633333,2024-05-13 16:54:53.566667,51.48222223333333
40,2024-05-17 14:41:25.966667,2024-05-17 15:04:51.266667,23.421666666666667
40,2024-05-19 12:08:33.600000,2024-05-19 12:26:43.533333,18.16555555
40,2024-05-19 12:26:59.333333,2024-05-19 12:59:45.566667,32.770555566666665
40,2024-05-19 13:04:18.133333,2024-05-19 14:00:32.500000,56.23944444999999
40,2024-05-19 14:24:38.866667,2024-05-19 14:27:45.800000,3.1155555500000003
40,2024-05-19 14:29:28.100000,2024-05-19 15:12:05.700000,42.626666666666665
40,2024-05-19 17:15:35.800000,2024-05-19 17:21:58.966667,6.386111116666667
40,2024-05-19 17:25:32.533333,2024-05-19 18:22:32.766667,57.0038889
40,2024-05-20 09:21:17.666667,2024-05-20 09:32:27.233333,11.159444433333334
40,2024-05-20 09:32:30.700000,2024-05-20 09:35:19.000000,2.805
40,2024-05-20 10:52:38.033333,2024-05-20 11:04:04.566667,11.442222233333332
40,2024-05-20 11:15:38.366667,2024-05-20 12:07:35.700000,51.95555555
40,2024-05-20 15:23:00.833333,2024-05-20 16:52:05.266667,89.0738889
40,2024-05-21 13:14:38.366667,2024-05-21 13:17:49.566667,3.1866666666666665
40,2024-05-22 16:45:08.633333,2024-05-22 16:46:52.800000,1.7361111166666667
40,2024-05-22 16:47:14.766667,2024-05-22 16:58:29.533333,11.2461111
40,2024-05-22 16:58:45.266667,2024-05-22 18:42:11.333333,103.43444443333333
40,2024-05-22 18:42:49.566667,2024-05-22 18:59:39.533333,16.832777766666666
40,2024-05-23 12:41:07.366667,2024-05-23 13:37:13.800000,56.10722221666666
40,2024-05-23 13:37:34.300000,2024-05-23 15:36:22.133333,118.79722221666665
40,2024-05-23 18:24:33.100000,2024-05-23 18:28:56.300000,4.386666666666667
40,2024-05-24 11:01:58.866667,2024-05-24 11:25:02.400000,23.058888883333335
40,2024-05-27 15:23:11.533333,2024-05-27 15:46:44.700000,23.552777783333333
41,2024-04-23 10:58:22.500000,2024-04-23 12:45:18.200000,106.92833333333333
41,2024-04-26 11:20:38.400000,2024-04-26 13:05:57.300000,105.315
41,2024-04-26 13:34:34.700000,2024-04-26 14:49:56.800000,75.36833333333334
41,2024-04-28 11:04:19.433333,2024-04-28 12:50:54.933333,106.59166666666667
41,2024-04-29 14:30:07.600000,2024-04-29 14:55:10.966667,25.056111116666667
41,2024-05-01 13:08:28.800000,2024-05-01 15:03:29.133333,115.00555555
41,2024-05-01 15:03:49.566667,2024-05-01 16:40:58.566667,97.15
41,2024-05-01 16:42:08.533333,2024-05-01 16:45:21.666667,3.2188889
41,2024-05-08 09:26:55.700000,2024-05-08 10:52:45.200000,85.825
41,2024-05-17 14:25:40.533333,2024-05-17 14:46:19.033333,20.641666666666666
41,2024-05-18 09:03:43.500000,2024-05-18 09:39:31.800000,35.805
41,2024-05-18 09:40:39.066667,2024-05-18 11:16:40.500000,96.02388888333333
41,2024-05-18 14:48:18.800000,2024-05-18 15:47:04.100000,58.755
41,2024-05-18 16:54:13.066667,2024-05-18 18:53:58.733333,119.76111110000001
41,2024-05-19 10:24:44.400000,2024-05-19 10:55:52.700000,31.138333333333332
41,2024-05-19 14:04:51.466667,2024-05-19 14:10:26.066667,5.576666666666667
41,2024-05-19 14:13:19.366667,2024-05-19 14:15:41.700000,2.3722222166666667
41,2024-05-19 14:26:58.066667,2024-05-19 14:35:43.200000,8.752222216666667
41,2024-05-19 14:37:17.400000,2024-05-19 14:46:08.833333,8.857222216666665
41,2024-05-19 14:46:28.366667,2024-05-19 14:51:13.600000,4.7538888833333335
41,2024-05-19 14:53:11.033333,2024-05-19 14:54:34.666667,1.3938889
41,2024-05-19 14:56:07.333333,2024-05-19 15:04:30.800000,8.391111116666666
41,2024-05-19 15:12:59.700000,2024-05-19 15:14:46.833333,1.78555555
41,2024-05-19 15:17:09.500000,2024-05-19 15:45:30.066667,28.342777783333336
41,2024-05-19 15:48:45.266667,2024-05-19 16:17:21.500000,28.603888883333333
41,2024-05-19 16:17:23.033333,2024-05-19 16:30:03.266667,12.670555566666668
41,2024-05-19 16:30:04.000000,2024-05-19 16:55:27.700000,25.395
41,2024-05-19 17:00:28.733333,2024-05-19 17:23:41.300000,23.20944445
41,2024-05-19 17:36:18.033333,2024-05-19 17:38:44.666667,2.4438888999999997
41,2024-05-19 17:44:16.866667,2024-05-19 17:50:16.766667,5.998333333333333
41,2024-05-20 09:22:20.800000,2024-05-20 09:37:15.633333,14.913888883333334
41,2024-05-20 09:37:17.266667,2024-05-20 10:19:21.100000,42.063888883333334
41,2024-05-20 10:19:31.333333,2024-05-20 10:36:51.566667,17.337222233333332
41,2024-05-20 10:36:52.266667,2024-05-20 10:50:23.166667,13.514999999999999
41,2024-05-20 10:50:33.933333,2024-05-20 10:54:55.166667,4.3538889
41,2024-05-20 10:56:05.066667,2024-05-20 10:57:06.933333,1.0311111
41,2024-05-20 10:57:57.900000,2024-05-20 10:58:41.366667,0.72444445
41,2024-05-20 10:59:26.866667,2024-05-20 11:07:37.733333,8.1811111
41,2024-05-20 11:09:48.800000,2024-05-20 11:16:22.566667,6.562777783333333
41,2024-05-20 11:18:14.300000,2024-05-20 11:20:19.133333,2.08055555
41,2024-05-20 11:20:26.033333,2024-05-20 11:28:34.633333,8.143333333333334
41,2024-05-20 11:29:58.100000,2024-05-20 11:31:03.633333,1.0922222166666666
41,2024-05-20 11:32:24.166667,2024-05-20 11:41:34.500000,9.172222216666666
41,2024-05-20 11:42:46.433333,2024-05-20 11:49:51.100000,7.0777777833333335
41,2024-05-20 11:51:48.266667,2024-05-20 11:58:02.866667,6.243333333333334
41,2024-05-20 11:59:05.066667,2024-05-20 12:03:53.000000,4.798888883333333
41,2024-05-20 12:05:53.366667,2024-05-20 12:11:47.233333,5.897777766666667
41,2024-05-20 12:11:53.100000,2024-05-20 12:12:55.633333,1.0422222166666666
41,2024-05-20 12:15:00.900000,2024-05-20 12:19:12.833333,4.198888883333334
41,2024-05-20 12:21:05.066667,2024-05-20 12:28:06.266667,7.02
41,2024-05-20 12:30:08.500000,2024-05-20 12:36:28.133333,6.327222216666667
41,2024-05-20 12:38:27.666667,2024-05-20 12:45:18.866667,6.8533333333333335
41,2024-05-20 12:45:57.733333,2024-05-20 12:51:50.833333,5.885000000000001
41,2024-05-20 12:56:36.966667,2024-05-20 12:58:56.900000,2.3322222166666666
41,2024-05-20 13:15:27.200000,2024-05-20 13:16:02.966667,0.5961111166666666
41,2024-05-20 13:17:42.433333,2024-05-20 13:20:22.200000,2.6627777833333335
41,2024-05-20 13:25:33.833333,2024-05-20 13:28:43.066667,3.1538889
41,2024-05-20 13:31:51.966667,2024-05-20 13:36:21.766667,4.496666666666667
41,2024-05-20 13:36:34.833333,2024-05-20 13:40:30.066667,3.9205555666666667
41,2024-05-20 13:41:52.766667,2024-05-20 13:49:54.233333,8.024444433333333
41,2024-05-20 14:00:16.866667,2024-05-20 14:01:33.833333,1.2827777666666667
41,2024-05-20 14:14:59.166667,2024-05-20 14:26:37.733333,11.642777766666667
41,2024-05-20 14:33:54.500000,2024-05-20 14:39:12.133333,5.2938888833333335
41,2024-05-20 14:40:20.333333,2024-05-20 14:45:19.266667,4.982222233333333
41,2024-05-20 14:54:19.066667,2024-05-20 15:00:10.033333,5.849444433333333
41,2024-05-20 15:02:21.200000,2024-05-20 15:06:17.866667,3.9444444499999998
41,2024-05-20 15:08:18.233333,2024-05-20 15:14:54.133333,6.598333333333333
41,2024-05-20 15:18:01.866667,2024-05-20 15:25:43.166667,7.6883333333333335
41,2024-05-20 15:27:55.933333,2024-05-20 15:33:35.300000,5.656111116666667
41,2024-05-20 16:02:45.366667,2024-05-20 16:10:59.066667,8.228333333333333
41,2024-05-20 16:14:17.600000,2024-05-20 16:15:40.633333,1.3838888833333334
41,2024-05-20 16:16:38.866667,2024-05-20 16:22:30.866667,5.866666666666666
41,2024-05-20 16:27:46.100000,2024-05-20 16:29:42.533333,1.94055555
41,2024-05-20 16:31:14.666667,2024-05-20 16:32:21.800000,1.1188888833333333
41,2024-05-20 16:35:41.066667,2024-05-20 16:45:17.766667,9.611666666666668
41,2024-05-20 16:46:44.933333,2024-05-20 16:53:50.666667,7.0955555666666665
41,2024-05-20 16:55:56.466667,2024-05-20 17:01:00.066667,5.0600000000000005
41,2024-05-20 17:10:02.033333,2024-05-20 17:14:02.633333,4.01
41,2024-05-20 17:15:44.200000,2024-05-20 17:22:43.633333,6.99055555
41,2024-05-20 17:31:31.033333,2024-05-20 17:36:12.566667,4.692222233333334
41,2024-05-20 17:39:11.866667,2024-05-20 17:46:06.233333,6.9061111
41,2024-05-20 17:47:49.666667,2024-05-20 18:20:42.166667,32.875
41,2024-05-21 08:57:30.866667,2024-05-21 09:03:13.100000,5.703888883333334
41,2024-05-21 09:05:52.200000,2024-05-21 09:12:21.733333,6.492222216666667
41,2024-05-21 09:13:45.066667,2024-05-21 09:21:20.866667,7.596666666666667
41,2024-05-21 09:22:53.966667,2024-05-21 09:32:29.933333,9.599444433333334
41,2024-05-21 09:34:34.033333,2024-05-21 09:42:59.900000,8.431111116666667
41,2024-05-21 09:43:38.066667,2024-05-21 09:54:10.633333,10.542777766666667
41,2024-05-21 09:54:21.300000,2024-05-21 09:55:21.300000,1.0
41,2024-05-21 09:56:30.200000,2024-05-21 10:01:51.800000,5.36
41,2024-05-21 10:04:23.866667,2024-05-21 10:12:34.233333,8.172777766666666
41,2024-05-21 10:14:37.933333,2024-05-21 10:30:29.900000,15.866111116666668
41,2024-05-21 10:44:30.866667,2024-05-21 10:49:02.600000,4.528888883333334
41,2024-05-21 10:50:06.166667,2024-05-21 10:57:06.733333,7.009444433333333
41,2024-05-21 10:59:02.100000,2024-05-21 10:59:42.733333,0.6772222166666667
41,2024-05-21 11:03:56.333333,2024-05-21 11:05:15.566667,1.3205555666666666
41,2024-05-21 11:16:50.633333,2024-05-21 11:19:10.466667,2.330555566666667
41,2024-05-21 11:20:45.133333,2024-05-21 11:36:53.600000,16.141111116666668
41,2024-05-21 11:47:50.066667,2024-05-21 11:52:38.933333,4.814444433333334
41,2024-05-21 11:55:05.300000,2024-05-21 12:00:33.733333,5.473888883333333
41,2024-05-21 12:03:08.433333,2024-05-21 12:15:09.166667,12.012222233333334
41,2024-05-21 12:17:21.166667,2024-05-21 12:24:59.400000,7.637222216666667
41,2024-05-21 12:27:28.333333,2024-05-21 12:35:03.766667,7.590555566666667
41,2024-05-21 12:36:19.366667,2024-05-21 12:41:00.200000,4.680555549999999
41,2024-05-21 12:43:25.200000,2024-05-21 12:52:21.066667,8.931111116666667
41,2024-05-21 13:05:53.700000,2024-05-21 13:13:50.833333,7.952222216666667
41,2024-05-21 13:28:30.266667,2024-05-21 13:29:11.500000,0.6872222166666667
41,2024-05-21 13:29:51.933333,2024-05-21 13:35:37.400000,5.757777783333333
41,2024-05-21 13:36:39.900000,2024-05-21 13:37:45.800000,1.0983333333333334
41,2024-05-21 13:38:41.766667,2024-05-21 13:42:09.666667,3.4650000000000003
41,2024-05-21 13:43:16.833333,2024-05-21 13:44:22.533333,1.095
41,2024-05-21 13:46:05.433333,2024-05-21 13:47:23.933333,1.3083333333333333
41,2024-05-21 13:55:10.433333,2024-05-21 13:56:29.866667,1.3238889
41,2024-05-21 13:57:48.533333,2024-05-21 14:01:36.566667,3.8005555666666666
41,2024-05-21 14:03:26.200000,2024-05-21 14:04:36.000000,1.1633333333333333
41,2024-05-21 14:06:43.433333,2024-05-21 14:07:32.666667,0.8205555666666666
41,2024-05-21 14:42:13.633333,2024-05-21 14:47:50.800000,5.6194444500000005
41,2024-05-21 14:50:05.533333,2024-05-21 14:59:09.533333,9.066666666666666
41,2024-05-21 15:00:21.233333,2024-05-21 15:05:18.733333,4.958333333333333
41,2024-05-21 15:07:40.166667,2024-05-21 15:17:07.633333,9.457777766666668
41,2024-05-21 15:17:15.733333,2024-05-21 15:26:24.933333,9.153333333333334
41,2024-05-21 15:29:41.733333,2024-05-21 15:33:52.266667,4.175555566666667
41,2024-05-21 15:36:14.266667,2024-05-21 15:43:21.433333,7.119444433333333
41,2024-05-21 15:46:41.800000,2024-05-21 15:49:10.200000,2.4733333333333336
41,2024-05-21 15:49:16.200000,2024-05-21 15:56:38.833333,7.3772222166666666
41,2024-05-21 16:00:00.133333,2024-05-21 16:00:45.066667,0.7488889000000001
41,2024-05-21 16:12:20.200000,2024-05-21 16:18:43.766667,6.392777783333333
41,2024-05-21 16:28:24.833333,2024-05-21 16:31:00.966667,2.6022222333333334
41,2024-05-21 16:50:56.400000,2024-05-21 16:51:30.900000,0.575
41,2024-05-21 16:51:40.666667,2024-05-21 17:31:39.833333,39.9861111
41,2024-05-21 17:36:37.200000,2024-05-21 17:38:07.066667,1.4977777833333334
41,2024-05-21 17:40:53.600000,2024-05-21 17:55:27.166667,14.55944445
41,2024-05-21 18:24:55.233333,2024-05-21 18:45:09.233333,20.233333333333334
41,2024-05-21 18:46:42.266667,2024-05-21 18:53:50.000000,7.1288888833333335
41,2024-05-22 09:00:21.833333,2024-05-22 09:08:33.433333,8.193333333333333
41,2024-05-22 09:09:32.033333,2024-05-22 09:22:05.666667,12.560555566666666
41,2024-05-22 09:24:07.533333,2024-05-22 09:30:50.966667,6.7238889
41,2024-05-22 09:32:51.300000,2024-05-22 09:41:55.166667,9.06444445
41,2024-05-22 09:47:12.566667,2024-05-22 09:50:28.600000,3.2672222166666667
41,2024-05-22 09:53:02.700000,2024-05-22 09:59:12.366667,6.1611111166666666
41,2024-05-22 10:01:16.333333,2024-05-22 10:06:08.566667,4.870555566666667
41,2024-05-22 10:08:17.866667,2024-05-22 10:13:37.400000,5.325555550000001
41,2024-05-22 10:15:58.300000,2024-05-22 10:21:24.600000,5.4383333333333335
41,2024-05-22 10:24:17.366667,2024-05-22 10:25:55.166667,1.63
41,2024-05-22 10:25:58.766667,2024-05-22 10:31:03.633333,5.0811111
41,2024-05-22 10:33:16.366667,2024-05-22 10:45:54.700000,12.638888883333333
41,2024-05-22 10:47:21.600000,2024-05-22 11:28:01.133333,40.65888888333333
41,2024-05-22 11:28:18.666667,2024-05-22 11:38:38.966667,10.338333333333333
41,2024-05-22 11:51:57.400000,2024-05-22 12:02:07.733333,10.172222216666666
41,2024-05-22 12:04:35.800000,2024-05-22 12:23:38.400000,19.043333333333333
41,2024-05-22 12:23:38.666667,2024-05-22 12:27:33.133333,3.907777766666667
41,2024-05-22 12:35:47.133333,2024-05-22 12:36:49.100000,1.0327777833333334
41,2024-05-22 12:37:55.100000,2024-05-22 12:41:33.400000,3.6383333333333336
41,2024-05-22 12:43:01.233333,2024-05-22 12:47:04.433333,4.053333333333333
41,2024-05-22 12:48:10.433333,2024-05-22 12:50:56.466667,2.7672222333333334
41,2024-05-22 13:25:10.500000,2024-05-22 13:26:49.400000,1.6483333333333334
41,2024-05-22 13:28:28.566667,2024-05-22 13:29:45.066667,1.275
41,2024-05-22 13:35:13.233333,2024-05-22 13:37:16.533333,2.055
41,2024-05-22 13:44:13.200000,2024-05-22 13:45:43.000000,1.4966666666666666
41,2024-05-22 13:47:56.033333,2024-05-22 13:49:57.500000,2.02444445
41,2024-05-22 13:56:31.200000,2024-05-22 13:57:47.833333,1.2772222166666665
41,2024-05-22 14:07:42.933333,2024-05-22 14:15:12.300000,7.48944445
41,2024-05-22 14:23:17.933333,2024-05-22 14:35:00.166667,11.7038889
41,2024-05-22 14:35:08.633333,2024-05-22 14:49:48.800000,14.669444449999999
41,2024-05-22 15:02:50.333333,2024-05-22 15:04:32.700000,1.7061111166666667
41,2024-05-22 15:04:41.300000,2024-05-22 15:21:55.066667,17.229444450000003
41,2024-05-22 15:40:42.133333,2024-05-22 15:42:13.266667,1.5188889
41,2024-05-22 15:42:23.500000,2024-05-22 15:43:57.933333,1.5738888833333333
41,2024-05-22 15:44:02.333333,2024-05-22 15:53:51.200000,9.81444445
41,2024-05-22 15:59:08.433333,2024-05-22 16:05:37.933333,6.491666666666666
41,2024-05-22 16:31:52.966667,2024-05-22 16:32:33.700000,0.6788888833333334
41,2024-05-22 16:35:33.333333,2024-05-22 16:42:34.833333,7.025
41,2024-05-22 17:04:04.433333,2024-05-22 17:30:02.333333,25.965
41,2024-05-22 17:30:03.400000,2024-05-22 18:42:44.433333,72.68388888333334
41,2024-05-23 09:10:38.533333,2024-05-23 09:14:01.233333,3.378333333333333
41,2024-05-23 09:17:59.800000,2024-05-23 10:02:54.266667,44.90777778333334
41,2024-05-23 10:03:04.300000,2024-05-23 10:21:15.000000,18.178333333333335
41,2024-05-23 10:24:25.600000,2024-05-23 10:45:35.733333,21.168888883333334
41,2024-05-23 11:03:37.366667,2024-05-23 11:19:32.500000,15.918888883333333
41,2024-05-23 11:20:09.000000,2024-05-23 11:43:27.433333,23.307222216666666
41,2024-05-23 11:48:01.400000,2024-05-23 12:07:40.166667,19.646111116666667
41,2024-05-23 12:09:33.100000,2024-05-23 12:26:23.233333,16.83555555
41,2024-05-23 12:33:05.033333,2024-05-23 12:44:47.400000,11.706111116666667
41,2024-05-23 12:45:32.400000,2024-05-23 13:00:23.766667,14.856111116666666
41,2024-05-23 13:02:03.333333,2024-05-23 13:10:16.833333,8.225
41,2024-05-23 13:10:19.966667,2024-05-23 13:18:03.366667,7.723333333333333
41,2024-05-23 13:18:58.466667,2024-05-23 13:42:23.900000,23.423888883333333
41,2024-05-23 13:47:27.700000,2024-05-23 14:11:41.133333,24.223888883333334
41,2024-05-23 14:12:30.600000,2024-05-23 14:31:03.800000,18.553333333333335
41,2024-05-23 14:35:22.833333,2024-05-23 14:46:34.400000,11.192777783333334
41,2024-05-23 14:46:35.166667,2024-05-23 14:50:29.600000,3.907222216666667
41,2024-05-23 14:52:02.933333,2024-05-23 14:53:11.766667,1.1472222333333333
41,2024-05-23 14:54:48.866667,2024-05-23 14:56:25.633333,1.6127777666666667
41,2024-05-23 14:57:34.766667,2024-05-23 15:00:12.133333,2.6227777666666667
41,2024-05-23 15:01:22.766667,2024-05-23 15:02:49.300000,1.4422222166666667
41,2024-05-23 15:03:56.966667,2024-05-23 15:05:28.466667,1.525
41,2024-05-23 15:09:23.933333,2024-05-23 15:11:38.833333,2.2483333333333335
41,2024-05-23 15:18:37.266667,2024-05-23 15:20:41.400000,2.0688888833333334
41,2024-05-23 15:26:20.800000,2024-05-23 15:37:35.733333,11.248888883333333
41,2024-05-23 15:39:36.533333,2024-05-23 15:41:36.500000,1.99944445
41,2024-05-23 15:45:45.933333,2024-05-23 15:51:31.766667,5.7638888999999995
41,2024-05-23 15:55:53.766667,2024-05-23 15:57:14.600000,1.3472222166666665
41,2024-05-23 16:08:28.500000,2024-05-23 16:27:15.100000,18.776666666666664
41,2024-05-23 16:45:58.666667,2024-05-23 17:09:30.033333,23.522777766666664
41,2024-05-23 17:32:55.533333,2024-05-23 18:39:40.333333,66.74666666666667
41,2024-05-24 09:33:51.166667,2024-05-24 09:50:38.566667,16.79
41,2024-05-24 09:53:06.233333,2024-05-24 10:08:02.900000,14.944444449999999
41,2024-05-24 10:08:52.166667,2024-05-24 11:00:42.100000,51.832222216666665
41,2024-05-24 11:01:12.133333,2024-05-24 11:11:43.200000,10.517777783333335
41,2024-05-24 11:12:40.766667,2024-05-24 11:13:40.733333,0.9994444333333334
41,2024-05-24 11:15:10.633333,2024-05-24 11:16:44.466667,1.5638888999999998
41,2024-05-24 11:20:19.833333,2024-05-24 11:21:36.600000,1.27944445
41,2024-05-24 11:22:59.200000,2024-05-24 11:25:00.866667,2.0277777833333333
41,2024-05-24 11:34:58.300000,2024-05-24 11:36:38.833333,1.67555555
41,2024-05-24 11:43:50.500000,2024-05-24 11:47:47.966667,3.9577777833333334
41,2024-05-24 11:48:41.733333,2024-05-24 11:50:07.666667,1.4322222333333334
41,2024-05-24 11:51:17.466667,2024-05-24 11:53:00.633333,1.7194444333333334
41,2024-05-24 11:54:14.300000,2024-05-24 11:57:10.166667,2.9311111166666666
41,2024-05-24 12:38:52.833333,2024-05-24 12:40:36.700000,1.7311111166666668
41,2024-05-24 12:41:31.066667,2024-05-24 12:42:41.066667,1.1666666666666667
41,2024-05-24 12:43:57.633333,2024-05-24 12:45:06.900000,1.15444445
41,2024-05-24 12:46:02.000000,2024-05-24 12:48:05.166667,2.0527777833333336
41,2024-05-24 12:49:04.266667,2024-05-24 13:10:13.733333,21.157777766666666
41,2024-05-24 13:10:17.166667,2024-05-24 13:12:56.066667,2.6483333333333334
41,2024-05-24 13:13:13.200000,2024-05-24 13:15:59.566667,2.7727777833333334
41,2024-05-24 13:16:33.800000,2024-05-24 13:47:15.766667,30.699444449999998
41,2024-05-24 13:47:21.333333,2024-05-24 14:20:52.900000,33.52611111666667
41,2024-05-24 14:21:04.133333,2024-05-24 14:28:15.800000,7.194444450000001
41,2024-05-24 14:28:16.366667,2024-05-24 14:31:12.866667,2.941666666666667
42,2024-04-23 16:07:41.900000,2024-04-23 17:09:31.966667,61.83444445
42,2024-04-24 11:03:17.466667,2024-04-24 12:45:29.766667,102.205
42,2024-04-24 12:45:31.700000,2024-04-24 14:07:53.500000,82.36333333333333
42,2024-04-24 14:08:31.666667,2024-04-24 14:47:29.966667,38.97166666666667
42,2024-04-25 11:52:58.433333,2024-04-25 11:54:28.300000,1.4977777833333334
42,2024-04-25 11:57:50.633333,2024-04-25 11:59:16.333333,1.4283333333333335
42,2024-05-11 12:12:38.933333,2024-05-11 12:13:43.900000,1.0827777833333334
42,2024-05-18 17:02:09.466667,2024-05-18 17:31:07.166667,28.961666666666666
42,2024-05-19 10:49:14.866667,2024-05-19 11:19:15.333333,30.007777766666667
42,2024-05-19 11:19:26.133333,2024-05-19 12:03:30.700000,44.07611111666667
42,2024-05-19 12:04:17.800000,2024-05-19 12:21:12.033333,16.903888883333334
42,2024-05-19 12:21:27.766667,2024-05-19 12:24:49.666667,3.365
42,2024-05-19 12:25:10.566667,2024-05-19 12:48:05.833333,22.9211111
42,2024-05-19 12:48:40.833333,2024-05-19 13:24:43.000000,36.03611111666667
42,2024-05-19 14:22:59.900000,2024-05-19 14:28:21.900000,5.366666666666666
42,2024-05-19 14:40:38.933333,2024-05-19 14:43:04.666667,2.4288889
42,2024-05-19 14:44:07.500000,2024-05-19 14:45:21.800000,1.2383333333333333
42,2024-05-19 15:30:57.133333,2024-05-19 15:33:01.700000,2.0761111166666666
42,2024-05-19 15:34:34.900000,2024-05-19 15:35:58.233333,1.3888888833333333
42,2024-05-19 15:41:10.933333,2024-05-19 15:49:06.866667,7.932222233333333
42,2024-05-19 15:52:13.700000,2024-05-19 15:59:16.600000,7.048333333333333
42,2024-05-19 16:03:22.766667,2024-05-19 16:10:42.466667,7.328333333333333
42,2024-05-19 16:12:57.900000,2024-05-19 16:17:54.600000,4.944999999999999
42,2024-05-19 16:21:31.433333,2024-05-19 16:25:16.866667,3.757222233333333
42,2024-05-19 16:35:36.900000,2024-05-19 16:51:13.600000,15.611666666666668
42,2024-05-19 16:53:23.000000,2024-05-19 16:55:03.033333,1.6672222166666666
42,2024-05-19 17:03:20.266667,2024-05-19 17:10:52.600000,7.538888883333333
42,2024-05-19 17:12:40.266667,2024-05-19 17:15:02.333333,2.367777766666667
42,2024-05-19 17:15:07.966667,2024-05-19 17:16:59.633333,1.8611111
42,2024-05-19 17:22:31.300000,2024-05-19 17:30:51.266667,8.332777783333333
42,2024-05-19 17:31:52.766667,2024-05-19 17:33:03.600000,1.18055555
42,2024-05-19 17:34:21.066667,2024-05-19 17:36:41.166667,2.335
42,2024-05-19 18:21:43.133333,2024-05-19 18:23:22.666667,1.6588889
42,2024-05-20 09:11:49.133333,2024-05-20 09:25:55.133333,14.1
42,2024-05-20 09:27:12.900000,2024-05-20 09:37:47.100000,10.57
42,2024-05-20 09:38:36.566667,2024-05-20 09:43:41.433333,5.0811111
42,2024-05-20 09:45:04.133333,2024-05-20 09:48:15.366667,3.1872222333333338
42,2024-05-20 09:48:22.100000,2024-05-20 09:50:07.533333,1.7572222166666667
42,2024-05-20 09:51:35.400000,2024-05-20 09:55:53.200000,4.296666666666667
42,2024-05-20 09:56:01.400000,2024-05-20 09:58:19.566667,2.302777783333333
42,2024-05-20 09:59:01.533333,2024-05-20 10:08:10.566667,9.150555566666666
42,2024-05-20 10:09:05.533333,2024-05-20 10:13:03.500000,3.9661111166666667
42,2024-05-20 10:15:14.933333,2024-05-20 10:25:25.300000,10.172777783333334
42,2024-05-20 10:25:42.866667,2024-05-20 10:33:04.933333,7.367777766666666
42,2024-05-20 10:34:39.866667,2024-05-20 10:35:38.800000,0.9822222166666666
42,2024-05-20 10:40:08.366667,2024-05-20 10:43:39.866667,3.525
42,2024-05-20 10:45:53.866667,2024-05-20 10:51:05.233333,5.189444433333334
42,2024-05-20 10:52:34.233333,2024-05-20 10:56:46.033333,4.196666666666667
42,2024-05-20 10:56:51.333333,2024-05-20 10:58:51.166667,1.9972222333333332
42,2024-05-20 11:03:15.700000,2024-05-20 11:05:23.566667,2.1311111166666667
42,2024-05-20 11:11:43.100000,2024-05-20 11:12:34.666667,0.85944445
42,2024-05-20 11:12:51.800000,2024-05-20 11:13:57.666667,1.0977777833333335
42,2024-05-20 11:14:53.400000,2024-05-20 11:17:39.800000,2.7733333333333334
42,2024-05-20 11:23:31.666667,2024-05-20 11:27:01.400000,3.4955555499999997
42,2024-05-20 11:29:16.466667,2024-05-20 11:30:03.800000,0.7888888833333334
42,2024-05-20 11:30:10.200000,2024-05-20 11:30:52.600000,0.7066666666666667
42,2024-05-20 11:30:57.766667,2024-05-20 11:32:06.466667,1.145
42,2024-05-20 11:33:10.400000,2024-05-20 11:39:56.066667,6.761111116666667
42,2024-05-20 11:41:14.666667,2024-05-20 11:42:54.966667,1.6716666666666666
42,2024-05-20 11:44:03.366667,2024-05-20 11:48:41.600000,4.637222216666667
42,2024-05-20 11:52:17.900000,2024-05-20 11:55:10.333333,2.8738888833333336
42,2024-05-20 12:01:34.100000,2024-05-20 12:05:58.733333,4.41055555
42,2024-05-20 12:06:02.000000,2024-05-20 12:11:40.033333,5.633888883333333
42,2024-05-20 12:11:48.800000,2024-05-20 12:43:07.700000,31.315
42,2024-05-20 12:43:15.866667,2024-05-20 12:49:38.300000,6.373888883333334
42,2024-05-20 12:50:15.066667,2024-05-20 12:51:37.866667,1.38
42,2024-05-20 12:51:43.433333,2024-05-20 12:53:59.600000,2.26944445
42,2024-05-20 12:55:02.433333,2024-05-20 13:02:52.900000,7.841111116666666
42,2024-05-20 13:03:16.833333,2024-05-20 13:06:38.300000,3.3577777833333333
42,2024-05-20 13:08:59.766667,2024-05-20 13:10:15.300000,1.2588888833333334
42,2024-05-20 13:10:57.766667,2024-05-20 13:16:24.833333,5.4511111
42,2024-05-20 13:16:39.033333,2024-05-20 13:20:54.966667,4.2655555666666665
42,2024-05-20 13:21:30.766667,2024-05-20 13:24:11.866667,2.685
42,2024-05-20 13:25:07.133333,2024-05-20 13:28:18.466667,3.1888889000000002
42,2024-05-20 13:28:45.666667,2024-05-20 13:29:44.033333,0.9727777666666667
42,2024-05-20 13:29:53.266667,2024-05-20 13:38:49.200000,8.932222216666666
42,2024-05-20 13:41:35.033333,2024-05-20 13:49:27.300000,7.8711111166666665
42,2024-05-20 14:00:41.700000,2024-05-20 14:01:17.633333,0.5988888833333333
42,2024-05-20 14:01:59.466667,2024-05-20 14:03:54.333333,1.9144444333333333
42,2024-05-20 14:04:24.200000,2024-05-20 14:06:26.366667,2.0361111166666666
42,2024-05-20 14:06:48.200000,2024-05-20 14:09:01.033333,2.2138888833333334
42,2024-05-20 14:20:58.666667,2024-05-20 14:30:56.366667,9.961666666666668
42,2024-05-20 14:31:06.433333,2024-05-20 14:38:05.033333,6.9766666666666675
42,2024-05-20 14:38:08.566667,2024-05-20 15:45:44.300000,67.59555555
42,2024-05-20 16:00:09.000000,2024-05-20 17:07:45.533333,67.60888888333334
42,2024-05-20 17:19:52.333333,2024-05-20 17:29:56.766667,10.073888899999998
42,2024-05-20 17:35:01.600000,2024-05-20 17:44:31.700000,9.501666666666667
42,2024-05-20 18:25:50.800000,2024-05-20 18:27:39.333333,1.8088888833333334
42,2024-05-21 08:59:49.700000,2024-05-21 09:11:13.266667,11.392777783333335
42,2024-05-21 09:12:33.033333,2024-05-21 09:15:40.900000,3.1311111166666667
42,2024-05-21 09:22:49.900000,2024-05-21 09:30:04.433333,7.242222216666667
42,2024-05-21 09:30:38.266667,2024-05-21 11:01:36.100000,90.96388888333333
42,2024-05-21 11:02:46.866667,2024-05-21 11:14:14.133333,11.454444433333332
42,2024-05-21 11:14:22.866667,2024-05-21 11:51:07.600000,36.74555555
42,2024-05-21 11:51:18.766667,2024-05-21 11:56:40.166667,5.3566666666666665
42,2024-05-21 11:58:27.600000,2024-05-21 12:16:27.500000,17.998333333333335
42,2024-05-21 12:21:45.300000,2024-05-21 12:23:20.100000,1.5799999999999998
42,2024-05-21 12:28:13.166667,2024-05-21 12:33:55.566667,5.706666666666666
42,2024-05-21 13:31:18.366667,2024-05-21 13:58:54.066667,27.595000000000002
42,2024-05-21 14:06:30.833333,2024-05-21 14:12:57.000000,6.436111116666667
42,2024-05-21 14:24:07.466667,2024-05-21 14:30:49.766667,6.705
42,2024-05-21 14:31:17.333333,2024-05-21 14:45:30.400000,14.217777783333334
42,2024-05-21 14:46:08.700000,2024-05-21 14:56:43.500000,10.58
42,2024-05-21 14:58:10.700000,2024-05-21 15:09:09.200000,10.975
42,2024-05-21 15:12:58.733333,2024-05-21 15:33:58.033333,20.988333333333333
42,2024-05-21 15:35:44.233333,2024-05-21 15:45:50.533333,10.104999999999999
42,2024-05-21 15:52:12.500000,2024-05-21 16:11:54.100000,19.69333333333333
42,2024-05-21 16:12:41.600000,2024-05-21 16:13:14.133333,0.5422222166666667
42,2024-05-21 16:20:15.800000,2024-05-21 16:21:11.566667,0.92944445
42,2024-05-21 16:22:36.466667,2024-05-21 16:23:52.166667,1.2616666666666667
42,2024-05-21 16:25:03.200000,2024-05-21 16:28:32.200000,3.4833333333333334
42,2024-05-21 16:29:35.733333,2024-05-21 16:33:45.500000,4.1627777833333335
42,2024-05-21 16:35:14.266667,2024-05-21 16:50:34.100000,15.330555550000001
42,2024-05-21 16:50:52.700000,2024-05-21 17:31:25.800000,40.55166666666666
42,2024-05-21 17:31:35.100000,2024-05-21 17:52:26.100000,20.85
42,2024-05-21 18:20:16.666667,2024-05-21 18:22:02.666667,1.7666666666666666
42,2024-05-21 18:29:03.700000,2024-05-21 18:44:15.100000,15.19
42,2024-05-21 18:45:49.866667,2024-05-21 18:58:52.100000,13.037222216666667
42,2024-05-22 09:03:14.566667,2024-05-22 09:09:37.100000,6.3755555500000005
42,2024-05-22 09:11:24.866667,2024-05-22 09:22:24.233333,10.989444433333334
42,2024-05-22 09:23:32.700000,2024-05-22 09:36:50.400000,13.295
42,2024-05-22 09:38:17.333333,2024-05-22 09:57:21.433333,19.06833333333333
42,2024-05-22 09:59:05.033333,2024-05-22 10:03:45.833333,4.680000000000001
42,2024-05-22 10:09:27.233333,2024-05-22 10:11:38.633333,2.19
42,2024-05-22 10:12:36.000000,2024-05-22 10:21:59.133333,9.38555555
42,2024-05-22 10:23:09.933333,2024-05-22 10:30:55.366667,7.757222233333334
42,2024-05-22 10:31:34.100000,2024-05-22 10:33:10.500000,1.6066666666666667
42,2024-05-22 10:34:15.233333,2024-05-22 10:35:23.800000,1.1427777833333332
42,2024-05-22 10:36:33.700000,2024-05-22 10:37:54.766667,1.3511111166666665
42,2024-05-22 10:39:10.133333,2024-05-22 10:41:26.400000,2.271111116666667
42,2024-05-22 10:42:29.266667,2024-05-22 10:45:46.233333,3.282777766666667
42,2024-05-22 10:45:56.000000,2024-05-22 10:47:23.500000,1.4583333333333333
42,2024-05-22 10:53:10.266667,2024-05-22 10:54:29.100000,1.3138888833333333
42,2024-05-22 11:01:27.133333,2024-05-22 11:03:46.100000,2.316111116666667
42,2024-05-22 11:05:22.700000,2024-05-22 11:13:02.300000,7.66
42,2024-05-22 11:15:35.766667,2024-05-22 11:17:19.266667,1.725
42,2024-05-22 11:24:24.766667,2024-05-22 11:47:02.733333,22.632777766666667
42,2024-05-22 11:49:07.666667,2024-05-22 11:54:45.033333,5.622777766666667
42,2024-05-22 11:56:33.633333,2024-05-22 11:58:53.800000,2.3361111166666664
42,2024-05-22 12:00:07.733333,2024-05-22 12:01:42.600000,1.5811111166666667
42,2024-05-22 12:03:08.600000,2024-05-22 12:05:49.100000,2.675
42,2024-05-22 12:07:21.533333,2024-05-22 12:09:49.566667,2.467222233333333
42,2024-05-22 12:11:24.200000,2024-05-22 12:14:19.533333,2.922222216666667
42,2024-05-22 12:15:20.166667,2024-05-22 12:17:40.466667,2.3383333333333334
42,2024-05-22 12:19:14.600000,2024-05-22 12:20:57.466667,1.71444445
42,2024-05-22 12:23:51.933333,2024-05-22 12:33:53.500000,10.026111116666668
42,2024-05-22 13:48:41.966667,2024-05-22 13:50:58.700000,2.278888883333333
42,2024-05-22 14:10:30.366667,2024-05-22 14:24:56.100000,14.428888883333334
42,2024-05-22 14:28:42.500000,2024-05-22 14:40:12.066667,11.492777783333334
42,2024-05-22 15:13:31.466667,2024-05-22 15:22:57.933333,9.4411111
42,2024-05-22 15:23:14.933333,2024-05-22 15:35:04.366667,11.823888899999998
42,2024-05-22 15:35:34.933333,2024-05-22 15:49:24.966667,13.8338889
42,2024-05-22 15:51:09.366667,2024-05-22 15:51:42.266667,0.5483333333333333
42,2024-05-22 15:53:33.366667,2024-05-22 15:54:06.400000,0.55055555
42,2024-05-22 15:55:03.966667,2024-05-22 15:56:00.600000,0.9438888833333333
42,2024-05-22 15:57:01.833333,2024-05-22 15:57:43.866667,0.7005555666666667
42,2024-05-22 16:06:31.166667,2024-05-22 17:06:07.466667,59.605000000000004
42,2024-05-22 17:07:40.033333,2024-05-22 17:09:04.133333,1.4016666666666666
42,2024-05-22 17:10:30.500000,2024-05-22 17:11:52.166667,1.3611111166666667
42,2024-05-22 17:13:28.000000,2024-05-22 17:14:51.866667,1.3977777833333334
42,2024-05-22 17:16:30.866667,2024-05-22 17:17:57.033333,1.4361111000000002
42,2024-05-22 17:21:36.433333,2024-05-22 17:32:07.966667,10.525555566666666
42,2024-05-22 17:34:53.100000,2024-05-22 17:45:45.966667,10.881111116666666
42,2024-05-22 17:48:46.833333,2024-05-22 17:50:22.900000,1.6011111166666665
42,2024-05-23 09:34:38.666667,2024-05-23 09:42:21.033333,7.7061111
42,2024-05-23 09:42:44.933333,2024-05-23 10:09:45.333333,27.006666666666668
42,2024-05-23 10:14:47.333333,2024-05-23 10:17:18.766667,2.5238889
42,2024-05-23 10:28:48.733333,2024-05-23 10:29:37.666667,0.8155555666666667
42,2024-05-23 10:32:18.533333,2024-05-23 10:38:05.866667,5.7888889
42,2024-05-23 10:38:57.900000,2024-05-23 10:40:55.000000,1.9516666666666667
42,2024-05-23 10:41:50.433333,2024-05-23 10:52:33.866667,10.723888899999999
42,2024-05-23 10:53:46.433333,2024-05-23 11:10:36.400000,16.832777783333334
42,2024-05-23 11:15:13.366667,2024-05-23 11:20:47.500000,5.568888883333333
42,2024-05-23 11:33:06.233333,2024-05-23 11:45:49.966667,12.7288889
42,2024-05-23 11:51:25.033333,2024-05-23 12:00:14.233333,8.82
42,2024-05-23 12:01:48.066667,2024-05-23 12:03:26.766667,1.645
42,2024-05-23 12:06:52.766667,2024-05-23 12:08:49.333333,1.9427777666666666
42,2024-05-23 12:10:25.233333,2024-05-23 12:11:00.966667,0.5955555666666666
42,2024-05-23 12:11:11.900000,2024-05-23 12:12:19.466667,1.1261111166666666
42,2024-05-23 12:13:42.333333,2024-05-23 12:15:14.966667,1.5438889
42,2024-05-23 12:16:07.800000,2024-05-23 12:17:54.433333,1.7772222166666665
42,2024-05-23 12:18:46.766667,2024-05-23 12:20:21.500000,1.5788888833333334
42,2024-05-23 12:21:55.766667,2024-05-23 12:24:19.333333,2.3927777666666667
42,2024-05-23 12:24:35.533333,2024-05-23 12:25:57.066667,1.3588889
42,2024-05-23 12:28:43.900000,2024-05-23 12:30:45.366667,2.02444445
42,2024-05-23 12:31:24.600000,2024-05-23 12:37:46.866667,6.3711111166666665
42,2024-05-23 12:37:50.833333,2024-05-23 12:47:50.600000,9.996111116666667
42,2024-05-23 12:49:27.566667,2024-05-23 12:52:51.166667,3.393333333333333
42,2024-05-23 12:54:34.333333,2024-05-23 12:56:49.266667,2.2488889
42,2024-05-23 12:59:14.833333,2024-05-23 13:01:38.666667,2.3972222333333333
42,2024-05-23 13:03:03.000000,2024-05-23 13:06:04.733333,3.028888883333333
42,2024-05-23 13:08:07.633333,2024-05-23 13:08:57.000000,0.8227777833333333
42,2024-05-23 13:09:00.566667,2024-05-23 13:13:10.900000,4.1722222166666665
42,2024-05-23 13:16:38.933333,2024-05-23 13:18:43.400000,2.07444445
42,2024-05-23 13:20:37.866667,2024-05-23 13:22:44.366667,2.1083333333333334
42,2024-05-23 13:23:33.266667,2024-05-23 13:28:18.633333,4.7561111
42,2024-05-23 13:29:59.000000,2024-05-23 13:32:02.766667,2.0627777833333334
42,2024-05-23 13:35:05.600000,2024-05-23 13:36:54.266667,1.8111111166666667
42,2024-05-23 13:41:58.833333,2024-05-23 13:46:31.966667,4.5522222333333335
42,2024-05-23 13:52:40.266667,2024-05-23 14:04:49.800000,12.158888883333333
42,2024-05-23 14:09:44.700000,2024-05-23 14:12:42.433333,2.9622222166666665
42,2024-05-23 14:16:07.866667,2024-05-23 14:19:26.266667,3.3066666666666666
42,2024-05-23 14:20:22.233333,2024-05-23 14:27:08.500000,6.771111116666666
42,2024-05-23 14:29:23.633333,2024-05-23 14:32:37.800000,3.2361111166666663
42,2024-05-23 14:33:55.666667,2024-05-23 14:43:13.266667,9.293333333333333
42,2024-05-23 15:09:59.700000,2024-05-23 15:24:30.733333,14.517222216666665
42,2024-05-23 15:25:47.566667,2024-05-23 15:31:14.466667,5.448333333333333
42,2024-05-23 15:32:31.366667,2024-05-23 15:51:39.866667,19.141666666666666
42,2024-05-23 15:52:51.733333,2024-05-23 16:06:33.833333,13.701666666666666
42,2024-05-23 16:21:01.333333,2024-05-23 16:23:17.500000,2.26944445
42,2024-05-23 16:24:12.066667,2024-05-23 16:25:25.233333,1.2194444333333334
42,2024-05-23 16:26:30.900000,2024-05-23 16:28:59.533333,2.4772222166666666
42,2024-05-23 16:30:01.900000,2024-05-23 16:34:40.566667,4.64444445
42,2024-05-23 16:43:53.600000,2024-05-23 16:48:28.033333,4.573888883333334
42,2024-05-23 16:55:46.900000,2024-05-23 16:59:34.800000,3.7983333333333333
42,2024-05-23 17:03:49.400000,2024-05-23 17:05:58.100000,2.145
42,2024-05-23 17:15:40.666667,2024-05-23 17:23:32.033333,7.856111100000001
42,2024-05-23 17:24:19.033333,2024-05-23 17:28:49.233333,4.503333333333333
42,2024-05-23 17:32:56.200000,2024-05-23 17:44:02.666667,11.107777783333335
42,2024-05-23 17:44:14.766667,2024-05-23 17:46:04.533333,1.8294444333333333
42,2024-05-23 17:46:15.900000,2024-05-23 17:46:51.500000,0.5933333333333334
42,2024-05-23 17:53:08.733333,2024-05-23 18:30:29.833333,37.35166666666667
42,2024-05-24 09:11:01.566667,2024-05-24 09:20:30.733333,9.486111099999999
42,2024-05-24 09:22:05.200000,2024-05-24 09:53:33.900000,31.478333333333335
42,2024-05-24 09:53:52.000000,2024-05-24 10:02:54.633333,9.043888883333333
42,2024-05-24 10:04:44.000000,2024-05-24 10:30:36.466667,25.87444445
42,2024-05-24 10:31:25.433333,2024-05-24 10:32:59.733333,1.5716666666666665
42,2024-05-24 10:33:07.966667,2024-05-24 11:01:06.700000,27.978888883333333
42,2024-05-24 11:02:24.866667,2024-05-24 11:05:00.600000,2.59555555
42,2024-05-24 11:12:40.333333,2024-05-24 11:15:20.566667,2.6705555666666667
42,2024-05-24 11:23:50.333333,2024-05-24 11:26:19.500000,2.4861111166666663
42,2024-05-24 11:30:26.033333,2024-05-24 11:32:09.066667,1.7172222333333333
42,2024-05-24 11:32:20.466667,2024-05-24 11:37:40.333333,5.3311111
42,2024-05-24 12:34:34.033333,2024-05-24 12:36:30.600000,1.9427777833333333
42,2024-05-24 12:36:51.866667,2024-05-24 12:39:04.133333,2.2044444333333333
42,2024-05-24 12:42:32.366667,2024-05-24 12:49:26.266667,6.8983333333333325
42,2024-05-24 12:49:29.900000,2024-05-24 13:13:40.066667,24.16944445
42,2024-05-24 13:13:48.700000,2024-05-24 13:14:43.500000,0.9133333333333333
42,2024-05-24 13:14:44.966667,2024-05-24 15:12:35.566667,117.84333333333333
43,2024-04-18 09:04:39.933333,2024-04-18 09:30:32.533333,25.876666666666665
43,2024-04-23 15:06:26.566667,2024-04-23 15:07:34.300000,1.1288888833333333
43,2024-04-24 09:31:47.500000,2024-04-24 09:32:52.200000,1.0783333333333334
43,2024-04-24 09:34:42.200000,2024-04-24 09:36:49.733333,2.12555555
43,2024-04-28 10:12:01.766667,2024-04-28 10:31:16.833333,19.2511111
43,2024-05-01 15:41:40.066667,2024-05-01 16:52:11.866667,70.53
43,2024-05-08 09:32:13.400000,2024-05-08 10:20:43.700000,48.505
43,2024-05-13 14:57:06.266667,2024-05-13 16:24:06.133333,86.99777776666666
43,2024-05-19 12:13:56.366667,2024-05-19 13:41:35.266667,87.64833333333333
43,2024-05-19 13:42:01.366667,2024-05-19 13:53:04.666667,11.055
43,2024-05-19 13:53:38.200000,2024-05-19 14:14:07.433333,20.487222216666666
43,2024-05-19 14:14:43.533333,2024-05-19 14:18:37.233333,3.895
43,2024-05-19 14:31:56.133333,2024-05-19 14:51:25.433333,19.488333333333333
43,2024-05-19 15:58:57.233333,2024-05-19 16:03:11.133333,4.2316666666666665
43,2024-05-19 16:22:28.066667,2024-05-19 16:24:36.500000,2.14055555
43,2024-05-19 16:43:09.733333,2024-05-19 17:00:30.033333,17.33833333333333
43,2024-05-19 17:04:50.033333,2024-05-19 17:06:01.000000,1.1827777833333333
43,2024-05-19 17:11:26.433333,2024-05-19 17:13:43.233333,2.2800000000000002
43,2024-05-20 09:04:28.800000,2024-05-20 09:22:26.533333,17.962222216666664
43,2024-05-20 09:23:14.533333,2024-05-20 09:24:20.766667,1.1038889
43,2024-05-20 09:25:19.600000,2024-05-20 09:26:14.633333,0.9172222166666667
43,2024-05-20 09:26:16.000000,2024-05-20 09:43:17.666667,17.02777778333333
43,2024-05-20 09:47:34.433333,2024-05-20 09:49:23.133333,1.8116666666666668
43,2024-05-20 09:51:27.800000,2024-05-20 09:59:16.700000,7.8149999999999995
43,2024-05-20 10:00:27.266667,2024-05-20 10:01:31.133333,1.0644444333333334
43,2024-05-20 10:02:24.700000,2024-05-20 10:10:27.266667,8.042777783333333
43,2024-05-20 10:10:36.900000,2024-05-20 10:15:21.666667,4.7461111166666665
43,2024-05-20 10:20:04.066667,2024-05-20 10:24:35.333333,4.5211111
43,2024-05-20 10:26:09.333333,2024-05-20 10:27:03.466667,0.9022222333333333
43,2024-05-20 10:28:57.300000,2024-05-20 10:31:28.733333,2.5238888833333335
43,2024-05-20 10:35:09.666667,2024-05-20 10:35:54.133333,0.7411111
43,2024-05-20 10:42:09.466667,2024-05-20 10:46:28.200000,4.312222216666667
43,2024-05-20 10:47:03.400000,2024-05-20 11:09:39.300000,22.598333333333336
43,2024-05-20 11:21:13.600000,2024-05-20 11:28:19.333333,7.09555555
43,2024-05-20 11:32:03.366667,2024-05-20 12:02:19.333333,30.2661111
43,2024-05-20 12:04:02.666667,2024-05-20 12:07:25.066667,3.3733333333333335
43,2024-05-20 12:07:58.066667,2024-05-20 12:12:38.800000,4.678888883333333
43,2024-05-20 12:14:40.133333,2024-05-20 12:23:20.166667,8.667222233333332
43,2024-05-20 12:24:05.766667,2024-05-20 12:35:40.300000,11.575555549999999
43,2024-05-20 12:36:57.633333,2024-05-20 12:45:35.500000,8.631111116666666
43,2024-05-20 12:46:48.533333,2024-05-20 12:55:13.233333,8.411666666666667
43,2024-05-20 13:01:42.366667,2024-05-20 13:03:41.166667,1.98
43,2024-05-20 13:03:49.300000,2024-05-20 13:13:27.433333,9.63555555
43,2024-05-20 13:13:35.366667,2024-05-20 13:16:29.600000,2.903888883333333
43,2024-05-20 13:18:22.500000,2024-05-20 13:20:07.400000,1.7483333333333335
43,2024-05-20 13:20:19.433333,2024-05-20 13:21:23.333333,1.065
43,2024-05-20 13:22:41.433333,2024-05-20 13:27:44.733333,5.055000000000001
43,2024-05-20 13:29:23.433333,2024-05-20 13:32:30.366667,3.1155555666666666
43,2024-05-20 13:36:31.866667,2024-05-20 13:39:45.266667,3.2233333333333336
43,2024-05-20 13:41:32.200000,2024-05-20 13:42:56.700000,1.4083333333333334
43,2024-05-20 13:44:21.033333,2024-05-20 13:44:56.966667,0.5988889000000001
43,2024-05-20 13:47:43.100000,2024-05-20 13:48:21.200000,0.635
43,2024-05-20 13:49:49.400000,2024-05-20 13:51:00.066667,1.1777777833333334
43,2024-05-20 13:51:21.900000,2024-05-20 13:59:47.400000,8.425
43,2024-05-20 14:08:49.900000,2024-05-20 14:14:12.066667,5.3694444500000005
43,2024-05-20 14:15:57.866667,2024-05-20 14:28:00.433333,12.042777766666667
43,2024-05-20 14:28:04.366667,2024-05-20 14:29:49.033333,1.7444444333333335
43,2024-05-20 14:29:53.333333,2024-05-20 14:51:32.033333,21.645
43,2024-05-20 14:52:26.300000,2024-05-20 14:56:04.833333,3.6422222166666667
43,2024-05-20 14:58:57.200000,2024-05-20 14:59:55.366667,0.9694444499999999
43,2024-05-20 15:07:12.266667,2024-05-20 15:08:42.666667,1.5066666666666668
43,2024-05-20 15:11:46.533333,2024-05-20 15:19:46.166667,7.9938889
43,2024-05-20 15:20:33.200000,2024-05-20 15:28:28.033333,7.913888883333333
43,2024-05-20 15:33:53.733333,2024-05-20 16:10:54.733333,37.016666666666666
43,2024-05-20 16:11:53.133333,2024-05-20 16:48:38.900000,36.762777783333334
43,2024-05-20 16:49:23.133333,2024-05-20 17:00:21.033333,10.965
43,2024-05-20 17:32:31.666667,2024-05-20 17:49:38.366667,17.111666666666668
43,2024-05-20 18:52:58.066667,2024-05-20 18:53:48.866667,0.8466666666666666
43,2024-05-20 18:54:44.933333,2024-05-20 18:55:56.333333,1.1900000000000002
43,2024-05-20 18:57:15.800000,2024-05-20 18:58:57.766667,1.69944445
43,2024-05-21 08:57:20.433333,2024-05-21 08:59:11.233333,1.8466666666666667
43,2024-05-21 08:59:49.900000,2024-05-21 09:08:32.200000,8.705
43,2024-05-21 09:08:41.933333,2024-05-21 09:23:03.600000,14.361111116666667
43,2024-05-21 09:23:46.200000,2024-05-21 09:35:10.300000,11.401666666666667
43,2024-05-21 09:35:55.466667,2024-05-21 09:37:01.800000,1.1055555499999998
43,2024-05-21 10:01:05.000000,2024-05-21 10:07:54.966667,6.8327777833333325
43,2024-05-21 10:27:13.400000,2024-05-21 10:38:21.633333,11.137222216666666
43,2024-05-21 10:39:01.666667,2024-05-21 11:17:37.933333,38.604444433333335
43,2024-05-21 11:18:16.566667,2024-05-21 11:19:23.633333,1.1177777666666666
43,2024-05-21 11:22:40.033333,2024-05-21 11:52:43.966667,30.065555566666667
43,2024-05-21 11:54:22.600000,2024-05-21 11:59:33.633333,5.183888883333334
43,2024-05-21 12:05:20.033333,2024-05-21 12:30:05.166667,24.752222233333335
43,2024-05-21 12:31:06.733333,2024-05-21 12:35:22.600000,4.26444445
43,2024-05-21 12:36:49.166667,2024-05-21 12:54:50.833333,18.027777766666667
43,2024-05-21 12:55:31.600000,2024-05-21 13:05:36.533333,10.082222216666667
43,2024-05-21 13:07:33.766667,2024-05-21 13:10:41.566667,3.1300000000000003
43,2024-05-21 13:11:47.733333,2024-05-21 13:14:47.400000,2.99444445
43,2024-05-21 13:16:08.866667,2024-05-21 13:18:22.466667,2.2266666666666666
43,2024-05-21 13:19:01.633333,2024-05-21 13:19:53.300000,0.8611111166666666
43,2024-05-21 13:20:56.333333,2024-05-21 13:22:56.800000,2.0077777833333332
43,2024-05-21 13:24:14.400000,2024-05-21 13:26:34.400000,2.3333333333333335
43,2024-05-21 13:43:05.133333,2024-05-21 13:55:08.933333,12.063333333333333
43,2024-05-21 13:56:27.700000,2024-05-21 14:09:45.266667,13.292777783333333
43,2024-05-21 14:16:02.133333,2024-05-21 14:27:26.766667,11.410555566666666
43,2024-05-21 14:29:33.533333,2024-05-21 14:31:32.700000,1.9861111166666667
43,2024-05-21 14:31:47.600000,2024-05-21 14:33:24.166667,1.60944445
43,2024-05-21 14:34:26.933333,2024-05-21 14:36:25.200000,1.9711111166666666
43,2024-05-21 14:37:43.700000,2024-05-21 14:42:10.333333,4.443888883333333
43,2024-05-21 15:05:20.833333,2024-05-21 15:09:52.233333,4.5233333333333325
43,2024-05-21 16:32:34.733333,2024-05-21 16:36:31.033333,3.9383333333333335
43,2024-05-21 16:58:04.333333,2024-05-21 18:54:11.400000,116.11777778333334
43,2024-05-22 09:19:52.466667,2024-05-22 09:47:14.633333,27.369444433333335
43,2024-05-22 09:48:45.833333,2024-05-22 09:51:54.133333,3.1383333333333336
43,2024-05-22 09:53:13.633333,2024-05-22 10:15:45.533333,22.53166666666667
43,2024-05-22 10:45:33.666667,2024-05-22 11:02:00.333333,16.444444433333334
43,2024-05-22 11:10:32.733333,2024-05-22 12:19:41.866667,69.15222223333333
43,2024-05-22 15:37:08.500000,2024-05-22 15:43:03.833333,5.9222222166666665
43,2024-05-22 15:43:14.666667,2024-05-22 15:46:17.666667,3.05
43,2024-05-22 15:48:04.833333,2024-05-22 15:51:26.700000,3.36444445
43,2024-05-22 15:51:30.566667,2024-05-22 15:55:15.100000,3.7422222166666668
43,2024-05-22 15:55:31.233333,2024-05-22 15:58:27.533333,2.9383333333333335
43,2024-05-22 15:59:30.033333,2024-05-22 16:00:10.133333,0.6683333333333333
43,2024-05-22 16:38:45.933333,2024-05-22 16:40:41.333333,1.9233333333333333
43,2024-05-22 16:47:33.866667,2024-05-22 17:15:54.700000,28.34722221666667
43,2024-05-22 17:30:45.900000,2024-05-22 17:43:24.133333,12.637222216666666
43,2024-05-23 09:23:48.066667,2024-05-23 09:46:33.100000,22.75055555
43,2024-05-23 09:46:41.300000,2024-05-23 10:06:20.266667,19.649444449999997
43,2024-05-23 10:07:09.466667,2024-05-23 10:15:47.800000,8.638888883333333
43,2024-05-23 10:16:07.433333,2024-05-23 10:24:38.033333,8.51
43,2024-05-23 10:25:47.200000,2024-05-23 10:46:20.300000,20.551666666666666
43,2024-05-23 10:47:45.133333,2024-05-23 10:51:31.866667,3.7788889
43,2024-05-23 10:52:01.633333,2024-05-23 11:05:02.566667,13.015555566666666
43,2024-05-23 11:05:28.133333,2024-05-23 11:30:02.733333,24.576666666666664
43,2024-05-23 11:30:16.433333,2024-05-23 11:30:58.066667,0.6938888999999999
43,2024-05-23 11:31:05.033333,2024-05-23 11:43:46.600000,12.692777783333334
43,2024-05-23 11:58:27.966667,2024-05-23 12:12:11.066667,13.718333333333334
43,2024-05-23 12:12:33.066667,2024-05-23 12:24:44.600000,12.192222216666666
43,2024-05-23 12:25:07.566667,2024-05-23 12:32:26.933333,7.3227777666666665
43,2024-05-23 12:33:06.800000,2024-05-23 12:41:30.900000,8.401666666666667
43,2024-05-23 12:41:48.333333,2024-05-23 12:52:09.133333,10.346666666666666
43,2024-05-23 12:52:15.166667,2024-05-23 13:10:57.100000,18.698888883333332
43,2024-05-23 13:11:40.200000,2024-05-23 13:29:36.033333,17.93055555
43,2024-05-23 13:30:23.000000,2024-05-23 13:44:01.733333,13.645555550000001
43,2024-05-23 13:45:05.500000,2024-05-23 13:46:23.800000,1.305
43,2024-05-23 13:47:38.300000,2024-05-23 14:37:21.300000,49.71666666666667
43,2024-05-23 14:37:24.866667,2024-05-23 14:54:16.400000,16.858888883333332
43,2024-05-23 15:02:29.033333,2024-05-23 15:06:16.266667,3.7872222333333334
43,2024-05-23 15:19:07.266667,2024-05-23 16:16:46.666667,57.656666666666666
43,2024-05-23 16:59:07.700000,2024-05-23 17:39:10.966667,40.05444445
43,2024-05-23 17:39:40.033333,2024-05-23 18:21:54.966667,42.2488889
43,2024-05-24 09:16:39.100000,2024-05-24 09:18:58.033333,2.31555555
43,2024-05-24 09:23:19.866667,2024-05-24 09:29:23.733333,6.064444433333334
43,2024-05-24 09:29:35.433333,2024-05-24 09:30:33.600000,0.9694444499999999
43,2024-05-24 09:33:35.133333,2024-05-24 09:39:47.066667,6.1988889
43,2024-05-24 09:43:51.166667,2024-05-24 09:47:07.266667,3.268333333333333
43,2024-05-24 09:47:22.933333,2024-05-24 09:49:46.366667,2.390555566666667
43,2024-05-24 09:51:39.533333,2024-05-24 10:03:28.366667,11.8138889
43,2024-05-24 10:03:54.866667,2024-05-24 10:05:51.600000,1.9455555500000001
43,2024-05-24 10:07:57.700000,2024-05-24 10:12:19.433333,4.362222216666667
43,2024-05-24 10:12:42.266667,2024-05-24 10:17:45.066667,5.046666666666667
43,2024-05-24 10:18:01.000000,2024-05-24 10:19:17.566667,1.2761111166666665
43,2024-05-24 11:01:34.700000,2024-05-24 11:31:53.200000,30.308333333333334
43,2024-05-24 11:31:57.000000,2024-05-24 11:48:08.900000,16.198333333333334
43,2024-05-24 11:48:55.700000,2024-05-24 11:59:10.066667,10.23944445
43,2024-05-24 13:18:49.333333,2024-05-24 14:24:16.933333,65.46
43,2024-05-24 14:24:35.933333,2024-05-24 14:26:57.600000,2.3611111166666663
43,2024-05-24 15:44:04.233333,2024-05-24 15:49:59.733333,5.925
44,2024-04-22 11:05:57.900000,2024-04-22 12:43:14.466667,97.27611111666667
44,2024-04-28 11:16:01.100000,2024-04-28 11:16:47.733333,0.7772222166666667
44,2024-04-30 10:48:56.533333,2024-04-30 11:25:58.766667,37.03722223333333
44,2024-04-30 11:26:06.833333,2024-04-30 12:38:19.766667,72.21555556666667
44,2024-05-01 15:56:47.166667,2024-05-01 17:38:17.833333,101.51111110000001
44,2024-05-13 14:57:02.133333,2024-05-13 16:24:01.933333,86.99666666666667
44,2024-05-19 12:13:44.466667,2024-05-19 12:29:23.600000,15.652222216666667
44,2024-05-19 12:31:55.000000,2024-05-19 13:10:30.266667,38.58777778333333
44,2024-05-19 15:31:32.966667,2024-05-19 15:55:15.500000,23.708888883333334
44,2024-05-19 16:25:41.000000,2024-05-19 16:32:18.800000,6.63
44,2024-05-19 16:33:43.166667,2024-05-19 16:42:58.600000,9.257222216666666
44,2024-05-19 16:44:28.533333,2024-05-19 17:03:21.966667,18.890555566666666
44,2024-05-19 17:05:28.166667,2024-05-19 17:07:37.133333,2.1494444333333336
44,2024-05-20 09:17:28.733333,2024-05-20 09:33:45.366667,16.277222233333333
44,2024-05-20 09:33:48.533333,2024-05-20 09:55:30.733333,21.703333333333333
44,2024-05-20 10:16:03.733333,2024-05-20 10:21:04.966667,5.020555566666667
44,2024-05-20 11:03:50.800000,2024-05-20 11:06:31.400000,2.6766666666666667
44,2024-05-20 11:06:59.033333,2024-05-20 11:10:20.366667,3.3555555666666668
44,2024-05-20 11:10:35.066667,2024-05-20 11:21:36.233333,11.019444433333332
44,2024-05-20 11:25:44.033333,2024-05-20 11:42:41.000000,16.94944445
44,2024-05-20 11:42:52.900000,2024-05-20 11:48:32.700000,5.663333333333333
44,2024-05-20 11:50:28.533333,2024-05-20 11:54:29.066667,4.0088889
44,2024-05-20 11:56:10.233333,2024-05-20 11:57:08.900000,0.9777777833333333
44,2024-05-20 12:34:11.000000,2024-05-20 12:42:34.500000,8.391666666666667
44,2024-05-20 12:43:37.133333,2024-05-20 12:47:33.666667,3.942222233333333
44,2024-05-20 12:56:31.900000,2024-05-20 12:59:09.733333,2.63055555
44,2024-05-20 12:59:38.066667,2024-05-20 13:08:27.633333,8.8261111
44,2024-05-20 13:10:00.800000,2024-05-20 13:25:21.033333,15.337222216666667
44,2024-05-20 13:27:18.733333,2024-05-20 13:32:52.133333,5.556666666666667
44,2024-05-20 13:34:34.700000,2024-05-20 13:37:49.100000,3.24
44,2024-05-20 13:40:12.466667,2024-05-20 13:51:36.000000,11.392222216666665
44,2024-05-20 13:57:02.733333,2024-05-20 14:13:52.466667,16.8288889
44,2024-05-20 14:15:24.833333,2024-05-20 14:16:26.933333,1.035
44,2024-05-20 14:17:34.466667,2024-05-20 14:21:11.066667,3.61
44,2024-05-20 14:22:22.766667,2024-05-20 14:38:15.000000,15.87055555
44,2024-05-20 14:42:04.666667,2024-05-20 14:43:17.533333,1.2144444333333333
44,2024-05-20 14:44:48.433333,2024-05-20 14:48:26.200000,3.6294444500000003
44,2024-05-20 14:50:32.066667,2024-05-20 15:02:58.633333,12.442777766666667
44,2024-05-20 15:17:28.233333,2024-05-20 15:38:44.433333,21.27
44,2024-05-20 15:40:09.300000,2024-05-20 15:45:40.033333,5.512222216666667
44,2024-05-20 15:52:50.900000,2024-05-20 15:55:03.533333,2.21055555
44,2024-05-20 15:55:42.500000,2024-05-20 16:02:01.266667,6.312777783333333
44,2024-05-20 16:02:58.866667,2024-05-20 16:17:44.266667,14.756666666666666
44,2024-05-20 16:19:12.966667,2024-05-20 16:29:15.366667,10.04
44,2024-05-20 16:30:23.100000,2024-05-20 16:32:39.800000,2.2783333333333333
44,2024-05-20 16:33:20.400000,2024-05-20 16:43:37.233333,10.28055555
44,2024-05-20 16:44:03.733333,2024-05-20 16:52:10.433333,8.111666666666666
44,2024-05-20 16:52:51.000000,2024-05-20 17:01:16.566667,8.426111116666666
44,2024-05-20 17:05:29.800000,2024-05-20 17:24:08.533333,18.645555549999997
44,2024-05-20 17:25:02.066667,2024-05-20 17:26:10.500000,1.14055555
44,2024-05-20 17:27:18.766667,2024-05-20 17:28:28.633333,1.1644444333333333
44,2024-05-20 17:30:09.566667,2024-05-20 17:38:35.966667,8.44
44,2024-05-20 17:40:23.600000,2024-05-20 18:50:24.333333,70.01222221666667
44,2024-05-20 18:58:47.966667,2024-05-20 18:59:54.800000,1.1138888833333334
44,2024-05-21 08:59:09.566667,2024-05-21 09:01:11.433333,2.0311111
44,2024-05-21 09:01:23.000000,2024-05-21 09:03:04.833333,1.6972222166666666
44,2024-05-21 09:20:02.933333,2024-05-21 09:22:49.300000,2.7727777833333334
44,2024-05-21 09:24:38.233333,2024-05-21 09:51:59.133333,27.348333333333336
44,2024-05-21 09:57:17.533333,2024-05-21 10:02:36.566667,5.317222233333334
44,2024-05-21 10:05:44.566667,2024-05-21 10:12:29.866667,6.755
44,2024-05-21 10:23:34.833333,2024-05-21 10:24:12.000000,0.6194444499999999
44,2024-05-21 10:24:17.000000,2024-05-21 10:32:37.600000,8.343333333333334
44,2024-05-21 10:34:42.766667,2024-05-21 10:45:16.466667,10.561666666666667
44,2024-05-21 10:45:54.633333,2024-05-21 10:49:48.966667,3.9055555666666666
44,2024-05-21 10:50:25.266667,2024-05-21 10:53:00.833333,2.5927777666666665
44,2024-05-21 10:53:40.400000,2024-05-21 10:58:23.866667,4.724444449999999
44,2024-05-21 10:59:00.433333,2024-05-21 11:05:48.366667,6.7988889
44,2024-05-21 11:07:19.400000,2024-05-21 11:09:19.866667,2.0077777833333332
44,2024-05-21 11:10:39.633333,2024-05-21 11:23:54.666667,13.250555566666666
44,2024-05-21 11:25:38.966667,2024-05-21 11:26:49.433333,1.1744444333333335
44,2024-05-21 11:28:15.366667,2024-05-21 11:29:24.566667,1.1533333333333333
44,2024-05-21 11:30:58.166667,2024-05-21 11:45:36.400000,14.637222216666666
44,2024-05-21 12:07:26.200000,2024-05-21 12:32:53.000000,25.446666666666665
44,2024-05-21 12:33:53.466667,2024-05-21 12:39:28.333333,5.5811111
44,2024-05-21 12:40:08.466667,2024-05-21 12:42:45.600000,2.6188888833333333
44,2024-05-21 12:43:50.600000,2024-05-21 12:50:05.066667,6.241111116666667
44,2024-05-21 12:58:43.533333,2024-05-21 13:00:29.933333,1.7733333333333334
44,2024-05-21 13:01:41.533333,2024-05-21 13:32:12.266667,30.512222233333333
44,2024-05-21 13:33:49.833333,2024-05-21 13:53:53.566667,20.062222233333333
44,2024-05-21 13:54:41.133333,2024-05-21 14:10:36.000000,15.91444445
44,2024-05-21 15:01:24.566667,2024-05-21 15:13:03.933333,11.6561111
44,2024-05-21 15:14:40.900000,2024-05-21 15:30:09.766667,15.481111116666666
44,2024-05-21 15:31:06.766667,2024-05-21 16:12:57.800000,41.850555549999996
44,2024-05-22 09:41:55.900000,2024-05-22 10:27:49.933333,45.90055555
44,2024-05-22 11:07:57.166667,2024-05-22 12:05:16.666667,57.325
44,2024-05-22 12:05:38.333333,2024-05-22 12:10:15.366667,4.617222233333334
44,2024-05-22 14:24:13.933333,2024-05-22 15:44:33.133333,80.32
44,2024-05-22 15:44:50.066667,2024-05-22 15:55:58.233333,11.136111099999999
44,2024-05-22 16:40:35.633333,2024-05-22 16:46:23.533333,5.798333333333333
44,2024-05-22 16:57:15.266667,2024-05-22 17:26:46.033333,29.512777766666666
44,2024-05-22 17:33:13.433333,2024-05-22 18:37:54.766667,64.6888889
44,2024-05-23 10:07:51.400000,2024-05-23 11:06:26.300000,58.58166666666667
44,2024-05-23 11:06:33.366667,2024-05-23 11:17:51.166667,11.296666666666665
44,2024-05-23 11:18:57.200000,2024-05-23 12:28:45.966667,69.81277778333333
44,2024-05-23 12:37:39.166667,2024-05-23 12:54:18.266667,16.651666666666667
44,2024-05-23 12:54:23.600000,2024-05-23 13:03:30.900000,9.121666666666666
44,2024-05-23 13:03:59.833333,2024-05-23 13:12:18.300000,8.307777783333332
44,2024-05-23 13:13:44.133333,2024-05-23 13:20:32.566667,6.807222233333333
44,2024-05-23 13:20:37.800000,2024-05-23 13:23:48.700000,3.1816666666666666
44,2024-05-23 13:23:54.166667,2024-05-23 13:26:42.533333,2.8061111000000003
44,2024-05-23 13:26:47.133333,2024-05-23 13:30:26.566667,3.6572222333333335
44,2024-05-23 13:30:29.633333,2024-05-23 13:55:04.800000,24.586111116666665
44,2024-05-23 13:55:12.000000,2024-05-23 14:10:55.000000,15.716666666666667
44,2024-05-23 14:11:04.266667,2024-05-23 14:14:26.666667,3.3733333333333335
44,2024-05-23 14:14:34.066667,2024-05-23 15:19:34.533333,65.00777776666666
44,2024-05-23 16:10:03.733333,2024-05-23 16:13:15.500000,3.1961111166666667
44,2024-05-23 16:13:51.000000,2024-05-23 16:14:58.133333,1.1188888833333333
44,2024-05-23 16:15:02.800000,2024-05-23 16:21:57.333333,6.908888883333334
44,2024-05-23 16:22:03.300000,2024-05-23 16:31:04.433333,9.018888883333334
44,2024-05-23 16:31:11.533333,2024-05-23 16:36:47.300000,5.596111116666666
44,2024-05-24 09:17:40.266667,2024-05-24 09:35:12.500000,17.537222216666667
44,2024-05-24 09:39:44.933333,2024-05-24 09:49:24.500000,9.65944445
44,2024-05-24 09:49:42.533333,2024-05-24 09:53:40.266667,3.9622222333333337
44,2024-05-24 09:53:46.933333,2024-05-24 10:03:12.100000,9.419444449999999
44,2024-05-24 10:03:24.933333,2024-05-24 10:09:37.066667,6.202222233333333
44,2024-05-24 10:11:41.566667,2024-05-24 10:14:54.933333,3.222777766666667
44,2024-05-24 10:17:08.366667,2024-05-24 11:00:32.633333,43.40444443333333
44,2024-05-24 12:42:43.266667,2024-05-24 12:49:31.966667,6.8116666666666665
44,2024-05-24 12:49:48.866667,2024-05-24 13:18:02.233333,28.222777766666663
44,2024-05-24 13:18:11.100000,2024-05-24 14:36:19.600000,78.14166666666667
44,2024-05-24 14:37:58.000000,2024-05-24 15:12:21.500000,34.391666666666666
44,2024-05-24 15:12:30.766667,2024-05-24 15:19:09.633333,6.647777766666667
45,2024-04-20 10:12:26.100000,2024-04-20 10:38:13.533333,25.79055555
45,2024-04-29 10:07:39.900000,2024-04-29 11:56:16.500000,108.61
45,2024-05-01 17:18:17.100000,2024-05-01 17:18:55.166667,0.63444445
45,2024-05-01 17:24:27.866667,2024-05-01 17:28:02.200000,3.572222216666667
45,2024-05-01 17:28:49.733333,2024-05-01 17:35:56.500000,7.112777783333333
45,2024-05-01 17:37:55.033333,2024-05-01 17:41:13.300000,3.30444445
45,2024-05-08 10:20:40.733333,2024-05-08 10:50:15.933333,29.586666666666666
45,2024-05-08 14:23:33.000000,2024-05-08 14:26:09.500000,2.6083333333333334
45,2024-05-18 17:06:17.700000,2024-05-18 17:17:28.366667,11.177777783333333
45,2024-05-19 13:12:39.100000,2024-05-19 13:32:32.300000,19.886666666666667
45,2024-05-19 14:40:00.266667,2024-05-19 15:23:07.800000,43.125555549999994
45,2024-05-19 15:34:17.233333,2024-05-19 15:47:14.800000,12.959444450000001
45,2024-05-19 15:47:33.100000,2024-05-19 15:57:45.033333,10.198888883333332
45,2024-05-19 16:09:07.800000,2024-05-19 16:16:50.500000,7.711666666666667
45,2024-05-19 16:16:57.566667,2024-05-19 16:24:55.366667,7.963333333333334
45,2024-05-19 16:25:13.200000,2024-05-19 16:28:32.933333,3.328888883333333
45,2024-05-19 16:28:49.733333,2024-05-19 16:44:23.466667,15.562222233333333
45,2024-05-19 16:46:48.733333,2024-05-19 16:58:05.766667,11.283888899999999
45,2024-05-19 17:18:38.000000,2024-05-19 17:32:22.866667,13.747777783333333
45,2024-05-19 17:35:37.400000,2024-05-19 17:42:53.466667,7.267777783333333
45,2024-05-20 09:32:04.533333,2024-05-20 09:37:40.400000,5.597777783333333
45,2024-05-20 09:37:47.466667,2024-05-20 09:39:39.800000,1.8722222166666667
45,2024-05-20 09:41:00.800000,2024-05-20 09:41:43.066667,0.70444445
45,2024-05-20 10:08:33.500000,2024-05-20 10:10:05.166667,1.5277777833333335
45,2024-05-20 10:26:57.233333,2024-05-20 10:30:11.666667,3.2405555666666666
45,2024-05-20 10:37:31.366667,2024-05-20 10:39:52.266667,2.3483333333333336
45,2024-05-20 10:41:01.900000,2024-05-20 11:33:03.066667,52.01944445
45,2024-05-20 11:43:51.966667,2024-05-20 11:55:09.400000,11.290555549999999
45,2024-05-20 11:57:23.600000,2024-05-20 12:07:37.500000,10.231666666666666
45,2024-05-20 12:19:04.533333,2024-05-20 12:20:29.266667,1.4122222333333334
45,2024-05-20 12:20:32.100000,2024-05-20 12:24:25.266667,3.8861111166666666
45,2024-05-20 12:24:37.933333,2024-05-20 12:26:29.866667,1.8655555666666668
45,2024-05-20 12:28:25.766667,2024-05-20 12:58:08.733333,29.7161111
45,2024-05-20 12:58:51.500000,2024-05-20 13:13:02.066667,14.176111116666668
45,2024-05-20 13:21:46.333333,2024-05-20 13:22:27.300000,0.6827777833333334
45,2024-05-20 13:23:13.400000,2024-05-20 13:32:20.500000,9.118333333333334
45,2024-05-20 13:35:33.533333,2024-05-20 13:41:10.200000,5.611111116666667
45,2024-05-20 13:42:30.500000,2024-05-20 13:57:26.933333,14.94055555
45,2024-05-20 13:58:56.133333,2024-05-20 14:05:28.800000,6.54444445
45,2024-05-20 14:11:08.866667,2024-05-20 14:12:49.333333,1.6744444333333335
45,2024-05-20 14:13:26.366667,2024-05-20 14:13:58.700000,0.5388888833333334
45,2024-05-20 14:14:47.000000,2024-05-20 14:22:44.700000,7.961666666666667
45,2024-05-20 14:23:01.800000,2024-05-20 14:32:40.400000,9.643333333333334
45,2024-05-20 14:54:52.066667,2024-05-20 15:01:27.166667,6.585
45,2024-05-20 15:03:01.333333,2024-05-20 15:43:36.633333,40.58833333333334
45,2024-05-20 15:44:11.700000,2024-05-20 16:27:56.566667,43.747777783333326
45,2024-05-20 17:07:53.400000,2024-05-20 17:09:51.766667,1.9727777833333335
45,2024-05-20 17:19:28.166667,2024-05-20 17:33:40.166667,14.2
45,2024-05-20 17:34:45.566667,2024-05-20 17:41:35.566667,6.833333333333333
45,2024-05-20 17:42:42.233333,2024-05-20 18:26:43.200000,44.01611111666667
45,2024-05-21 08:57:03.700000,2024-05-21 09:05:16.833333,8.218888883333333
45,2024-05-21 09:15:48.000000,2024-05-21 09:17:42.333333,1.9055555499999999
45,2024-05-21 09:18:31.166667,2024-05-21 09:20:40.333333,2.1527777666666665
45,2024-05-21 09:21:53.200000,2024-05-21 09:58:50.000000,36.94666666666667
45,2024-05-21 10:06:12.766667,2024-05-21 10:18:41.166667,12.473333333333333
45,2024-05-21 10:20:03.800000,2024-05-21 10:29:28.466667,9.411111116666666
45,2024-05-21 10:30:49.866667,2024-05-21 10:48:42.633333,17.879444433333333
45,2024-05-21 10:49:18.333333,2024-05-21 10:55:39.233333,6.348333333333333
45,2024-05-21 10:56:46.500000,2024-05-21 11:15:13.100000,18.44333333333333
45,2024-05-21 11:15:45.500000,2024-05-21 12:06:29.100000,50.72666666666667
45,2024-05-21 12:06:56.700000,2024-05-21 12:47:18.033333,40.35555555
45,2024-05-21 12:47:53.400000,2024-05-21 13:50:25.300000,62.531666666666666
45,2024-05-21 13:51:59.566667,2024-05-21 14:32:56.300000,40.94555555
45,2024-05-22 09:30:05.666667,2024-05-22 11:03:13.100000,93.12388888333334
45,2024-05-22 16:35:31.466667,2024-05-22 16:37:15.033333,1.7261111
45,2024-05-22 16:38:02.733333,2024-05-22 16:43:10.133333,5.123333333333333
45,2024-05-22 16:43:11.300000,2024-05-22 17:05:01.133333,21.83055555
45,2024-05-22 17:07:18.700000,2024-05-22 18:36:53.000000,89.57166666666667
45,2024-05-23 09:30:25.633333,2024-05-23 10:00:05.700000,29.667777783333335
45,2024-05-23 10:00:23.666667,2024-05-23 11:39:02.400000,98.64555555
45,2024-05-23 11:39:43.700000,2024-05-23 12:31:46.333333,52.04388888333334
45,2024-05-23 12:32:07.266667,2024-05-23 12:54:39.500000,22.537222216666667
45,2024-05-23 13:07:02.066667,2024-05-23 13:12:08.233333,5.102777766666667
45,2024-05-23 13:14:55.833333,2024-05-23 13:20:29.066667,5.5538889000000005
45,2024-05-23 13:21:05.533333,2024-05-23 13:35:21.133333,14.26
45,2024-05-23 13:35:24.966667,2024-05-23 13:42:16.833333,6.864444433333333
45,2024-05-23 13:43:42.233333,2024-05-23 13:46:28.800000,2.7761111166666668
45,2024-05-23 13:51:31.266667,2024-05-23 14:22:56.233333,31.416111100000002
45,2024-05-23 14:24:19.666667,2024-05-23 14:31:10.433333,6.8461111
45,2024-05-23 14:32:57.600000,2024-05-23 14:48:24.433333,15.447222216666667
45,2024-05-23 14:48:25.566667,2024-05-23 14:49:11.333333,0.7627777666666666
45,2024-05-23 14:50:36.566667,2024-05-23 15:24:40.400000,34.063888883333334
45,2024-05-23 15:26:00.433333,2024-05-23 15:38:52.733333,12.871666666666666
45,2024-05-23 15:40:59.300000,2024-05-23 16:06:03.200000,25.065
45,2024-05-23 16:07:48.800000,2024-05-23 16:10:31.200000,2.7066666666666666
45,2024-05-23 16:18:21.900000,2024-05-23 16:19:22.866667,1.0161111166666668
45,2024-05-23 16:20:52.533333,2024-05-23 16:36:58.233333,16.095000000000002
45,2024-05-23 16:41:46.400000,2024-05-23 16:49:10.733333,7.40555555
45,2024-05-23 16:49:42.966667,2024-05-23 16:50:45.833333,1.0477777666666668
45,2024-05-23 16:52:32.800000,2024-05-23 16:53:27.366667,0.9094444500000001
45,2024-05-23 16:57:54.200000,2024-05-23 16:59:57.333333,2.0522222166666664
45,2024-05-23 17:00:22.866667,2024-05-23 17:01:18.800000,0.9322222166666666
45,2024-05-23 17:10:57.300000,2024-05-23 17:16:12.000000,5.245
45,2024-05-23 17:23:02.866667,2024-05-23 17:34:11.633333,11.1461111
45,2024-05-23 17:34:47.166667,2024-05-23 17:57:48.000000,23.013888883333333
45,2024-05-23 17:57:48.233333,2024-05-23 18:23:50.000000,26.029444450000003
45,2024-05-23 18:25:48.700000,2024-05-23 18:29:08.000000,3.3216666666666668
45,2024-05-23 18:29:09.066667,2024-05-23 18:39:58.666667,10.826666666666666
45,2024-05-24 09:35:38.466667,2024-05-24 10:00:23.800000,24.75555555
45,2024-05-24 10:02:22.666667,2024-05-24 11:56:22.400000,113.99555555
45,2024-05-24 11:59:40.366667,2024-05-24 12:30:50.200000,31.163888883333335
45,2024-05-24 12:31:41.500000,2024-05-24 12:39:40.100000,7.9766666666666675
45,2024-05-24 12:40:29.033333,2024-05-24 13:14:46.933333,34.29833333333333
45,2024-05-24 13:17:13.133333,2024-05-24 14:20:57.600000,63.741111116666666
45,2024-05-24 14:21:18.233333,2024-05-24 14:29:01.833333,7.7266666666666675
45,2024-05-24 14:30:00.900000,2024-05-24 14:30:39.100000,0.6366666666666667
45,2024-05-24 14:30:53.500000,2024-05-24 14:31:47.733333,0.9038888833333334
45,2024-05-24 14:32:03.233333,2024-05-24 14:38:33.633333,6.506666666666666
45,2024-05-24 15:42:36.800000,2024-05-24 15:43:30.900000,0.9016666666666667
45,2024-05-24 16:13:46.466667,2024-05-24 16:15:29.433333,1.7161111
45,2024-05-24 16:16:31.833333,2024-05-24 16:18:07.400000,1.5927777833333332
45,2024-05-24 16:19:11.200000,2024-05-24 16:19:52.033333,0.68055555
45,2024-05-24 16:32:01.000000,2024-05-24 16:33:51.566667,1.8427777833333332
45,2024-05-24 16:34:06.800000,2024-05-24 16:34:47.266667,0.67444445
45,2024-05-24 16:37:15.433333,2024-05-24 16:38:32.900000,1.2911111166666667
45,2024-05-24 16:40:50.833333,2024-05-24 16:46:21.533333,5.511666666666667
45,2024-05-24 16:48:58.500000,2024-05-24 16:49:58.500000,1.0
45,2024-05-24 17:02:15.400000,2024-05-24 17:04:17.133333,2.0288888833333334
45,2024-05-24 17:05:05.133333,2024-05-24 17:06:12.366667,1.1205555666666667
45,2024-05-24 17:06:27.966667,2024-05-24 17:11:05.500000,4.6255555500000005
45,2024-05-24 17:11:30.566667,2024-05-24 17:13:09.833333,1.6544444333333332
45,2024-05-24 17:14:31.300000,2024-05-24 17:24:03.133333,9.53055555
45,2024-05-24 17:26:31.766667,2024-05-24 17:40:10.200000,13.640555549999998
45,2024-05-25 09:20:20.766667,2024-05-25 09:41:47.133333,21.439444433333332
45,2024-05-25 09:42:47.033333,2024-05-25 09:44:23.466667,1.6072222333333335
45,2024-05-25 09:45:40.800000,2024-05-25 09:54:16.133333,8.588888883333334
45,2024-05-25 09:55:18.800000,2024-05-25 09:57:13.533333,1.9122222166666667
45,2024-05-25 10:42:06.000000,2024-05-25 10:42:37.166667,0.5194444500000001
45,2024-05-25 10:44:22.800000,2024-05-25 10:45:14.666667,0.86444445
45,2024-05-25 11:11:58.133333,2024-05-25 11:14:39.933333,2.6966666666666668
45,2024-05-25 11:15:01.866667,2024-05-25 11:22:54.900000,7.883888883333333
45,2024-05-25 11:23:06.100000,2024-05-25 11:27:44.166667,4.63444445
45,2024-05-25 11:27:53.800000,2024-05-25 11:41:51.766667,13.966111116666667
45,2024-05-25 11:43:22.033333,2024-05-25 12:32:20.833333,48.980000000000004
45,2024-05-25 12:34:46.800000,2024-05-25 12:51:46.100000,16.988333333333333
45,2024-05-25 12:56:00.833333,2024-05-25 13:05:40.700000,9.66444445
45,2024-05-25 13:15:42.400000,2024-05-25 13:16:40.433333,0.9672222166666666
45,2024-05-25 15:32:05.033333,2024-05-25 16:01:56.100000,29.85111111666667
45,2024-05-26 11:20:01.200000,2024-05-26 12:00:18.033333,40.28055555
45,2024-05-26 12:00:23.500000,2024-05-26 12:03:44.733333,3.353888883333333
45,2024-05-26 12:04:27.566667,2024-05-26 12:05:47.900000,1.3388888833333332
45,2024-05-26 12:05:52.433333,2024-05-26 12:06:40.300000,0.7977777833333334
45,2024-05-26 12:06:50.466667,2024-05-26 12:08:59.700000,2.153888883333333
45,2024-05-26 12:09:07.966667,2024-05-26 12:12:53.700000,3.7622222166666663
45,2024-05-26 12:13:04.266667,2024-05-26 12:15:01.166667,1.9483333333333335
45,2024-05-26 12:29:20.200000,2024-05-26 12:31:20.900000,2.0116666666666667
45,2024-05-26 12:31:33.100000,2024-05-26 12:57:35.766667,26.04444445
45,2024-05-26 13:03:36.566667,2024-05-26 13:11:24.600000,7.80055555
45,2024-05-26 13:14:05.533333,2024-05-26 13:25:07.000000,11.02444445
45,2024-05-26 13:25:22.066667,2024-05-26 14:13:57.433333,48.589444433333334
45,2024-05-26 14:16:10.266667,2024-05-26 14:36:21.033333,20.179444433333334
45,2024-05-26 14:38:56.933333,2024-05-26 15:31:16.166667,52.32055556666667
45,2024-05-26 15:33:47.900000,2024-05-26 16:20:30.133333,46.703888883333335
45,2024-05-26 16:25:50.800000,2024-05-26 16:54:45.966667,28.91944445
45,2024-05-26 16:57:47.766667,2024-05-26 17:35:16.633333,37.4811111
45,2024-05-27 08:56:06.533333,2024-05-27 08:57:06.833333,1.005
45,2024-05-27 15:23:10.233333,2024-05-27 16:45:04.700000,81.90777778333333
45,2024-05-27 16:45:24.533333,2024-05-27 17:39:17.800000,53.887777783333334
45,2024-06-01 10:19:29.733333,2024-06-01 11:00:05.766667,40.60055556666667
45,2024-06-01 17:33:10.800000,2024-06-01 17:33:55.433333,0.7438888833333334
45,2024-06-02 09:34:30.733333,2024-06-02 09:41:29.566667,6.980555566666666
45,2024-06-02 09:41:58.600000,2024-06-02 09:51:59.633333,10.017222216666665
45,2024-06-02 09:53:47.400000,2024-06-02 11:43:03.600000,109.27
45,2024-06-02 11:45:27.800000,2024-06-02 11:54:56.733333,9.482222216666665
45,2024-06-02 11:57:21.233333,2024-06-02 12:01:27.500000,4.10444445
45,2024-06-02 12:11:21.000000,2024-06-02 12:37:37.633333,26.277222216666665
45,2024-06-02 13:56:34.633333,2024-06-02 14:04:27.333333,7.878333333333333
45,2024-06-02 14:05:36.433333,2024-06-02 15:12:02.466667,66.4338889
45,2024-06-02 15:19:14.666667,2024-06-02 15:42:07.533333,22.8811111
45,2024-06-02 15:42:46.466667,2024-06-02 16:34:40.533333,51.9011111
46,2024-04-28 10:03:43.966667,2024-04-28 10:19:20.400000,15.607222216666665
46,2024-04-30 11:06:51.566667,2024-04-30 12:01:24.800000,54.553888883333336
46,2024-04-30 12:01:50.966667,2024-04-30 12:25:15.466667,23.408333333333335
46,2024-05-01 14:19:19.000000,2024-05-01 15:48:33.766667,89.24611111666667
46,2024-05-01 15:48:42.233333,2024-05-01 16:45:42.700000,57.00777778333334
46,2024-05-01 17:11:35.333333,2024-05-01 17:21:43.333333,10.133333333333333
46,2024-05-01 17:31:25.033333,2024-05-01 17:53:25.900000,22.01444445
46,2024-05-01 17:53:51.500000,2024-05-01 17:55:16.733333,1.42055555
46,2024-05-19 10:19:32.100000,2024-05-19 11:01:44.200000,42.20166666666667
46,2024-05-19 11:02:34.733333,2024-05-19 11:34:51.400000,32.277777783333335
46,2024-05-19 11:35:01.333333,2024-05-19 12:16:41.533333,41.669999999999995
46,2024-05-19 12:17:45.900000,2024-05-19 12:34:04.966667,16.317777783333334
46,2024-05-19 12:34:18.766667,2024-05-19 13:32:13.800000,57.917222216666666
46,2024-05-19 16:15:59.633333,2024-05-19 16:58:14.033333,42.24
46,2024-05-19 16:58:22.066667,2024-05-19 17:05:50.666667,7.4766666666666675
46,2024-05-19 17:13:06.833333,2024-05-19 17:15:17.400000,2.1761111166666667
46,2024-05-19 17:15:18.833333,2024-05-19 17:43:14.200000,27.922777783333334
46,2024-05-19 17:45:15.233333,2024-05-19 18:55:21.300000,70.10111111666667
46,2024-05-20 09:24:23.066667,2024-05-20 09:30:01.166667,5.635000000000001
46,2024-05-20 09:34:46.800000,2024-05-20 09:38:50.866667,4.067777783333333
46,2024-05-20 09:41:24.366667,2024-05-20 10:10:39.133333,29.2461111
46,2024-05-20 10:12:24.533333,2024-05-20 10:14:43.466667,2.3155555666666667
46,2024-05-20 10:46:12.033333,2024-05-20 10:55:01.266667,8.820555566666666
46,2024-05-20 10:57:01.266667,2024-05-20 11:11:59.266667,14.966666666666667
46,2024-05-20 11:35:09.266667,2024-05-20 12:13:09.100000,37.997222216666664
46,2024-05-20 12:14:46.333333,2024-05-20 12:38:37.500000,23.852777783333334
46,2024-05-20 12:40:05.300000,2024-05-20 12:43:32.100000,3.4466666666666668
46,2024-05-20 12:50:38.433333,2024-05-20 12:57:22.000000,6.726111116666667
46,2024-05-20 12:57:31.700000,2024-05-20 13:07:41.300000,10.16
46,2024-05-20 13:13:57.233333,2024-05-20 13:27:34.700000,13.62444445
46,2024-05-20 13:28:17.533333,2024-05-20 13:29:55.533333,1.6333333333333333
46,2024-05-20 14:02:28.266667,2024-05-20 14:27:49.533333,25.354444433333335
46,2024-05-20 14:29:12.266667,2024-05-20 15:13:57.300000,44.750555549999994
46,2024-05-20 15:22:31.366667,2024-05-20 16:26:05.166667,63.56333333333334
46,2024-05-20 16:29:05.500000,2024-05-20 16:36:07.666667,7.0361111166666666
46,2024-05-20 16:55:02.666667,2024-05-20 16:58:54.500000,3.8638888833333334
46,2024-05-20 17:03:03.000000,2024-05-20 17:19:06.000000,16.05
46,2024-05-20 17:20:29.233333,2024-05-20 17:24:36.133333,4.115
46,2024-05-20 17:27:42.600000,2024-05-20 17:50:35.600000,22.883333333333333
46,2024-05-20 17:52:23.466667,2024-05-20 18:55:49.100000,63.42722221666667
46,2024-05-21 09:04:11.366667,2024-05-21 09:19:01.333333,14.832777766666668
46,2024-05-21 10:24:52.166667,2024-05-21 10:33:09.933333,8.2961111
46,2024-05-22 15:25:10.933333,2024-05-22 15:38:04.433333,12.891666666666667
46,2024-05-22 15:40:31.966667,2024-05-22 16:36:32.766667,56.013333333333335
46,2024-05-22 16:37:09.700000,2024-05-22 16:58:57.333333,21.793888883333334
46,2024-05-23 09:26:25.966667,2024-05-23 10:52:09.833333,85.73111109999999
46,2024-05-23 10:53:14.766667,2024-05-23 12:13:50.733333,80.59944443333333
46,2024-05-23 12:14:40.166667,2024-05-23 12:26:40.766667,12.01
46,2024-05-23 12:29:35.133333,2024-05-23 12:33:07.466667,3.5388889000000003
46,2024-05-23 12:33:31.433333,2024-05-23 12:34:48.700000,1.2877777833333333
46,2024-05-23 12:36:49.066667,2024-05-23 12:37:53.700000,1.0772222166666665
46,2024-05-23 12:40:30.200000,2024-05-23 12:42:27.100000,1.9483333333333335
46,2024-05-23 12:42:46.633333,2024-05-23 12:43:49.166667,1.0422222333333333
46,2024-05-23 12:51:12.933333,2024-05-23 12:52:17.900000,1.0827777833333334
46,2024-05-23 12:54:07.600000,2024-05-23 12:58:01.933333,3.9055555500000003
46,2024-05-23 13:02:10.433333,2024-05-23 13:09:03.466667,6.8838889000000005
46,2024-05-23 13:11:04.400000,2024-05-23 13:17:45.400000,6.683333333333334
46,2024-05-23 13:19:37.566667,2024-05-23 13:20:39.866667,1.0383333333333333
46,2024-05-23 13:22:40.666667,2024-05-23 13:23:56.533333,1.2644444333333333
46,2024-05-23 13:25:49.600000,2024-05-23 13:26:49.166667,0.9927777833333333
46,2024-05-23 13:28:28.433333,2024-05-23 13:30:32.833333,2.0733333333333333
46,2024-05-23 13:34:21.433333,2024-05-23 13:39:20.366667,4.982222233333333
46,2024-05-23 13:41:32.433333,2024-05-23 13:43:57.400000,2.416111116666667
46,2024-05-23 13:44:48.966667,2024-05-23 13:45:20.966667,0.5333333333333333
46,2024-05-23 13:45:37.366667,2024-05-23 13:55:14.100000,9.612222216666668
46,2024-05-23 13:56:14.966667,2024-05-23 14:04:32.600000,8.293888883333333
46,2024-05-23 14:06:11.833333,2024-05-23 14:10:17.666667,4.0972222333333335
46,2024-05-23 14:15:22.666667,2024-05-23 14:37:27.333333,22.077777766666667
46,2024-05-23 14:38:56.066667,2024-05-23 14:42:05.300000,3.153888883333333
46,2024-05-23 14:43:39.566667,2024-05-23 14:55:39.333333,11.9961111
46,2024-05-23 14:57:12.966667,2024-05-23 15:00:36.666667,3.395
46,2024-05-23 15:02:02.333333,2024-05-23 15:07:48.666667,5.772222233333333
46,2024-05-23 15:15:21.833333,2024-05-23 15:19:44.700000,4.381111116666667
46,2024-05-23 15:21:15.033333,2024-05-23 15:46:08.900000,24.897777783333332
46,2024-05-23 15:47:49.733333,2024-05-23 15:53:07.833333,5.301666666666667
46,2024-05-23 15:54:48.133333,2024-05-23 16:04:15.600000,9.457777783333334
46,2024-05-23 16:07:20.900000,2024-05-23 16:10:05.666667,2.746111116666667
46,2024-05-23 16:14:18.066667,2024-05-23 16:22:05.133333,7.784444433333333
46,2024-05-23 16:31:38.000000,2024-05-23 16:44:58.800000,13.346666666666666
46,2024-05-23 16:48:49.933333,2024-05-23 16:59:11.000000,10.351111116666667
46,2024-05-23 16:59:27.600000,2024-05-23 17:31:56.733333,32.48555555
46,2024-05-23 17:32:34.400000,2024-05-23 17:39:51.400000,7.283333333333333
46,2024-05-23 17:40:35.300000,2024-05-23 18:51:27.133333,70.86388888333333
46,2024-05-24 09:20:53.400000,2024-05-24 09:35:23.500000,14.501666666666667
46,2024-05-24 10:35:11.266667,2024-05-24 11:40:42.400000,65.51888888333333
46,2024-05-24 11:41:08.100000,2024-05-24 11:51:09.866667,10.02944445
46,2024-05-24 11:52:25.566667,2024-05-24 11:53:08.400000,0.7138888833333333
46,2024-05-24 11:55:10.533333,2024-05-24 13:46:56.233333,111.76166666666667
46,2024-05-24 13:48:55.000000,2024-05-24 15:48:37.400000,119.70666666666666
46,2024-05-24 15:48:55.366667,2024-05-24 16:11:38.266667,22.715
46,2024-05-24 16:12:45.166667,2024-05-24 16:14:15.400000,1.5038888833333333
46,2024-05-24 16:15:02.266667,2024-05-24 16:30:11.433333,15.152777766666667
46,2024-05-24 16:32:15.400000,2024-05-24 16:33:20.466667,1.08444445
46,2024-05-24 16:34:19.800000,2024-05-24 16:34:59.766667,0.6661111166666667
46,2024-05-24 16:35:30.900000,2024-05-24 16:36:05.066667,0.56944445
46,2024-05-24 16:37:48.633333,2024-05-24 16:38:34.666667,0.7672222333333334
46,2024-05-24 16:38:56.400000,2024-05-24 17:08:40.266667,29.731111116666668
46,2024-05-24 17:19:19.766667,2024-05-24 17:21:06.366667,1.7766666666666666
46,2024-05-24 17:21:19.200000,2024-05-24 17:21:59.933333,0.6788888833333334
46,2024-05-24 17:28:22.433333,2024-05-24 17:32:30.266667,4.130555566666667
46,2024-05-24 17:36:35.166667,2024-05-24 17:37:16.666667,0.6916666666666667
46,2024-05-24 17:39:46.000000,2024-05-24 17:40:33.400000,0.7899999999999999
46,2024-05-24 17:42:46.200000,2024-05-24 17:46:11.700000,3.425
46,2024-05-25 08:59:49.633333,2024-05-25 09:16:45.466667,16.930555566666666
46,2024-05-25 09:18:14.100000,2024-05-25 09:18:57.266667,0.7194444499999999
46,2024-05-25 09:24:30.666667,2024-05-25 09:29:06.366667,4.595
46,2024-05-25 09:39:40.066667,2024-05-25 09:47:32.966667,7.881666666666666
46,2024-05-25 09:47:55.466667,2024-05-25 09:52:45.466667,4.833333333333333
46,2024-05-25 09:54:11.000000,2024-05-25 09:55:29.333333,1.30555555
46,2024-05-25 09:59:03.266667,2024-05-25 10:43:29.833333,44.44277776666667
46,2024-05-25 10:43:43.366667,2024-05-25 10:44:25.300000,0.6988888833333333
46,2024-05-25 11:10:02.533333,2024-05-25 11:10:40.533333,0.6333333333333333
46,2024-05-25 11:11:07.166667,2024-05-25 11:12:14.900000,1.1288888833333333
46,2024-05-25 11:14:09.000000,2024-05-25 11:15:27.300000,1.305
46,2024-05-25 11:16:22.566667,2024-05-25 11:20:28.433333,4.097777766666667
46,2024-05-25 11:22:04.933333,2024-05-25 11:23:40.766667,1.5972222333333332
46,2024-05-25 11:25:39.400000,2024-05-25 11:28:05.300000,2.4316666666666666
46,2024-05-25 11:31:45.466667,2024-05-25 11:33:43.300000,1.9638888833333332
46,2024-05-25 11:33:49.700000,2024-05-25 11:35:07.000000,1.2883333333333333
46,2024-05-25 11:35:28.600000,2024-05-25 11:36:57.366667,1.47944445
46,2024-05-25 11:44:28.800000,2024-05-25 11:45:48.666667,1.3311111166666667
46,2024-05-25 11:47:03.700000,2024-05-25 11:48:18.133333,1.24055555
46,2024-05-25 11:49:28.966667,2024-05-25 12:54:29.800000,65.01388888333334
46,2024-05-25 12:55:28.300000,2024-05-25 12:59:23.666667,3.9227777833333333
46,2024-05-25 13:02:35.433333,2024-05-25 13:05:22.600000,2.7861111166666666
46,2024-05-25 13:05:46.400000,2024-05-25 13:06:23.733333,0.6222222166666668
46,2024-05-25 13:06:35.933333,2024-05-25 13:08:32.133333,1.9366666666666668
46,2024-05-25 13:08:47.300000,2024-05-25 13:10:05.866667,1.30944445
46,2024-05-25 13:10:14.066667,2024-05-25 13:11:18.266667,1.07
46,2024-05-25 13:13:02.166667,2024-05-25 13:15:59.700000,2.958888883333333
46,2024-05-25 13:40:02.400000,2024-05-25 13:41:49.133333,1.7788888833333334
46,2024-05-25 13:42:45.700000,2024-05-25 15:20:23.266667,97.62611111666666
46,2024-05-25 15:20:53.266667,2024-05-25 15:22:26.300000,1.55055555
46,2024-05-25 15:30:49.833333,2024-05-25 15:38:28.266667,7.6405555666666665
46,2024-05-26 11:46:07.833333,2024-05-26 11:47:16.366667,1.1422222333333332
46,2024-05-26 11:48:06.066667,2024-05-26 11:48:57.033333,0.8494444333333334
46,2024-05-26 11:49:28.100000,2024-05-26 12:06:21.733333,16.893888883333332
46,2024-05-26 12:06:42.400000,2024-05-26 12:08:51.400000,2.15
46,2024-05-26 12:09:20.200000,2024-05-26 12:11:48.200000,2.466666666666667
46,2024-05-26 12:12:04.400000,2024-05-26 12:13:17.100000,1.2116666666666667
46,2024-05-26 12:13:34.633333,2024-05-26 12:15:06.166667,1.5255555666666667
46,2024-05-26 12:16:23.366667,2024-05-26 12:23:25.000000,7.027222216666667
46,2024-05-26 12:23:33.233333,2024-05-26 12:24:14.666667,0.6905555666666667
46,2024-05-26 12:24:23.166667,2024-05-26 12:27:02.200000,2.65055555
46,2024-05-26 12:27:56.033333,2024-05-26 12:28:54.266667,0.9705555666666666
46,2024-05-26 12:29:04.000000,2024-05-26 12:29:39.066667,0.58444445
46,2024-05-26 12:43:33.266667,2024-05-26 12:49:32.733333,5.9911110999999995
46,2024-05-26 12:49:44.800000,2024-05-26 13:06:19.533333,16.578888883333335
46,2024-05-26 13:06:34.266667,2024-05-26 13:19:33.966667,12.995000000000001
46,2024-05-26 13:19:40.233333,2024-05-26 13:24:56.566667,5.272222233333333
46,2024-05-26 13:25:04.533333,2024-05-26 13:29:45.100000,4.676111116666666
46,2024-05-26 13:29:52.800000,2024-05-26 14:55:56.933333,86.06888888333333
46,2024-05-26 14:56:08.266667,2024-05-26 14:56:53.100000,0.7472222166666668
46,2024-05-26 14:57:09.500000,2024-05-26 14:58:10.133333,1.01055555
46,2024-05-26 14:58:35.033333,2024-05-26 14:59:35.700000,1.0111111166666666
46,2024-05-26 14:59:55.766667,2024-05-26 15:01:00.200000,1.0738888833333333
46,2024-05-26 15:01:17.566667,2024-05-26 15:03:03.466667,1.7650000000000001
46,2024-05-26 15:05:18.900000,2024-05-26 16:04:41.533333,59.377222216666674
46,2024-05-26 16:07:16.200000,2024-05-26 17:17:39.533333,70.38888888333332
46,2024-05-26 17:30:48.366667,2024-05-26 17:32:11.966667,1.3933333333333333
46,2024-05-27 13:25:54.166667,2024-05-27 15:05:39.366667,99.75333333333333
46,2024-05-27 15:05:54.466667,2024-05-27 15:50:21.366667,44.44833333333334
46,2024-05-27 15:50:44.266667,2024-05-27 16:17:33.666667,26.823333333333334
46,2024-05-27 16:22:22.100000,2024-05-27 16:35:20.300000,12.97
46,2024-05-27 16:37:36.966667,2024-05-27 16:39:14.166667,1.62
46,2024-05-27 16:41:15.700000,2024-05-27 16:42:48.533333,1.5472222166666667
46,2024-05-27 16:44:41.900000,2024-05-27 16:52:19.566667,7.627777783333333
46,2024-05-27 17:11:59.966667,2024-05-27 17:41:56.933333,29.949444433333333
46,2024-05-27 17:48:55.466667,2024-05-27 17:51:24.933333,2.4911111
46,2024-05-28 09:34:45.800000,2024-05-28 10:21:57.233333,47.19055555
46,2024-05-28 11:29:33.266667,2024-05-28 12:52:13.333333,82.66777776666666
46,2024-05-28 12:54:38.133333,2024-05-28 13:17:11.066667,22.5488889
46,2024-05-31 13:20:15.933333,2024-05-31 13:22:59.366667,2.7238889
46,2024-06-01 10:42:51.766667,2024-06-01 10:55:50.466667,12.978333333333333
46,2024-06-01 10:56:53.666667,2024-06-01 11:24:10.966667,27.288333333333334
46,2024-06-01 11:24:59.266667,2024-06-01 11:49:38.566667,24.654999999999998
46,2024-06-01 16:51:08.600000,2024-06-01 17:44:58.900000,53.83833333333334
46,2024-06-01 17:45:12.200000,2024-06-01 17:49:40.400000,4.47
46,2024-06-02 08:58:54.766667,2024-06-02 09:44:07.800000,45.21722221666666
46,2024-06-02 09:44:39.200000,2024-06-02 10:44:59.200000,60.333333333333336
46,2024-06-02 10:45:09.566667,2024-06-02 10:48:27.800000,3.3038888833333333
46,2024-06-02 10:48:45.233333,2024-06-02 11:54:34.600000,65.82277778333334
46,2024-06-02 11:54:54.433333,2024-06-02 12:01:00.000000,6.092777783333333
46,2024-06-02 12:01:18.233333,2024-06-02 12:11:45.233333,10.45
46,2024-06-02 12:12:02.600000,2024-06-02 12:37:26.366667,25.396111116666667
46,2024-06-02 12:37:35.433333,2024-06-02 13:14:58.566667,37.38555556666667
46,2024-06-02 13:22:58.433333,2024-06-02 13:58:11.733333,35.22166666666667
46,2024-06-02 14:02:24.800000,2024-06-02 14:07:18.900000,4.901666666666667
46,2024-06-02 14:08:53.833333,2024-06-02 14:29:56.466667,21.043888900000002
46,2024-06-02 14:30:50.533333,2024-06-02 14:38:04.566667,7.2338889
46,2024-06-02 14:39:13.933333,2024-06-02 15:03:34.566667,24.343888900000003
46,2024-06-02 15:05:37.233333,2024-06-02 15:06:59.400000,1.36944445
46,2024-06-02 15:10:33.433333,2024-06-02 16:24:34.766667,74.02222223333334
46,2024-06-02 16:24:54.066667,2024-06-02 17:07:37.200000,42.718888883333335
47,2024-04-23 11:12:33.633333,2024-04-23 11:28:29.533333,15.931666666666667
47,2024-04-28 09:53:16.933333,2024-04-28 10:10:20.333333,17.056666666666665
47,2024-04-28 10:26:30.500000,2024-04-28 10:42:40.933333,16.173888883333333
47,2024-04-28 10:51:04.766667,2024-04-28 12:18:57.733333,87.88277776666668
47,2024-04-29 11:19:10.800000,2024-04-29 12:31:22.600000,72.19666666666667
47,2024-04-29 12:31:23.266667,2024-04-29 13:54:28.133333,83.0811111
47,2024-04-29 13:54:46.900000,2024-04-29 14:25:45.233333,30.97222221666667
47,2024-04-30 12:02:58.700000,2024-04-30 12:50:23.033333,47.40555555
47,2024-05-01 16:45:39.800000,2024-05-01 17:04:08.266667,18.47444445
47,2024-05-01 17:04:36.000000,2024-05-01 17:22:30.366667,17.90611111666667
47,2024-05-06 18:11:30.366667,2024-05-06 18:42:40.000000,31.16055555
47,2024-05-07 12:34:38.666667,2024-05-07 14:31:25.866667,116.78666666666666
47,2024-05-07 14:31:29.366667,2024-05-07 15:30:18.433333,58.81777776666667
47,2024-05-19 13:55:00.066667,2024-05-19 15:44:56.700000,109.94388888333333
47,2024-05-19 16:54:09.166667,2024-05-19 17:03:30.666667,9.358333333333333
47,2024-05-20 09:01:21.400000,2024-05-20 09:03:52.933333,2.52555555
47,2024-05-20 09:04:10.566667,2024-05-20 09:04:42.433333,0.5311111
47,2024-05-20 09:06:28.900000,2024-05-20 09:14:48.400000,8.325
47,2024-05-20 09:31:00.666667,2024-05-20 09:35:23.500000,4.3805555499999995
47,2024-05-20 09:37:11.800000,2024-05-20 09:58:25.933333,21.23555555
47,2024-05-20 10:01:06.033333,2024-05-20 10:43:09.300000,42.05444445
47,2024-05-20 11:08:48.133333,2024-05-20 11:25:26.266667,16.635555566666667
47,2024-05-20 11:39:50.566667,2024-05-20 11:41:58.533333,2.1327777666666665
47,2024-05-20 11:43:50.266667,2024-05-20 11:45:46.600000,1.9388888833333333
47,2024-05-20 12:00:10.966667,2024-05-20 12:16:56.466667,16.758333333333333
47,2024-05-20 12:34:00.200000,2024-05-20 12:49:38.733333,15.642222216666665
47,2024-05-20 12:50:01.500000,2024-05-20 12:50:51.733333,0.8372222166666667
47,2024-05-20 12:51:41.366667,2024-05-20 13:50:07.066667,58.42833333333333
47,2024-05-20 13:50:43.333333,2024-05-20 13:52:02.333333,1.3166666666666667
47,2024-05-20 13:52:32.700000,2024-05-20 14:11:52.000000,19.321666666666665
47,2024-05-20 14:12:16.633333,2024-05-20 14:23:16.133333,10.991666666666667
47,2024-05-20 14:23:57.866667,2024-05-20 14:33:48.566667,9.845
47,2024-05-20 14:35:14.200000,2024-05-20 14:40:15.766667,5.026111116666667
47,2024-05-20 14:41:53.833333,2024-05-20 14:43:58.233333,2.0733333333333333
47,2024-05-20 14:45:54.200000,2024-05-20 15:14:45.366667,28.852777783333334
47,2024-05-20 15:16:40.800000,2024-05-20 15:22:39.600000,5.98
47,2024-05-20 15:23:11.200000,2024-05-20 15:30:08.866667,6.961111116666667
47,2024-05-20 15:30:52.066667,2024-05-20 15:38:23.433333,7.522777766666667
47,2024-05-20 15:38:36.066667,2024-05-20 16:30:31.033333,51.916111099999995
47,2024-05-20 16:56:37.133333,2024-05-20 17:30:01.166667,33.40055556666667
47,2024-05-20 17:30:29.033333,2024-05-20 17:36:16.800000,5.796111116666666
47,2024-05-20 17:37:30.700000,2024-05-20 18:53:46.633333,76.26555555
47,2024-05-21 09:04:55.233333,2024-05-21 09:07:28.266667,2.5505555666666666
47,2024-05-21 09:07:43.800000,2024-05-21 09:24:07.466667,16.394444449999998
47,2024-05-21 09:24:16.500000,2024-05-21 09:26:29.633333,2.2188888833333333
47,2024-05-21 09:34:14.666667,2024-05-21 09:39:53.100000,5.64055555
47,2024-05-21 09:40:10.733333,2024-05-21 09:42:53.266667,2.7088889
47,2024-05-21 09:43:00.433333,2024-05-21 09:43:35.000000,0.5761111166666667
47,2024-05-21 09:44:15.233333,2024-05-21 10:11:15.600000,27.006111116666666
47,2024-05-21 10:17:14.233333,2024-05-21 10:37:24.100000,20.16444445
47,2024-05-21 10:39:46.100000,2024-05-21 10:53:51.966667,14.097777783333333
47,2024-05-21 10:58:20.433333,2024-05-21 10:58:52.233333,0.53
47,2024-05-21 11:06:11.433333,2024-05-21 11:07:17.133333,1.095
47,2024-05-21 11:24:30.066667,2024-05-21 11:25:18.033333,0.7994444333333334
47,2024-05-21 11:25:18.533333,2024-05-21 11:26:00.066667,0.6922222333333333
47,2024-05-21 11:26:12.500000,2024-05-21 11:43:57.233333,17.74555555
47,2024-05-22 17:28:30.500000,2024-05-22 17:53:17.500000,24.783333333333335
47,2024-05-22 17:53:18.533333,2024-05-22 18:26:44.300000,33.42944445
47,2024-05-23 11:34:31.066667,2024-05-23 12:22:27.800000,47.94555555
47,2024-05-23 12:23:03.266667,2024-05-23 13:23:35.966667,60.544999999999995
47,2024-05-23 13:23:44.366667,2024-05-23 13:27:25.633333,3.6877777666666662
47,2024-05-23 13:28:17.400000,2024-05-23 13:35:27.100000,7.161666666666666
47,2024-05-23 13:36:05.866667,2024-05-23 14:13:40.300000,37.57388888333333
47,2024-05-23 14:14:01.233333,2024-05-23 14:22:44.533333,8.721666666666666
47,2024-05-23 14:22:53.733333,2024-05-23 14:37:10.700000,14.282777783333334
47,2024-05-23 14:37:18.433333,2024-05-23 14:47:33.633333,10.253333333333334
47,2024-05-23 14:48:15.800000,2024-05-23 16:02:59.700000,74.73166666666665
47,2024-05-23 16:03:17.366667,2024-05-23 16:14:28.233333,11.1811111
47,2024-05-23 16:14:34.233333,2024-05-23 16:27:18.866667,12.7438889
47,2024-05-23 16:27:23.100000,2024-05-23 16:33:12.400000,5.821666666666667
47,2024-05-23 16:33:17.333333,2024-05-23 16:36:39.666667,3.3722222333333334
47,2024-05-23 16:36:44.800000,2024-05-23 16:58:53.400000,22.14333333333333
47,2024-05-23 16:58:58.333333,2024-05-23 18:21:59.100000,83.01277778333333
47,2024-05-24 12:32:45.433333,2024-05-24 12:37:20.833333,4.59
47,2024-05-24 15:10:51.700000,2024-05-24 15:14:52.833333,4.018888883333333
47,2024-05-24 15:15:51.933333,2024-05-24 16:14:10.000000,58.30111111666667
47,2024-05-24 16:17:03.900000,2024-05-24 16:18:27.733333,1.3972222166666666
47,2024-05-24 16:19:29.500000,2024-05-24 16:32:33.933333,13.073888883333332
47,2024-05-24 16:33:06.933333,2024-05-24 16:43:51.900000,10.74944445
47,2024-05-24 16:44:38.600000,2024-05-24 17:00:36.733333,15.968888883333333
47,2024-05-24 17:00:38.666667,2024-05-24 17:01:38.233333,0.9927777666666666
47,2024-05-24 17:01:41.800000,2024-05-24 17:07:40.766667,5.982777783333333
47,2024-05-24 17:08:30.700000,2024-05-24 17:09:31.033333,1.00555555
47,2024-05-24 17:09:31.900000,2024-05-24 17:12:01.366667,2.4911111166666666
47,2024-05-24 17:12:14.066667,2024-05-24 17:12:45.266667,0.52
47,2024-05-24 17:12:53.600000,2024-05-24 17:19:59.100000,7.091666666666667
47,2024-05-24 17:32:17.833333,2024-05-24 17:37:02.266667,4.740555566666667
47,2024-05-24 17:37:09.066667,2024-05-24 17:38:53.933333,1.7477777666666665
47,2024-05-25 08:58:33.900000,2024-05-25 09:22:41.266667,24.122777783333333
47,2024-05-25 09:22:46.300000,2024-05-25 09:40:27.266667,17.682777783333332
47,2024-05-25 09:40:31.066667,2024-05-25 10:41:33.100000,61.03388888333333
47,2024-05-25 10:46:23.066667,2024-05-25 11:22:30.433333,36.122777766666665
47,2024-05-25 11:22:46.600000,2024-05-25 11:27:21.466667,4.5811111166666665
47,2024-05-25 11:27:38.400000,2024-05-25 11:28:50.600000,1.2033333333333334
47,2024-05-25 11:28:59.166667,2024-05-25 11:33:35.466667,4.605
47,2024-05-25 11:33:41.300000,2024-05-25 11:36:38.200000,2.9483333333333333
47,2024-05-25 11:36:55.633333,2024-05-25 11:37:35.833333,0.67
47,2024-05-25 11:38:02.700000,2024-05-25 12:32:14.033333,54.188888883333334
47,2024-05-25 12:32:17.800000,2024-05-25 13:13:29.433333,41.19388888333334
47,2024-05-25 13:13:32.633333,2024-05-25 13:40:11.200000,26.642777783333333
47,2024-05-25 13:40:17.666667,2024-05-25 14:31:40.433333,51.37944443333333
47,2024-05-25 15:20:20.866667,2024-05-25 15:38:23.033333,18.036111100000003
47,2024-05-26 12:00:44.400000,2024-05-26 12:01:59.100000,1.245
47,2024-05-26 12:02:14.333333,2024-05-26 12:03:04.333333,0.8333333333333334
47,2024-05-26 12:03:30.100000,2024-05-26 12:04:30.600000,1.0083333333333333
47,2024-05-26 12:04:50.133333,2024-05-26 12:10:02.466667,5.205555566666666
47,2024-05-26 12:10:22.533333,2024-05-26 12:10:54.766667,0.5372222333333333
47,2024-05-26 12:11:16.800000,2024-05-26 12:12:24.866667,1.13444445
47,2024-05-26 12:12:39.366667,2024-05-26 12:14:10.266667,1.5150000000000001
47,2024-05-26 12:14:23.866667,2024-05-26 12:22:06.633333,7.712777766666666
47,2024-05-26 12:22:34.366667,2024-05-26 12:28:51.400000,6.283888883333334
47,2024-05-26 12:29:08.866667,2024-05-26 12:35:00.300000,5.857222216666667
47,2024-05-26 12:35:18.233333,2024-05-26 13:15:24.200000,40.09944445
47,2024-05-26 13:15:46.300000,2024-05-26 13:26:08.933333,10.377222216666667
47,2024-05-26 13:26:31.000000,2024-05-26 13:29:57.200000,3.4366666666666665
47,2024-05-26 13:30:16.933333,2024-05-26 13:34:16.300000,3.98944445
47,2024-05-26 15:32:39.400000,2024-05-26 15:45:50.933333,13.192222216666666
47,2024-05-26 15:46:08.533333,2024-05-26 16:51:35.300000,65.44611111666667
47,2024-05-26 16:51:53.433333,2024-05-26 18:09:02.800000,77.15611111666666
47,2024-05-27 15:20:19.100000,2024-05-27 15:33:08.100000,12.816666666666666
47,2024-05-27 15:33:27.933333,2024-05-27 16:46:06.000000,72.63444445
47,2024-05-27 17:01:56.566667,2024-05-27 17:50:31.600000,48.58388888333333
47,2024-05-27 17:51:19.766667,2024-05-27 17:56:34.700000,5.248888883333334
47,2024-05-27 17:56:36.233333,2024-05-27 17:58:44.100000,2.1311111166666667
47,2024-05-28 09:32:05.000000,2024-05-28 10:21:48.866667,49.73111111666666
47,2024-05-28 12:52:11.000000,2024-05-28 13:17:00.800000,24.83
47,2024-05-31 13:22:57.333333,2024-05-31 14:18:40.600000,55.72111111666666
47,2024-06-01 10:15:23.633333,2024-06-01 10:32:48.133333,17.408333333333335
47,2024-06-01 16:51:53.666667,2024-06-01 17:45:28.166667,53.575
47,2024-06-02 09:41:04.500000,2024-06-02 09:51:38.366667,10.56444445
47,2024-06-02 09:51:55.933333,2024-06-02 10:20:26.033333,28.501666666666665
47,2024-06-02 10:20:36.300000,2024-06-02 10:45:20.233333,24.732222216666667
47,2024-06-02 10:45:36.333333,2024-06-02 10:58:18.533333,12.703333333333335
47,2024-06-02 10:58:23.066667,2024-06-02 11:24:31.733333,26.144444433333334
47,2024-06-02 11:49:06.700000,2024-06-02 11:54:27.633333,5.348888883333333
47,2024-06-02 14:33:47.366667,2024-06-02 14:35:12.400000,1.4172222166666666
47,2024-06-02 14:36:36.333333,2024-06-02 16:07:12.100000,90.59611111666666
47,2024-06-02 16:24:29.100000,2024-06-02 16:32:08.966667,7.66444445
47,2024-06-02 16:34:30.033333,2024-06-02 17:06:58.733333,32.47833333333333
47,2024-06-02 17:07:27.266667,2024-06-02 17:08:35.866667,1.1433333333333333
47,2024-06-03 13:02:39.800000,2024-06-03 13:09:59.733333,7.332222216666667
48,2024-04-22 10:21:29.933333,2024-04-22 10:22:08.033333,0.635
48,2024-04-22 10:22:10.200000,2024-04-22 11:14:25.666667,52.25777778333334
48,2024-04-23 16:15:18.933333,2024-04-23 17:30:13.833333,74.91499999999999
48,2024-04-24 10:44:20.400000,2024-04-24 12:42:36.033333,118.26055554999999
48,2024-04-24 13:03:12.166667,2024-04-24 14:01:41.733333,58.49277776666667
48,2024-05-01 14:55:54.066667,2024-05-01 16:02:10.633333,66.27611110000001
48,2024-05-01 16:02:50.233333,2024-05-01 16:52:54.900000,50.07777778333333
48,2024-05-07 10:58:41.133333,2024-05-07 12:39:01.000000,100.33111111666668
48,2024-05-08 11:53:26.266667,2024-05-08 13:00:43.033333,67.27944443333334
48,2024-05-13 17:07:42.100000,2024-05-13 17:37:07.133333,29.41722221666667
48,2024-05-19 10:21:05.066667,2024-05-19 11:09:16.833333,48.1961111
48,2024-05-19 11:09:37.300000,2024-05-19 12:24:04.900000,74.46000000000001
48,2024-05-19 12:24:45.466667,2024-05-19 14:09:48.466667,105.05
48,2024-05-19 14:10:02.666667,2024-05-19 14:46:17.866667,36.25333333333333
48,2024-05-19 14:46:44.900000,2024-05-19 16:12:56.666667,86.19611111666667
48,2024-05-19 16:14:33.533333,2024-05-19 16:59:14.766667,44.68722223333334
48,2024-05-19 16:59:24.633333,2024-05-19 17:00:18.066667,0.8905555666666667
48,2024-05-19 17:02:09.266667,2024-05-19 17:07:43.000000,5.562222216666667
48,2024-05-20 09:20:33.833333,2024-05-20 09:38:17.733333,17.73166666666667
48,2024-05-20 09:38:25.133333,2024-05-20 09:55:30.466667,17.088888899999997
48,2024-05-20 09:57:03.333333,2024-05-20 10:31:12.366667,34.15055556666667
48,2024-05-20 10:54:49.233333,2024-05-20 11:29:43.266667,34.90055556666667
48,2024-05-20 11:31:33.533333,2024-05-20 11:50:26.233333,18.878333333333334
48,2024-05-20 11:52:03.766667,2024-05-20 12:07:38.833333,15.584444433333335
48,2024-05-20 12:42:52.533333,2024-05-20 12:44:19.133333,1.4433333333333331
48,2024-05-20 12:49:52.966667,2024-05-20 12:54:14.133333,4.352777766666667
48,2024-05-20 12:56:18.766667,2024-05-20 12:58:00.166667,1.6900000000000002
48,2024-05-20 13:00:23.066667,2024-05-20 13:08:14.866667,7.863333333333333
48,2024-05-20 13:09:45.233333,2024-05-20 13:11:15.866667,1.5105555666666668
48,2024-05-20 13:11:57.400000,2024-05-20 14:04:25.566667,52.46944445
48,2024-05-20 14:04:51.666667,2024-05-20 14:10:03.400000,5.19555555
48,2024-05-20 14:12:11.033333,2024-05-20 14:13:27.133333,1.2683333333333333
48,2024-05-20 14:16:34.800000,2024-05-20 14:17:44.433333,1.16055555
48,2024-05-20 14:21:00.400000,2024-05-20 14:22:31.700000,1.5216666666666667
48,2024-05-20 14:23:45.700000,2024-05-20 14:25:40.666667,1.9161111166666667
48,2024-05-20 14:27:01.800000,2024-05-20 14:28:47.133333,1.75555555
48,2024-05-20 14:30:11.300000,2024-05-20 14:58:48.933333,28.627222216666667
48,2024-05-20 15:19:52.666667,2024-05-20 15:24:15.733333,4.384444433333333
48,2024-05-20 15:26:42.166667,2024-05-20 15:52:57.400000,26.25388888333333
48,2024-05-20 15:54:48.966667,2024-05-20 15:55:57.966667,1.15
48,2024-05-20 15:57:45.466667,2024-05-20 15:59:17.933333,1.5411111
48,2024-05-20 16:02:46.400000,2024-05-20 16:27:27.100000,24.678333333333335
48,2024-05-20 16:27:39.433333,2024-05-20 16:41:36.366667,13.948888899999998
48,2024-05-20 16:42:06.266667,2024-05-20 17:03:55.466667,21.82
48,2024-05-20 17:04:26.066667,2024-05-20 17:22:46.766667,18.345000000000002
48,2024-05-20 17:23:17.500000,2024-05-20 17:45:00.966667,21.72444445
48,2024-05-20 17:45:37.900000,2024-05-20 17:46:54.266667,1.2727777833333334
48,2024-05-20 18:50:34.300000,2024-05-20 18:51:40.300000,1.1
48,2024-05-21 09:21:41.666667,2024-05-21 09:22:52.700000,1.1838888833333334
48,2024-05-21 09:23:23.966667,2024-05-21 09:30:44.333333,7.339444433333333
48,2024-05-21 09:31:44.300000,2024-05-21 09:34:04.266667,2.3327777833333334
48,2024-05-21 09:34:28.066667,2024-05-21 09:35:05.033333,0.6161111
48,2024-05-21 09:36:23.466667,2024-05-21 09:56:00.966667,19.625
48,2024-05-21 09:57:13.700000,2024-05-21 10:03:49.233333,6.592222216666667
48,2024-05-21 10:04:08.833333,2024-05-21 10:17:49.433333,13.676666666666668
48,2024-05-21 10:18:01.500000,2024-05-21 10:23:40.100000,5.6433333333333335
48,2024-05-21 10:23:58.966667,2024-05-21 10:30:09.400000,6.173888883333333
48,2024-05-21 10:30:15.766667,2024-05-21 10:42:34.400000,12.31055555
48,2024-05-21 10:44:33.766667,2024-05-21 11:33:56.200000,49.37388888333333
48,2024-05-22 15:21:26.700000,2024-05-22 15:43:30.033333,22.05555555
48,2024-05-22 15:43:51.066667,2024-05-22 15:57:11.200000,13.33555555
48,2024-05-23 09:31:08.233333,2024-05-23 09:55:31.166667,24.382222233333334
48,2024-05-23 09:55:46.333333,2024-05-23 11:30:33.333333,94.78333333333333
48,2024-05-23 11:30:54.500000,2024-05-23 11:43:55.200000,13.011666666666667
48,2024-05-23 11:45:25.666667,2024-05-23 12:41:50.833333,56.41944443333333
48,2024-05-23 12:42:12.800000,2024-05-23 13:29:45.033333,47.53722221666667
48,2024-05-23 13:30:11.466667,2024-05-23 13:35:47.166667,5.595
48,2024-05-23 13:35:53.100000,2024-05-23 13:42:13.566667,6.341111116666666
48,2024-05-23 13:43:34.233333,2024-05-23 15:38:38.700000,115.07444445
48,2024-05-23 15:38:48.333333,2024-05-23 16:13:08.400000,34.33444445
48,2024-05-23 16:13:13.233333,2024-05-23 16:59:41.933333,46.47833333333333
48,2024-05-23 18:20:30.033333,2024-05-23 18:51:15.100000,30.751111116666667
48,2024-05-24 11:54:23.300000,2024-05-24 12:39:59.733333,45.60722221666666
48,2024-05-24 15:11:49.000000,2024-05-24 15:44:00.566667,32.192777783333334
48,2024-05-24 15:44:37.400000,2024-05-24 16:12:11.333333,27.56555555
48,2024-05-24 16:12:56.000000,2024-05-24 16:30:14.166667,17.302777783333333
48,2024-05-24 16:38:23.366667,2024-05-24 16:49:45.633333,11.3711111
48,2024-05-24 16:49:53.500000,2024-05-24 17:00:52.366667,10.981111116666666
48,2024-05-24 17:06:01.233333,2024-05-24 17:10:57.433333,4.9366666666666665
48,2024-05-24 17:11:02.933333,2024-05-24 17:27:14.000000,16.18444445
48,2024-05-24 17:35:32.266667,2024-05-24 17:38:42.600000,3.172222216666667
48,2024-05-24 17:38:49.933333,2024-05-24 17:44:55.933333,6.1
48,2024-05-25 09:23:08.133333,2024-05-25 09:37:50.833333,14.711666666666668
48,2024-05-25 09:37:59.600000,2024-05-25 11:34:56.466667,116.94777778333334
48,2024-05-25 11:35:02.633333,2024-05-25 12:32:58.633333,57.93333333333333
48,2024-05-25 12:33:55.433333,2024-05-25 12:34:44.833333,0.8233333333333334
48,2024-05-25 12:35:34.633333,2024-05-25 12:56:48.133333,21.225
48,2024-05-25 12:57:52.933333,2024-05-25 13:36:19.300000,38.439444449999996
48,2024-05-25 13:41:50.466667,2024-05-25 15:20:11.400000,98.34888888333333
48,2024-05-25 15:20:14.233333,2024-05-25 15:38:16.666667,18.04055556666667
48,2024-05-26 12:12:03.566667,2024-05-26 13:13:32.966667,61.49
48,2024-05-26 13:14:16.833333,2024-05-26 13:20:51.766667,6.582222233333334
48,2024-05-26 13:21:15.366667,2024-05-26 13:39:36.700000,18.355555550000002
48,2024-05-26 13:39:41.833333,2024-05-26 14:54:19.733333,74.63166666666666
48,2024-05-26 15:37:52.900000,2024-05-26 16:33:04.466667,55.192777783333334
48,2024-05-27 15:21:38.900000,2024-05-27 15:26:22.600000,4.7283333333333335
48,2024-05-27 15:27:57.666667,2024-05-27 15:45:58.533333,18.01444443333333
48,2024-05-27 15:46:18.300000,2024-05-27 15:49:33.400000,3.2516666666666665
48,2024-05-27 15:49:41.533333,2024-05-27 16:17:15.866667,27.57222223333333
48,2024-05-27 16:35:18.133333,2024-05-27 17:50:22.800000,75.07777778333335
48,2024-06-01 10:14:57.900000,2024-06-01 10:32:41.466667,17.72611111666667
48,2024-06-02 10:44:50.900000,2024-06-02 10:48:19.233333,3.4722222166666667
48,2024-06-02 10:48:25.366667,2024-06-02 11:42:57.066667,54.52833333333333
49,2024-04-18 17:47:43.866667,2024-04-18 18:08:39.266667,20.923333333333336
49,2024-04-23 11:16:39.633333,2024-04-23 11:46:08.466667,29.480555566666666
49,2024-04-24 11:06:34.633333,2024-04-24 12:46:28.100000,99.89111111666666
49,2024-05-01 16:23:47.533333,2024-05-01 16:33:45.900000,9.972777783333333
49,2024-05-01 16:34:30.233333,2024-05-01 16:49:00.033333,14.496666666666666
49,2024-05-01 16:52:29.000000,2024-05-01 17:12:33.433333,20.073888883333332
49,2024-05-08 17:12:05.200000,2024-05-08 17:16:10.666667,4.091111116666666
49,2024-05-08 17:21:01.000000,2024-05-08 18:58:31.033333,97.50055555
49,2024-05-19 12:06:59.266667,2024-05-19 12:17:12.700000,10.223888883333332
49,2024-05-19 13:13:06.400000,2024-05-19 14:49:37.500000,96.51833333333335
49,2024-05-19 14:49:38.066667,2024-05-19 15:35:15.366667,45.62166666666667
49,2024-05-19 16:07:30.400000,2024-05-19 16:59:59.333333,52.48222221666666
49,2024-05-19 17:12:48.133333,2024-05-19 17:13:18.666667,0.5088889
49,2024-05-19 17:14:22.366667,2024-05-19 17:18:45.600000,4.387222216666667
49,2024-05-19 17:21:18.833333,2024-05-19 17:31:15.000000,9.936111116666666
49,2024-05-19 17:31:26.966667,2024-05-19 17:36:12.400000,4.7572222166666664
49,2024-05-19 17:37:22.333333,2024-05-19 18:54:41.900000,77.32611111666667
49,2024-05-19 18:54:42.533333,2024-05-19 18:58:11.466667,3.4822222333333333
49,2024-05-20 09:02:05.433333,2024-05-20 09:37:21.833333,35.27333333333333
49,2024-05-20 09:37:31.533333,2024-05-20 09:38:34.933333,1.0566666666666666
49,2024-05-20 09:43:01.100000,2024-05-20 09:52:19.666667,9.30944445
49,2024-05-20 09:54:07.433333,2024-05-20 10:28:41.633333,34.57
49,2024-05-20 10:29:56.800000,2024-05-20 10:35:54.533333,5.9622222166666665
49,2024-05-20 10:37:10.600000,2024-05-20 10:48:32.100000,11.358333333333333
49,2024-05-20 10:48:40.833333,2024-05-20 10:58:56.633333,10.263333333333332
49,2024-05-20 11:01:03.566667,2024-05-20 11:11:08.966667,10.09
49,2024-05-20 11:12:52.266667,2024-05-20 11:16:07.200000,3.2488888833333336
49,2024-05-20 11:17:41.133333,2024-05-20 11:20:25.666667,2.7422222333333335
49,2024-05-20 11:22:02.133333,2024-05-20 12:02:56.100000,40.899444450000004
49,2024-05-20 12:04:40.266667,2024-05-20 12:28:42.166667,24.03166666666667
49,2024-05-20 12:40:51.966667,2024-05-20 13:01:39.533333,20.792777766666667
49,2024-05-20 13:03:15.900000,2024-05-20 13:17:18.266667,14.03944445
49,2024-05-20 13:18:51.266667,2024-05-20 13:24:48.966667,5.961666666666667
49,2024-05-20 13:26:09.500000,2024-05-20 13:35:49.900000,9.673333333333334
49,2024-05-20 13:38:01.600000,2024-05-20 13:39:18.633333,1.2838888833333333
49,2024-05-20 13:40:35.200000,2024-05-20 13:48:24.066667,7.81444445
49,2024-05-20 13:48:53.833333,2024-05-20 13:52:18.133333,3.4050000000000002
49,2024-05-20 13:54:55.333333,2024-05-20 13:56:20.100000,1.4127777833333333
49,2024-05-20 14:01:05.566667,2024-05-20 14:32:31.566667,31.433333333333334
49,2024-05-20 14:32:41.766667,2024-05-20 14:37:12.166667,4.506666666666666
49,2024-05-20 14:38:44.333333,2024-05-20 14:47:21.033333,8.611666666666668
49,2024-05-20 14:49:43.200000,2024-05-20 14:50:14.366667,0.5194444500000001
49,2024-05-20 15:14:31.833333,2024-05-20 15:23:07.433333,8.593333333333334
49,2024-05-20 15:25:56.100000,2024-05-20 15:36:35.433333,10.65555555
49,2024-05-20 15:37:41.366667,2024-05-20 15:43:05.100000,5.39555555
49,2024-05-20 16:10:01.566667,2024-05-20 16:15:09.300000,5.1288888833333335
49,2024-05-20 16:17:13.500000,2024-05-20 16:43:57.733333,26.737222216666666
49,2024-05-20 16:44:25.000000,2024-05-20 16:46:10.400000,1.7566666666666668
49,2024-05-20 16:48:51.200000,2024-05-20 16:52:02.633333,3.19055555
49,2024-05-20 16:52:03.500000,2024-05-20 17:02:49.000000,10.758333333333333
49,2024-05-20 17:03:44.866667,2024-05-20 17:07:59.066667,4.236666666666666
49,2024-05-20 17:09:20.866667,2024-05-20 17:31:46.600000,22.428888883333332
49,2024-05-20 17:35:41.133333,2024-05-20 17:39:18.733333,3.6266666666666665
49,2024-05-20 17:44:12.133333,2024-05-20 17:50:05.566667,5.8905555666666665
49,2024-05-20 18:20:28.700000,2024-05-20 18:21:25.500000,0.9466666666666667
49,2024-05-20 18:25:57.033333,2024-05-20 18:57:02.800000,31.09611111666667
49,2024-05-21 09:17:11.900000,2024-05-21 09:52:07.133333,34.92055555
49,2024-05-21 09:52:11.533333,2024-05-21 10:17:16.566667,25.083888899999998
49,2024-05-21 10:17:28.400000,2024-05-21 10:34:29.133333,17.012222216666668
49,2024-05-21 10:34:34.833333,2024-05-21 10:57:37.800000,23.04944445
49,2024-05-21 11:12:08.833333,2024-05-21 11:44:24.466667,32.26055556666667
49,2024-05-21 11:44:28.133333,2024-05-21 11:49:33.600000,5.091111116666666
49,2024-05-21 11:49:37.033333,2024-05-21 13:11:34.233333,81.95333333333333
49,2024-05-21 13:11:38.133333,2024-05-21 15:09:32.900000,117.91277778333333
49,2024-05-22 16:58:25.766667,2024-05-22 17:23:39.833333,25.234444433333334
49,2024-05-23 11:32:09.833333,2024-05-23 12:31:28.900000,59.317777783333334
49,2024-05-23 12:31:43.866667,2024-05-23 12:54:27.066667,22.720000000000002
49,2024-05-23 12:54:34.100000,2024-05-23 14:48:20.166667,113.76777778333333
49,2024-05-23 14:48:22.500000,2024-05-23 16:00:55.266667,72.54611111666667
49,2024-05-23 16:00:56.533333,2024-05-23 16:14:49.200000,13.877777783333332
49,2024-05-24 11:24:58.833333,2024-05-24 12:30:20.166667,65.35555556666667
49,2024-05-24 15:17:00.633333,2024-05-24 15:41:09.833333,24.153333333333332
49,2024-05-24 15:42:03.833333,2024-05-24 15:43:07.233333,1.0566666666666666
49,2024-05-24 15:43:34.300000,2024-05-24 15:45:20.766667,1.77444445
49,2024-05-24 15:45:55.333333,2024-05-24 15:46:26.666667,0.5222222333333334
49,2024-05-24 15:47:14.366667,2024-05-24 16:13:13.366667,25.983333333333334
49,2024-05-24 16:14:37.533333,2024-05-24 16:43:11.200000,28.561111116666666
49,2024-05-24 16:43:22.633333,2024-05-24 16:45:06.100000,1.72444445
49,2024-05-24 17:09:25.800000,2024-05-24 17:10:38.100000,1.2049999999999998
49,2024-05-24 17:10:43.700000,2024-05-24 17:12:58.033333,2.2388888833333334
49,2024-05-24 17:13:06.566667,2024-05-24 17:20:35.200000,7.477222216666666
49,2024-05-24 17:20:45.300000,2024-05-24 17:21:32.466667,0.7861111166666667
49,2024-05-24 17:21:37.500000,2024-05-24 17:37:05.766667,15.471111116666666
49,2024-05-25 09:56:59.733333,2024-05-25 11:10:08.266667,73.14222223333333
49,2024-05-25 12:34:22.233333,2024-05-25 13:06:07.166667,31.7488889
49,2024-05-25 13:06:08.333333,2024-05-25 13:10:59.466667,4.852222233333333
49,2024-05-27 17:50:20.733333,2024-05-27 17:54:29.900000,4.152777783333333
49,2024-06-03 13:01:31.066667,2024-06-03 13:14:57.433333,13.439444433333334
49,2024-06-03 13:15:02.800000,2024-06-03 14:17:38.466667,62.59444445
49,2024-06-03 14:17:40.766667,2024-06-03 15:06:41.400000,49.01055555000001
49,2024-06-03 15:06:59.833333,2024-06-03 15:20:32.100000,13.537777783333333
50,2024-04-17 14:00:49.800000,2024-04-17 14:01:23.933333,0.5688888833333333
50,2024-04-18 10:33:49.000000,2024-04-18 11:44:08.900000,70.33166666666666
50,2024-04-18 16:52:46.766667,2024-04-18 17:46:23.733333,53.6161111
50,2024-04-22 11:14:21.333333,2024-04-22 11:15:20.066667,0.9788889
50,2024-04-22 11:15:24.466667,2024-04-22 11:16:15.900000,0.8572222166666666
50,2024-04-22 11:30:26.400000,2024-04-22 11:32:39.000000,2.21
50,2024-04-22 11:45:41.933333,2024-04-22 13:11:13.066667,85.51888890000001
50,2024-04-24 11:39:18.900000,2024-04-24 11:43:45.000000,4.4350000000000005
50,2024-04-24 11:45:34.500000,2024-04-24 12:41:59.766667,56.421111116666665
50,2024-04-24 13:02:33.600000,2024-04-24 13:05:20.866667,2.7877777833333335
50,2024-04-24 13:26:16.533333,2024-04-24 13:31:51.566667,5.583888900000001
50,2024-04-24 13:31:55.866667,2024-04-24 13:32:42.100000,0.77055555
50,2024-04-24 13:32:46.333333,2024-04-24 13:40:29.666667,7.722222233333333
50,2024-04-25 17:48:02.900000,2024-04-25 17:50:06.100000,2.0533333333333332
50,2024-04-26 10:44:32.933333,2024-04-26 11:07:55.700000,23.37944445
50,2024-04-28 16:16:52.466667,2024-04-28 16:20:49.566667,3.9516666666666667
50,2024-04-29 10:34:19.533333,2024-04-29 11:38:01.866667,63.70555556666667
50,2024-04-30 12:06:14.366667,2024-04-30 13:38:10.833333,91.9411111
50,2024-05-01 13:18:38.400000,2024-05-01 14:47:42.633333,89.07055555000001
50,2024-05-01 14:48:11.266667,2024-05-01 14:59:46.300000,11.583888883333334
50,2024-05-01 15:01:29.300000,2024-05-01 15:42:40.733333,41.19055555
50,2024-05-01 16:51:25.133333,2024-05-01 17:40:47.400000,49.37111111666666
50,2024-05-07 09:46:17.300000,2024-05-07 10:32:58.033333,46.678888883333336
50,2024-05-07 10:36:05.933333,2024-05-07 10:37:34.466667,1.4755555666666667
50,2024-05-07 11:36:06.700000,2024-05-07 11:38:15.466667,2.146111116666667
50,2024-05-07 11:40:55.900000,2024-05-07 12:15:24.833333,34.48222221666666
50,2024-05-07 12:20:16.100000,2024-05-07 12:25:49.800000,5.5616666666666665
50,2024-05-07 12:27:18.800000,2024-05-07 12:52:37.400000,25.31
50,2024-05-07 12:52:56.566667,2024-05-07 14:13:06.300000,80.16222221666666
50,2024-05-07 14:17:48.466667,2024-05-07 14:28:34.733333,10.7711111
50,2024-05-08 09:06:10.733333,2024-05-08 09:21:45.866667,15.585555566666667
50,2024-05-08 09:22:22.633333,2024-05-08 10:41:42.700000,79.33444445
50,2024-05-08 13:41:46.533333,2024-05-08 13:51:32.433333,9.764999999999999
50,2024-05-08 16:59:04.500000,2024-05-08 17:02:26.933333,3.3738888833333336
50,2024-05-13 11:26:42.800000,2024-05-13 11:54:44.133333,28.022222216666666
50,2024-05-13 12:46:09.066667,2024-05-13 14:24:11.600000,98.04222221666667
50,2024-05-13 14:47:26.466667,2024-05-13 16:31:07.166667,103.67833333333333
50,2024-05-13 16:35:28.733333,2024-05-13 16:55:40.233333,20.191666666666666
50,2024-05-19 12:35:41.033333,2024-05-19 13:28:16.933333,52.598333333333336
50,2024-05-19 13:28:18.133333,2024-05-19 13:44:40.600000,16.374444450000002
50,2024-05-19 13:45:21.233333,2024-05-19 14:23:41.300000,38.33444445
50,2024-05-19 14:23:56.766667,2024-05-19 14:41:54.700000,17.965555549999998
50,2024-05-19 16:09:26.600000,2024-05-19 16:57:59.366667,48.546111116666665
50,2024-05-19 16:58:00.533333,2024-05-19 16:59:06.966667,1.1072222333333335
50,2024-05-19 17:32:24.933333,2024-05-19 18:22:09.833333,49.748333333333335
50,2024-05-19 18:52:07.633333,2024-05-19 18:55:20.100000,3.2077777833333334
50,2024-05-20 09:03:36.633333,2024-05-20 09:07:02.533333,3.4316666666666666
50,2024-05-20 09:09:55.366667,2024-05-20 09:11:08.166667,1.2133333333333334
50,2024-05-20 09:11:50.900000,2024-05-20 09:18:45.866667,6.9161111166666664
50,2024-05-20 09:19:21.633333,2024-05-20 09:22:42.000000,3.3394444500000002
50,2024-05-20 09:23:01.266667,2024-05-20 09:25:42.933333,2.694444433333333
50,2024-05-20 09:29:59.200000,2024-05-20 09:34:15.666667,4.27444445
50,2024-05-20 09:34:28.133333,2024-05-20 09:37:47.333333,3.32
50,2024-05-20 09:38:48.700000,2024-05-20 09:45:46.333333,6.96055555
50,2024-05-20 10:17:45.866667,2024-05-20 10:21:31.866667,3.7666666666666666
50,2024-05-20 10:30:55.833333,2024-05-20 10:32:54.833333,1.9833333333333334
50,2024-05-20 10:57:13.533333,2024-05-20 11:02:16.000000,5.0411111166666664
50,2024-05-20 11:13:21.966667,2024-05-20 11:19:45.300000,6.388888883333333
50,2024-05-20 11:24:47.433333,2024-05-20 11:40:43.566667,15.935555566666666
50,2024-05-20 11:44:33.433333,2024-05-20 11:51:14.066667,6.6772222333333335
50,2024-05-20 11:58:50.833333,2024-05-20 11:59:29.866667,0.6505555666666667
50,2024-05-20 12:00:29.066667,2024-05-20 12:05:54.266667,5.42
50,2024-05-20 12:21:08.133333,2024-05-20 12:23:51.700000,2.7261111166666665
50,2024-05-20 12:27:48.266667,2024-05-20 12:32:28.200000,4.66555555
50,2024-05-20 12:34:28.600000,2024-05-20 12:40:58.566667,6.4994444499999995
50,2024-05-20 12:41:22.833333,2024-05-20 12:42:02.566667,0.6622222333333333
50,2024-05-20 12:51:13.566667,2024-05-20 12:54:49.700000,3.6022222166666666
50,2024-05-20 12:55:00.600000,2024-05-20 12:55:59.466667,0.9811111166666666
50,2024-05-20 12:56:58.433333,2024-05-20 12:59:13.800000,2.2561111166666667
50,2024-05-20 13:00:01.566667,2024-05-20 13:04:20.400000,4.313888883333333
50,2024-05-20 13:05:47.200000,2024-05-20 13:08:35.766667,2.80944445
50,2024-05-20 13:10:30.433333,2024-05-20 13:13:26.133333,2.9283333333333332
50,2024-05-20 13:14:50.733333,2024-05-20 13:18:08.100000,3.28944445
50,2024-05-20 13:20:05.266667,2024-05-20 13:22:38.300000,2.55055555
50,2024-05-20 13:26:26.033333,2024-05-20 13:27:50.233333,1.4033333333333333
50,2024-05-20 13:41:11.266667,2024-05-20 13:43:26.533333,2.254444433333333
50,2024-05-20 13:44:09.366667,2024-05-20 13:47:13.200000,3.0638888833333335
50,2024-05-20 13:48:16.100000,2024-05-20 13:50:35.766667,2.327777783333333
50,2024-05-20 13:51:19.333333,2024-05-20 13:57:34.933333,6.260000000000001
50,2024-05-20 13:57:58.733333,2024-05-20 14:04:36.933333,6.636666666666667
50,2024-05-20 14:10:00.000000,2024-05-20 14:17:07.433333,7.123888883333334
50,2024-05-20 14:18:18.100000,2024-05-20 14:22:20.566667,4.0411111166666664
50,2024-05-20 14:27:41.500000,2024-05-20 14:30:38.533333,2.95055555
50,2024-05-20 14:31:57.900000,2024-05-20 14:33:03.200000,1.0883333333333334
50,2024-05-20 14:33:38.066667,2024-05-20 14:39:22.166667,5.735
50,2024-05-20 14:40:41.033333,2024-05-20 14:41:54.366667,1.2222222333333332
50,2024-05-20 14:43:10.900000,2024-05-20 14:45:05.000000,1.9016666666666666
50,2024-05-20 14:55:30.966667,2024-05-20 15:01:16.666667,5.761666666666667
50,2024-05-20 15:05:48.900000,2024-05-20 15:07:25.266667,1.6061111166666668
50,2024-05-20 15:12:00.333333,2024-05-20 15:14:41.733333,2.69
50,2024-05-20 15:15:09.133333,2024-05-20 15:16:24.600000,1.2577777833333335
50,2024-05-20 15:17:55.866667,2024-05-20 15:32:48.666667,14.879999999999999
50,2024-05-20 15:34:36.300000,2024-05-20 15:35:48.100000,1.1966666666666665
50,2024-05-20 15:41:26.066667,2024-05-20 15:52:36.433333,11.172777766666666
50,2024-05-20 16:06:58.233333,2024-05-20 16:20:18.533333,13.338333333333333
50,2024-05-20 16:21:42.366667,2024-05-20 16:23:17.733333,1.5894444333333333
50,2024-05-20 16:25:35.966667,2024-05-20 16:36:48.100000,11.202222216666666
50,2024-05-20 16:46:02.600000,2024-05-20 16:51:45.866667,5.721111116666666
50,2024-05-20 16:53:49.566667,2024-05-20 16:59:02.600000,5.217222216666667
50,2024-05-20 17:01:17.133333,2024-05-20 17:06:26.900000,5.1627777833333335
50,2024-05-20 17:07:44.366667,2024-05-20 17:12:53.500000,5.152222216666667
50,2024-05-20 17:14:56.766667,2024-05-20 17:16:21.466667,1.4116666666666666
50,2024-05-20 17:18:22.700000,2024-05-20 17:21:09.700000,2.783333333333333
50,2024-05-20 17:22:35.433333,2024-05-20 17:28:41.066667,6.0938889
50,2024-05-20 17:31:42.300000,2024-05-20 17:32:17.200000,0.5816666666666667
50,2024-05-20 17:38:11.866667,2024-05-20 17:48:20.600000,10.145555550000001
50,2024-05-20 17:50:41.000000,2024-05-20 17:51:13.533333,0.5422222166666667
50,2024-05-20 17:52:02.100000,2024-05-20 18:24:37.000000,32.58166666666667
50,2024-05-20 18:53:42.800000,2024-05-20 18:59:16.033333,5.553888883333333
50,2024-05-21 09:05:03.400000,2024-05-21 09:08:21.033333,3.293888883333333
50,2024-05-21 09:10:16.700000,2024-05-21 09:17:32.700000,7.266666666666667
50,2024-05-21 09:19:54.966667,2024-05-21 09:27:09.066667,7.235
50,2024-05-21 09:33:20.266667,2024-05-21 09:34:18.733333,0.9744444333333334
50,2024-05-21 09:34:19.700000,2024-05-21 09:37:35.400000,3.2616666666666663
50,2024-05-21 09:55:57.833333,2024-05-21 09:58:56.366667,2.9755555666666664
50,2024-05-21 10:00:11.600000,2024-05-21 10:01:24.766667,1.2194444500000001
50,2024-05-21 10:02:42.700000,2024-05-21 10:04:10.800000,1.4683333333333333
50,2024-05-21 10:05:38.166667,2024-05-21 10:09:44.700000,4.108888883333333
50,2024-05-21 10:15:29.800000,2024-05-21 10:17:10.766667,1.6827777833333333
50,2024-05-21 10:20:13.233333,2024-05-21 10:21:16.766667,1.0588889
50,2024-05-21 10:22:58.300000,2024-05-21 10:40:57.233333,17.982222216666667
50,2024-05-21 10:46:46.733333,2024-05-21 10:47:34.000000,0.7877777833333333
50,2024-05-21 10:49:33.600000,2024-05-21 10:55:38.933333,6.0888888833333334
50,2024-05-21 10:59:24.833333,2024-05-21 11:02:40.533333,3.2616666666666663
50,2024-05-21 11:17:09.566667,2024-05-21 11:21:12.433333,4.047777766666667
50,2024-05-21 11:22:46.533333,2024-05-21 11:25:52.700000,3.102777783333333
50,2024-05-21 11:26:37.566667,2024-05-21 11:29:50.133333,3.209444433333333
50,2024-05-21 11:31:24.933333,2024-05-21 11:34:53.600000,3.477777783333333
50,2024-05-21 11:37:12.700000,2024-05-21 11:40:37.533333,3.4138888833333336
50,2024-05-21 11:42:01.266667,2024-05-21 11:44:31.833333,2.5094444333333334
50,2024-05-21 11:46:56.100000,2024-05-21 11:49:49.233333,2.88555555
50,2024-05-21 11:51:28.100000,2024-05-21 11:54:04.466667,2.606111116666667
50,2024-05-21 11:55:44.266667,2024-05-21 12:01:03.133333,5.314444433333334
50,2024-05-21 12:04:09.266667,2024-05-21 12:07:43.833333,3.5761111
50,2024-05-21 12:10:05.733333,2024-05-21 12:13:23.233333,3.2916666666666665
50,2024-05-21 12:15:14.166667,2024-05-21 12:19:33.366667,4.319999999999999
50,2024-05-21 12:21:52.000000,2024-05-21 12:24:50.300000,2.9716666666666667
50,2024-05-21 12:34:57.366667,2024-05-21 12:39:35.733333,4.639444433333334
50,2024-05-21 12:47:31.400000,2024-05-21 12:49:12.700000,1.6883333333333332
50,2024-05-21 12:50:21.533333,2024-05-21 12:52:16.333333,1.9133333333333333
50,2024-05-21 12:55:57.633333,2024-05-21 12:56:58.733333,1.0183333333333333
50,2024-05-21 12:58:11.066667,2024-05-21 13:02:50.066667,4.65
50,2024-05-21 13:10:26.733333,2024-05-21 13:11:40.566667,1.2305555666666665
50,2024-05-21 13:13:53.133333,2024-05-21 13:40:55.733333,27.043333333333333
50,2024-05-21 14:06:09.266667,2024-05-21 14:09:55.533333,3.7711110999999997
50,2024-05-21 14:11:14.066667,2024-05-21 14:13:48.233333,2.569444433333333
50,2024-05-21 14:15:42.566667,2024-05-21 14:17:38.900000,1.9388888833333333
50,2024-05-21 14:19:58.666667,2024-05-21 14:22:36.466667,2.6300000000000003
50,2024-05-21 14:25:37.933333,2024-05-21 14:28:46.833333,3.1483333333333334
50,2024-05-21 14:37:34.933333,2024-05-21 14:39:56.000000,2.3511111166666665
50,2024-05-21 14:41:25.233333,2024-05-21 14:47:53.766667,6.475555566666667
50,2024-05-21 14:59:40.033333,2024-05-21 15:09:44.533333,10.075
50,2024-05-21 15:14:10.200000,2024-05-21 15:20:44.666667,6.57444445
50,2024-05-21 15:28:33.066667,2024-05-21 15:29:42.233333,1.1527777666666668
50,2024-05-21 15:31:28.700000,2024-05-21 15:35:59.866667,4.51944445
50,2024-05-21 15:50:15.666667,2024-05-21 15:52:41.666667,2.433333333333333
50,2024-05-21 16:34:21.933333,2024-05-21 16:39:33.466667,5.192222233333334
50,2024-05-21 16:57:06.933333,2024-05-21 16:57:45.400000,0.6411111166666666
50,2024-05-21 16:57:55.466667,2024-05-21 17:32:37.300000,34.69722221666667
50,2024-05-21 17:40:11.766667,2024-05-21 17:43:55.366667,3.7266666666666666
50,2024-05-21 17:48:46.366667,2024-05-21 17:50:05.700000,1.3222222166666666
50,2024-05-21 17:52:53.600000,2024-05-21 17:54:35.166667,1.6927777833333333
50,2024-05-21 18:21:58.600000,2024-05-21 18:25:01.466667,3.0477777833333333
50,2024-05-21 18:26:15.766667,2024-05-21 18:41:54.500000,15.645555550000001
50,2024-05-21 18:55:03.300000,2024-05-21 18:57:57.433333,2.9022222166666665
50,2024-05-22 09:13:38.600000,2024-05-22 09:14:55.700000,1.285
50,2024-05-22 09:16:22.766667,2024-05-22 09:17:24.966667,1.0366666666666666
50,2024-05-22 09:19:32.766667,2024-05-22 09:20:46.166667,1.2233333333333334
50,2024-05-22 09:28:19.966667,2024-05-22 09:31:07.866667,2.7983333333333333
50,2024-05-22 09:32:05.633333,2024-05-22 09:37:00.933333,4.921666666666667
50,2024-05-22 09:38:51.000000,2024-05-22 09:41:03.100000,2.2016666666666667
50,2024-05-22 09:46:06.600000,2024-05-22 09:53:34.833333,7.47055555
50,2024-05-22 09:54:24.066667,2024-05-22 09:57:25.900000,3.0305555500000003
50,2024-05-22 09:58:54.800000,2024-05-22 10:04:25.400000,5.510000000000001
50,2024-05-22 10:07:11.300000,2024-05-22 10:12:18.533333,5.120555550000001
50,2024-05-22 10:13:52.000000,2024-05-22 10:17:28.733333,3.6122222166666664
50,2024-05-22 10:18:16.600000,2024-05-22 10:21:17.700000,3.018333333333333
50,2024-05-22 10:31:45.633333,2024-05-22 10:36:53.233333,5.126666666666667
50,2024-05-22 10:41:34.833333,2024-05-22 10:43:40.466667,2.0938889
50,2024-05-22 10:44:52.500000,2024-05-22 10:48:43.933333,3.8572222166666665
50,2024-05-22 10:49:31.000000,2024-05-22 10:52:10.066667,2.6511111166666668
50,2024-05-22 11:11:57.933333,2024-05-22 11:14:36.533333,2.643333333333333
50,2024-05-22 11:16:27.766667,2024-05-22 11:20:31.200000,4.057222216666667
50,2024-05-22 11:22:03.566667,2024-05-22 11:24:56.533333,2.8827777666666665
50,2024-05-22 11:26:25.800000,2024-05-22 11:29:27.466667,3.0277777833333333
50,2024-05-22 11:31:02.366667,2024-05-22 11:33:41.833333,2.657777766666667
50,2024-05-22 11:36:33.233333,2024-05-22 11:37:50.333333,1.285
50,2024-05-22 11:39:49.200000,2024-05-22 11:40:56.433333,1.12055555
50,2024-05-22 11:42:12.866667,2024-05-22 11:43:28.100000,1.2538888833333333
50,2024-05-22 11:44:57.566667,2024-05-22 11:46:17.366667,1.3299999999999998
50,2024-05-22 11:47:25.366667,2024-05-22 11:48:40.766667,1.2566666666666668
50,2024-05-22 11:52:08.600000,2024-05-22 11:53:20.100000,1.1916666666666667
50,2024-05-22 11:59:54.733333,2024-05-22 12:03:49.666667,3.915555566666667
50,2024-05-22 12:20:16.866667,2024-05-22 12:21:54.300000,1.6238888833333334
50,2024-05-22 12:30:05.000000,2024-05-22 12:33:15.400000,3.1733333333333333
50,2024-05-22 12:34:23.800000,2024-05-22 12:38:34.400000,4.176666666666667
50,2024-05-22 12:39:33.433333,2024-05-22 12:47:13.666667,7.670555566666667
50,2024-05-22 13:40:32.066667,2024-05-22 15:27:18.600000,106.77555555
50,2024-05-22 15:27:23.966667,2024-05-22 15:32:36.933333,5.2161111
50,2024-05-22 15:36:18.133333,2024-05-22 15:37:04.600000,0.7744444500000001
50,2024-05-22 15:45:54.666667,2024-05-22 15:58:00.400000,12.09555555
50,2024-05-23 09:15:31.566667,2024-05-23 09:48:58.633333,33.4511111
50,2024-05-23 09:51:07.266667,2024-05-23 09:55:28.633333,4.356111100000001
50,2024-05-23 09:55:29.300000,2024-05-23 10:28:22.066667,32.87944445
50,2024-05-23 10:28:30.300000,2024-05-23 10:43:54.133333,15.397222216666668
50,2024-05-23 10:44:28.433333,2024-05-23 10:49:35.066667,5.110555566666666
50,2024-05-23 11:00:50.400000,2024-05-23 11:49:55.733333,49.08888888333333
50,2024-05-23 11:50:53.166667,2024-05-23 12:05:15.533333,14.372777766666667
50,2024-05-23 12:07:15.100000,2024-05-23 12:20:37.000000,13.365
50,2024-05-23 12:22:05.733333,2024-05-23 12:54:42.766667,32.61722223333333
50,2024-05-23 13:09:34.200000,2024-05-23 13:20:12.933333,10.645555550000001
50,2024-05-23 13:21:46.833333,2024-05-23 13:32:06.833333,10.333333333333334
50,2024-05-23 13:33:26.400000,2024-05-23 13:34:03.566667,0.6194444499999999
50,2024-05-23 13:35:16.700000,2024-05-23 13:39:45.666667,4.482777783333333
50,2024-05-23 13:41:25.533333,2024-05-23 13:42:48.566667,1.3838888999999999
50,2024-05-23 13:44:43.133333,2024-05-23 13:45:44.600000,1.02444445
50,2024-05-23 13:51:21.466667,2024-05-23 13:52:37.566667,1.2683333333333333
50,2024-05-23 13:55:34.266667,2024-05-23 13:56:41.566667,1.1216666666666666
50,2024-05-23 13:59:15.633333,2024-05-23 14:04:09.233333,4.8933333333333335
50,2024-05-23 14:06:21.866667,2024-05-23 14:17:59.466667,11.626666666666667
50,2024-05-23 14:19:07.066667,2024-05-23 14:26:05.200000,6.968888883333333
50,2024-05-23 14:28:00.700000,2024-05-23 14:34:24.800000,6.401666666666667
50,2024-05-23 14:35:45.666667,2024-05-23 14:45:04.300000,9.31055555
50,2024-05-23 14:45:45.533333,2024-05-23 14:52:50.733333,7.086666666666667
50,2024-05-23 14:54:23.666667,2024-05-23 15:01:35.766667,7.201666666666667
50,2024-05-23 15:02:23.400000,2024-05-23 15:08:39.566667,6.26944445
50,2024-05-23 15:09:21.500000,2024-05-23 15:16:36.066667,7.2427777833333336
50,2024-05-23 15:18:06.400000,2024-05-23 15:25:16.800000,7.173333333333333
50,2024-05-23 15:34:03.400000,2024-05-23 15:42:40.900000,8.625
50,2024-05-23 15:44:20.733333,2024-05-23 15:51:44.833333,7.401666666666667
50,2024-05-23 15:53:14.833333,2024-05-23 16:00:20.633333,7.096666666666667
50,2024-05-23 16:01:54.233333,2024-05-23 16:03:03.833333,1.16
50,2024-05-23 16:07:12.866667,2024-05-23 16:08:30.400000,1.2922222166666666
50,2024-05-23 16:10:46.333333,2024-05-23 16:11:47.333333,1.0166666666666666
50,2024-05-23 16:15:08.433333,2024-05-23 16:21:37.566667,6.485555566666666
50,2024-05-23 16:25:30.300000,2024-05-23 16:27:02.366667,1.5344444499999998
50,2024-05-23 16:36:15.433333,2024-05-23 16:36:50.200000,0.57944445
50,2024-05-23 16:50:41.233333,2024-05-23 16:56:20.233333,5.65
50,2024-05-23 16:57:49.033333,2024-05-23 17:03:55.033333,6.1
50,2024-05-23 17:21:36.433333,2024-05-23 17:29:13.200000,7.612777783333333
50,2024-05-23 17:30:57.633333,2024-05-23 17:39:37.266667,8.660555566666666
50,2024-05-23 17:41:58.133333,2024-05-23 17:48:33.033333,6.581666666666666
50,2024-05-23 17:51:18.033333,2024-05-23 18:23:59.700000,32.69444445
50,2024-05-23 18:25:29.966667,2024-05-23 18:35:56.966667,10.45
50,2024-05-24 09:11:27.600000,2024-05-24 10:00:35.833333,49.13722221666667
50,2024-05-24 10:01:14.000000,2024-05-24 10:01:45.200000,0.52
50,2024-05-24 10:02:40.900000,2024-05-24 10:36:10.200000,33.48833333333333
50,2024-05-24 10:37:46.400000,2024-05-24 11:06:32.333333,28.76555555
50,2024-05-24 11:15:32.166667,2024-05-24 11:16:22.333333,0.8361111
50,2024-05-24 11:17:38.233333,2024-05-24 11:19:00.333333,1.3683333333333332
50,2024-05-24 11:20:32.500000,2024-05-24 11:22:12.266667,1.6627777833333333
50,2024-05-24 11:23:31.966667,2024-05-24 11:31:03.700000,7.528888883333334
50,2024-05-24 11:34:35.766667,2024-05-24 11:35:58.233333,1.3744444333333334
50,2024-05-24 11:51:33.433333,2024-05-24 11:53:10.800000,1.6227777833333334
50,2024-05-24 11:53:27.000000,2024-05-24 11:55:36.266667,2.15444445
50,2024-05-24 11:56:47.200000,2024-05-24 11:57:53.066667,1.0977777833333335
50,2024-05-24 11:59:28.766667,2024-05-24 12:40:03.633333,40.5811111
50,2024-05-24 12:41:16.433333,2024-05-24 12:42:24.333333,1.1316666666666668
50,2024-05-24 12:43:10.033333,2024-05-24 13:42:57.233333,59.78666666666666
50,2024-05-24 13:43:00.366667,2024-05-24 13:44:57.766667,1.9566666666666668
50,2024-05-24 13:45:44.000000,2024-05-24 13:49:59.666667,4.261111116666666
50,2024-05-24 15:14:48.466667,2024-05-24 15:19:59.600000,5.18555555
51,2024-04-26 18:06:03.833333,2024-04-26 18:06:54.133333,0.8383333333333333
51,2024-04-28 10:17:43.266667,2024-04-28 11:15:23.400000,57.66888888333334
51,2024-04-28 13:28:41.233333,2024-04-28 13:48:52.133333,20.18166666666667
51,2024-04-30 12:51:41.066667,2024-04-30 14:44:55.066667,113.23333333333333
51,2024-05-01 14:23:25.733333,2024-05-01 14:51:34.700000,28.149444449999997
51,2024-05-01 17:21:34.766667,2024-05-01 17:44:04.566667,22.496666666666666
51,2024-05-01 17:50:06.533333,2024-05-01 17:51:43.700000,1.61944445
51,2024-05-01 17:52:53.266667,2024-05-01 18:53:52.866667,60.99333333333333
51,2024-05-06 16:59:43.066667,2024-05-06 17:41:58.200000,42.252222216666674
51,2024-05-06 18:12:14.333333,2024-05-06 18:20:12.500000,7.96944445
51,2024-05-06 18:20:15.333333,2024-05-06 18:44:34.000000,24.311111116666666
51,2024-05-07 09:12:07.466667,2024-05-07 10:10:47.833333,58.67277776666666
51,2024-05-07 10:10:54.733333,2024-05-07 10:24:23.100000,13.472777783333333
51,2024-05-07 10:24:29.500000,2024-05-07 12:05:37.166667,101.12777778333334
51,2024-05-17 13:07:33.200000,2024-05-17 14:02:17.766667,54.74277778333333
51,2024-05-17 14:11:34.700000,2024-05-17 14:42:13.966667,30.654444450000003
51,2024-05-17 14:50:03.300000,2024-05-17 14:57:40.633333,7.622222216666667
51,2024-05-17 14:58:29.800000,2024-05-17 15:07:58.433333,9.477222216666666
51,2024-05-17 15:08:31.366667,2024-05-17 15:39:35.900000,31.07555555
51,2024-05-17 15:45:41.866667,2024-05-17 15:46:16.333333,0.5744444333333334
51,2024-05-17 15:48:42.333333,2024-05-17 15:52:07.300000,3.416111116666667
51,2024-05-18 09:11:33.700000,2024-05-18 09:16:11.566667,4.631111116666667
51,2024-05-18 09:30:40.000000,2024-05-18 09:35:46.800000,5.113333333333333
51,2024-05-18 10:06:05.533333,2024-05-18 11:11:46.133333,65.67666666666666
51,2024-05-18 13:50:37.433333,2024-05-18 14:43:36.500000,52.98444445
51,2024-05-18 14:47:58.900000,2024-05-18 14:48:30.866667,0.5327777833333334
51,2024-05-18 14:58:56.533333,2024-05-18 15:31:12.933333,32.27333333333333
51,2024-05-18 15:33:06.300000,2024-05-18 15:36:49.033333,3.7122222166666665
51,2024-05-18 16:14:44.900000,2024-05-18 16:21:22.900000,6.633333333333334
51,2024-05-18 16:32:47.933333,2024-05-18 16:35:43.166667,2.9205555666666667
51,2024-05-18 16:36:36.166667,2024-05-18 16:46:11.366667,9.586666666666668
51,2024-05-18 16:48:32.466667,2024-05-18 16:51:13.300000,2.6805555500000002
51,2024-05-18 16:58:38.400000,2024-05-18 17:11:46.200000,13.129999999999999
51,2024-05-18 17:11:47.133333,2024-05-18 17:53:45.400000,41.97111111666666
51,2024-05-19 11:08:08.300000,2024-05-19 11:22:16.366667,14.13444445
51,2024-05-19 11:26:52.200000,2024-05-19 11:30:38.633333,3.7738888833333335
51,2024-05-19 11:38:33.166667,2024-05-19 11:41:59.933333,3.4461111
51,2024-05-19 11:42:44.733333,2024-05-19 11:45:46.800000,3.03444445
51,2024-05-19 11:54:22.566667,2024-05-19 11:54:59.433333,0.6144444333333333
51,2024-05-19 11:57:42.533333,2024-05-19 12:04:20.233333,6.628333333333333
51,2024-05-19 12:04:21.266667,2024-05-19 12:17:15.366667,12.901666666666667
51,2024-05-19 12:30:15.933333,2024-05-19 13:12:45.000000,42.48444445
51,2024-05-19 13:23:22.733333,2024-05-19 13:24:23.300000,1.00944445
51,2024-05-19 13:32:50.366667,2024-05-19 13:44:33.866667,11.725
51,2024-05-19 13:51:13.866667,2024-05-19 13:55:28.400000,4.242222216666667
51,2024-05-19 13:56:47.533333,2024-05-19 13:57:58.666667,1.1855555666666668
51,2024-05-19 14:03:05.633333,2024-05-19 14:09:23.966667,6.3055555666666665
51,2024-05-19 14:40:21.200000,2024-05-19 14:41:31.200000,1.1666666666666667
51,2024-05-19 14:54:09.666667,2024-05-19 15:00:31.000000,6.35555555
51,2024-05-19 15:03:42.966667,2024-05-19 15:24:55.366667,21.206666666666667
51,2024-05-19 15:27:41.566667,2024-05-19 15:38:34.766667,10.886666666666667
51,2024-05-19 15:52:39.233333,2024-05-19 15:58:27.833333,5.8100000000000005
51,2024-05-19 15:58:28.066667,2024-05-19 16:05:47.866667,7.33
51,2024-05-19 16:14:07.033333,2024-05-19 16:15:24.400000,1.2894444500000002
51,2024-05-19 16:18:34.300000,2024-05-19 16:23:44.900000,5.176666666666667
51,2024-05-19 16:31:05.200000,2024-05-19 16:41:09.966667,10.07944445
51,2024-05-19 16:41:10.500000,2024-05-19 16:46:57.566667,5.78444445
51,2024-05-19 16:46:59.733333,2024-05-19 16:56:35.933333,9.603333333333333
51,2024-05-19 17:08:21.933333,2024-05-19 17:29:10.400000,20.807777783333332
51,2024-05-19 17:35:29.766667,2024-05-19 17:52:13.933333,16.7361111
51,2024-05-20 08:56:37.533333,2024-05-20 08:57:23.966667,0.7738889
51,2024-05-20 08:57:38.133333,2024-05-20 08:58:15.966667,0.6305555666666667
51,2024-05-20 08:58:23.866667,2024-05-20 09:25:08.033333,26.736111100000002
51,2024-05-20 09:37:07.300000,2024-05-20 09:57:28.866667,20.35944445
51,2024-05-20 10:01:32.500000,2024-05-20 10:07:10.866667,5.63944445
51,2024-05-20 10:08:35.300000,2024-05-20 10:27:27.866667,18.876111116666667
51,2024-05-20 11:03:26.533333,2024-05-20 11:13:50.366667,10.397222233333334
51,2024-05-20 11:16:45.000000,2024-05-20 11:38:39.433333,21.907222216666664
51,2024-05-20 11:40:03.000000,2024-05-20 11:53:16.766667,13.229444449999999
51,2024-05-20 12:00:16.766667,2024-05-20 12:05:22.100000,5.0888888833333334
51,2024-05-20 12:05:26.700000,2024-05-20 12:11:23.433333,5.94555555
51,2024-05-20 12:11:24.633333,2024-05-20 12:12:00.366667,0.5955555666666666
51,2024-05-20 12:12:23.633333,2024-05-20 12:19:15.600000,6.866111116666667
51,2024-05-20 12:20:27.000000,2024-05-20 12:30:41.966667,10.24944445
51,2024-05-20 12:31:16.366667,2024-05-20 12:32:24.366667,1.1333333333333333
51,2024-05-20 12:32:56.333333,2024-05-20 12:36:42.800000,3.77444445
51,2024-05-20 12:39:29.033333,2024-05-20 12:40:07.466667,0.6405555666666667
51,2024-05-20 12:41:19.966667,2024-05-20 12:42:37.166667,1.2866666666666666
51,2024-05-20 12:42:42.100000,2024-05-20 12:44:00.666667,1.30944445
51,2024-05-20 12:44:08.433333,2024-05-20 12:47:15.633333,3.1199999999999997
51,2024-05-20 13:01:20.833333,2024-05-20 13:06:19.066667,4.9705555666666665
51,2024-05-20 13:06:23.400000,2024-05-20 13:11:27.033333,5.06055555
51,2024-05-20 13:11:46.366667,2024-05-20 13:16:30.300000,4.732222216666667
51,2024-05-20 13:16:38.733333,2024-05-20 13:22:09.766667,5.517222233333333
51,2024-05-20 13:22:47.466667,2024-05-20 13:26:19.000000,3.52555555
51,2024-05-20 13:30:33.333333,2024-05-20 13:31:07.233333,0.565
51,2024-05-20 13:31:44.766667,2024-05-20 13:33:39.300000,1.9088888833333333
51,2024-05-20 13:38:42.233333,2024-05-20 13:40:48.766667,2.1088888999999997
51,2024-05-20 13:41:00.066667,2024-05-20 13:48:03.733333,7.061111100000001
51,2024-05-20 13:49:06.166667,2024-05-20 13:59:36.366667,10.503333333333334
51,2024-05-20 14:01:07.800000,2024-05-20 14:04:25.100000,3.2883333333333336
51,2024-05-20 14:07:47.766667,2024-05-20 14:10:22.233333,2.5744444333333334
51,2024-05-20 14:55:19.266667,2024-05-20 14:56:47.133333,1.4644444333333333
51,2024-05-20 15:17:48.366667,2024-05-20 15:22:16.966667,4.4766666666666675
51,2024-05-20 15:24:45.466667,2024-05-20 15:27:13.933333,2.4744444333333333
51,2024-05-20 15:27:50.800000,2024-05-20 15:28:21.233333,0.5072222166666667
51,2024-05-20 16:10:52.333333,2024-05-20 16:13:58.600000,3.1044444500000004
51,2024-05-20 16:14:37.466667,2024-05-20 16:18:16.133333,3.6444444333333332
51,2024-05-20 16:18:32.866667,2024-05-20 16:19:31.200000,0.9722222166666667
51,2024-05-20 16:24:26.400000,2024-05-20 16:29:27.133333,5.012222216666667
51,2024-05-20 16:35:06.733333,2024-05-20 16:38:35.166667,3.4738889
51,2024-05-20 16:40:12.666667,2024-05-20 16:55:12.733333,15.001111100000001
51,2024-05-20 17:03:35.366667,2024-05-20 17:07:56.933333,4.3594444333333335
51,2024-05-20 17:53:23.166667,2024-05-20 18:56:48.833333,63.427777766666665
51,2024-05-21 09:17:14.200000,2024-05-21 09:18:14.400000,1.0033333333333334
51,2024-05-21 09:19:05.966667,2024-05-21 09:24:08.466667,5.041666666666667
51,2024-05-21 09:24:17.233333,2024-05-21 09:35:57.366667,11.6688889
51,2024-05-21 09:36:16.533333,2024-05-21 09:37:18.433333,1.0316666666666667
51,2024-05-21 09:37:41.166667,2024-05-21 09:41:57.466667,4.2716666666666665
51,2024-05-21 09:42:05.000000,2024-05-21 09:48:10.900000,6.098333333333333
51,2024-05-21 09:48:18.066667,2024-05-21 09:49:44.333333,1.4377777666666667
51,2024-05-21 09:49:50.933333,2024-05-21 09:58:34.933333,8.733333333333333
51,2024-05-21 10:33:36.966667,2024-05-21 10:35:57.433333,2.3411111
51,2024-05-21 10:36:35.200000,2024-05-21 10:38:26.333333,1.8522222166666666
51,2024-05-21 10:38:33.133333,2024-05-21 10:43:50.566667,5.290555566666667
51,2024-05-21 10:54:41.500000,2024-05-21 11:19:57.833333,25.272222216666666
51,2024-05-21 12:08:50.700000,2024-05-21 12:09:26.100000,0.59
51,2024-05-21 13:45:14.866667,2024-05-21 14:06:43.033333,21.469444433333333
51,2024-05-21 14:06:50.666667,2024-05-21 14:12:18.166667,5.458333333333333
51,2024-05-21 14:12:24.466667,2024-05-21 14:15:28.600000,3.0688888833333334
51,2024-05-21 14:15:37.800000,2024-05-21 14:20:08.533333,4.512222216666667
51,2024-05-21 14:20:14.566667,2024-05-21 14:24:10.466667,3.9316666666666666
51,2024-05-21 14:37:56.833333,2024-05-21 14:40:25.033333,2.4699999999999998
51,2024-05-21 14:44:32.033333,2024-05-21 14:53:25.466667,8.890555566666666
51,2024-05-21 14:53:49.233333,2024-05-21 15:17:38.300000,23.817777783333334
51,2024-05-21 16:22:25.000000,2024-05-21 16:23:09.066667,0.73444445
51,2024-05-21 16:23:23.066667,2024-05-21 16:28:03.266667,4.67
51,2024-05-21 17:46:20.033333,2024-05-21 18:21:22.700000,35.04444445
51,2024-05-22 09:17:06.933333,2024-05-22 09:30:17.566667,13.177222233333334
51,2024-05-22 09:30:24.500000,2024-05-22 09:32:21.533333,1.95055555
51,2024-05-22 09:32:25.333333,2024-05-22 09:33:23.833333,0.975
51,2024-05-22 09:33:24.366667,2024-05-22 09:34:22.466667,0.9683333333333334
51,2024-05-22 09:34:44.433333,2024-05-22 09:40:29.700000,5.754444449999999
51,2024-05-22 09:40:35.366667,2024-05-22 09:48:40.866667,8.091666666666667
51,2024-05-22 09:48:52.933333,2024-05-22 10:04:10.400000,15.291111116666666
51,2024-05-22 10:04:11.200000,2024-05-22 10:34:41.633333,30.507222216666666
51,2024-05-22 10:34:49.600000,2024-05-22 11:02:06.266667,27.27777778333333
51,2024-05-22 11:02:11.700000,2024-05-22 11:14:49.600000,12.631666666666666
51,2024-05-22 13:45:48.833333,2024-05-22 14:00:10.166667,14.355555566666668
51,2024-05-22 14:00:16.600000,2024-05-22 14:28:21.666667,28.08444445
51,2024-05-22 14:28:30.500000,2024-05-22 14:38:17.733333,9.787222216666667
51,2024-05-22 15:06:07.966667,2024-05-22 15:12:37.033333,6.4844444333333335
51,2024-05-22 15:15:38.000000,2024-05-22 15:28:55.433333,13.290555549999999
51,2024-05-22 15:29:06.133333,2024-05-22 15:43:08.733333,14.043333333333333
51,2024-05-22 15:43:28.666667,2024-05-22 15:48:00.433333,4.5294444333333335
51,2024-05-22 15:48:20.666667,2024-05-22 15:49:00.533333,0.6644444333333334
51,2024-05-22 15:50:17.300000,2024-05-22 15:55:55.833333,5.642222216666667
51,2024-05-22 15:55:57.066667,2024-05-22 15:56:50.600000,0.8922222166666667
51,2024-05-22 16:37:51.133333,2024-05-22 16:50:25.900000,12.57944445
51,2024-05-22 16:50:31.533333,2024-05-22 17:31:33.233333,41.02833333333333
51,2024-05-22 18:20:32.500000,2024-05-22 18:27:56.333333,7.397222216666666
51,2024-05-22 18:28:31.566667,2024-05-22 18:36:48.533333,8.282777766666666
51,2024-05-22 18:36:49.400000,2024-05-22 18:45:57.466667,9.13444445
51,2024-05-23 09:14:35.266667,2024-05-23 09:29:26.266667,14.85
51,2024-05-23 09:29:36.733333,2024-05-23 09:42:05.000000,12.471111116666666
51,2024-05-23 09:42:18.100000,2024-05-23 09:52:38.033333,10.332222216666667
51,2024-05-23 09:52:51.966667,2024-05-23 09:55:56.066667,3.0683333333333334
51,2024-05-23 09:58:01.666667,2024-05-23 10:11:50.366667,13.811666666666667
51,2024-05-23 10:12:37.166667,2024-05-23 10:35:03.666667,22.441666666666666
51,2024-05-23 10:36:22.600000,2024-05-23 11:35:29.166667,59.10944445
51,2024-05-23 12:14:53.133333,2024-05-23 12:18:21.133333,3.466666666666667
51,2024-05-23 12:19:25.600000,2024-05-23 12:22:21.833333,2.9372222166666666
51,2024-05-23 12:24:23.700000,2024-05-23 12:25:36.400000,1.2116666666666667
51,2024-05-23 12:25:49.533333,2024-05-23 12:26:33.900000,0.73944445
51,2024-05-23 12:28:00.933333,2024-05-23 12:56:36.533333,28.59333333333333
51,2024-05-23 12:57:55.966667,2024-05-23 13:12:28.933333,14.549444433333333
51,2024-05-23 13:13:22.933333,2024-05-23 13:21:45.033333,8.368333333333334
51,2024-05-23 13:22:38.733333,2024-05-23 13:57:52.766667,35.233888900000004
51,2024-05-23 16:47:41.933333,2024-05-23 17:38:55.366667,51.2238889
51,2024-05-23 17:38:55.733333,2024-05-23 17:51:45.000000,12.821111116666666
51,2024-05-23 17:51:57.033333,2024-05-23 17:52:41.933333,0.7483333333333333
52,2024-04-28 15:52:52.766667,2024-04-28 17:04:23.333333,71.50944443333333
52,2024-04-29 11:13:53.900000,2024-04-29 12:46:43.466667,92.82611111666667
52,2024-04-30 14:19:27.100000,2024-04-30 14:33:14.133333,13.783888883333333
52,2024-05-01 16:56:53.400000,2024-05-01 17:06:44.333333,9.848888883333332
52,2024-05-01 17:07:03.800000,2024-05-01 17:47:37.033333,40.553888883333336
52,2024-05-01 17:47:57.400000,2024-05-01 18:51:53.733333,63.938888883333334
52,2024-05-02 09:30:02.066667,2024-05-02 10:21:59.766667,51.961666666666666
52,2024-05-06 16:58:36.400000,2024-05-06 16:59:45.200000,1.1466666666666667
52,2024-05-06 17:05:45.933333,2024-05-06 17:07:46.533333,2.01
52,2024-05-06 17:10:15.100000,2024-05-06 17:21:12.366667,10.95444445
52,2024-05-06 17:21:16.866667,2024-05-06 17:25:46.766667,4.498333333333333
52,2024-05-06 17:32:35.500000,2024-05-06 17:39:02.700000,6.453333333333333
52,2024-05-06 17:53:56.033333,2024-05-06 17:56:33.633333,2.6266666666666665
52,2024-05-06 17:56:38.000000,2024-05-06 18:36:02.333333,39.40555555
52,2024-05-07 09:12:36.700000,2024-05-07 09:59:31.300000,46.91
52,2024-05-07 10:11:02.533333,2024-05-07 10:24:09.966667,13.123888899999999
52,2024-05-07 10:24:39.000000,2024-05-07 10:29:29.166667,4.836111116666667
52,2024-05-07 10:29:34.066667,2024-05-07 10:35:52.766667,6.3116666666666665
52,2024-05-07 10:35:59.266667,2024-05-07 10:45:04.600000,9.088888883333334
52,2024-05-07 10:45:19.566667,2024-05-07 11:06:26.533333,21.1161111
52,2024-05-07 11:06:31.433333,2024-05-07 11:17:49.700000,11.30444445
52,2024-05-07 11:17:50.466667,2024-05-07 11:34:05.733333,16.254444433333333
52,2024-05-07 11:34:09.033333,2024-05-07 11:55:36.833333,21.46333333333333
52,2024-05-07 11:55:41.700000,2024-05-07 11:59:36.966667,3.921111116666667
52,2024-05-07 11:59:41.833333,2024-05-07 12:01:22.733333,1.6816666666666669
52,2024-05-07 12:07:51.200000,2024-05-07 12:14:24.166667,6.549444449999999
52,2024-05-07 12:14:28.800000,2024-05-07 12:20:24.433333,5.927222216666666
52,2024-05-07 12:20:28.500000,2024-05-07 12:50:28.566667,30.001111116666667
52,2024-05-07 12:50:30.600000,2024-05-07 13:02:06.066667,11.591111116666667
52,2024-05-07 13:02:08.300000,2024-05-07 13:03:21.333333,1.2172222166666666
52,2024-05-07 13:03:31.400000,2024-05-07 13:04:38.233333,1.1138888833333334
52,2024-05-07 13:24:37.900000,2024-05-07 13:37:17.233333,12.65555555
52,2024-05-07 13:37:34.533333,2024-05-07 13:54:24.866667,16.8388889
52,2024-05-07 13:54:29.000000,2024-05-07 13:57:57.733333,3.478888883333333
52,2024-05-07 13:57:58.766667,2024-05-07 14:00:47.766667,2.816666666666667
52,2024-05-07 14:22:39.800000,2024-05-07 14:25:15.400000,2.5933333333333333
52,2024-05-07 15:59:14.866667,2024-05-07 16:04:09.300000,4.907222216666667
52,2024-05-07 16:18:18.333333,2024-05-07 16:53:41.433333,35.385
52,2024-05-07 16:53:42.766667,2024-05-07 16:54:45.233333,1.0411111
52,2024-05-07 16:55:12.000000,2024-05-07 18:21:28.700000,86.27833333333334
52,2024-05-07 18:28:13.933333,2024-05-07 18:33:54.433333,5.675
52,2024-05-07 18:34:05.100000,2024-05-07 18:38:55.900000,4.846666666666667
52,2024-05-07 18:38:56.433333,2024-05-07 18:51:21.200000,12.412777783333333
52,2024-05-08 10:16:34.400000,2024-05-08 10:17:51.900000,1.2916666666666667
52,2024-05-08 14:22:28.333333,2024-05-08 14:47:56.633333,25.471666666666668
52,2024-05-17 13:42:10.566667,2024-05-17 13:46:22.166667,4.193333333333333
52,2024-05-17 13:46:41.100000,2024-05-17 14:45:42.766667,59.027777783333335
52,2024-05-17 14:46:30.466667,2024-05-17 15:21:51.933333,35.357777766666665
52,2024-05-17 15:21:52.766667,2024-05-17 16:26:37.600000,64.74722221666667
52,2024-05-18 09:17:57.833333,2024-05-18 09:29:23.233333,11.423333333333334
52,2024-05-18 09:29:25.800000,2024-05-18 09:32:40.366667,3.242777783333333
52,2024-05-18 16:47:17.633333,2024-05-18 16:51:22.866667,4.087222233333334
52,2024-05-18 17:22:53.000000,2024-05-18 17:31:08.300000,8.255
52,2024-05-18 17:32:45.500000,2024-05-18 17:45:48.733333,13.053888883333334
52,2024-05-18 17:47:33.600000,2024-05-18 17:49:15.166667,1.6927777833333333
52,2024-05-19 09:05:31.166667,2024-05-19 10:56:55.766667,111.41000000000001
52,2024-05-19 10:57:21.733333,2024-05-19 11:01:47.600000,4.431111116666667
52,2024-05-19 11:03:17.866667,2024-05-19 11:10:19.133333,7.0211111
52,2024-05-19 11:30:22.633333,2024-05-19 11:31:39.566667,1.2822222333333333
52,2024-05-19 11:32:45.200000,2024-05-19 11:53:03.000000,20.296666666666667
52,2024-05-19 11:53:12.166667,2024-05-19 12:07:50.333333,14.636111099999999
52,2024-05-19 12:11:03.066667,2024-05-19 12:12:35.600000,1.5422222166666666
52,2024-05-19 12:14:54.566667,2024-05-19 12:15:57.433333,1.0477777666666668
52,2024-05-19 12:18:44.700000,2024-05-19 12:20:07.600000,1.3816666666666668
52,2024-05-19 12:23:23.266667,2024-05-19 12:43:44.566667,20.355
52,2024-05-19 12:45:55.500000,2024-05-19 12:53:46.400000,7.848333333333333
52,2024-05-19 12:55:59.533333,2024-05-19 12:57:13.333333,1.23
52,2024-05-19 13:00:10.366667,2024-05-19 13:20:07.700000,19.95555555
52,2024-05-19 13:22:05.800000,2024-05-19 13:23:32.133333,1.4388888833333333
52,2024-05-19 13:24:20.233333,2024-05-19 13:47:10.200000,22.83277778333333
52,2024-05-19 13:51:43.800000,2024-05-19 13:53:42.533333,1.9788888833333333
52,2024-05-19 13:55:18.766667,2024-05-19 13:57:06.666667,1.7983333333333333
52,2024-05-19 14:06:53.866667,2024-05-19 14:18:28.066667,11.57
52,2024-05-19 14:18:33.500000,2024-05-19 14:34:28.500000,15.916666666666666
52,2024-05-19 14:37:07.500000,2024-05-19 14:40:09.400000,3.0316666666666667
52,2024-05-19 14:41:25.266667,2024-05-19 14:45:58.300000,4.55055555
52,2024-05-19 14:49:26.366667,2024-05-19 14:54:49.866667,5.391666666666667
52,2024-05-19 14:54:59.700000,2024-05-19 14:59:48.066667,4.806111116666667
52,2024-05-19 15:00:25.966667,2024-05-19 15:04:00.333333,3.572777766666667
52,2024-05-19 15:17:29.033333,2024-05-19 15:28:01.300000,10.537777783333333
52,2024-05-19 15:28:46.200000,2024-05-19 15:32:45.200000,3.9833333333333334
52,2024-05-19 15:36:55.466667,2024-05-19 15:39:07.866667,2.2066666666666666
52,2024-05-19 15:42:32.500000,2024-05-19 15:55:12.166667,12.661111116666666
52,2024-05-19 15:56:51.266667,2024-05-19 16:04:53.533333,8.037777766666666
52,2024-05-19 16:10:30.066667,2024-05-19 16:18:48.833333,8.312777766666667
52,2024-05-19 16:19:27.500000,2024-05-19 16:20:25.333333,0.9638888833333333
52,2024-05-19 16:44:15.600000,2024-05-19 16:45:21.433333,1.0972222166666665
52,2024-05-19 16:52:04.066667,2024-05-19 16:56:31.733333,4.4611111
52,2024-05-19 16:57:32.533333,2024-05-19 17:05:47.633333,8.251666666666667
52,2024-05-19 17:10:35.433333,2024-05-19 17:11:30.233333,0.9133333333333333
52,2024-05-19 17:12:15.066667,2024-05-19 17:13:06.666667,0.86
52,2024-05-19 17:18:15.966667,2024-05-19 17:20:31.266667,2.2550000000000003
52,2024-05-19 17:40:35.833333,2024-05-19 17:42:09.133333,1.555
52,2024-05-20 09:00:45.533333,2024-05-20 09:04:08.700000,3.3861111166666666
52,2024-05-20 09:05:24.166667,2024-05-20 09:14:09.766667,8.76
52,2024-05-20 09:18:11.100000,2024-05-20 09:35:12.666667,17.026111116666666
52,2024-05-20 09:35:22.633333,2024-05-20 10:02:30.300000,27.127777783333332
52,2024-05-20 10:02:31.400000,2024-05-20 10:19:28.466667,16.951111116666667
52,2024-05-20 10:19:45.000000,2024-05-20 10:21:09.166667,1.4027777833333335
52,2024-05-20 10:21:19.500000,2024-05-20 10:44:48.433333,23.482222216666667
52,2024-05-20 11:36:10.766667,2024-05-20 11:43:48.666667,7.631666666666666
52,2024-05-20 11:44:23.733333,2024-05-20 11:51:43.833333,7.335
52,2024-05-20 11:51:53.166667,2024-05-20 11:56:35.500000,4.70555555
52,2024-05-20 11:56:43.066667,2024-05-20 12:09:27.333333,12.737777766666666
52,2024-05-20 12:10:52.200000,2024-05-20 12:12:46.166667,1.89944445
52,2024-05-20 12:26:06.533333,2024-05-20 12:29:43.466667,3.6155555666666666
52,2024-05-20 12:30:02.833333,2024-05-20 12:32:45.600000,2.7127777833333337
52,2024-05-20 12:32:54.266667,2024-05-20 12:34:17.866667,1.3933333333333333
52,2024-05-20 12:35:43.866667,2024-05-20 12:40:13.933333,4.5011111
52,2024-05-20 12:40:34.433333,2024-05-20 12:41:22.500000,0.8011111166666667
52,2024-05-20 12:41:47.800000,2024-05-20 12:50:36.866667,8.817777783333334
52,2024-05-20 12:50:59.166667,2024-05-20 12:54:13.733333,3.242777766666667
52,2024-05-20 12:54:30.400000,2024-05-20 13:02:44.433333,8.233888883333334
52,2024-05-20 13:02:51.800000,2024-05-20 13:03:24.300000,0.5416666666666666
52,2024-05-20 13:03:50.200000,2024-05-20 13:04:33.133333,0.7155555499999999
52,2024-05-20 13:05:01.600000,2024-05-20 13:05:49.200000,0.7933333333333333
52,2024-05-20 13:12:08.733333,2024-05-20 13:15:47.700000,3.64944445
52,2024-05-20 13:16:22.366667,2024-05-20 13:18:20.933333,1.9761111
52,2024-05-20 13:18:28.600000,2024-05-20 13:21:01.766667,2.552777783333333
52,2024-05-20 13:21:11.533333,2024-05-20 13:30:49.866667,9.638888900000001
52,2024-05-20 13:30:58.300000,2024-05-20 13:38:47.100000,7.8133333333333335
52,2024-05-20 13:53:31.200000,2024-05-20 14:13:02.500000,19.521666666666665
52,2024-05-20 14:25:43.600000,2024-05-20 15:00:58.133333,35.24222221666666
52,2024-05-20 15:02:48.266667,2024-05-20 15:10:40.166667,7.864999999999999
52,2024-05-20 15:16:33.033333,2024-05-20 15:18:26.033333,1.8833333333333333
52,2024-05-20 15:48:03.233333,2024-05-20 15:57:04.900000,9.027777783333333
52,2024-05-20 16:04:09.866667,2024-05-20 16:29:09.066667,24.986666666666668
52,2024-05-20 16:29:31.766667,2024-05-20 16:41:25.333333,11.892777766666667
52,2024-05-20 16:42:00.233333,2024-05-20 16:44:30.766667,2.5088889
52,2024-05-20 17:17:54.033333,2024-05-20 17:37:41.133333,19.785
52,2024-05-20 17:44:42.833333,2024-05-20 17:48:01.133333,3.305
52,2024-05-20 17:48:43.566667,2024-05-20 18:20:13.500000,31.498888883333333
52,2024-05-20 18:53:37.433333,2024-05-20 18:58:28.800000,4.856111116666667
52,2024-05-21 09:26:01.333333,2024-05-21 09:27:29.433333,1.4683333333333333
52,2024-05-21 09:36:49.800000,2024-05-21 09:37:44.233333,0.9072222166666666
52,2024-05-21 09:43:54.066667,2024-05-21 09:48:47.633333,4.892777766666667
52,2024-05-21 10:00:08.933333,2024-05-21 10:04:21.700000,4.212777783333333
52,2024-05-21 10:05:22.800000,2024-05-21 10:14:09.100000,8.771666666666667
52,2024-05-21 10:19:40.766667,2024-05-21 10:25:35.300000,5.908888883333334
52,2024-05-21 10:27:34.566667,2024-05-21 10:29:16.866667,1.7049999999999998
52,2024-05-21 10:29:40.833333,2024-05-21 10:31:04.300000,1.3911111166666668
52,2024-05-21 10:42:22.733333,2024-05-21 10:44:22.966667,2.0038889
52,2024-05-21 10:45:43.133333,2024-05-21 11:22:21.300000,36.63611111666667
52,2024-05-21 11:22:48.566667,2024-05-21 11:23:57.766667,1.1533333333333333
52,2024-05-21 11:25:10.133333,2024-05-21 11:42:51.000000,17.681111116666667
52,2024-05-21 12:28:12.366667,2024-05-21 13:11:21.633333,43.15444443333333
52,2024-05-21 13:22:27.066667,2024-05-21 13:35:05.366667,12.638333333333332
52,2024-05-21 13:35:27.866667,2024-05-21 13:44:18.533333,8.844444433333333
52,2024-05-21 13:44:51.066667,2024-05-21 13:46:31.900000,1.68055555
52,2024-05-21 13:56:37.766667,2024-05-21 13:58:03.566667,1.43
52,2024-05-21 13:58:21.966667,2024-05-21 14:00:54.666667,2.545
52,2024-05-21 14:03:43.066667,2024-05-21 14:04:49.766667,1.1116666666666668
52,2024-05-21 14:07:21.866667,2024-05-21 14:12:28.900000,5.117222216666667
52,2024-05-21 14:13:54.000000,2024-05-21 14:15:40.833333,1.7805555499999999
52,2024-05-21 14:15:52.766667,2024-05-21 14:17:08.600000,1.2638888833333333
52,2024-05-21 14:18:47.600000,2024-05-21 14:24:36.966667,5.822777783333334
52,2024-05-21 14:33:59.700000,2024-05-21 14:50:46.933333,16.787222216666667
52,2024-05-21 14:57:07.300000,2024-05-21 15:07:33.800000,10.441666666666666
52,2024-05-21 15:08:47.733333,2024-05-21 16:11:21.633333,62.565000000000005
52,2024-05-21 16:18:48.466667,2024-05-21 16:24:08.300000,5.33055555
52,2024-05-21 16:26:13.133333,2024-05-21 16:38:37.833333,12.411666666666667
52,2024-05-21 17:30:33.100000,2024-05-21 17:37:54.500000,7.3566666666666665
52,2024-05-21 17:39:13.866667,2024-05-21 17:40:04.200000,0.8388888833333333
52,2024-05-22 08:56:28.066667,2024-05-22 09:01:57.066667,5.483333333333333
52,2024-05-22 09:31:55.233333,2024-05-22 09:32:38.033333,0.7133333333333333
52,2024-05-22 09:32:46.700000,2024-05-22 09:33:28.633333,0.6988888833333333
52,2024-05-22 09:34:06.266667,2024-05-22 09:40:11.000000,6.078888883333334
52,2024-05-22 09:40:19.633333,2024-05-22 09:40:51.366667,0.5288889
52,2024-05-22 09:40:59.500000,2024-05-22 09:44:30.433333,3.51555555
52,2024-05-22 09:45:05.166667,2024-05-22 09:51:09.466667,6.071666666666667
52,2024-05-22 09:52:10.900000,2024-05-22 10:00:40.333333,8.49055555
52,2024-05-22 10:01:51.766667,2024-05-22 10:04:54.333333,3.0427777666666667
52,2024-05-22 10:05:11.066667,2024-05-22 10:06:22.733333,1.1944444333333335
52,2024-05-22 10:07:40.066667,2024-05-22 10:13:07.666667,5.46
52,2024-05-22 10:22:23.000000,2024-05-22 10:32:32.766667,10.162777783333333
52,2024-05-22 10:33:13.766667,2024-05-22 10:41:20.666667,8.115
52,2024-05-22 10:49:12.166667,2024-05-22 10:52:54.733333,3.709444433333333
52,2024-05-22 10:53:21.700000,2024-05-22 11:08:26.433333,15.078888883333333
52,2024-05-22 11:09:12.133333,2024-05-22 11:39:11.666667,29.992222233333333
52,2024-05-22 11:40:23.033333,2024-05-22 11:43:06.300000,2.721111116666667
52,2024-05-22 11:44:49.733333,2024-05-22 11:49:43.366667,4.893888899999999
52,2024-05-22 11:54:58.266667,2024-05-22 12:04:11.566667,9.221666666666666
52,2024-05-22 12:05:40.666667,2024-05-22 12:13:00.533333,7.3311111
52,2024-05-22 12:23:21.266667,2024-05-22 12:31:47.966667,8.445
52,2024-05-22 12:49:24.833333,2024-05-22 13:14:54.733333,25.498333333333335
52,2024-05-22 13:26:35.033333,2024-05-22 13:54:50.866667,28.263888899999998
52,2024-05-22 13:55:09.166667,2024-05-22 14:00:29.533333,5.339444433333333
52,2024-05-22 14:00:51.166667,2024-05-22 14:01:38.400000,0.7872222166666667
52,2024-05-22 14:03:48.700000,2024-05-22 14:33:03.566667,29.247777783333333
52,2024-05-22 14:34:49.500000,2024-05-22 14:35:37.533333,0.80055555
52,2024-05-22 14:37:26.466667,2024-05-22 15:06:12.533333,28.767777766666665
52,2024-05-22 15:07:20.566667,2024-05-22 15:20:34.966667,13.24
52,2024-05-22 15:20:43.266667,2024-05-22 15:58:20.200000,37.615555549999996
52,2024-05-22 15:58:49.266667,2024-05-22 16:07:39.633333,8.839444433333334
52,2024-05-22 16:09:46.366667,2024-05-22 16:16:16.533333,6.502777766666667
52,2024-05-22 16:20:19.200000,2024-05-22 16:26:58.366667,6.652777783333334
52,2024-05-22 16:27:43.500000,2024-05-22 16:34:21.200000,6.628333333333333
52,2024-05-22 16:39:09.366667,2024-05-22 16:42:32.633333,3.3877777666666664
52,2024-05-22 16:44:42.466667,2024-05-22 16:56:41.333333,11.9811111
52,2024-05-22 16:56:54.933333,2024-05-22 17:07:51.033333,10.935
52,2024-05-22 17:40:19.700000,2024-05-22 17:48:11.466667,7.862777783333333
52,2024-05-23 09:21:44.733333,2024-05-23 09:27:10.266667,5.4255555666666675
52,2024-05-23 09:50:23.866667,2024-05-23 09:59:38.300000,9.24055555
52,2024-05-23 09:59:48.633333,2024-05-23 10:16:19.600000,16.516111116666668
52,2024-05-23 10:18:23.266667,2024-05-23 11:07:10.466667,48.78666666666666
52,2024-05-23 11:08:43.600000,2024-05-23 11:34:27.866667,25.737777783333335
52,2024-05-23 11:35:40.733333,2024-05-23 11:39:44.866667,4.0688889
52,2024-05-23 12:17:57.700000,2024-05-23 12:21:55.100000,3.9566666666666666
52,2024-05-23 12:22:17.300000,2024-05-23 12:31:18.000000,9.011666666666667
52,2024-05-23 12:32:35.700000,2024-05-23 12:33:21.066667,0.7561111166666666
52,2024-05-23 12:42:10.466667,2024-05-23 12:48:06.900000,5.94055555
52,2024-05-23 12:48:23.933333,2024-05-23 12:54:50.466667,6.442222233333334
52,2024-05-23 12:55:37.966667,2024-05-23 12:58:39.866667,3.0316666666666667
52,2024-05-23 12:59:38.400000,2024-05-23 13:00:28.566667,0.8361111166666666
52,2024-05-23 13:01:33.433333,2024-05-23 13:02:22.433333,0.8166666666666667
52,2024-05-23 13:11:27.500000,2024-05-23 13:13:54.766667,2.45444445
52,2024-05-23 13:14:39.000000,2024-05-23 13:15:52.400000,1.2233333333333334
52,2024-05-23 13:21:02.400000,2024-05-23 13:23:17.900000,2.2583333333333333
52,2024-05-23 13:24:13.233333,2024-05-23 13:26:41.333333,2.4683333333333333
52,2024-05-23 13:29:24.866667,2024-05-23 13:32:25.300000,3.007222216666667
52,2024-05-23 13:35:08.466667,2024-05-23 13:38:05.933333,2.9577777666666667
52,2024-05-23 13:46:39.066667,2024-05-23 13:48:00.700000,1.36055555
52,2024-05-23 13:50:01.000000,2024-05-23 13:53:56.166667,3.91944445
52,2024-05-23 13:54:09.966667,2024-05-23 13:59:13.866667,5.0649999999999995
52,2024-05-23 13:59:15.400000,2024-05-23 15:46:19.766667,107.07277778333334
53,2024-04-20 10:25:15.400000,2024-04-20 10:43:31.300000,18.265
53,2024-04-23 12:53:59.400000,2024-04-23 12:56:15.600000,2.27
53,2024-04-23 12:58:13.366667,2024-04-23 12:59:59.566667,1.77
53,2024-04-23 13:00:00.000000,2024-04-23 13:02:39.400000,2.6566666666666667
53,2024-04-24 14:13:59.966667,2024-04-24 15:32:57.800000,78.96388888333333
53,2024-04-25 09:34:09.033333,2024-04-25 10:14:57.300000,40.80444445
53,2024-04-25 10:46:17.733333,2024-04-25 11:27:46.233333,41.475
53,2024-04-28 15:23:39.066667,2024-04-28 17:06:05.100000,102.43388888333334
53,2024-04-29 09:45:10.066667,2024-04-29 11:25:35.566667,100.425
53,2024-04-29 11:25:48.966667,2024-04-29 12:47:25.833333,81.61444443333333
53,2024-04-29 12:53:04.666667,2024-04-29 13:42:15.433333,49.17944443333333
53,2024-04-29 13:55:22.166667,2024-04-29 14:51:20.966667,55.980000000000004
53,2024-05-01 13:43:08.733333,2024-05-01 14:20:29.033333,37.33833333333334
53,2024-05-01 17:15:52.800000,2024-05-01 17:28:57.600000,13.08
53,2024-05-01 17:30:13.800000,2024-05-01 17:48:33.033333,18.320555549999998
53,2024-05-01 17:54:09.666667,2024-05-01 18:49:13.466667,55.06333333333334
53,2024-05-02 10:15:12.666667,2024-05-02 10:54:43.500000,39.51388888333334
53,2024-05-02 10:56:22.066667,2024-05-02 11:10:25.166667,14.051666666666668
53,2024-05-02 11:48:46.766667,2024-05-02 12:03:32.700000,14.765555549999998
53,2024-05-06 17:02:56.100000,2024-05-06 17:05:02.933333,2.1138888833333334
53,2024-05-06 17:07:05.800000,2024-05-06 17:07:50.166667,0.73944445
53,2024-05-06 17:09:34.866667,2024-05-06 17:10:24.266667,0.8233333333333334
53,2024-05-06 17:14:42.333333,2024-05-06 17:15:16.566667,0.5705555666666666
53,2024-05-06 17:23:43.400000,2024-05-06 17:25:51.700000,2.1383333333333336
53,2024-05-06 17:26:49.600000,2024-05-06 17:28:24.100000,1.575
53,2024-05-06 17:30:01.100000,2024-05-06 17:31:20.800000,1.3283333333333334
53,2024-05-06 17:32:30.433333,2024-05-06 17:33:15.700000,0.7544444499999999
53,2024-05-06 17:36:03.700000,2024-05-06 17:36:34.400000,0.5116666666666666
53,2024-05-06 17:36:55.233333,2024-05-06 17:38:24.733333,1.4916666666666667
53,2024-05-06 17:38:54.966667,2024-05-06 17:39:50.666667,0.9283333333333333
53,2024-05-06 17:41:37.000000,2024-05-06 17:50:31.233333,8.903888883333334
53,2024-05-06 17:55:55.700000,2024-05-06 17:56:40.066667,0.73944445
53,2024-05-06 18:01:23.266667,2024-05-06 18:03:59.100000,2.5972222166666667
53,2024-05-06 18:10:05.733333,2024-05-06 18:11:33.166667,1.4572222333333333
53,2024-05-06 18:11:44.233333,2024-05-06 18:12:41.900000,0.9611111166666666
53,2024-05-06 18:15:45.166667,2024-05-06 18:24:04.566667,8.323333333333332
53,2024-05-06 18:24:14.466667,2024-05-06 18:34:51.966667,10.625
53,2024-05-07 09:33:56.233333,2024-05-07 09:42:29.533333,8.555
53,2024-05-07 09:44:25.633333,2024-05-07 10:11:05.000000,26.65611111666667
53,2024-05-07 10:13:36.466667,2024-05-07 10:24:41.200000,11.078888883333333
53,2024-05-07 10:37:57.933333,2024-05-07 10:39:33.333333,1.59
53,2024-05-07 10:39:42.466667,2024-05-07 10:45:22.166667,5.661666666666666
53,2024-05-07 10:58:00.633333,2024-05-07 11:12:42.200000,14.692777783333334
53,2024-05-07 11:14:55.566667,2024-05-07 11:21:44.000000,6.807222216666667
53,2024-05-07 11:23:53.700000,2024-05-07 11:33:44.200000,9.841666666666667
53,2024-05-07 11:36:33.600000,2024-05-07 11:45:34.933333,9.022222216666668
53,2024-05-07 11:53:45.533333,2024-05-07 11:59:44.333333,5.98
53,2024-05-07 12:10:01.000000,2024-05-07 12:14:31.100000,4.501666666666667
53,2024-05-07 12:22:30.966667,2024-05-07 12:30:04.366667,7.556666666666667
53,2024-05-07 12:36:38.400000,2024-05-07 12:40:18.500000,3.6683333333333334
53,2024-05-07 12:40:35.266667,2024-05-07 12:43:06.033333,2.5127777666666664
53,2024-05-07 12:44:55.600000,2024-05-07 12:47:16.300000,2.3449999999999998
53,2024-05-07 12:49:23.500000,2024-05-07 12:50:06.633333,0.7188888833333333
53,2024-05-07 12:52:43.433333,2024-05-07 12:54:14.066667,1.5105555666666668
53,2024-05-07 12:54:49.833333,2024-05-07 12:56:19.533333,1.495
53,2024-05-07 12:57:44.066667,2024-05-07 13:00:01.933333,2.297777766666667
53,2024-05-07 13:00:12.766667,2024-05-07 13:01:06.666667,0.8983333333333333
53,2024-05-07 13:02:03.000000,2024-05-07 13:03:35.433333,1.54055555
53,2024-05-07 13:04:01.500000,2024-05-07 13:05:26.433333,1.41555555
53,2024-05-07 13:06:34.733333,2024-05-07 13:08:17.933333,1.72
53,2024-05-07 13:20:48.533333,2024-05-07 13:23:31.766667,2.720555566666667
53,2024-05-07 13:59:45.800000,2024-05-07 14:02:13.866667,2.467777783333333
53,2024-05-07 14:05:12.066667,2024-05-07 14:05:49.833333,0.6294444333333333
53,2024-05-07 14:07:50.400000,2024-05-07 14:08:31.400000,0.6833333333333333
53,2024-05-07 14:08:43.900000,2024-05-07 14:10:34.500000,1.8433333333333333
53,2024-05-07 14:10:38.800000,2024-05-07 14:12:09.300000,1.5083333333333333
53,2024-05-07 14:17:23.666667,2024-05-07 14:22:41.600000,5.298888883333333
53,2024-05-07 14:26:09.533333,2024-05-07 14:26:46.500000,0.6161111166666667
53,2024-05-07 14:27:29.733333,2024-05-07 14:28:11.200000,0.6911111166666667
53,2024-05-07 14:29:03.466667,2024-05-07 14:30:06.400000,1.0488888833333332
53,2024-05-07 14:32:48.133333,2024-05-07 14:33:19.800000,0.5277777833333334
53,2024-05-07 14:33:28.433333,2024-05-07 14:36:34.066667,3.0938889
53,2024-05-07 14:37:13.066667,2024-05-07 14:48:12.333333,10.987777766666666
53,2024-05-07 14:50:52.033333,2024-05-07 14:51:22.733333,0.5116666666666666
53,2024-05-07 15:07:34.666667,2024-05-07 15:10:39.900000,3.0872222166666665
53,2024-05-07 15:16:39.166667,2024-05-07 15:18:07.366667,1.47
53,2024-05-07 15:18:17.566667,2024-05-07 15:18:57.333333,0.6627777666666667
53,2024-05-07 15:19:32.033333,2024-05-07 15:23:00.500000,3.47444445
53,2024-05-07 15:39:11.866667,2024-05-07 15:52:11.033333,12.986111099999999
53,2024-05-07 15:59:57.866667,2024-05-07 16:06:40.000000,6.702222216666667
53,2024-05-07 16:15:18.166667,2024-05-07 16:18:20.233333,3.0344444333333334
53,2024-05-07 16:19:09.766667,2024-05-07 16:19:42.400000,0.5438888833333333
53,2024-05-07 16:22:24.166667,2024-05-07 16:27:21.433333,4.954444433333333
53,2024-05-07 16:31:12.533333,2024-05-07 16:34:05.466667,2.882222233333333
53,2024-05-07 16:34:05.966667,2024-05-07 16:35:26.700000,1.34555555
53,2024-05-07 16:36:34.566667,2024-05-07 16:38:25.700000,1.8522222166666666
53,2024-05-07 16:55:43.766667,2024-05-07 16:57:26.233333,1.7077777666666667
53,2024-05-07 16:58:37.666667,2024-05-07 17:00:40.800000,2.0522222166666664
53,2024-05-07 17:02:07.133333,2024-05-07 17:08:44.966667,6.630555566666667
53,2024-05-07 17:14:26.233333,2024-05-07 17:20:35.833333,6.16
53,2024-05-07 17:21:41.400000,2024-05-07 17:30:40.833333,8.99055555
53,2024-05-07 17:32:49.433333,2024-05-07 17:34:53.533333,2.0683333333333334
53,2024-05-07 17:37:41.266667,2024-05-07 17:39:12.833333,1.5261111
53,2024-05-07 17:41:45.733333,2024-05-07 17:53:34.166667,11.807222233333333
53,2024-05-07 17:56:55.566667,2024-05-07 17:57:48.900000,0.8888888833333334
53,2024-05-07 18:04:13.266667,2024-05-07 18:06:21.733333,2.1411111000000003
53,2024-05-07 18:13:02.033333,2024-05-07 18:14:13.200000,1.1861111166666667
53,2024-05-07 18:14:55.000000,2024-05-07 18:21:54.066667,6.98444445
53,2024-05-07 18:22:02.166667,2024-05-07 18:28:16.000000,6.23055555
53,2024-05-07 18:33:50.033333,2024-05-07 18:34:25.066667,0.5838889
53,2024-05-07 18:37:22.633333,2024-05-07 18:38:58.333333,1.595
53,2024-05-07 18:39:50.900000,2024-05-07 18:46:51.766667,7.01444445
53,2024-05-07 18:49:04.900000,2024-05-07 18:51:24.900000,2.3333333333333335
53,2024-05-08 09:27:20.600000,2024-05-08 09:32:15.500000,4.915
53,2024-05-08 09:34:04.200000,2024-05-08 09:34:35.100000,0.515
53,2024-05-08 09:34:45.733333,2024-05-08 09:36:44.000000,1.9711111166666666
53,2024-05-08 09:38:09.833333,2024-05-08 09:40:27.766667,2.2988889
53,2024-05-08 09:41:51.033333,2024-05-08 09:44:34.500000,2.72444445
53,2024-05-08 09:46:07.833333,2024-05-08 09:47:27.133333,1.3216666666666665
53,2024-05-08 09:51:38.100000,2024-05-08 09:52:43.133333,1.0838888833333333
53,2024-05-08 09:55:31.866667,2024-05-08 09:57:15.400000,1.72555555
53,2024-05-08 10:00:11.800000,2024-05-08 10:01:36.500000,1.4116666666666666
53,2024-05-08 10:02:00.233333,2024-05-08 10:03:21.966667,1.3622222333333334
53,2024-05-08 10:03:58.000000,2024-05-08 10:05:03.233333,1.0872222166666667
53,2024-05-08 10:05:58.200000,2024-05-08 10:07:09.666667,1.1911111166666666
53,2024-05-08 10:09:15.833333,2024-05-08 10:14:04.300000,4.807777783333333
53,2024-05-08 10:15:59.500000,2024-05-08 11:08:40.333333,52.68055555
53,2024-05-08 11:30:40.866667,2024-05-08 11:31:44.066667,1.0533333333333335
53,2024-05-08 11:32:17.433333,2024-05-08 12:24:34.766667,52.288888899999996
53,2024-05-08 12:24:39.000000,2024-05-08 12:29:36.666667,4.961111116666667
53,2024-05-09 12:43:43.700000,2024-05-09 13:09:04.366667,25.34444445
53,2024-05-09 13:09:52.600000,2024-05-09 13:30:29.200000,20.61
53,2024-05-18 15:27:15.033333,2024-05-18 15:28:07.800000,0.8794444499999999
53,2024-05-18 15:30:57.433333,2024-05-18 15:52:42.766667,21.755555566666665
53,2024-05-18 15:54:02.133333,2024-05-18 16:05:33.066667,11.515555566666666
53,2024-05-18 16:38:45.133333,2024-05-18 16:41:36.433333,2.855
53,2024-05-18 16:43:23.533333,2024-05-18 17:09:20.666667,25.952222233333334
53,2024-05-18 17:12:16.700000,2024-05-18 17:24:21.400000,12.078333333333335
53,2024-05-18 17:26:16.233333,2024-05-18 17:37:12.933333,10.945
53,2024-05-18 17:39:16.433333,2024-05-18 17:40:29.700000,1.2211111166666666
53,2024-05-18 17:44:19.200000,2024-05-18 18:54:33.066667,70.23111111666667
53,2024-05-19 09:08:59.066667,2024-05-19 09:09:45.600000,0.77555555
53,2024-05-19 09:11:51.233333,2024-05-19 10:17:49.066667,65.9638889
53,2024-05-19 10:17:50.600000,2024-05-19 10:36:04.200000,18.226666666666667
53,2024-05-19 10:37:53.066667,2024-05-19 10:43:21.300000,5.47055555
53,2024-05-19 10:44:59.500000,2024-05-19 10:46:50.533333,1.85055555
53,2024-05-19 10:59:55.200000,2024-05-19 11:34:18.200000,34.38333333333333
53,2024-05-19 11:37:17.933333,2024-05-19 11:39:38.766667,2.3472222333333335
53,2024-05-19 11:40:47.800000,2024-05-19 12:00:03.466667,19.261111116666665
53,2024-05-19 12:00:23.200000,2024-05-19 12:11:47.933333,11.412222216666667
53,2024-05-19 12:11:51.100000,2024-05-19 12:14:57.966667,3.11444445
53,2024-05-19 12:16:27.966667,2024-05-19 12:19:15.566667,2.7933333333333334
53,2024-05-19 12:19:25.266667,2024-05-19 12:25:39.200000,6.232222216666667
53,2024-05-19 12:26:44.600000,2024-05-19 12:32:12.833333,5.47055555
53,2024-05-19 12:32:15.900000,2024-05-19 13:03:00.400000,30.741666666666667
53,2024-05-19 13:04:21.066667,2024-05-19 13:14:10.233333,9.819444433333333
53,2024-05-19 13:18:11.866667,2024-05-19 13:24:41.600000,6.495555550000001
53,2024-05-19 13:24:51.300000,2024-05-19 13:25:44.266667,0.8827777833333333
53,2024-05-19 13:27:15.600000,2024-05-19 13:31:17.733333,4.03555555
53,2024-05-19 13:31:59.900000,2024-05-19 13:37:09.100000,5.153333333333333
53,2024-05-19 13:37:09.533333,2024-05-19 13:38:16.900000,1.1227777833333334
53,2024-05-19 13:44:49.600000,2024-05-19 13:45:37.166667,0.7927777833333334
53,2024-05-19 13:52:32.666667,2024-05-19 13:55:42.033333,3.1561111
53,2024-05-19 14:02:48.733333,2024-05-19 14:08:02.866667,5.235555566666666
53,2024-05-19 14:09:23.300000,2024-05-19 14:25:00.500000,15.620000000000001
53,2024-05-19 14:25:05.333333,2024-05-19 14:40:03.500000,14.96944445
53,2024-05-19 15:01:23.600000,2024-05-19 15:05:59.033333,4.59055555
53,2024-05-19 15:07:12.733333,2024-05-19 15:12:30.400000,5.29444445
53,2024-05-19 15:16:12.566667,2024-05-19 15:17:07.133333,0.9094444333333332
53,2024-05-19 15:25:25.300000,2024-05-19 15:33:19.033333,7.89555555
53,2024-05-19 15:37:19.933333,2024-05-19 15:53:21.833333,16.031666666666666
53,2024-05-19 15:54:00.200000,2024-05-19 15:59:43.966667,5.72944445
53,2024-05-19 16:00:02.166667,2024-05-19 16:11:32.300000,11.502222216666667
53,2024-05-19 16:14:02.966667,2024-05-19 16:18:45.533333,4.709444433333333
53,2024-05-19 16:45:12.633333,2024-05-19 17:00:54.800000,15.702777783333334
53,2024-05-19 17:01:53.233333,2024-05-19 17:09:25.333333,7.535
53,2024-05-19 17:09:29.766667,2024-05-19 17:28:37.666667,19.131666666666668
53,2024-05-19 17:31:08.300000,2024-05-19 17:36:52.500000,5.736666666666666
53,2024-05-19 17:37:31.133333,2024-05-19 17:39:34.833333,2.0616666666666665
53,2024-05-19 17:40:57.933333,2024-05-19 17:42:37.500000,1.6594444499999998
53,2024-05-20 09:06:52.000000,2024-05-20 09:19:25.900000,12.565
53,2024-05-20 09:20:49.900000,2024-05-20 09:45:20.033333,24.502222216666667
53,2024-05-20 09:47:12.833333,2024-05-20 10:24:52.900000,37.667777783333335
53,2024-05-20 10:25:16.700000,2024-05-20 10:32:31.966667,7.254444449999999
53,2024-05-20 10:33:00.100000,2024-05-20 10:43:58.766667,10.977777783333332
53,2024-05-20 10:46:23.366667,2024-05-20 10:47:15.400000,0.8672222166666667
53,2024-05-20 11:18:48.066667,2024-05-20 11:30:57.100000,12.15055555
53,2024-05-20 11:31:45.900000,2024-05-20 11:45:06.600000,13.345
53,2024-05-20 11:46:09.333333,2024-05-20 12:04:37.933333,18.476666666666667
53,2024-05-20 12:04:56.733333,2024-05-20 12:06:28.166667,1.5238889
53,2024-05-20 12:32:22.300000,2024-05-20 12:33:18.700000,0.94
53,2024-05-20 12:40:52.266667,2024-05-20 12:45:39.233333,4.782777766666666
53,2024-05-20 12:58:12.833333,2024-05-20 13:43:29.733333,45.281666666666666
53,2024-05-20 13:45:18.700000,2024-05-20 13:50:18.100000,4.989999999999999
53,2024-05-20 14:33:28.400000,2024-05-20 14:48:22.666667,14.90444445
53,2024-05-20 15:10:33.200000,2024-05-20 15:11:58.600000,1.4233333333333333
53,2024-05-20 15:12:18.733333,2024-05-20 15:21:38.966667,9.337222233333334
53,2024-05-20 15:36:57.366667,2024-05-20 15:41:31.266667,4.5649999999999995
53,2024-05-20 16:01:43.700000,2024-05-20 16:11:36.100000,9.873333333333333
53,2024-05-20 16:12:01.633333,2024-05-20 16:30:56.566667,18.91555556666667
53,2024-05-20 16:49:43.533333,2024-05-20 17:08:49.800000,19.104444450000003
53,2024-05-20 17:13:17.366667,2024-05-20 17:14:57.533333,1.6694444333333334
53,2024-05-20 17:15:18.333333,2024-05-20 17:20:39.366667,5.350555566666667
53,2024-05-20 17:20:50.433333,2024-05-20 17:21:38.800000,0.8061111166666667
53,2024-05-20 17:47:52.866667,2024-05-20 17:50:45.866667,2.8833333333333333
53,2024-05-20 17:51:29.133333,2024-05-20 18:51:00.900000,59.52944445
53,2024-05-21 09:13:08.533333,2024-05-21 09:20:21.733333,7.22
53,2024-05-21 09:21:15.133333,2024-05-21 09:30:15.400000,9.00444445
53,2024-05-21 09:51:15.300000,2024-05-21 09:55:03.733333,3.8072222166666667
53,2024-05-21 09:56:54.000000,2024-05-21 09:58:37.733333,1.7288888833333333
53,2024-05-21 09:58:47.466667,2024-05-21 10:08:34.533333,9.784444433333334
53,2024-05-21 10:10:29.966667,2024-05-21 10:15:44.533333,5.242777766666666
53,2024-05-21 10:25:16.733333,2024-05-21 10:38:35.233333,13.308333333333334
53,2024-05-21 10:39:48.700000,2024-05-21 10:47:16.766667,7.467777783333333
53,2024-05-21 10:48:19.933333,2024-05-21 11:02:05.266667,13.755555566666667
53,2024-05-21 11:02:24.866667,2024-05-21 11:47:13.066667,44.80333333333333
53,2024-05-21 11:47:19.566667,2024-05-21 12:19:02.800000,31.720555549999997
53,2024-05-21 12:21:00.300000,2024-05-21 12:46:10.266667,25.166111116666666
53,2024-05-21 13:34:57.066667,2024-05-21 13:35:47.500000,0.8405555499999999
53,2024-05-21 14:05:40.533333,2024-05-21 14:07:29.333333,1.8133333333333332
53,2024-05-21 14:10:50.033333,2024-05-21 14:13:59.566667,3.1588889
53,2024-05-21 14:15:17.400000,2024-05-21 14:34:05.000000,18.793333333333333
53,2024-05-21 14:34:14.666667,2024-05-21 14:35:39.566667,1.415
53,2024-05-21 14:36:42.200000,2024-05-21 14:38:11.700000,1.4916666666666667
53,2024-05-21 14:51:27.200000,2024-05-21 14:55:09.866667,3.7111111166666664
53,2024-05-21 14:56:22.666667,2024-05-21 15:01:55.200000,5.5422222166666675
53,2024-05-21 15:04:15.733333,2024-05-21 15:31:10.733333,26.916666666666668
53,2024-05-21 15:31:13.466667,2024-05-21 16:00:12.866667,28.990000000000002
53,2024-05-21 16:01:59.733333,2024-05-21 16:09:01.366667,7.027222233333333
53,2024-05-21 16:16:04.800000,2024-05-21 16:33:06.966667,17.036111116666667
53,2024-05-21 16:33:53.766667,2024-05-21 17:57:42.966667,83.82
53,2024-05-22 09:01:32.233333,2024-05-22 09:07:39.033333,6.113333333333333
53,2024-05-22 09:25:36.733333,2024-05-22 09:41:16.733333,15.666666666666666
53,2024-05-22 09:41:29.833333,2024-05-22 09:48:55.033333,7.42
53,2024-05-22 09:50:07.500000,2024-05-22 09:55:20.566667,5.217777783333333
53,2024-05-22 09:56:22.900000,2024-05-22 10:04:24.700000,8.03
53,2024-05-22 10:04:51.933333,2024-05-22 10:22:51.000000,17.98444445
53,2024-05-22 10:23:12.833333,2024-05-22 10:29:41.033333,6.47
53,2024-05-22 10:35:52.700000,2024-05-22 10:49:16.700000,13.4
53,2024-05-22 10:55:17.033333,2024-05-22 10:57:10.233333,1.8866666666666667
53,2024-05-22 10:59:03.266667,2024-05-22 11:02:13.766667,3.175
53,2024-05-22 11:08:20.500000,2024-05-22 11:14:58.666667,6.636111116666667
53,2024-05-22 11:16:45.333333,2024-05-22 11:20:54.800000,4.157777783333334
53,2024-05-22 11:24:07.433333,2024-05-22 11:32:08.900000,8.024444449999999
53,2024-05-22 11:32:55.733333,2024-05-22 11:34:54.866667,1.9855555666666667
53,2024-05-22 11:36:24.166667,2024-05-22 11:56:02.966667,19.646666666666665
53,2024-05-22 11:57:22.166667,2024-05-22 12:00:20.766667,2.9766666666666666
53,2024-05-22 12:02:01.600000,2024-05-22 12:08:20.333333,6.312222216666667
53,2024-05-22 12:10:11.766667,2024-05-22 13:29:30.000000,79.30388888333333
53,2024-05-22 13:33:53.300000,2024-05-22 13:38:34.133333,4.680555549999999
53,2024-05-22 13:40:34.200000,2024-05-22 13:44:55.400000,4.3533333333333335
53,2024-05-22 13:57:35.500000,2024-05-22 14:06:18.500000,8.716666666666667
53,2024-05-22 14:07:36.366667,2024-05-22 14:09:44.200000,2.13055555
53,2024-05-22 14:11:54.900000,2024-05-22 14:12:58.200000,1.055
53,2024-05-22 14:26:39.966667,2024-05-22 14:29:22.500000,2.708888883333333
53,2024-05-22 14:31:54.433333,2024-05-22 14:51:01.866667,19.1238889
53,2024-05-22 14:56:28.933333,2024-05-22 15:21:42.500000,25.22611111666667
53,2024-05-22 15:23:41.200000,2024-05-22 15:30:02.633333,6.357222216666667
53,2024-05-22 15:30:39.433333,2024-05-22 16:03:36.433333,32.95
53,2024-05-22 16:16:06.166667,2024-05-22 16:25:10.200000,9.067222216666666
53,2024-05-22 16:26:44.233333,2024-05-22 16:29:15.366667,2.5188889
53,2024-05-22 16:30:50.133333,2024-05-22 16:46:08.233333,15.301666666666668
53,2024-05-22 16:46:24.166667,2024-05-22 16:50:34.033333,4.164444433333333
53,2024-05-22 16:52:08.733333,2024-05-22 16:56:27.100000,4.306111116666667
53,2024-05-22 16:56:37.566667,2024-05-22 18:29:26.000000,92.80722221666666
53,2024-05-23 10:00:02.366667,2024-05-23 10:42:44.500000,42.70222221666667
53,2024-05-23 10:45:12.900000,2024-05-23 10:55:41.366667,10.47444445
53,2024-05-23 10:58:03.466667,2024-05-23 11:23:37.033333,25.559444433333333
53,2024-05-23 11:46:18.466667,2024-05-23 12:24:26.600000,38.13555555000001
53,2024-05-23 12:25:33.300000,2024-05-23 12:42:30.100000,16.946666666666665
53,2024-05-23 12:47:42.266667,2024-05-23 12:51:14.800000,3.5422222166666666
53,2024-05-23 12:53:58.133333,2024-05-23 13:11:35.133333,17.616666666666667
53,2024-05-23 13:13:42.100000,2024-05-23 13:24:56.966667,11.247777783333333
53,2024-05-23 13:25:55.266667,2024-05-23 13:36:15.800000,10.342222216666666
53,2024-05-23 13:37:19.033333,2024-05-23 13:55:50.033333,18.516666666666666
53,2024-05-23 13:56:19.000000,2024-05-23 14:05:32.833333,9.23055555
53,2024-05-23 14:05:34.933333,2024-05-23 14:09:14.366667,3.6572222333333335
53,2024-05-23 14:09:58.433333,2024-05-23 14:19:59.700000,10.021111116666667
53,2024-05-23 14:20:01.000000,2024-05-23 14:23:18.300000,3.2883333333333336
53,2024-05-23 14:23:19.666667,2024-05-23 14:49:59.500000,26.663888883333335
53,2024-05-23 14:50:01.000000,2024-05-23 14:59:59.700000,9.978333333333333
54,2024-04-24 11:02:24.233333,2024-04-24 11:15:06.333333,12.701666666666666
54,2024-04-24 11:17:24.700000,2024-04-24 11:49:47.933333,32.387222216666665
54,2024-04-25 16:16:06.500000,2024-04-25 17:25:34.366667,69.46444445
54,2024-04-26 10:39:28.266667,2024-04-26 10:54:14.766667,14.775
54,2024-04-26 10:54:32.900000,2024-04-26 10:55:40.800000,1.1316666666666668
54,2024-04-26 10:55:53.766667,2024-04-26 10:58:09.166667,2.256666666666667
54,2024-04-26 11:02:00.266667,2024-04-26 11:07:15.600000,5.2555555499999995
54,2024-04-29 09:33:48.600000,2024-04-29 10:17:37.333333,43.81222221666667
54,2024-05-01 18:47:45.433333,2024-05-01 18:54:39.233333,6.8966666666666665
54,2024-05-01 18:55:56.833333,2024-05-01 18:57:17.933333,1.3516666666666666
54,2024-05-02 09:44:28.733333,2024-05-02 09:49:41.566667,5.2138889
54,2024-05-02 09:51:08.733333,2024-05-02 10:21:47.133333,30.64
54,2024-05-06 17:18:00.900000,2024-05-06 17:41:00.233333,22.988888883333335
54,2024-05-06 17:41:17.766667,2024-05-06 18:04:22.400000,23.077222216666666
54,2024-05-06 18:10:17.666667,2024-05-06 18:31:32.666667,21.25
54,2024-05-06 18:32:47.933333,2024-05-06 18:51:49.766667,19.030555566666667
54,2024-05-07 09:24:59.400000,2024-05-07 09:34:01.266667,9.031111116666667
54,2024-05-07 09:34:47.466667,2024-05-07 10:17:05.133333,42.29444443333333
54,2024-05-07 10:17:31.766667,2024-05-07 11:07:44.933333,50.21944443333334
54,2024-05-07 11:10:35.166667,2024-05-07 11:44:31.533333,33.93944443333333
54,2024-05-07 11:46:50.166667,2024-05-07 12:42:20.166667,55.5
54,2024-05-07 12:42:33.600000,2024-05-07 12:43:48.733333,1.2522222166666666
54,2024-05-07 12:43:58.933333,2024-05-07 12:45:28.266667,1.4888888999999998
54,2024-05-07 12:45:38.233333,2024-05-07 12:53:01.766667,7.392222233333333
54,2024-05-07 12:53:41.633333,2024-05-07 12:54:17.000000,0.58944445
54,2024-05-07 12:54:21.133333,2024-05-07 12:55:10.933333,0.83
54,2024-05-07 12:55:23.433333,2024-05-07 13:03:09.733333,7.7716666666666665
54,2024-05-07 13:03:55.366667,2024-05-07 13:20:56.066667,17.011666666666667
54,2024-05-07 13:21:10.400000,2024-05-07 13:24:00.633333,2.8372222166666665
54,2024-05-07 13:24:02.833333,2024-05-07 13:49:12.700000,25.16444445
54,2024-05-07 13:52:42.100000,2024-05-07 14:13:38.633333,20.942222216666668
54,2024-05-07 14:14:01.633333,2024-05-07 14:16:09.233333,2.1266666666666665
54,2024-05-07 17:28:07.000000,2024-05-07 17:55:04.000000,26.95
54,2024-05-07 17:55:20.366667,2024-05-07 18:27:44.833333,32.40777776666667
54,2024-05-08 09:16:36.700000,2024-05-08 09:47:17.733333,30.683888883333335
54,2024-05-08 09:47:30.133333,2024-05-08 09:56:18.066667,8.7988889
54,2024-05-08 10:09:07.733333,2024-05-08 10:13:54.600000,4.781111116666667
54,2024-05-08 10:13:59.066667,2024-05-08 10:20:08.000000,6.148888883333333
54,2024-05-08 10:20:09.533333,2024-05-08 10:53:06.766667,32.9538889
54,2024-05-08 10:55:09.900000,2024-05-08 10:58:03.700000,2.896666666666667
54,2024-05-08 10:58:18.533333,2024-05-08 11:08:51.333333,10.546666666666665
54,2024-05-08 11:34:34.833333,2024-05-08 11:40:04.266667,5.490555566666667
54,2024-05-08 11:41:09.766667,2024-05-08 12:51:15.366667,70.09333333333333
54,2024-05-08 12:53:00.200000,2024-05-08 12:53:40.466667,0.6711111166666667
54,2024-05-08 12:53:53.500000,2024-05-08 13:48:27.033333,54.55888888333333
54,2024-05-08 13:50:29.200000,2024-05-08 14:26:01.800000,35.54333333333333
54,2024-05-08 14:26:07.400000,2024-05-08 14:39:40.533333,13.552222216666667
54,2024-05-08 14:39:53.666667,2024-05-08 15:00:38.033333,20.739444433333333
54,2024-05-08 15:00:57.433333,2024-05-08 15:54:24.400000,53.44944445
54,2024-05-08 16:00:40.033333,2024-05-08 17:41:14.900000,100.58111111666668
54,2024-05-08 17:41:44.133333,2024-05-08 17:42:16.000000,0.5311111166666667
54,2024-05-08 17:42:33.800000,2024-05-08 17:58:47.766667,16.232777783333333
54,2024-05-09 10:50:16.800000,2024-05-09 10:53:29.666667,3.2144444500000002
54,2024-05-09 10:54:29.133333,2024-05-09 12:04:39.333333,70.17
54,2024-05-09 12:04:50.933333,2024-05-09 12:13:48.200000,8.95444445
54,2024-05-09 12:14:14.900000,2024-05-09 12:30:03.400000,15.808333333333334
54,2024-05-09 13:31:41.433333,2024-05-09 13:37:13.000000,5.526111116666667
54,2024-05-11 11:10:20.533333,2024-05-11 11:11:03.066667,0.7088888999999999
54,2024-05-18 15:12:49.500000,2024-05-18 16:36:42.833333,83.88888888333332
54,2024-05-18 16:36:43.866667,2024-05-18 17:01:08.266667,24.40666666666667
54,2024-05-18 17:01:09.966667,2024-05-18 17:13:28.933333,12.3161111
54,2024-05-19 10:03:13.100000,2024-05-19 10:31:42.066667,28.482777783333333
54,2024-05-19 10:33:20.233333,2024-05-19 10:39:56.233333,6.6
54,2024-05-19 10:41:26.933333,2024-05-19 11:13:51.300000,32.406111116666665
54,2024-05-19 11:14:47.466667,2024-05-19 11:39:26.100000,24.643888883333332
54,2024-05-19 11:39:34.166667,2024-05-19 12:04:24.733333,24.842777766666664
54,2024-05-19 12:06:47.333333,2024-05-19 12:11:16.000000,4.477777783333334
54,2024-05-19 12:11:54.200000,2024-05-19 12:14:30.433333,2.603888883333333
54,2024-05-19 12:20:45.533333,2024-05-19 12:23:30.900000,2.7561111166666667
54,2024-05-19 12:24:57.233333,2024-05-19 12:39:50.233333,14.883333333333333
54,2024-05-19 12:40:39.566667,2024-05-19 12:45:59.333333,5.329444433333333
54,2024-05-19 12:48:02.866667,2024-05-19 12:49:05.733333,1.0477777666666668
54,2024-05-19 12:50:14.000000,2024-05-19 13:10:46.566667,20.542777783333335
54,2024-05-19 13:12:19.100000,2024-05-19 13:20:23.133333,8.067222216666668
54,2024-05-19 13:22:16.666667,2024-05-19 13:33:21.166667,11.075
54,2024-05-19 13:33:40.066667,2024-05-19 13:36:47.833333,3.129444433333333
54,2024-05-19 13:37:38.866667,2024-05-19 13:38:54.733333,1.2644444333333333
54,2024-05-19 13:50:42.266667,2024-05-19 13:58:19.366667,7.618333333333334
54,2024-05-19 13:58:48.033333,2024-05-19 14:07:38.433333,8.84
54,2024-05-19 14:08:19.566667,2024-05-19 14:31:42.300000,23.37888888333333
54,2024-05-19 14:32:53.300000,2024-05-19 14:44:02.800000,11.158333333333333
54,2024-05-19 14:51:06.266667,2024-05-19 15:22:10.733333,31.074444433333333
54,2024-05-19 15:34:52.300000,2024-05-19 15:52:09.333333,17.283888883333336
54,2024-05-19 16:25:17.633333,2024-05-19 16:28:20.000000,3.03944445
54,2024-05-19 16:30:32.200000,2024-05-19 16:36:06.766667,5.576111116666667
54,2024-05-19 16:52:47.733333,2024-05-19 17:02:12.566667,9.4138889
54,2024-05-19 17:02:44.100000,2024-05-19 17:08:33.000000,5.8149999999999995
54,2024-05-19 17:09:08.766667,2024-05-19 17:31:23.600000,22.247222216666668
54,2024-05-20 09:02:21.766667,2024-05-20 09:32:42.000000,30.337222216666664
54,2024-05-20 09:52:42.433333,2024-05-20 09:55:41.100000,2.977777783333333
54,2024-05-20 09:56:06.866667,2024-05-20 10:36:16.466667,40.16
54,2024-05-20 10:37:21.200000,2024-05-20 10:45:19.233333,7.967222216666667
54,2024-05-20 10:50:20.766667,2024-05-20 10:51:06.800000,0.7672222166666667
54,2024-05-20 10:58:39.600000,2024-05-20 11:01:45.900000,3.105
54,2024-05-20 12:02:10.800000,2024-05-20 12:13:52.266667,11.691111116666667
54,2024-05-20 12:15:12.666667,2024-05-20 12:16:05.166667,0.875
54,2024-05-20 12:31:47.800000,2024-05-20 12:33:00.200000,1.2066666666666668
54,2024-05-20 12:33:01.633333,2024-05-20 12:34:05.566667,1.0655555666666667
54,2024-05-20 12:35:49.166667,2024-05-20 13:01:44.200000,25.91722221666667
54,2024-05-20 13:40:40.766667,2024-05-20 14:01:21.333333,20.6761111
54,2024-05-20 14:02:46.266667,2024-05-20 14:54:42.566667,51.93833333333334
54,2024-05-20 14:55:11.166667,2024-05-20 14:56:19.400000,1.1372222166666668
54,2024-05-20 15:00:17.000000,2024-05-20 15:05:26.900000,5.165
54,2024-05-20 15:07:41.000000,2024-05-20 15:12:31.433333,4.84055555
54,2024-05-20 15:13:48.533333,2024-05-20 15:15:11.100000,1.3761111166666666
54,2024-05-20 15:34:52.700000,2024-05-20 15:37:30.533333,2.63055555
54,2024-05-20 15:53:08.400000,2024-05-20 15:56:51.066667,3.7111111166666664
54,2024-05-20 16:22:23.800000,2024-05-20 16:27:15.200000,4.8566666666666665
54,2024-05-20 16:28:20.100000,2024-05-20 16:29:38.866667,1.3127777833333334
54,2024-05-20 16:29:44.733333,2024-05-20 16:42:17.066667,12.5388889
54,2024-05-20 16:42:23.700000,2024-05-20 16:55:01.000000,12.621666666666666
54,2024-05-20 16:55:10.233333,2024-05-20 16:58:07.033333,2.9466666666666668
54,2024-05-20 17:09:31.266667,2024-05-20 17:17:44.166667,8.215
54,2024-05-20 17:18:34.800000,2024-05-20 17:20:53.066667,2.30444445
54,2024-05-20 17:23:09.100000,2024-05-20 17:45:10.233333,22.018888883333332
54,2024-05-20 17:52:18.033333,2024-05-20 17:56:02.833333,3.746666666666667
54,2024-05-20 18:50:56.833333,2024-05-20 18:57:21.966667,6.4188889
54,2024-05-21 09:05:23.900000,2024-05-21 09:17:39.500000,12.26
54,2024-05-21 09:18:11.700000,2024-05-21 09:23:37.366667,5.427777783333334
54,2024-05-21 09:23:51.633333,2024-05-21 09:47:31.600000,23.666111116666666
54,2024-05-21 09:48:05.433333,2024-05-21 10:11:06.433333,23.016666666666666
54,2024-05-21 10:35:55.366667,2024-05-21 10:55:15.933333,19.342777766666664
54,2024-05-21 11:36:05.733333,2024-05-21 11:49:39.700000,13.566111116666667
54,2024-05-21 12:01:03.866667,2024-05-21 12:05:03.500000,3.9938888833333333
54,2024-05-21 12:06:26.733333,2024-05-21 12:14:04.433333,7.628333333333333
54,2024-05-21 12:16:14.266667,2024-05-21 12:30:19.966667,14.095
54,2024-05-21 12:32:24.866667,2024-05-21 12:54:02.000000,21.618888883333334
54,2024-05-21 13:03:12.833333,2024-05-21 13:06:58.400000,3.7594444499999997
54,2024-05-21 13:15:15.733333,2024-05-21 13:28:57.000000,13.687777783333333
54,2024-05-21 13:46:53.900000,2024-05-21 13:49:35.800000,2.6983333333333333
54,2024-05-21 14:06:14.500000,2024-05-21 14:25:38.600000,19.401666666666664
54,2024-05-21 14:27:09.866667,2024-05-21 14:28:11.500000,1.0272222166666667
54,2024-05-21 14:29:43.933333,2024-05-21 14:40:33.833333,10.831666666666667
54,2024-05-21 14:41:38.200000,2024-05-21 14:56:27.833333,14.827222216666666
54,2024-05-21 14:56:40.566667,2024-05-21 15:59:59.033333,63.30777776666666
54,2024-05-21 16:16:26.833333,2024-05-21 16:31:31.000000,15.069444449999999
54,2024-05-21 16:32:12.966667,2024-05-21 16:33:59.166667,1.77
54,2024-05-21 16:35:39.100000,2024-05-21 17:40:47.066667,65.13277778333334
54,2024-05-22 09:04:31.700000,2024-05-22 09:21:15.400000,16.728333333333335
54,2024-05-22 09:21:24.966667,2024-05-22 09:29:43.200000,8.303888883333334
54,2024-05-22 09:29:57.933333,2024-05-22 09:34:52.133333,4.903333333333333
54,2024-05-22 09:38:28.033333,2024-05-22 09:42:10.766667,3.7122222333333337
54,2024-05-22 09:44:27.966667,2024-05-22 09:53:16.700000,8.812222216666667
54,2024-05-22 09:54:13.266667,2024-05-22 09:58:19.400000,4.102222216666666
54,2024-05-22 09:59:18.033333,2024-05-22 10:03:00.200000,3.702777783333333
54,2024-05-22 10:03:55.433333,2024-05-22 10:07:45.600000,3.8361111166666664
54,2024-05-22 10:11:12.266667,2024-05-22 10:22:28.833333,11.276111100000001
54,2024-05-22 10:22:46.033333,2024-05-22 10:53:29.933333,30.73166666666667
54,2024-05-22 10:53:53.066667,2024-05-22 10:59:09.966667,5.281666666666666
54,2024-05-22 10:59:25.066667,2024-05-22 11:25:11.833333,25.77944443333333
54,2024-05-22 11:29:42.666667,2024-05-22 11:55:07.833333,25.419444433333336
54,2024-05-22 11:55:59.966667,2024-05-22 12:22:17.400000,26.29055555
54,2024-05-22 12:22:29.400000,2024-05-22 12:50:39.233333,28.163888883333335
54,2024-05-22 13:28:48.466667,2024-05-22 13:35:32.033333,6.7261111
54,2024-05-22 13:37:27.066667,2024-05-22 13:54:40.900000,17.230555550000002
54,2024-05-22 13:54:48.600000,2024-05-22 13:59:59.100000,5.175
54,2024-05-22 14:00:27.266667,2024-05-22 14:01:28.233333,1.0161111
54,2024-05-22 14:02:06.400000,2024-05-22 14:03:10.433333,1.0672222166666667
54,2024-05-22 14:03:16.266667,2024-05-22 14:32:56.666667,29.673333333333336
54,2024-05-22 14:33:01.700000,2024-05-22 15:25:43.400000,52.695
54,2024-05-22 16:07:36.500000,2024-05-22 16:09:51.933333,2.257222216666667
54,2024-05-22 16:11:51.733333,2024-05-22 16:20:39.600000,8.797777783333334
54,2024-05-22 16:25:07.266667,2024-05-22 16:37:28.900000,12.360555549999999
54,2024-05-22 16:37:38.900000,2024-05-22 16:42:16.533333,4.6272222166666666
54,2024-05-22 16:42:29.066667,2024-05-22 17:09:54.733333,27.42777776666667
54,2024-05-22 17:11:01.133333,2024-05-22 17:40:09.200000,29.13444445
54,2024-05-22 17:47:23.966667,2024-05-22 18:37:10.833333,49.7811111
54,2024-05-22 18:37:20.933333,2024-05-22 18:45:13.033333,7.868333333333334
54,2024-05-23 09:44:24.900000,2024-05-23 10:40:31.266667,56.10611111666666
54,2024-05-23 13:19:06.566667,2024-05-23 13:47:03.566667,27.95
54,2024-05-23 13:47:07.033333,2024-05-23 13:51:53.600000,4.776111116666667
54,2024-05-23 13:52:23.400000,2024-05-23 15:19:59.733333,87.60555554999999
55,2024-04-24 14:34:55.633333,2024-04-24 14:51:47.066667,16.85722223333333
55,2024-04-28 12:31:53.066667,2024-04-28 12:56:45.600000,24.87555555
55,2024-05-01 16:47:47.333333,2024-05-01 17:12:40.200000,24.881111116666666
55,2024-05-01 17:47:32.966667,2024-05-01 18:52:29.633333,64.94444443333333
55,2024-05-06 17:00:12.133333,2024-05-06 17:09:48.233333,9.601666666666667
55,2024-05-06 17:09:54.866667,2024-05-06 17:14:36.066667,4.6866666666666665
55,2024-05-06 17:42:56.766667,2024-05-06 17:54:59.000000,12.037222216666667
55,2024-05-06 17:56:13.533333,2024-05-06 18:03:41.766667,7.4705555666666665
55,2024-05-06 18:04:12.000000,2024-05-06 18:12:23.900000,8.198333333333332
55,2024-05-06 18:12:29.500000,2024-05-06 18:18:52.266667,6.379444449999999
55,2024-05-06 18:18:52.366667,2024-05-06 18:24:17.066667,5.411666666666666
55,2024-05-06 18:25:21.666667,2024-05-06 18:31:10.800000,5.818888883333333
55,2024-05-06 18:45:32.100000,2024-05-06 18:49:42.966667,4.181111116666667
55,2024-05-07 09:12:18.933333,2024-05-07 09:56:34.700000,44.262777783333334
55,2024-05-07 10:10:23.700000,2024-05-07 10:24:18.433333,13.912222216666667
55,2024-05-07 10:25:14.500000,2024-05-07 10:48:53.033333,23.642222216666667
55,2024-05-07 10:57:30.400000,2024-05-07 11:31:44.366667,34.23277778333333
55,2024-05-07 11:32:02.233333,2024-05-07 11:34:35.133333,2.5483333333333333
55,2024-05-07 11:34:49.466667,2024-05-07 11:36:18.933333,1.4911111000000001
55,2024-05-07 11:36:53.200000,2024-05-07 11:37:54.500000,1.0216666666666667
55,2024-05-07 11:50:53.466667,2024-05-07 11:54:48.266667,3.9133333333333336
55,2024-05-07 11:55:08.000000,2024-05-07 12:54:22.833333,59.247222216666664
55,2024-05-07 12:54:34.533333,2024-05-07 13:24:04.766667,29.5038889
55,2024-05-07 13:26:07.066667,2024-05-07 13:43:47.466667,17.673333333333336
55,2024-05-07 13:44:01.533333,2024-05-07 13:55:20.533333,11.316666666666666
55,2024-05-07 14:01:42.933333,2024-05-07 14:04:09.566667,2.4438888999999997
55,2024-05-07 14:04:23.333333,2024-05-07 14:06:55.366667,2.5338889
55,2024-05-07 14:07:59.366667,2024-05-07 14:11:42.266667,3.7150000000000003
55,2024-05-07 14:12:32.433333,2024-05-07 15:51:16.666667,98.73722223333333
55,2024-05-07 15:51:57.166667,2024-05-07 16:05:18.866667,13.361666666666668
55,2024-05-07 16:15:00.933333,2024-05-07 17:07:03.300000,52.03944445
55,2024-05-07 17:07:04.866667,2024-05-07 17:24:33.333333,17.474444433333336
55,2024-05-07 17:24:50.700000,2024-05-07 17:51:19.666667,26.482777783333333
55,2024-05-07 17:51:44.200000,2024-05-07 17:55:42.333333,3.9688888833333333
55,2024-05-07 17:56:12.433333,2024-05-07 18:13:06.500000,16.901111116666666
55,2024-05-07 18:20:01.166667,2024-05-07 18:21:12.633333,1.1911111
55,2024-05-07 18:21:13.533333,2024-05-07 18:27:52.166667,6.643888899999999
55,2024-05-07 18:27:56.866667,2024-05-07 18:40:47.200000,12.838888883333334
55,2024-05-07 18:43:55.233333,2024-05-07 18:46:33.733333,2.6416666666666666
55,2024-05-08 09:44:08.266667,2024-05-08 09:46:27.433333,2.319444433333333
55,2024-05-08 09:51:36.866667,2024-05-08 10:16:37.200000,25.00555555
55,2024-05-08 10:16:39.066667,2024-05-08 10:27:23.833333,10.7461111
55,2024-05-08 10:28:47.566667,2024-05-08 10:47:54.166667,19.11
55,2024-05-08 12:32:46.866667,2024-05-08 13:03:45.766667,30.98166666666667
55,2024-05-08 13:18:03.666667,2024-05-08 14:09:00.333333,50.94444443333334
55,2024-05-08 14:09:30.866667,2024-05-08 14:22:47.733333,13.2811111
55,2024-05-08 14:22:57.966667,2024-05-08 14:30:20.566667,7.376666666666667
55,2024-05-08 15:00:25.466667,2024-05-08 15:37:04.733333,36.65444443333333
55,2024-05-08 15:38:29.966667,2024-05-08 15:58:52.933333,20.382777766666667
55,2024-05-08 16:00:00.266667,2024-05-08 16:07:03.900000,7.06055555
55,2024-05-08 16:11:35.966667,2024-05-08 17:40:11.000000,88.58388888333334
55,2024-05-08 17:40:34.666667,2024-05-08 18:05:51.266667,25.276666666666664
55,2024-05-08 18:06:27.500000,2024-05-08 18:10:11.866667,3.73944445
55,2024-05-11 11:06:39.466667,2024-05-11 11:11:12.433333,4.549444433333333
55,2024-05-18 15:10:08.300000,2024-05-18 15:37:45.933333,27.627222216666667
55,2024-05-18 15:38:34.200000,2024-05-18 16:28:41.333333,50.118888883333334
55,2024-05-18 16:35:17.200000,2024-05-18 16:50:41.933333,15.412222216666667
55,2024-05-18 16:51:17.533333,2024-05-18 17:10:28.566667,19.1838889
55,2024-05-18 17:11:33.833333,2024-05-18 17:23:49.366667,12.258888899999999
55,2024-05-19 09:56:09.433333,2024-05-19 10:00:19.300000,4.16444445
55,2024-05-19 10:00:33.700000,2024-05-19 10:10:22.800000,9.818333333333333
55,2024-05-19 10:11:00.133333,2024-05-19 10:12:39.966667,1.6638889
55,2024-05-19 10:13:35.933333,2024-05-19 10:22:49.000000,9.217777783333334
55,2024-05-19 11:49:23.933333,2024-05-19 11:54:47.533333,5.3933333333333335
55,2024-05-19 11:55:59.366667,2024-05-19 12:06:02.600000,10.053888883333334
55,2024-05-19 12:06:32.133333,2024-05-19 12:19:29.666667,12.9588889
55,2024-05-19 12:28:12.166667,2024-05-19 12:51:49.733333,23.6261111
55,2024-05-19 12:53:33.333333,2024-05-19 12:55:52.800000,2.32444445
55,2024-05-19 12:57:05.366667,2024-05-19 13:18:28.966667,21.39333333333333
55,2024-05-19 13:28:36.966667,2024-05-19 13:33:52.266667,5.255
55,2024-05-19 14:05:07.533333,2024-05-19 14:12:31.066667,7.392222233333333
55,2024-05-19 14:13:53.066667,2024-05-19 14:15:11.600000,1.3088888833333334
55,2024-05-19 14:17:14.433333,2024-05-19 14:18:29.733333,1.255
55,2024-05-19 14:23:36.733333,2024-05-19 14:25:22.600000,1.76444445
55,2024-05-19 14:25:25.166667,2024-05-19 14:45:03.500000,19.638888883333333
55,2024-05-19 14:50:20.233333,2024-05-19 14:51:32.433333,1.2033333333333334
55,2024-05-19 14:51:46.000000,2024-05-19 14:52:23.900000,0.6316666666666666
55,2024-05-19 14:53:06.100000,2024-05-19 15:21:01.100000,27.916666666666668
55,2024-05-19 15:30:37.766667,2024-05-19 15:51:00.366667,20.376666666666665
55,2024-05-19 15:51:45.900000,2024-05-19 15:56:15.966667,4.501111116666666
55,2024-05-19 16:10:37.666667,2024-05-19 16:26:19.633333,15.699444433333333
55,2024-05-19 16:50:36.233333,2024-05-19 16:58:28.266667,7.867222233333334
55,2024-05-19 17:05:48.100000,2024-05-19 17:22:21.533333,16.557222216666666
55,2024-05-19 17:22:22.000000,2024-05-19 17:35:48.733333,13.44555555
55,2024-05-20 09:03:28.200000,2024-05-20 09:13:24.566667,9.93944445
55,2024-05-20 09:13:54.800000,2024-05-20 09:36:00.133333,22.088888883333333
55,2024-05-20 09:36:16.466667,2024-05-20 09:41:29.800000,5.222222216666666
55,2024-05-20 09:42:33.500000,2024-05-20 09:58:35.800000,16.038333333333334
55,2024-05-20 09:59:30.566667,2024-05-20 10:05:19.900000,5.822222216666666
55,2024-05-20 10:06:27.033333,2024-05-20 10:16:36.866667,10.1638889
55,2024-05-20 10:18:18.066667,2024-05-20 10:19:54.933333,1.6144444333333332
55,2024-05-20 10:21:36.600000,2024-05-20 10:40:49.300000,19.211666666666666
55,2024-05-20 10:42:12.100000,2024-05-20 11:01:29.533333,19.29055555
55,2024-05-20 11:43:27.500000,2024-05-20 11:58:33.166667,15.09444445
55,2024-05-20 12:06:24.133333,2024-05-20 12:22:43.433333,16.321666666666665
55,2024-05-20 12:23:45.300000,2024-05-20 12:29:24.733333,5.657222216666667
55,2024-05-20 12:33:09.266667,2024-05-20 12:42:50.833333,9.692777766666667
55,2024-05-20 12:42:53.766667,2024-05-20 12:45:10.400000,2.2772222166666665
55,2024-05-20 12:45:28.400000,2024-05-20 12:56:21.566667,10.886111116666665
55,2024-05-20 12:57:07.466667,2024-05-20 13:43:17.800000,46.17222221666667
55,2024-05-20 13:43:27.833333,2024-05-20 13:47:20.033333,3.8699999999999997
55,2024-05-20 13:49:27.600000,2024-05-20 15:27:00.633333,97.55055555
55,2024-05-20 15:31:36.266667,2024-05-20 15:45:57.166667,14.348333333333333
55,2024-05-20 15:51:03.466667,2024-05-20 16:05:20.733333,14.287777766666666
55,2024-05-20 16:25:44.900000,2024-05-20 16:55:45.733333,30.013888883333333
55,2024-05-20 17:24:58.866667,2024-05-20 17:27:29.400000,2.5088888833333334
55,2024-05-21 09:04:13.200000,2024-05-21 10:24:16.266667,80.05111111666666
55,2024-05-21 10:24:40.133333,2024-05-21 12:09:14.833333,104.57833333333333
55,2024-05-21 12:18:00.733333,2024-05-21 12:19:19.733333,1.3166666666666667
55,2024-05-21 12:20:09.300000,2024-05-21 12:56:51.600000,36.705000000000005
55,2024-05-21 12:58:08.133333,2024-05-21 13:04:47.933333,6.663333333333333
55,2024-05-21 13:05:16.566667,2024-05-21 13:11:01.533333,5.749444433333333
55,2024-05-21 13:11:09.433333,2024-05-21 13:42:16.133333,31.111666666666668
55,2024-05-21 13:51:50.266667,2024-05-21 14:01:59.066667,10.146666666666667
55,2024-05-21 14:10:27.700000,2024-05-21 14:38:24.833333,27.952222216666666
55,2024-05-21 14:42:43.833333,2024-05-21 14:51:42.833333,8.983333333333333
55,2024-05-21 14:57:20.833333,2024-05-21 14:58:19.466667,0.9772222333333332
55,2024-05-21 15:14:54.900000,2024-05-21 15:59:31.366667,44.60777778333333
55,2024-05-21 15:59:58.766667,2024-05-21 16:02:04.166667,2.0900000000000003
55,2024-05-21 16:02:11.633333,2024-05-21 16:23:27.633333,21.266666666666666
55,2024-05-21 16:24:04.000000,2024-05-21 16:32:17.533333,8.225555550000001
55,2024-05-21 16:32:43.933333,2024-05-21 16:34:18.400000,1.57444445
55,2024-05-21 16:35:28.400000,2024-05-21 17:31:32.833333,56.07388888333333
55,2024-05-22 09:16:57.066667,2024-05-22 09:30:27.100000,13.50055555
55,2024-05-22 09:30:42.866667,2024-05-22 09:32:28.333333,1.7577777666666667
55,2024-05-22 09:32:34.433333,2024-05-22 09:33:15.200000,0.67944445
55,2024-05-22 09:33:21.366667,2024-05-22 09:41:07.600000,7.77055555
55,2024-05-22 09:41:50.000000,2024-05-22 10:04:00.900000,22.18166666666667
55,2024-05-22 10:04:18.766667,2024-05-22 10:12:59.800000,8.683888883333333
55,2024-05-22 10:13:05.733333,2024-05-22 10:31:41.633333,18.598333333333336
55,2024-05-22 10:31:45.733333,2024-05-22 10:57:01.733333,25.266666666666666
55,2024-05-22 10:57:08.366667,2024-05-22 11:42:56.133333,45.7961111
55,2024-05-22 11:43:03.966667,2024-05-22 12:08:11.233333,25.1211111
55,2024-05-22 12:08:18.233333,2024-05-22 12:17:12.700000,8.907777783333334
55,2024-05-22 12:17:19.100000,2024-05-22 12:50:14.133333,32.917222216666666
55,2024-05-22 13:45:57.200000,2024-05-22 13:48:27.500000,2.5050000000000003
55,2024-05-22 13:48:30.700000,2024-05-22 14:06:11.300000,17.676666666666666
55,2024-05-22 14:06:16.466667,2024-05-22 15:21:19.900000,75.05722221666666
55,2024-05-22 15:21:38.666667,2024-05-22 15:49:54.266667,28.259999999999998
55,2024-05-22 15:52:57.500000,2024-05-22 16:29:09.533333,36.20055555
55,2024-05-22 16:29:13.233333,2024-05-22 16:34:11.333333,4.968333333333334
55,2024-05-22 16:34:18.800000,2024-05-22 17:52:53.866667,78.58444445
55,2024-05-22 17:53:32.533333,2024-05-22 17:54:31.200000,0.9777777833333333
55,2024-05-22 18:21:40.500000,2024-05-22 18:31:58.766667,10.30444445
55,2024-05-22 18:37:07.033333,2024-05-22 18:39:27.233333,2.3366666666666664
55,2024-05-23 09:20:35.833333,2024-05-23 09:34:44.833333,14.15
55,2024-05-23 09:34:55.600000,2024-05-23 09:42:00.833333,7.0872222166666665
55,2024-05-23 09:42:02.100000,2024-05-23 10:33:53.400000,51.855000000000004
55,2024-05-23 10:34:01.400000,2024-05-23 11:26:43.800000,52.70666666666667
55,2024-05-23 12:48:01.466667,2024-05-23 13:35:55.533333,47.9011111
55,2024-05-23 13:54:51.366667,2024-05-23 14:17:18.600000,22.45388888333333
55,2024-05-23 14:17:20.000000,2024-05-23 14:45:09.033333,27.817222216666668
56,2024-04-25 11:53:04.266667,2024-04-25 11:53:34.333333,0.5011111
56,2024-05-01 17:52:17.566667,2024-05-01 18:54:24.433333,62.11444443333333
56,2024-05-02 10:32:44.000000,2024-05-02 10:42:01.300000,9.288333333333332
56,2024-05-06 17:10:09.333333,2024-05-06 17:40:09.166667,29.997222233333332
56,2024-05-06 17:40:36.633333,2024-05-06 17:48:26.400000,7.8294444499999996
56,2024-05-06 17:48:52.033333,2024-05-06 18:02:57.633333,14.093333333333334
56,2024-05-06 18:03:08.800000,2024-05-06 18:03:51.166667,0.7061111166666667
56,2024-05-06 18:04:04.666667,2024-05-06 18:12:31.400000,8.44555555
56,2024-05-06 18:12:35.000000,2024-05-06 18:13:27.833333,0.8805555500000001
56,2024-05-06 18:16:09.633333,2024-05-06 18:21:01.866667,4.870555566666667
56,2024-05-06 18:23:14.333333,2024-05-06 18:25:15.300000,2.0161111166666665
56,2024-05-06 18:26:36.166667,2024-05-06 18:27:49.866667,1.2283333333333333
56,2024-05-06 18:30:46.200000,2024-05-06 18:35:32.633333,4.773888883333333
56,2024-05-07 09:11:56.666667,2024-05-07 09:40:37.166667,28.675
56,2024-05-07 09:40:53.333333,2024-05-07 09:53:15.766667,12.373888899999999
56,2024-05-07 10:11:04.366667,2024-05-07 10:12:57.000000,1.8772222166666666
56,2024-05-07 10:14:27.633333,2024-05-07 10:55:56.566667,41.48222223333333
56,2024-05-07 10:56:00.833333,2024-05-07 11:12:23.800000,16.382777783333335
56,2024-05-07 11:31:14.533333,2024-05-07 11:32:06.633333,0.8683333333333334
56,2024-05-07 11:32:34.566667,2024-05-07 11:33:45.966667,1.1900000000000002
56,2024-05-07 11:42:08.900000,2024-05-07 11:45:26.066667,3.2861111166666666
56,2024-05-07 11:45:32.333333,2024-05-07 11:55:43.533333,10.186666666666667
56,2024-05-07 11:56:06.633333,2024-05-07 11:58:31.233333,2.4099999999999997
56,2024-05-07 11:59:37.800000,2024-05-07 12:37:44.066667,38.104444449999995
56,2024-05-07 13:08:15.466667,2024-05-07 13:24:11.600000,15.93555555
56,2024-05-07 13:24:14.333333,2024-05-07 13:54:30.866667,30.275555566666664
56,2024-05-07 13:54:51.900000,2024-05-07 14:00:38.733333,5.78055555
56,2024-05-07 14:00:41.500000,2024-05-07 14:10:07.600000,9.435
56,2024-05-07 14:10:26.066667,2024-05-07 14:12:35.566667,2.158333333333333
56,2024-05-07 14:17:55.500000,2024-05-07 14:44:33.533333,26.633888883333334
56,2024-05-07 16:11:21.766667,2024-05-07 16:17:10.600000,5.813888883333333
56,2024-05-07 16:17:29.466667,2024-05-07 16:49:54.300000,32.413888883333335
56,2024-05-07 16:55:21.000000,2024-05-07 17:05:57.466667,10.607777783333335
56,2024-05-07 17:27:22.633333,2024-05-07 17:30:28.166667,3.092222233333333
56,2024-05-07 17:30:34.100000,2024-05-07 17:53:25.966667,22.86444445
56,2024-05-07 17:53:46.633333,2024-05-07 18:20:27.933333,26.688333333333333
56,2024-05-07 18:21:21.833333,2024-05-07 18:34:34.366667,13.2088889
56,2024-05-08 09:44:14.300000,2024-05-08 09:50:30.333333,6.267222216666667
56,2024-05-08 09:50:44.233333,2024-05-08 09:52:08.833333,1.41
56,2024-05-08 09:52:41.700000,2024-05-08 09:53:20.833333,0.6522222166666667
56,2024-05-08 09:53:43.500000,2024-05-08 09:56:46.166667,3.04444445
56,2024-05-08 09:56:50.400000,2024-05-08 09:59:01.066667,2.177777783333333
56,2024-05-08 09:59:21.233333,2024-05-08 10:02:40.633333,3.3233333333333333
56,2024-05-08 10:02:53.933333,2024-05-08 10:10:29.633333,7.595
56,2024-05-08 10:17:43.500000,2024-05-08 10:35:58.100000,18.243333333333332
56,2024-05-08 10:36:10.966667,2024-05-08 10:38:30.033333,2.3177777666666666
56,2024-05-08 10:38:45.366667,2024-05-08 11:07:10.866667,28.425
56,2024-05-08 12:34:43.233333,2024-05-08 12:35:25.433333,0.7033333333333334
56,2024-05-08 12:35:37.000000,2024-05-08 12:45:27.666667,9.84444445
56,2024-05-08 13:07:22.900000,2024-05-08 14:00:18.833333,52.932222216666666
56,2024-05-08 14:01:54.800000,2024-05-08 14:10:09.333333,8.242222216666667
56,2024-05-08 14:11:23.666667,2024-05-08 15:01:24.266667,50.01
56,2024-05-08 15:01:37.600000,2024-05-08 15:46:32.400000,44.913333333333334
56,2024-05-08 15:47:03.466667,2024-05-08 15:50:29.166667,3.4283333333333332
56,2024-05-08 15:50:54.333333,2024-05-08 16:01:13.533333,10.32
56,2024-05-08 16:01:36.600000,2024-05-08 16:03:01.900000,1.4216666666666666
56,2024-05-08 16:03:48.066667,2024-05-08 16:13:24.566667,9.608333333333333
56,2024-05-08 16:13:51.633333,2024-05-08 16:19:56.866667,6.087222233333334
56,2024-05-08 16:20:21.433333,2024-05-08 16:27:04.600000,6.71944445
56,2024-05-08 16:27:25.233333,2024-05-08 16:28:04.500000,0.65444445
56,2024-05-08 16:35:46.033333,2024-05-08 17:35:11.533333,59.425
56,2024-05-11 13:13:51.800000,2024-05-11 13:19:08.233333,5.273888883333333
56,2024-05-11 13:19:09.966667,2024-05-11 13:21:17.266667,2.1216666666666666
56,2024-05-11 13:22:35.000000,2024-05-11 14:14:57.900000,52.38166666666667
56,2024-05-17 11:59:52.033333,2024-05-17 12:15:42.500000,15.841111116666667
56,2024-05-18 15:14:02.766667,2024-05-18 16:00:15.666667,46.215
56,2024-05-18 16:26:07.533333,2024-05-18 16:27:20.500000,1.2161111166666667
56,2024-05-19 09:11:58.700000,2024-05-19 09:36:38.400000,24.66166666666667
56,2024-05-19 10:12:31.400000,2024-05-19 11:31:12.833333,78.69055555
56,2024-05-19 12:09:33.333333,2024-05-19 12:51:40.400000,42.11777778333333
56,2024-05-19 12:51:41.033333,2024-05-19 13:08:03.600000,16.376111116666667
56,2024-05-19 13:08:29.466667,2024-05-19 13:28:45.133333,20.2611111
56,2024-05-19 13:30:14.333333,2024-05-19 13:40:25.966667,10.1938889
56,2024-05-19 13:41:24.500000,2024-05-19 13:48:47.566667,7.38444445
56,2024-05-19 13:49:56.066667,2024-05-19 13:51:10.966667,1.2483333333333335
56,2024-05-19 13:51:52.133333,2024-05-19 13:52:35.033333,0.715
56,2024-05-19 13:53:21.066667,2024-05-19 14:47:42.333333,54.354444433333335
56,2024-05-19 14:49:48.033333,2024-05-19 15:05:29.333333,15.688333333333333
56,2024-05-19 15:06:14.666667,2024-05-19 15:08:15.033333,2.0061111
56,2024-05-19 15:09:16.166667,2024-05-19 15:10:05.733333,0.8261111
56,2024-05-19 15:10:44.733333,2024-05-19 15:20:33.700000,9.816111116666667
56,2024-05-19 15:20:55.400000,2024-05-19 15:23:23.666667,2.471111116666667
56,2024-05-19 15:26:02.366667,2024-05-19 15:43:14.766667,17.206666666666667
56,2024-05-19 15:49:31.733333,2024-05-19 15:57:24.066667,7.872222233333333
56,2024-05-19 16:14:28.100000,2024-05-19 16:16:20.133333,1.8672222166666665
56,2024-05-19 16:22:37.966667,2024-05-19 16:33:42.766667,11.08
56,2024-05-19 16:40:35.666667,2024-05-19 16:43:41.166667,3.091666666666667
56,2024-05-19 18:51:58.933333,2024-05-19 18:58:56.233333,6.955
56,2024-05-20 09:10:45.933333,2024-05-20 09:19:02.266667,8.272222233333332
56,2024-05-20 09:19:22.166667,2024-05-20 09:37:36.033333,18.2311111
56,2024-05-20 10:02:15.966667,2024-05-20 10:27:50.200000,25.570555549999998
56,2024-05-20 10:28:20.233333,2024-05-20 10:30:44.233333,2.4
56,2024-05-20 10:32:05.100000,2024-05-20 10:46:39.433333,14.572222216666667
56,2024-05-20 10:46:59.533333,2024-05-20 10:56:59.433333,9.998333333333333
56,2024-05-20 11:09:58.433333,2024-05-20 11:54:37.300000,44.64777778333333
56,2024-05-20 11:55:22.700000,2024-05-20 12:08:11.900000,12.82
56,2024-05-20 12:11:17.100000,2024-05-20 12:40:44.800000,29.461666666666666
56,2024-05-20 12:58:28.833333,2024-05-20 13:15:07.066667,16.637222233333333
56,2024-05-20 13:19:47.900000,2024-05-20 13:46:12.700000,26.413333333333334
56,2024-05-20 13:50:16.166667,2024-05-20 13:51:41.833333,1.4277777666666667
56,2024-05-20 15:27:06.000000,2024-05-20 15:40:35.800000,13.496666666666666
56,2024-05-20 15:43:39.766667,2024-05-20 15:50:29.466667,6.828333333333333
56,2024-05-20 16:01:17.000000,2024-05-20 16:08:52.833333,7.597222216666666
56,2024-05-20 16:09:01.600000,2024-05-20 16:18:03.900000,9.038333333333332
56,2024-05-20 16:18:12.633333,2024-05-20 16:28:43.700000,10.517777783333335
56,2024-05-20 16:49:55.766667,2024-05-20 17:03:42.533333,13.779444433333333
56,2024-05-20 17:03:48.300000,2024-05-20 17:20:30.966667,16.711111116666665
56,2024-05-21 09:24:26.933333,2024-05-21 09:36:57.633333,12.511666666666667
56,2024-05-21 09:37:16.266667,2024-05-21 09:38:07.933333,0.8611111
56,2024-05-21 10:00:23.100000,2024-05-21 10:11:28.800000,11.095
56,2024-05-21 10:19:34.466667,2024-05-21 10:41:00.600000,21.43555555
56,2024-05-21 11:42:23.300000,2024-05-21 12:08:19.100000,25.93
56,2024-05-21 12:08:40.200000,2024-05-21 12:19:00.400000,10.336666666666668
56,2024-05-21 12:19:08.433333,2024-05-21 12:36:15.000000,17.10944445
56,2024-05-21 12:56:47.933333,2024-05-21 13:50:33.466667,53.7588889
56,2024-05-21 14:04:47.500000,2024-05-21 14:06:35.566667,1.8011111166666667
56,2024-05-21 14:06:47.166667,2024-05-21 14:17:50.200000,11.05055555
56,2024-05-21 14:18:06.933333,2024-05-21 14:35:30.066667,17.385555566666667
56,2024-05-21 14:56:25.500000,2024-05-21 15:27:37.233333,31.195555549999998
56,2024-05-21 17:33:41.833333,2024-05-21 17:47:02.900000,13.351111116666667
56,2024-05-22 09:12:48.100000,2024-05-22 09:32:00.966667,19.21444445
56,2024-05-22 09:32:10.466667,2024-05-22 09:34:30.700000,2.3372222166666665
56,2024-05-22 09:34:36.300000,2024-05-22 09:37:37.400000,3.018333333333333
56,2024-05-22 09:37:44.633333,2024-05-22 10:25:53.166667,48.142222233333335
56,2024-05-22 11:08:49.033333,2024-05-22 11:39:04.633333,30.259999999999998
56,2024-05-22 11:39:09.266667,2024-05-22 11:54:05.966667,14.945
56,2024-05-22 12:19:10.700000,2024-05-22 13:26:39.500000,67.48
56,2024-05-22 15:57:04.933333,2024-05-22 16:06:16.000000,9.18444445
56,2024-05-22 16:06:57.400000,2024-05-22 16:42:07.566667,35.16944445
56,2024-05-22 16:42:13.933333,2024-05-22 17:03:10.366667,20.940555566666667
56,2024-05-23 13:50:48.533333,2024-05-23 14:38:35.100000,47.77611111666667
56,2024-05-23 14:38:42.000000,2024-05-23 15:59:46.800000,81.08
57,2024-04-17 15:47:42.000000,2024-04-17 15:48:54.966667,1.2161111166666667
57,2024-04-17 15:48:56.100000,2024-04-17 15:49:59.733333,1.06055555
57,2024-04-24 14:48:06.633333,2024-04-24 14:49:38.000000,1.5227777833333334
57,2024-04-28 09:10:16.233333,2024-04-28 10:27:48.566667,77.5388889
57,2024-04-28 16:25:48.433333,2024-04-28 18:25:00.800000,119.20611111666668
57,2024-04-29 09:48:31.233333,2024-04-29 10:07:33.733333,19.041666666666668
57,2024-04-30 14:37:04.533333,2024-04-30 16:01:50.333333,84.76333333333334
57,2024-04-30 16:01:53.633333,2024-04-30 16:03:37.933333,1.7383333333333333
57,2024-05-01 15:02:51.066667,2024-05-01 16:52:51.400000,110.00555555
57,2024-05-02 09:13:16.433333,2024-05-02 09:33:32.100000,20.261111116666665
57,2024-05-02 11:04:02.633333,2024-05-02 11:17:33.466667,13.513888900000001
57,2024-05-06 17:44:14.833333,2024-05-06 17:54:36.566667,10.362222233333334
57,2024-05-06 17:54:56.700000,2024-05-06 17:55:59.766667,1.0511111166666667
57,2024-05-06 17:56:06.466667,2024-05-06 18:14:00.133333,17.894444433333334
57,2024-05-06 18:14:09.133333,2024-05-06 18:16:31.633333,2.375
57,2024-05-06 18:17:24.333333,2024-05-06 18:31:44.333333,14.333333333333334
57,2024-05-07 09:11:59.600000,2024-05-07 11:07:27.000000,115.45666666666666
57,2024-05-07 11:07:41.366667,2024-05-07 11:17:53.200000,10.197222216666667
57,2024-05-07 11:18:02.233333,2024-05-07 11:33:54.733333,15.875
57,2024-05-07 11:35:14.066667,2024-05-07 11:49:34.933333,14.347777766666667
57,2024-05-07 11:49:48.966667,2024-05-07 12:03:49.866667,14.014999999999999
57,2024-05-07 12:20:58.600000,2024-05-07 12:30:28.833333,9.503888883333333
57,2024-05-07 12:32:17.333333,2024-05-07 12:41:06.500000,8.819444449999999
57,2024-05-07 12:46:58.866667,2024-05-07 12:56:31.400000,9.542222216666666
57,2024-05-07 12:56:43.966667,2024-05-07 13:01:17.400000,4.557222216666667
57,2024-05-07 13:01:31.500000,2024-05-07 14:22:53.200000,81.36166666666666
57,2024-05-07 14:30:01.000000,2024-05-07 15:17:10.066667,47.15111111666667
57,2024-05-07 15:46:55.666667,2024-05-07 16:02:15.633333,15.332777766666668
57,2024-05-07 16:02:37.700000,2024-05-07 16:08:33.633333,5.932222216666667
57,2024-05-07 17:22:03.833333,2024-05-07 17:28:29.966667,6.435555566666666
57,2024-05-07 17:29:31.800000,2024-05-07 17:30:36.066667,1.0711111166666667
57,2024-05-07 17:30:37.933333,2024-05-07 17:40:37.066667,9.985555566666667
57,2024-05-07 17:51:07.433333,2024-05-07 17:53:53.166667,2.7622222333333335
57,2024-05-07 17:54:15.166667,2024-05-07 17:58:22.966667,4.13
57,2024-05-07 18:32:21.533333,2024-05-07 18:35:12.233333,2.8449999999999998
57,2024-05-08 09:26:11.866667,2024-05-08 09:27:44.933333,1.5511111
57,2024-05-08 09:28:11.466667,2024-05-08 09:44:16.333333,16.0811111
57,2024-05-08 09:44:20.466667,2024-05-08 09:45:43.900000,1.39055555
57,2024-05-08 09:46:05.066667,2024-05-08 09:58:04.000000,11.982222216666665
57,2024-05-08 10:00:24.166667,2024-05-08 10:00:54.866667,0.5116666666666666
57,2024-05-08 10:01:14.800000,2024-05-08 10:01:46.100000,0.5216666666666667
57,2024-05-08 10:01:59.000000,2024-05-08 10:16:41.200000,14.703333333333335
57,2024-05-08 10:16:42.733333,2024-05-08 10:34:00.700000,17.29944445
57,2024-05-08 10:34:39.433333,2024-05-08 10:35:21.000000,0.6927777833333334
57,2024-05-08 10:35:32.933333,2024-05-08 10:42:41.166667,7.1372222333333335
57,2024-05-08 10:42:56.833333,2024-05-08 10:43:40.233333,0.7233333333333333
57,2024-05-08 10:43:51.766667,2024-05-08 10:58:21.066667,14.488333333333333
57,2024-05-08 11:01:44.600000,2024-05-08 11:11:16.566667,9.532777783333334
57,2024-05-08 11:51:47.800000,2024-05-08 12:26:12.633333,34.413888883333335
57,2024-05-08 12:26:36.533333,2024-05-08 12:29:44.666667,3.1355555666666666
57,2024-05-08 13:06:20.066667,2024-05-08 13:18:20.600000,12.008888883333332
57,2024-05-08 13:20:07.733333,2024-05-08 13:27:27.500000,7.3294444499999996
57,2024-05-08 13:28:28.633333,2024-05-08 14:19:39.666667,51.18388890000001
57,2024-05-08 14:21:44.366667,2024-05-08 15:07:03.433333,45.31777776666667
57,2024-05-08 15:08:16.633333,2024-05-08 15:18:33.033333,10.273333333333333
57,2024-05-08 15:50:00.566667,2024-05-08 15:55:15.366667,5.246666666666667
57,2024-05-08 15:55:35.633333,2024-05-08 15:58:18.033333,2.7066666666666666
57,2024-05-08 16:18:16.566667,2024-05-08 16:21:20.033333,3.057777766666667
57,2024-05-08 16:21:41.333333,2024-05-08 16:45:40.333333,23.983333333333334
57,2024-05-08 17:34:01.700000,2024-05-08 17:34:44.600000,0.715
57,2024-05-08 17:34:57.166667,2024-05-08 17:43:04.466667,8.121666666666666
57,2024-05-08 17:43:26.733333,2024-05-08 18:00:15.600000,16.81444445
57,2024-05-09 09:14:11.800000,2024-05-09 10:58:11.233333,103.99055555
57,2024-05-09 11:55:09.033333,2024-05-09 11:59:59.666667,4.8438889
57,2024-05-17 12:02:06.833333,2024-05-17 12:05:47.433333,3.6766666666666667
57,2024-05-17 12:05:49.933333,2024-05-17 12:17:58.000000,12.13444445
57,2024-05-17 12:17:58.800000,2024-05-17 12:23:11.866667,5.217777783333333
57,2024-05-17 12:45:46.933333,2024-05-17 13:29:58.533333,44.193333333333335
57,2024-05-17 13:29:59.133333,2024-05-17 14:30:02.366667,60.0538889
57,2024-05-18 11:31:28.200000,2024-05-18 12:52:22.666667,80.90777778333333
57,2024-05-18 15:57:51.666667,2024-05-18 16:22:54.233333,25.042777766666667
57,2024-05-18 16:24:42.166667,2024-05-18 16:30:13.900000,5.528888883333334
57,2024-05-18 17:02:16.600000,2024-05-18 18:51:07.433333,108.84722221666667
57,2024-05-19 10:31:01.400000,2024-05-19 10:53:04.900000,22.058333333333334
57,2024-05-19 11:10:17.266667,2024-05-19 11:21:05.100000,10.797222216666666
57,2024-05-19 11:22:01.200000,2024-05-19 11:28:17.633333,6.273888883333333
57,2024-05-19 11:29:26.700000,2024-05-19 11:38:21.666667,8.916111116666666
57,2024-05-19 11:43:20.366667,2024-05-19 11:49:52.833333,6.541111099999999
57,2024-05-19 11:51:47.666667,2024-05-19 11:55:17.266667,3.493333333333333
57,2024-05-19 12:22:42.500000,2024-05-19 12:40:53.300000,18.18
57,2024-05-19 12:41:58.900000,2024-05-19 13:10:17.766667,28.31444445
57,2024-05-19 13:16:27.366667,2024-05-19 13:26:34.800000,10.123888883333333
57,2024-05-19 13:26:37.933333,2024-05-19 13:47:38.200000,21.00444445
57,2024-05-19 13:50:12.100000,2024-05-19 13:53:56.133333,3.7338888833333335
57,2024-05-19 14:00:24.066667,2024-05-19 14:02:09.633333,1.7594444333333332
57,2024-05-19 14:03:05.600000,2024-05-19 14:05:42.866667,2.621111116666667
57,2024-05-19 14:06:43.033333,2024-05-19 14:10:36.100000,3.8844444499999997
57,2024-05-19 14:11:27.600000,2024-05-19 14:14:37.966667,3.1727777833333333
57,2024-05-19 14:22:18.900000,2024-05-19 14:44:54.133333,22.587222216666664
57,2024-05-19 14:58:37.133333,2024-05-19 15:03:52.933333,5.263333333333334
57,2024-05-19 15:04:59.566667,2024-05-19 15:10:18.800000,5.32055555
57,2024-05-19 15:11:35.233333,2024-05-19 15:24:33.200000,12.966111116666667
57,2024-05-19 15:27:11.866667,2024-05-19 15:27:43.533333,0.5277777666666666
57,2024-05-19 15:27:50.833333,2024-05-19 15:30:41.700000,2.8477777833333335
57,2024-05-19 15:32:09.166667,2024-05-19 15:44:01.566667,11.873333333333333
57,2024-05-19 15:46:02.800000,2024-05-19 15:54:20.333333,8.292222216666667
57,2024-05-19 15:59:27.466667,2024-05-19 16:10:57.233333,11.4961111
57,2024-05-19 16:13:58.900000,2024-05-19 16:23:46.566667,9.794444449999999
57,2024-05-19 16:26:06.600000,2024-05-19 16:32:14.500000,6.131666666666666
57,2024-05-19 16:34:56.000000,2024-05-19 16:38:41.066667,3.7511111166666664
57,2024-05-19 17:04:53.866667,2024-05-19 17:06:31.633333,1.6294444333333333
57,2024-05-19 17:08:23.200000,2024-05-19 17:09:36.600000,1.2233333333333334
57,2024-05-19 17:09:37.000000,2024-05-19 17:36:07.200000,26.503333333333334
57,2024-05-19 18:22:50.266667,2024-05-19 18:29:31.433333,6.686111100000001
57,2024-05-20 09:01:34.233333,2024-05-20 09:13:42.700000,12.141111116666668
57,2024-05-20 09:14:32.733333,2024-05-20 09:19:49.533333,5.28
57,2024-05-20 09:27:47.433333,2024-05-20 09:30:04.033333,2.2766666666666664
57,2024-05-20 09:32:37.500000,2024-05-20 10:33:27.800000,60.83833333333334
57,2024-05-20 10:35:33.000000,2024-05-20 10:37:14.133333,1.68555555
57,2024-05-20 10:38:07.100000,2024-05-20 10:40:44.366667,2.621111116666667
57,2024-05-20 10:43:37.566667,2024-05-20 11:17:57.366667,34.330000000000005
57,2024-05-20 11:19:45.600000,2024-05-20 11:24:35.866667,4.837777783333333
57,2024-05-20 11:25:55.600000,2024-05-20 11:53:07.133333,27.192222216666668
57,2024-05-20 12:06:06.133333,2024-05-20 12:39:19.966667,33.230555566666666
57,2024-05-20 12:40:41.366667,2024-05-20 13:14:32.133333,33.8461111
57,2024-05-20 13:14:34.566667,2024-05-20 13:20:23.666667,5.818333333333333
57,2024-05-20 13:31:16.500000,2024-05-20 13:44:53.733333,13.62055555
57,2024-05-20 13:44:59.833333,2024-05-20 13:52:53.766667,7.8988889
57,2024-05-20 13:53:45.566667,2024-05-20 14:10:36.266667,16.845000000000002
57,2024-05-20 14:11:53.866667,2024-05-20 14:17:25.366667,5.525
57,2024-05-20 14:18:37.600000,2024-05-20 14:22:59.566667,4.366111116666667
57,2024-05-20 14:23:28.700000,2024-05-20 14:26:16.766667,2.8011111166666667
57,2024-05-20 14:27:19.366667,2024-05-20 14:52:57.166667,25.63
57,2024-05-20 14:54:14.633333,2024-05-20 15:01:33.066667,7.307222233333333
57,2024-05-20 15:28:15.900000,2024-05-20 15:39:29.966667,11.234444450000002
57,2024-05-20 15:40:47.600000,2024-05-20 15:44:07.733333,3.33555555
57,2024-05-20 15:44:32.100000,2024-05-20 15:49:18.733333,4.777222216666667
57,2024-05-20 16:05:04.500000,2024-05-20 16:17:56.166667,12.861111116666667
57,2024-05-20 16:19:00.000000,2024-05-20 16:20:45.600000,1.76
57,2024-05-20 16:20:53.266667,2024-05-20 17:25:02.933333,64.1611111
57,2024-05-20 17:26:54.166667,2024-05-20 17:35:39.166667,8.75
57,2024-05-20 17:35:39.600000,2024-05-20 18:27:47.966667,52.13944445
57,2024-05-20 18:51:45.066667,2024-05-20 18:58:17.900000,6.5472222166666665
57,2024-05-21 09:11:15.433333,2024-05-21 09:30:29.866667,19.240555566666668
57,2024-05-21 09:30:48.333333,2024-05-21 10:08:11.733333,37.39
57,2024-05-21 10:09:56.133333,2024-05-21 10:41:50.666667,31.9088889
57,2024-05-21 10:42:04.500000,2024-05-21 10:44:01.700000,1.9533333333333334
57,2024-05-21 10:45:09.766667,2024-05-21 12:21:18.833333,96.1511111
57,2024-05-21 12:22:34.766667,2024-05-21 12:23:40.466667,1.095
57,2024-05-21 12:25:38.066667,2024-05-21 12:27:02.200000,1.4022222166666665
57,2024-05-21 12:28:12.966667,2024-05-21 12:29:55.733333,1.7127777666666666
57,2024-05-21 12:30:11.800000,2024-05-21 13:06:31.466667,36.32777778333333
57,2024-05-21 13:06:51.933333,2024-05-21 13:09:44.166667,2.870555566666667
57,2024-05-21 13:20:52.633333,2024-05-21 14:15:20.266667,54.46055556666667
57,2024-05-21 14:15:25.766667,2024-05-21 14:26:50.966667,11.42
57,2024-05-21 14:53:03.000000,2024-05-21 15:02:30.800000,9.463333333333333
57,2024-05-22 10:30:01.833333,2024-05-22 10:52:08.233333,22.10666666666667
57,2024-05-22 10:52:47.033333,2024-05-22 11:00:33.733333,7.778333333333333
57,2024-05-22 11:01:38.166667,2024-05-22 11:05:23.833333,3.7611111
57,2024-05-22 11:07:26.333333,2024-05-22 11:11:03.033333,3.6116666666666664
57,2024-05-22 11:34:52.333333,2024-05-22 13:29:43.033333,114.845
57,2024-05-22 14:01:25.866667,2024-05-22 15:37:48.033333,96.36944443333333
57,2024-05-22 15:44:13.766667,2024-05-22 15:59:07.533333,14.8961111
57,2024-05-22 17:20:57.000000,2024-05-22 17:22:30.133333,1.5522222166666666
57,2024-05-22 17:22:35.300000,2024-05-22 17:51:10.333333,28.583888883333334
57,2024-05-22 17:52:32.333333,2024-05-22 17:56:03.766667,3.5238889
57,2024-05-22 17:56:46.800000,2024-05-22 18:20:37.166667,23.83944445
57,2024-05-22 18:20:45.500000,2024-05-22 18:27:30.633333,6.7522222166666666
57,2024-05-22 18:28:13.233333,2024-05-22 18:32:53.933333,4.678333333333333
57,2024-05-23 09:10:56.833333,2024-05-23 09:42:54.200000,31.956111116666666
57,2024-05-23 14:39:00.933333,2024-05-23 14:46:39.366667,7.6405555666666665
57,2024-05-23 14:46:57.500000,2024-05-23 14:59:47.866667,12.83944445
57,2024-05-23 15:02:05.333333,2024-05-23 15:09:59.733333,7.906666666666666
57,2024-05-23 16:16:16.266667,2024-05-23 16:36:51.700000,20.590555549999998
57,2024-06-01 11:00:33.900000,2024-06-01 11:02:03.266667,1.4894444500000001
58,2024-04-24 10:54:07.166667,2024-04-24 12:33:45.700000,99.64222221666667
58,2024-04-24 13:04:28.933333,2024-04-24 13:31:55.166667,27.437222233333333
58,2024-04-24 13:53:49.433333,2024-04-24 14:10:27.433333,16.633333333333333
58,2024-04-28 13:05:45.666667,2024-04-28 13:08:46.266667,3.01
58,2024-04-28 13:13:57.800000,2024-04-28 14:08:11.466667,54.22777778333333
58,2024-04-30 14:30:00.933333,2024-04-30 15:10:55.666667,40.91222223333333
58,2024-04-30 15:10:57.733333,2024-04-30 15:16:16.266667,5.3088889
58,2024-05-01 13:10:34.266667,2024-05-01 13:24:34.433333,14.002777766666666
58,2024-05-01 15:42:24.600000,2024-05-01 16:39:52.600000,57.46666666666667
58,2024-05-01 16:39:58.666667,2024-05-01 16:49:37.933333,9.654444433333333
58,2024-05-01 16:49:43.700000,2024-05-01 17:09:15.200000,19.525
58,2024-05-02 10:39:12.300000,2024-05-02 11:17:29.133333,38.28055555
58,2024-05-02 11:27:02.700000,2024-05-02 12:11:31.033333,44.472222216666665
58,2024-05-06 17:10:04.333333,2024-05-06 17:42:10.300000,32.09944445
58,2024-05-06 17:42:19.866667,2024-05-06 17:49:33.666667,7.23
58,2024-05-06 17:49:44.733333,2024-05-06 17:56:08.566667,6.397222233333333
58,2024-05-06 17:56:10.366667,2024-05-06 18:03:15.433333,7.084444433333333
58,2024-05-06 18:03:25.166667,2024-05-06 18:04:06.600000,0.6905555499999999
58,2024-05-06 18:04:15.500000,2024-05-06 18:16:13.533333,11.967222216666666
58,2024-05-06 18:23:11.966667,2024-05-06 18:30:49.566667,7.626666666666667
58,2024-05-06 18:30:58.900000,2024-05-06 18:39:06.900000,8.133333333333333
58,2024-05-07 10:51:05.866667,2024-05-07 10:58:11.333333,7.0911111
58,2024-05-07 10:59:55.300000,2024-05-07 11:11:33.000000,11.628333333333334
58,2024-05-07 11:11:48.000000,2024-05-07 11:28:00.566667,16.20944445
58,2024-05-07 11:29:52.933333,2024-05-07 12:04:41.533333,34.809999999999995
58,2024-05-07 12:10:36.066667,2024-05-07 12:47:01.000000,36.41555555
58,2024-05-07 12:47:02.866667,2024-05-07 13:00:30.400000,13.458888883333334
58,2024-05-07 14:10:56.900000,2024-05-07 14:16:44.366667,5.7911111166666664
58,2024-05-07 14:17:01.400000,2024-05-07 14:18:57.400000,1.9333333333333333
58,2024-05-07 14:19:24.300000,2024-05-07 14:38:17.766667,18.891111116666664
58,2024-05-07 15:10:13.333333,2024-05-07 15:50:39.100000,40.42944445
58,2024-05-07 15:52:23.000000,2024-05-07 15:56:33.466667,4.17444445
58,2024-05-07 16:02:09.533333,2024-05-07 16:02:50.266667,0.6788889
58,2024-05-07 16:03:26.733333,2024-05-07 16:11:40.500000,8.229444449999999
58,2024-05-07 16:11:56.100000,2024-05-07 16:17:35.366667,5.65444445
58,2024-05-07 16:24:16.066667,2024-05-07 16:55:00.400000,30.738888883333335
58,2024-05-08 09:15:28.633333,2024-05-08 09:24:17.433333,8.813333333333333
58,2024-05-08 09:25:36.966667,2024-05-08 09:34:47.700000,9.178888883333334
58,2024-05-08 09:35:17.433333,2024-05-08 09:36:41.500000,1.4011111166666665
58,2024-05-08 09:37:52.800000,2024-05-08 09:40:24.400000,2.5266666666666664
58,2024-05-08 09:42:21.633333,2024-05-08 09:47:34.566667,5.215555566666667
58,2024-05-08 09:47:49.733333,2024-05-08 09:55:30.400000,7.677777783333334
58,2024-05-08 09:55:56.066667,2024-05-08 10:10:50.133333,14.901111100000001
58,2024-05-08 10:12:23.566667,2024-05-08 10:13:42.966667,1.3233333333333335
58,2024-05-08 10:15:44.466667,2024-05-08 10:20:03.500000,4.317222216666667
58,2024-05-08 10:21:24.500000,2024-05-08 10:23:16.166667,1.8611111166666667
58,2024-05-08 10:25:19.033333,2024-05-08 10:51:18.700000,25.99444445
58,2024-05-08 10:52:29.800000,2024-05-08 11:12:26.066667,19.937777783333335
58,2024-05-08 11:12:46.666667,2024-05-08 11:16:44.666667,3.966666666666667
58,2024-05-08 11:17:02.300000,2024-05-08 11:27:09.333333,10.117222216666667
58,2024-05-08 11:50:19.300000,2024-05-08 12:25:09.866667,34.84277778333333
58,2024-05-08 12:25:23.600000,2024-05-08 12:33:07.700000,7.735
58,2024-05-08 12:33:16.900000,2024-05-08 13:06:54.600000,33.62833333333334
58,2024-05-08 13:07:02.033333,2024-05-08 13:17:26.700000,10.411111116666666
58,2024-05-08 13:17:32.600000,2024-05-08 13:48:17.600000,30.75
58,2024-05-08 13:48:24.300000,2024-05-08 14:00:53.433333,12.485555549999999
58,2024-05-08 14:10:04.166667,2024-05-08 15:46:15.033333,96.1811111
58,2024-05-08 15:46:25.000000,2024-05-08 15:54:15.466667,7.841111116666666
58,2024-05-08 15:54:22.233333,2024-05-08 16:00:16.300000,5.901111116666667
58,2024-05-08 16:13:21.566667,2024-05-08 17:34:33.200000,81.19388888333333
58,2024-05-08 17:35:06.966667,2024-05-08 17:42:53.166667,7.77
58,2024-05-17 11:48:20.600000,2024-05-17 12:09:02.800000,20.703333333333333
58,2024-05-17 12:09:04.566667,2024-05-17 12:41:25.700000,32.35222221666667
58,2024-05-17 13:11:32.366667,2024-05-17 13:59:45.766667,48.223333333333336
58,2024-05-18 11:16:05.600000,2024-05-18 11:54:29.800000,38.40333333333333
58,2024-05-18 15:27:57.933333,2024-05-18 15:35:31.466667,7.5588889
58,2024-05-19 11:14:30.500000,2024-05-19 11:23:01.033333,8.508888883333334
58,2024-05-19 11:32:05.833333,2024-05-19 11:58:04.933333,25.985
58,2024-05-19 12:12:47.233333,2024-05-19 12:30:31.266667,17.7338889
58,2024-05-19 12:31:44.333333,2024-05-19 12:32:18.633333,0.5716666666666667
58,2024-05-19 12:32:49.700000,2024-05-19 12:35:56.400000,3.1116666666666664
58,2024-05-19 12:43:07.466667,2024-05-19 12:48:45.900000,5.64055555
58,2024-05-19 13:07:25.566667,2024-05-19 13:27:46.600000,20.350555550000003
58,2024-05-19 13:51:12.800000,2024-05-19 13:51:57.000000,0.7366666666666667
58,2024-05-19 13:56:57.200000,2024-05-19 13:59:59.766667,3.0427777833333334
58,2024-05-19 14:01:07.600000,2024-05-19 14:23:53.533333,22.76555555
58,2024-05-19 14:25:03.900000,2024-05-19 14:27:13.233333,2.1555555500000003
58,2024-05-19 14:39:04.333333,2024-05-19 14:45:08.533333,6.069999999999999
58,2024-05-19 14:46:12.100000,2024-05-19 14:51:24.833333,5.2122222166666665
58,2024-05-19 14:54:22.900000,2024-05-19 14:54:54.866667,0.5327777833333334
58,2024-05-19 14:56:29.833333,2024-05-19 15:12:01.866667,15.533888899999999
58,2024-05-19 15:12:02.666667,2024-05-19 15:27:07.333333,15.077777766666665
58,2024-05-19 15:29:00.533333,2024-05-19 15:43:13.566667,14.217222233333333
58,2024-05-19 16:01:32.000000,2024-05-19 16:03:18.700000,1.7783333333333333
58,2024-05-19 16:04:42.933333,2024-05-19 16:06:07.300000,1.4061111166666669
58,2024-05-19 16:06:09.300000,2024-05-19 16:17:31.400000,11.368333333333334
58,2024-05-19 16:42:26.533333,2024-05-19 16:48:58.500000,6.532777783333333
58,2024-05-19 17:31:40.566667,2024-05-19 17:32:15.266667,0.5783333333333334
58,2024-05-20 09:05:39.566667,2024-05-20 09:06:12.566667,0.55
58,2024-05-20 09:31:36.000000,2024-05-20 09:38:41.466667,7.091111116666666
58,2024-05-20 09:38:45.133333,2024-05-20 10:18:48.666667,40.05888890000001
58,2024-05-20 10:19:31.800000,2024-05-20 10:29:59.433333,10.46055555
58,2024-05-20 10:30:26.766667,2024-05-20 10:33:16.666667,2.8316666666666666
58,2024-05-20 10:33:17.466667,2024-05-20 10:56:27.666667,23.17
58,2024-05-20 10:56:53.200000,2024-05-20 11:43:49.366667,46.936111116666666
58,2024-05-20 11:49:11.700000,2024-05-20 11:50:39.833333,1.4688888833333331
58,2024-05-20 11:50:44.700000,2024-05-20 12:11:51.066667,21.106111116666668
58,2024-05-20 12:11:57.566667,2024-05-20 12:24:00.800000,12.053888883333334
58,2024-05-20 12:24:09.466667,2024-05-20 12:30:29.700000,6.3372222166666665
58,2024-05-20 12:30:37.533333,2024-05-20 12:32:52.266667,2.245555566666667
58,2024-05-20 12:32:55.966667,2024-05-20 12:58:01.633333,25.094444433333333
58,2024-05-20 13:14:53.800000,2024-05-20 13:21:01.166667,6.1227777833333334
58,2024-05-20 14:30:19.200000,2024-05-20 14:58:23.366667,28.06944445
58,2024-05-20 14:59:19.300000,2024-05-20 15:00:29.433333,1.1688888833333333
58,2024-05-20 15:00:54.133333,2024-05-20 15:48:31.266667,47.6188889
58,2024-05-20 15:56:01.966667,2024-05-20 16:10:21.800000,14.330555550000001
58,2024-05-20 16:10:31.333333,2024-05-20 16:12:56.233333,2.415
58,2024-05-20 16:23:15.600000,2024-05-20 16:31:05.733333,7.83555555
58,2024-05-20 16:38:24.200000,2024-05-20 16:38:55.133333,0.51555555
58,2024-05-20 16:40:22.366667,2024-05-20 17:09:02.166667,28.663333333333334
58,2024-05-20 17:09:19.233333,2024-05-20 17:14:27.100000,5.131111116666667
58,2024-05-20 18:50:28.500000,2024-05-20 18:56:35.633333,6.118888883333333
58,2024-05-21 09:02:58.733333,2024-05-21 09:54:54.600000,51.93111111666666
58,2024-05-21 09:55:01.233333,2024-05-21 10:34:17.566667,39.27222223333333
58,2024-05-21 10:34:27.000000,2024-05-21 10:39:40.033333,5.217222216666667
58,2024-05-21 10:40:50.233333,2024-05-21 11:05:25.066667,24.580555566666664
58,2024-05-21 12:54:07.900000,2024-05-21 12:58:14.766667,4.11444445
58,2024-05-21 12:58:31.633333,2024-05-21 14:20:46.966667,82.25555556666667
58,2024-05-21 14:23:24.766667,2024-05-21 15:04:57.400000,41.54388888333334
58,2024-05-22 09:31:57.966667,2024-05-22 09:38:01.933333,6.0661111
58,2024-05-22 09:38:06.500000,2024-05-22 09:49:29.200000,11.378333333333334
58,2024-05-22 10:00:16.066667,2024-05-22 10:39:51.700000,39.593888883333335
58,2024-05-22 10:56:59.733333,2024-05-22 11:36:48.266667,39.80888890000001
58,2024-05-22 15:37:52.433333,2024-05-22 16:41:48.400000,63.932777783333336
58,2024-05-22 16:42:09.966667,2024-05-22 16:45:12.400000,3.04055555
58,2024-05-22 16:46:04.300000,2024-05-22 17:30:13.733333,44.15722221666667
58,2024-05-22 17:30:28.166667,2024-05-22 17:35:48.266667,5.335
58,2024-05-23 09:30:48.433333,2024-05-23 09:41:20.300000,10.531111116666667
58,2024-05-23 09:41:56.300000,2024-05-23 09:42:58.600000,1.0383333333333333
58,2024-05-23 09:43:16.066667,2024-05-23 10:40:17.700000,57.02722221666667
58,2024-05-24 12:33:49.766667,2024-05-24 12:43:40.133333,9.839444433333334
58,2024-05-24 12:47:12.100000,2024-05-24 13:16:45.833333,29.562222216666665
58,2024-05-24 13:16:55.466667,2024-05-24 14:26:23.633333,69.46944443333334
58,2024-05-24 14:27:01.700000,2024-05-24 14:27:46.533333,0.7472222166666668
58,2024-05-24 14:27:55.966667,2024-05-24 14:28:42.466667,0.775
58,2024-05-24 14:28:57.433333,2024-05-24 14:34:03.166667,5.0955555666666665
58,2024-05-24 15:10:31.233333,2024-05-24 15:14:12.500000,3.6877777833333334
58,2024-05-27 15:15:11.866667,2024-05-27 15:50:48.800000,35.615555549999996
58,2024-05-27 15:51:34.500000,2024-05-27 16:50:43.400000,59.14833333333333
58,2024-05-27 16:50:56.433333,2024-05-27 17:07:13.666667,16.287222233333335
58,2024-06-03 13:00:52.100000,2024-06-03 13:25:33.466667,24.68944445
59,2024-04-18 10:36:25.033333,2024-04-18 10:39:32.366667,3.1222222333333334
59,2024-04-18 10:39:37.300000,2024-04-18 12:03:26.033333,83.81222221666667
59,2024-04-18 12:11:29.133333,2024-04-18 12:12:34.566667,1.0905555666666666
59,2024-04-18 12:12:35.366667,2024-04-18 12:22:29.600000,9.903888883333334
59,2024-04-20 10:57:44.200000,2024-04-20 12:00:51.700000,63.125
59,2024-04-26 09:37:10.300000,2024-04-26 11:10:27.033333,93.27888888333334
59,2024-04-28 09:02:00.200000,2024-04-28 10:26:30.700000,84.50833333333334
59,2024-04-28 10:30:40.233333,2024-04-28 10:48:15.366667,17.585555566666667
59,2024-04-30 12:01:17.333333,2024-04-30 12:06:32.766667,5.257222233333334
59,2024-05-01 15:12:53.066667,2024-05-01 17:02:27.600000,109.57555555
59,2024-05-06 17:40:01.066667,2024-05-06 18:03:27.233333,23.4361111
59,2024-05-06 18:29:24.066667,2024-05-06 18:31:00.833333,1.6127777666666667
59,2024-05-06 18:31:08.566667,2024-05-06 18:35:23.366667,4.246666666666667
59,2024-05-07 10:35:57.600000,2024-05-07 11:02:52.033333,26.907222216666664
59,2024-05-07 11:22:00.633333,2024-05-07 12:40:46.500000,78.76444445
59,2024-05-07 12:55:49.900000,2024-05-07 13:47:35.800000,51.765
59,2024-05-07 13:47:48.466667,2024-05-07 13:48:28.833333,0.6727777666666667
59,2024-05-07 13:48:39.466667,2024-05-07 15:26:42.566667,98.05166666666668
59,2024-05-07 15:26:54.700000,2024-05-07 16:03:34.933333,36.67055555
59,2024-05-07 16:04:05.500000,2024-05-07 17:18:23.200000,74.295
59,2024-05-08 09:40:18.100000,2024-05-08 09:46:28.100000,6.166666666666667
59,2024-05-08 09:50:28.566667,2024-05-08 09:54:42.333333,4.229444433333333
59,2024-05-08 09:55:05.233333,2024-05-08 09:59:52.566667,4.7888889
59,2024-05-08 09:59:57.866667,2024-05-08 10:23:08.533333,23.17777776666667
59,2024-05-08 10:23:13.466667,2024-05-08 10:47:47.033333,24.559444433333333
59,2024-05-08 10:47:52.000000,2024-05-08 12:09:00.066667,81.13444445
59,2024-05-08 13:36:49.666667,2024-05-08 14:45:03.900000,68.23722221666667
59,2024-05-18 16:20:05.866667,2024-05-18 16:29:15.000000,9.152222216666667
59,2024-05-18 16:50:39.733333,2024-05-18 17:10:15.000000,19.587777783333333
59,2024-05-19 11:13:16.900000,2024-05-19 12:08:02.566667,54.76111111666667
59,2024-05-19 12:08:06.566667,2024-05-19 12:21:04.300000,12.962222216666667
59,2024-05-19 12:21:08.433333,2024-05-19 12:28:32.300000,7.397777783333334
59,2024-05-19 12:29:02.333333,2024-05-19 13:21:09.033333,52.111666666666665
59,2024-05-19 13:21:10.533333,2024-05-19 13:39:50.733333,18.67
59,2024-05-19 13:54:31.300000,2024-05-19 14:07:00.466667,12.486111116666667
59,2024-05-19 14:14:30.633333,2024-05-19 14:18:11.933333,3.6883333333333335
59,2024-05-19 14:30:36.433333,2024-05-19 14:34:09.800000,3.5561111166666666
59,2024-05-19 14:35:26.733333,2024-05-19 14:54:30.900000,19.06944445
59,2024-05-19 14:54:31.266667,2024-05-19 14:57:28.066667,2.9466666666666668
59,2024-05-19 15:43:49.166667,2024-05-19 16:01:11.966667,17.38
59,2024-05-19 16:16:46.266667,2024-05-19 16:19:59.633333,3.222777766666667
59,2024-05-19 16:37:18.066667,2024-05-19 17:07:24.933333,30.114444433333333
59,2024-05-19 17:11:22.066667,2024-05-19 17:13:46.500000,2.407222216666667
59,2024-05-19 17:15:38.933333,2024-05-19 17:24:40.333333,9.023333333333333
59,2024-05-20 08:57:48.200000,2024-05-20 09:06:38.166667,8.832777783333334
59,2024-05-20 09:06:38.166667,2024-05-20 09:10:31.666667,3.8916666666666666
59,2024-05-20 09:11:47.233333,2024-05-20 09:28:25.800000,16.642777783333333
59,2024-05-20 09:58:45.600000,2024-05-20 10:04:08.666667,5.38444445
59,2024-05-20 10:23:59.300000,2024-05-20 10:36:44.900000,12.76
59,2024-05-20 10:37:07.233333,2024-05-20 10:42:26.733333,5.325
59,2024-05-20 10:43:28.766667,2024-05-20 10:45:27.033333,1.9711111000000001
59,2024-05-20 10:45:53.633333,2024-05-20 11:22:56.400000,37.046111116666665
59,2024-05-20 11:23:04.100000,2024-05-20 12:05:50.333333,42.770555550000005
59,2024-05-20 12:11:21.033333,2024-05-20 12:33:57.166667,22.602222233333336
59,2024-05-20 12:34:20.500000,2024-05-20 12:49:34.833333,15.238888883333335
59,2024-05-20 12:50:47.066667,2024-05-20 13:31:36.633333,40.826111100000006
59,2024-05-20 13:37:21.933333,2024-05-20 14:05:52.233333,28.505
59,2024-05-20 14:07:35.266667,2024-05-20 14:25:27.800000,17.87555555
59,2024-05-20 14:25:34.533333,2024-05-20 14:57:42.000000,32.12444445
59,2024-05-20 14:58:00.800000,2024-05-20 15:06:31.166667,8.506111116666666
59,2024-05-20 15:06:54.433333,2024-05-20 15:25:32.666667,18.637222233333333
59,2024-05-20 15:30:04.800000,2024-05-20 15:36:10.333333,6.092222216666667
59,2024-05-20 15:37:51.533333,2024-05-20 16:01:11.533333,23.333333333333332
59,2024-05-20 16:02:52.066667,2024-05-20 17:01:19.000000,58.44888888333333
59,2024-05-20 17:03:26.566667,2024-05-20 18:56:53.000000,113.44055555
59,2024-05-21 09:11:24.033333,2024-05-21 09:13:24.700000,2.0111111166666666
59,2024-05-21 09:20:16.433333,2024-05-21 09:45:17.266667,25.013888899999998
59,2024-05-21 09:45:49.800000,2024-05-21 09:58:58.066667,13.137777783333332
59,2024-05-21 09:59:11.900000,2024-05-21 10:11:02.600000,11.845
59,2024-05-21 10:11:26.100000,2024-05-21 10:13:03.000000,1.615
59,2024-05-21 10:13:13.900000,2024-05-21 10:32:24.366667,19.17444445
59,2024-05-21 10:33:59.133333,2024-05-21 10:56:13.400000,22.237777783333335
59,2024-05-21 10:56:36.766667,2024-05-21 12:18:26.100000,81.82222221666666
59,2024-05-21 12:18:51.666667,2024-05-21 12:20:21.100000,1.49055555
59,2024-05-21 12:20:58.900000,2024-05-21 12:22:56.333333,1.9572222166666668
59,2024-05-21 12:23:16.933333,2024-05-21 12:54:10.233333,30.888333333333332
59,2024-05-21 12:54:19.666667,2024-05-21 13:00:15.966667,5.9383333333333335
59,2024-05-21 13:24:34.633333,2024-05-21 13:39:33.800000,14.986111116666667
59,2024-05-21 13:50:21.633333,2024-05-21 13:51:50.966667,1.4888888999999998
59,2024-05-21 14:35:33.800000,2024-05-21 14:37:51.766667,2.29944445
59,2024-05-21 14:37:55.466667,2024-05-21 14:49:59.666667,12.07
59,2024-05-21 14:59:58.500000,2024-05-21 15:08:37.166667,8.64444445
59,2024-05-21 15:56:36.366667,2024-05-21 16:11:31.966667,14.926666666666668
59,2024-05-21 16:12:10.200000,2024-05-21 16:15:03.733333,2.8922222166666667
59,2024-05-21 16:58:04.266667,2024-05-21 17:30:11.800000,32.12555555
59,2024-05-21 17:31:52.666667,2024-05-21 17:38:35.433333,6.712777766666666
59,2024-05-21 17:39:14.666667,2024-05-21 18:49:02.900000,69.80388888333333
59,2024-05-22 09:01:55.200000,2024-05-22 09:27:29.533333,25.572222216666667
59,2024-05-22 09:28:04.233333,2024-05-22 10:54:11.733333,86.125
59,2024-05-22 14:51:07.966667,2024-05-22 16:29:28.266667,98.33833333333334
59,2024-05-22 16:30:02.100000,2024-05-22 16:47:38.433333,17.605555550000002
59,2024-05-22 16:47:49.800000,2024-05-22 17:23:47.733333,35.96555555
59,2024-05-22 17:25:29.200000,2024-05-22 17:28:11.100000,2.6983333333333333
59,2024-05-22 17:31:29.966667,2024-05-22 18:20:12.833333,48.714444433333334
59,2024-05-22 18:20:17.900000,2024-05-22 18:21:55.166667,1.6211111166666667
59,2024-05-22 18:23:19.266667,2024-05-22 18:34:12.366667,10.885
59,2024-05-22 18:35:36.433333,2024-05-22 18:47:39.333333,12.048333333333334
59,2024-05-23 09:18:26.433333,2024-05-23 09:46:56.566667,28.502222233333335
59,2024-05-23 15:49:13.233333,2024-05-23 16:51:17.733333,62.075
59,2024-05-23 16:52:43.633333,2024-05-23 17:17:43.366667,24.995555566666667
59,2024-05-23 17:19:52.500000,2024-05-23 17:40:23.400000,20.515
59,2024-05-23 17:42:07.000000,2024-05-23 18:24:43.166667,42.60277778333333
59,2024-05-24 08:55:55.200000,2024-05-24 08:56:26.633333,0.5238888833333334
59,2024-05-24 08:56:57.966667,2024-05-24 08:57:39.100000,0.68555555
59,2024-05-24 08:58:11.566667,2024-05-24 08:59:49.000000,1.6238888833333334
59,2024-05-24 09:12:34.033333,2024-05-24 09:19:39.866667,7.097222233333333
59,2024-05-24 09:19:57.300000,2024-05-24 09:24:40.200000,4.715
59,2024-05-24 09:24:54.866667,2024-05-24 09:27:02.133333,2.1211111
59,2024-05-24 09:28:28.466667,2024-05-24 09:52:29.733333,24.0211111
59,2024-05-24 09:53:04.733333,2024-05-24 10:01:50.200000,8.757777783333333
59,2024-05-24 10:02:10.366667,2024-05-24 10:32:50.500000,30.668888883333334
59,2024-05-24 11:19:05.700000,2024-05-24 11:20:15.100000,1.1566666666666667
59,2024-05-24 11:22:26.400000,2024-05-24 11:33:47.533333,11.352222216666666
59,2024-05-24 11:36:26.700000,2024-05-24 11:54:10.633333,17.732222216666667
59,2024-05-24 11:58:43.333333,2024-05-24 12:34:49.300000,36.09944445
59,2024-05-24 12:39:49.700000,2024-05-24 12:42:49.766667,3.0011111166666664
59,2024-05-24 12:43:02.066667,2024-05-24 13:14:23.666667,31.36
59,2024-05-24 13:14:42.966667,2024-05-24 13:15:30.133333,0.7861111
59,2024-05-24 13:15:35.533333,2024-05-24 13:17:15.833333,1.6716666666666666
59,2024-05-24 13:18:31.433333,2024-05-24 13:42:07.400000,23.59944445
59,2024-05-24 14:22:39.266667,2024-05-24 14:28:09.366667,5.501666666666667
59,2024-05-24 14:28:13.900000,2024-05-24 14:29:21.733333,1.13055555
59,2024-05-24 16:36:38.133333,2024-05-24 17:24:43.733333,48.093333333333334
59,2024-05-26 13:17:38.266667,2024-05-26 13:31:59.033333,14.3461111
59,2024-05-26 13:32:03.800000,2024-05-26 14:13:51.300000,41.791666666666664
59,2024-05-26 14:31:23.033333,2024-05-26 14:32:59.966667,1.6155555666666668
59,2024-05-26 14:33:00.966667,2024-05-26 15:15:38.066667,42.61833333333333
59,2024-05-26 15:16:35.133333,2024-05-26 15:35:12.800000,18.627777783333332
59,2024-05-26 15:35:16.166667,2024-05-26 15:37:31.300000,2.2522222166666666
59,2024-05-26 15:51:43.800000,2024-05-26 15:53:03.800000,1.3333333333333333
59,2024-05-26 15:56:07.466667,2024-05-26 16:01:29.133333,5.3611111000000005
59,2024-05-26 16:06:13.500000,2024-05-26 16:08:24.500000,2.183333333333333
59,2024-05-26 16:10:50.533333,2024-05-26 16:12:27.533333,1.6166666666666667
59,2024-05-26 16:14:30.500000,2024-05-26 16:16:10.566667,1.6677777833333332
59,2024-05-26 16:26:00.300000,2024-05-26 16:54:15.966667,28.261111116666665
59,2024-05-26 17:08:19.066667,2024-05-26 17:57:03.333333,48.73777776666667
59,2024-05-26 17:59:34.300000,2024-05-26 18:25:42.300000,26.133333333333333
59,2024-05-27 11:14:53.933333,2024-05-27 11:41:56.600000,27.04444445
59,2024-05-27 12:07:37.333333,2024-05-27 12:11:53.866667,4.275555566666667
59,2024-05-27 12:32:57.700000,2024-05-27 13:21:22.566667,48.41444445
59,2024-05-27 15:30:36.500000,2024-05-27 15:53:24.033333,22.79222221666667
59,2024-05-27 15:53:31.166667,2024-05-27 16:39:57.700000,46.442222216666664
59,2024-05-27 16:43:22.166667,2024-05-27 16:44:03.133333,0.6827777666666667
59,2024-05-27 16:44:47.700000,2024-05-27 16:45:32.600000,0.7483333333333333
59,2024-05-27 16:48:30.600000,2024-05-27 16:51:15.500000,2.7483333333333335
59,2024-05-27 16:54:39.366667,2024-05-27 16:57:17.866667,2.6416666666666666
59,2024-05-27 17:09:44.000000,2024-05-27 17:44:02.300000,34.305
59,2024-05-27 17:55:10.833333,2024-05-27 18:06:44.633333,11.563333333333333
60,2024-04-16 18:22:06.233333,2024-04-16 18:24:41.366667,2.5855555666666663
60,2024-04-22 17:32:55.533333,2024-04-22 17:34:21.633333,1.4349999999999998
60,2024-04-23 09:00:49.700000,2024-04-23 09:02:02.500000,1.2133333333333334
60,2024-04-23 09:02:21.033333,2024-04-23 09:03:16.866667,0.9305555666666667
60,2024-04-23 09:03:19.766667,2024-04-23 10:31:41.533333,88.36277776666667
60,2024-04-23 10:43:22.266667,2024-04-23 11:02:54.100000,19.53055555
60,2024-04-23 11:12:34.133333,2024-04-23 11:35:46.200000,23.201111116666667
60,2024-04-23 16:35:32.966667,2024-04-23 16:50:44.866667,15.198333333333332
60,2024-04-24 10:45:41.566667,2024-04-24 10:55:13.300000,9.528888883333334
60,2024-04-24 10:56:23.266667,2024-04-24 10:58:33.866667,2.1766666666666667
60,2024-04-24 10:58:34.766667,2024-04-24 11:00:40.733333,2.0994444333333333
60,2024-04-24 11:47:49.633333,2024-04-24 12:40:02.866667,52.22055556666667
60,2024-04-24 12:40:03.533333,2024-04-24 12:53:58.900000,13.922777783333334
60,2024-04-24 13:04:07.866667,2024-04-24 13:07:56.733333,3.8144444333333336
60,2024-04-24 13:07:57.233333,2024-04-24 14:02:14.833333,54.29333333333333
60,2024-04-24 14:02:15.400000,2024-04-24 14:25:48.566667,23.552777783333333
60,2024-04-24 14:25:49.066667,2024-04-24 14:47:43.433333,21.906111099999997
60,2024-04-24 14:47:44.433333,2024-04-24 15:00:36.166667,12.862222233333334
60,2024-04-25 12:44:55.300000,2024-04-25 12:46:24.400000,1.4849999999999999
60,2024-04-25 17:18:49.033333,2024-04-25 17:19:35.366667,0.7722222333333334
60,2024-04-26 12:56:36.400000,2024-04-26 13:53:09.800000,56.556666666666665
60,2024-04-28 09:57:55.000000,2024-04-28 10:12:08.333333,14.222222216666667
60,2024-04-28 10:18:26.600000,2024-04-28 10:38:08.166667,19.692777783333334
60,2024-04-28 11:55:26.566667,2024-04-28 12:30:15.966667,34.82333333333334
60,2024-04-28 13:27:36.733333,2024-04-28 14:09:28.700000,41.866111116666666
60,2024-04-28 14:16:03.733333,2024-04-28 15:02:37.800000,46.567777783333334
60,2024-04-28 15:18:42.800000,2024-04-28 16:22:49.833333,64.11722221666666
60,2024-04-29 13:00:23.533333,2024-04-29 13:57:04.833333,56.68833333333334
60,2024-04-29 18:54:41.400000,2024-04-29 18:58:22.033333,3.6772222166666664
60,2024-04-30 12:52:46.366667,2024-04-30 13:41:56.466667,49.16833333333333
60,2024-04-30 15:05:31.433333,2024-04-30 15:41:47.066667,36.26055556666667
60,2024-04-30 15:42:02.066667,2024-04-30 16:16:07.866667,34.096666666666664
60,2024-05-01 15:40:56.266667,2024-05-01 17:04:01.300000,83.08388888333334
60,2024-05-01 17:22:52.233333,2024-05-01 17:54:34.800000,31.70944445
60,2024-05-01 17:54:35.233333,2024-05-01 18:45:10.200000,50.582777783333334
60,2024-05-06 17:50:43.133333,2024-05-06 18:42:12.533333,51.49
60,2024-05-07 09:44:59.000000,2024-05-07 09:46:50.300000,1.855
60,2024-05-07 10:41:23.466667,2024-05-07 12:02:53.233333,81.49611110000001
60,2024-05-07 12:40:42.700000,2024-05-07 12:47:08.133333,6.423888883333333
60,2024-05-07 12:47:10.533333,2024-05-07 12:47:59.933333,0.8233333333333334
60,2024-05-07 16:08:26.600000,2024-05-07 16:18:36.333333,10.162222216666667
60,2024-05-07 16:24:50.933333,2024-05-07 16:26:03.033333,1.2016666666666667
60,2024-05-07 16:45:31.166667,2024-05-07 16:54:55.366667,9.403333333333334
60,2024-05-07 17:19:07.233333,2024-05-07 18:36:18.600000,77.18944445000001
60,2024-05-08 11:55:38.433333,2024-05-08 12:08:17.366667,12.6488889
60,2024-05-08 12:38:42.400000,2024-05-08 12:47:31.933333,8.825555549999999
60,2024-05-08 13:05:46.100000,2024-05-08 13:26:04.333333,20.303888883333332
60,2024-05-08 13:29:10.766667,2024-05-08 13:34:13.433333,5.044444433333334
60,2024-05-11 11:00:44.900000,2024-05-11 11:03:56.566667,3.1944444499999998
60,2024-05-11 11:06:06.000000,2024-05-11 11:06:56.033333,0.8338888833333333
60,2024-05-11 11:20:20.566667,2024-05-11 11:25:11.100000,4.842222216666667
60,2024-05-11 11:25:45.766667,2024-05-11 11:26:20.833333,0.5844444333333333
60,2024-05-11 12:12:22.033333,2024-05-11 12:20:15.966667,7.8988889
60,2024-05-11 12:20:16.766667,2024-05-11 12:21:31.033333,1.2377777666666667
60,2024-05-12 12:25:58.200000,2024-05-12 12:26:29.600000,0.5233333333333333
60,2024-05-13 11:24:55.900000,2024-05-13 11:26:12.900000,1.2833333333333334
60,2024-05-13 11:31:57.933333,2024-05-13 11:32:35.466667,0.6255555666666666
60,2024-05-13 11:33:17.666667,2024-05-13 11:42:41.833333,9.402777766666667
60,2024-05-13 11:52:24.166667,2024-05-13 11:57:47.933333,5.3961111
60,2024-05-13 12:03:05.233333,2024-05-13 12:03:38.366667,0.5522222333333333
60,2024-05-13 12:08:16.266667,2024-05-13 12:12:28.833333,4.209444433333333
60,2024-05-13 12:19:33.866667,2024-05-13 12:20:16.600000,0.7122222166666667
60,2024-05-13 12:20:52.333333,2024-05-13 12:21:40.300000,0.79944445
60,2024-05-13 12:31:06.133333,2024-05-13 12:31:46.600000,0.67444445
60,2024-05-13 12:32:05.400000,2024-05-13 12:39:57.366667,7.866111116666667
60,2024-05-13 12:43:20.566667,2024-05-13 12:44:44.500000,1.3988888833333335
60,2024-05-13 12:44:45.733333,2024-05-13 12:46:08.533333,1.38
60,2024-05-13 12:48:25.466667,2024-05-13 12:49:56.466667,1.5166666666666666
60,2024-05-13 14:58:53.200000,2024-05-13 15:02:03.066667,3.16444445
60,2024-05-13 15:58:20.100000,2024-05-13 16:00:42.466667,2.3727777833333334
60,2024-05-13 16:02:14.433333,2024-05-13 16:14:08.100000,11.89444445
60,2024-05-14 11:05:16.800000,2024-05-14 11:24:29.833333,19.217222216666666
60,2024-05-14 16:05:57.033333,2024-05-14 17:29:02.766667,83.09555556666666
60,2024-05-15 15:51:04.266667,2024-05-15 16:04:31.333333,13.4511111
60,2024-05-15 16:22:23.966667,2024-05-15 16:45:57.966667,23.566666666666666
60,2024-05-16 09:09:38.800000,2024-05-16 09:17:47.566667,8.146111116666667
60,2024-05-16 10:25:58.600000,2024-05-16 10:44:37.466667,18.647777783333332
60,2024-05-17 14:11:50.266667,2024-05-17 14:18:17.766667,6.458333333333333
60,2024-05-18 09:31:21.400000,2024-05-18 09:45:18.300000,13.948333333333332
60,2024-05-18 09:45:21.233333,2024-05-18 09:48:08.233333,2.783333333333333
60,2024-05-18 09:48:08.833333,2024-05-18 11:22:46.333333,94.625
60,2024-05-18 11:27:51.833333,2024-05-18 11:29:13.100000,1.35444445
60,2024-05-18 11:29:52.000000,2024-05-18 11:37:01.900000,7.165
60,2024-05-18 12:00:30.100000,2024-05-18 12:01:19.233333,0.8188888833333333
60,2024-05-18 12:01:21.500000,2024-05-18 12:02:20.900000,0.99
60,2024-05-18 12:05:10.566667,2024-05-18 12:48:15.666667,43.085
60,2024-05-18 12:48:16.100000,2024-05-18 13:26:55.533333,38.65722221666667
60,2024-05-18 13:51:17.333333,2024-05-18 13:53:28.833333,2.191666666666667
60,2024-05-18 16:02:21.833333,2024-05-18 16:31:47.666667,29.430555566666666
60,2024-05-18 16:32:03.466667,2024-05-18 17:07:24.733333,35.354444433333335
60,2024-05-19 09:47:35.033333,2024-05-19 09:58:26.966667,10.865555566666666
60,2024-05-19 09:58:37.500000,2024-05-19 10:21:34.600000,22.951666666666664
60,2024-05-19 10:21:39.666667,2024-05-19 10:47:30.033333,25.83944443333333
60,2024-05-19 11:28:06.500000,2024-05-19 12:22:43.300000,54.61333333333334
60,2024-05-19 12:23:18.733333,2024-05-19 12:37:53.400000,14.577777783333334
60,2024-05-19 12:39:06.400000,2024-05-19 12:43:37.233333,4.513888883333333
60,2024-05-19 12:43:39.266667,2024-05-19 12:56:08.033333,12.479444433333333
60,2024-05-19 12:56:28.033333,2024-05-19 12:59:29.400000,3.0227777833333334
60,2024-05-19 12:59:35.400000,2024-05-19 13:28:20.533333,28.752222216666667
60,2024-05-19 13:30:00.000000,2024-05-19 13:41:09.500000,11.158333333333333
60,2024-05-19 13:43:29.366667,2024-05-19 13:44:55.833333,1.4411111
60,2024-05-19 13:45:03.066667,2024-05-19 14:08:55.300000,23.87055555
60,2024-05-19 14:09:13.366667,2024-05-19 14:12:20.600000,3.1205555499999997
60,2024-05-19 14:12:23.366667,2024-05-19 14:15:35.433333,3.2011111
60,2024-05-19 14:15:41.633333,2024-05-19 14:32:57.900000,17.271111116666667
60,2024-05-19 14:35:01.933333,2024-05-19 14:38:12.566667,3.177222233333333
60,2024-05-19 14:47:30.066667,2024-05-19 15:03:14.566667,15.741666666666667
60,2024-05-19 15:03:26.000000,2024-05-19 15:04:46.366667,1.33944445
60,2024-05-19 15:06:25.100000,2024-05-19 15:33:39.000000,27.23166666666667
60,2024-05-19 15:33:42.600000,2024-05-19 15:41:23.266667,7.677777783333334
60,2024-05-19 15:41:25.533333,2024-05-19 15:43:02.333333,1.6133333333333333
60,2024-05-19 15:43:15.100000,2024-05-19 15:44:05.800000,0.8450000000000001
60,2024-05-19 15:47:19.266667,2024-05-19 16:04:06.733333,16.791111100000002
60,2024-05-19 16:07:49.266667,2024-05-19 16:32:04.333333,24.2511111
60,2024-05-19 16:32:15.600000,2024-05-19 16:48:46.933333,16.522222216666666
60,2024-05-19 16:48:59.566667,2024-05-19 17:21:07.833333,32.137777766666666
60,2024-05-19 17:27:56.933333,2024-05-19 17:33:13.700000,5.27944445
60,2024-05-19 17:34:55.666667,2024-05-19 17:38:33.133333,3.624444433333333
60,2024-05-19 17:38:35.133333,2024-05-19 18:20:54.433333,42.32166666666667
60,2024-05-19 18:52:39.266667,2024-05-19 18:54:30.466667,1.8533333333333333
60,2024-05-20 09:04:12.133333,2024-05-20 09:12:57.833333,8.761666666666667
60,2024-05-20 09:13:16.200000,2024-05-20 09:14:00.133333,0.7322222166666666
60,2024-05-20 09:14:06.000000,2024-05-20 09:16:00.333333,1.9055555499999999
60,2024-05-20 09:17:59.400000,2024-05-20 09:21:51.566667,3.86944445
60,2024-05-20 09:25:40.933333,2024-05-20 09:27:20.633333,1.6616666666666666
60,2024-05-20 09:29:43.866667,2024-05-20 09:42:33.066667,12.82
60,2024-05-20 09:45:39.400000,2024-05-20 09:49:01.033333,3.36055555
60,2024-05-20 10:22:51.766667,2024-05-20 10:28:01.966667,5.17
60,2024-05-20 10:29:40.200000,2024-05-20 10:31:33.233333,1.8838888833333334
60,2024-05-20 10:32:06.600000,2024-05-20 10:48:14.600000,16.133333333333333
60,2024-05-20 10:50:16.866667,2024-05-20 10:58:28.766667,8.198333333333332
60,2024-05-20 11:11:21.500000,2024-05-20 11:19:59.700000,8.636666666666667
60,2024-05-20 11:20:05.666667,2024-05-20 11:31:44.433333,11.6461111
60,2024-05-20 11:32:52.066667,2024-05-20 11:36:14.833333,3.379444433333333
60,2024-05-20 11:37:56.966667,2024-05-20 11:42:19.133333,4.369444433333333
60,2024-05-20 11:43:32.466667,2024-05-20 11:50:47.733333,7.254444433333333
60,2024-05-20 11:50:48.166667,2024-05-20 11:55:34.700000,4.775555550000001
60,2024-05-20 11:57:23.800000,2024-05-20 12:05:39.800000,8.266666666666667
60,2024-05-20 12:05:41.433333,2024-05-20 12:06:22.000000,0.6761111166666667
60,2024-05-20 12:07:40.566667,2024-05-20 12:24:18.766667,16.636666666666667
60,2024-05-20 12:28:06.866667,2024-05-20 12:44:03.500000,15.943888883333333
60,2024-05-20 12:45:03.266667,2024-05-20 12:54:33.700000,9.507222216666666
60,2024-05-20 13:00:57.900000,2024-05-20 13:02:56.833333,1.9822222166666668
60,2024-05-20 13:05:25.733333,2024-05-20 13:09:15.766667,3.8338889
60,2024-05-20 13:10:58.800000,2024-05-20 13:15:52.300000,4.891666666666667
60,2024-05-20 13:17:10.400000,2024-05-20 13:21:30.600000,4.336666666666667
60,2024-05-20 13:27:57.900000,2024-05-20 13:58:33.766667,30.597777783333335
60,2024-05-20 14:03:58.833333,2024-05-20 14:12:47.400000,8.80944445
60,2024-05-20 14:13:06.366667,2024-05-20 14:16:47.500000,3.6855555499999997
60,2024-05-20 14:19:22.133333,2024-05-20 15:04:22.366667,45.0038889
60,2024-05-20 15:04:30.600000,2024-05-20 15:16:11.766667,11.686111116666666
60,2024-05-20 15:18:24.033333,2024-05-20 15:30:30.000000,12.09944445
60,2024-05-20 15:30:46.000000,2024-05-20 15:53:47.600000,23.026666666666664
60,2024-05-20 15:53:55.433333,2024-05-20 16:12:52.433333,18.95
60,2024-05-20 16:13:56.433333,2024-05-20 16:26:17.866667,12.357222233333333
60,2024-05-20 16:30:59.133333,2024-05-20 16:34:11.166667,3.2005555666666665
60,2024-05-20 16:34:54.433333,2024-05-20 16:36:39.433333,1.75
60,2024-05-20 16:38:03.900000,2024-05-20 16:49:41.633333,11.628888883333333
60,2024-05-20 17:08:46.300000,2024-05-20 17:09:56.966667,1.1777777833333334
60,2024-05-20 17:17:21.400000,2024-05-20 17:23:19.933333,5.97555555
60,2024-05-20 17:32:44.000000,2024-05-20 18:52:21.066667,79.61777778333334
60,2024-05-21 09:33:25.000000,2024-05-21 09:39:26.833333,6.03055555
60,2024-05-21 09:41:11.000000,2024-05-21 09:46:08.366667,4.9561111166666665
60,2024-05-21 10:02:46.100000,2024-05-21 10:06:37.466667,3.856111116666667
60,2024-05-21 10:07:19.466667,2024-05-21 10:11:49.900000,4.5072222166666664
60,2024-05-21 10:16:30.500000,2024-05-21 10:24:43.600000,8.218333333333334
60,2024-05-21 10:48:18.600000,2024-05-21 10:56:43.066667,8.407777783333334
60,2024-05-21 11:09:57.933333,2024-05-21 11:13:18.066667,3.3355555666666663
60,2024-05-21 11:13:47.633333,2024-05-21 11:22:07.266667,8.327222233333334
60,2024-05-21 11:46:04.533333,2024-05-21 11:47:30.500000,1.4327777833333333
60,2024-05-21 11:58:33.600000,2024-05-21 12:01:52.033333,3.3072222166666667
60,2024-05-21 12:02:13.533333,2024-05-21 12:07:11.966667,4.9738889
60,2024-05-21 12:11:53.700000,2024-05-21 12:31:03.166667,19.157777783333334
60,2024-05-21 12:51:29.300000,2024-05-21 12:53:04.566667,1.5877777833333333
60,2024-05-21 12:53:36.500000,2024-05-21 12:58:38.133333,5.027222216666667
60,2024-05-21 13:02:43.066667,2024-05-21 13:06:26.100000,3.717222216666667
60,2024-05-21 13:37:54.700000,2024-05-21 13:40:37.466667,2.7127777833333337
60,2024-05-21 14:13:34.066667,2024-05-21 14:24:32.900000,10.98055555
60,2024-05-21 14:33:57.466667,2024-05-21 14:44:31.433333,10.5661111
60,2024-05-21 14:46:52.966667,2024-05-21 14:49:07.400000,2.2405555500000003
60,2024-05-21 14:51:10.433333,2024-05-21 14:53:15.466667,2.0838889
60,2024-05-21 14:55:32.066667,2024-05-21 15:10:12.733333,14.677777766666667
60,2024-05-21 15:10:14.400000,2024-05-21 15:10:57.666667,0.7211111166666666
60,2024-05-21 15:11:57.066667,2024-05-21 15:16:06.233333,4.1527777666666665
60,2024-05-21 15:22:56.500000,2024-05-21 15:47:27.533333,24.517222216666667
60,2024-05-21 15:51:02.133333,2024-05-21 15:56:48.000000,5.76444445
60,2024-05-21 16:00:28.366667,2024-05-21 16:01:52.033333,1.3944444333333335
60,2024-05-21 16:03:13.400000,2024-05-21 16:04:31.633333,1.3038888833333333
60,2024-05-21 16:07:36.300000,2024-05-21 16:10:13.300000,2.6166666666666667
60,2024-05-21 16:26:45.933333,2024-05-21 17:42:57.966667,76.20055556666667
60,2024-05-21 17:46:21.666667,2024-05-21 18:41:08.833333,54.7861111
60,2024-05-21 18:44:16.500000,2024-05-21 18:57:36.200000,13.328333333333335
60,2024-05-22 09:04:04.433333,2024-05-22 09:13:19.266667,9.247222233333334
60,2024-05-22 09:20:30.533333,2024-05-22 09:21:00.833333,0.505
60,2024-05-22 09:22:51.766667,2024-05-22 09:24:40.233333,1.8077777666666668
60,2024-05-22 09:25:48.333333,2024-05-22 09:28:24.600000,2.6044444500000004
60,2024-05-22 09:34:03.033333,2024-05-22 09:35:28.466667,1.4238889000000001
60,2024-05-22 09:36:39.566667,2024-05-22 09:38:09.033333,1.4911111000000001
60,2024-05-22 09:45:25.333333,2024-05-22 09:46:48.533333,1.3866666666666667
60,2024-05-22 09:48:27.866667,2024-05-22 10:00:21.866667,11.9
60,2024-05-22 10:08:53.733333,2024-05-22 10:11:16.433333,2.378333333333333
60,2024-05-22 10:12:52.200000,2024-05-22 10:18:00.433333,5.137222216666667
60,2024-05-22 10:19:58.500000,2024-05-22 10:21:52.766667,1.90444445
60,2024-05-22 10:23:37.833333,2024-05-22 10:26:09.266667,2.5238889
60,2024-05-22 10:27:51.066667,2024-05-22 10:30:27.966667,2.615
60,2024-05-22 10:31:24.100000,2024-05-22 10:34:59.033333,3.5822222166666666
60,2024-05-22 10:36:25.900000,2024-05-22 10:39:13.266667,2.78944445
60,2024-05-22 10:39:48.166667,2024-05-22 10:43:01.800000,3.2272222166666666
60,2024-05-22 10:43:54.933333,2024-05-22 10:47:49.300000,3.9061111166666667
60,2024-05-22 10:49:58.500000,2024-05-22 10:59:41.266667,9.712777783333333
60,2024-05-22 11:00:23.233333,2024-05-22 11:09:34.600000,9.18944445
60,2024-05-22 11:30:49.000000,2024-05-22 11:32:50.700000,2.0283333333333333
60,2024-05-22 11:43:05.300000,2024-05-22 11:45:09.400000,2.0683333333333334
60,2024-05-22 11:54:57.700000,2024-05-22 11:57:09.300000,2.1933333333333334
60,2024-05-22 12:13:51.666667,2024-05-22 12:16:33.700000,2.70055555
60,2024-05-22 12:19:48.533333,2024-05-22 12:22:31.066667,2.7088889
60,2024-05-22 12:41:41.600000,2024-05-22 12:43:23.866667,1.70444445
60,2024-05-22 13:39:36.966667,2024-05-22 13:42:22.733333,2.7627777666666664
60,2024-05-22 13:50:01.100000,2024-05-22 13:52:16.666667,2.2594444499999997
60,2024-05-22 13:57:24.233333,2024-05-22 14:01:00.800000,3.60944445
60,2024-05-22 14:03:04.200000,2024-05-22 14:08:41.400000,5.62
60,2024-05-22 14:10:27.766667,2024-05-22 14:12:21.433333,1.8944444333333335
60,2024-05-22 14:34:10.466667,2024-05-22 14:34:46.966667,0.6083333333333333
60,2024-05-22 14:38:22.000000,2024-05-22 14:40:05.833333,1.7305555499999998
60,2024-05-22 14:42:55.666667,2024-05-22 14:52:45.533333,9.8311111
60,2024-05-22 14:55:55.733333,2024-05-22 14:57:14.900000,1.31944445
60,2024-05-22 16:29:01.400000,2024-05-22 16:30:49.400000,1.8
60,2024-05-22 16:35:29.566667,2024-05-22 16:37:23.400000,1.8972222166666666
60,2024-05-22 17:01:30.666667,2024-05-22 17:06:32.800000,5.03555555
60,2024-05-22 17:09:00.033333,2024-05-22 17:12:28.266667,3.470555566666667
60,2024-05-22 17:17:32.000000,2024-05-22 17:20:59.533333,3.458888883333333
60,2024-05-22 17:22:56.866667,2024-05-22 17:28:39.100000,5.703888883333334
60,2024-05-22 17:28:58.733333,2024-05-22 17:59:49.700000,30.84944445
60,2024-05-23 09:24:09.166667,2024-05-23 09:35:36.100000,11.448888883333332
60,2024-05-23 09:36:25.300000,2024-05-23 09:40:54.866667,4.4927777833333336
60,2024-05-23 09:41:15.966667,2024-05-23 10:18:52.566667,37.61
60,2024-05-23 10:20:45.500000,2024-05-23 10:32:38.100000,11.876666666666667
60,2024-05-23 10:33:13.033333,2024-05-23 10:42:42.066667,9.4838889
60,2024-05-23 10:44:36.366667,2024-05-23 11:15:24.266667,30.798333333333336
60,2024-05-23 11:17:18.300000,2024-05-23 11:27:00.300000,9.7
60,2024-05-23 11:28:26.433333,2024-05-23 11:47:04.833333,18.64
60,2024-05-23 11:48:41.233333,2024-05-23 11:54:18.433333,5.62
60,2024-05-23 12:08:09.633333,2024-05-23 12:20:34.300000,12.411111116666666
60,2024-05-23 12:21:34.366667,2024-05-23 12:25:20.233333,3.7644444333333333
60,2024-05-23 12:26:46.233333,2024-05-23 12:37:12.366667,10.435555566666666
60,2024-05-23 12:38:40.200000,2024-05-23 12:39:42.100000,1.0316666666666667
60,2024-05-23 12:39:57.833333,2024-05-23 12:46:01.900000,6.067777783333333
60,2024-05-23 12:47:38.700000,2024-05-23 12:58:58.433333,11.328888883333333
60,2024-05-23 13:13:15.600000,2024-05-23 13:19:33.566667,6.299444449999999
60,2024-05-23 13:20:35.333333,2024-05-23 13:32:52.700000,12.28944445
60,2024-05-23 13:33:32.033333,2024-05-23 13:41:53.733333,8.361666666666666
60,2024-05-23 13:43:24.033333,2024-05-23 13:55:00.100000,11.601111116666667
60,2024-05-23 13:57:02.300000,2024-05-23 14:02:38.200000,5.598333333333333
60,2024-05-23 14:04:57.266667,2024-05-23 14:16:12.433333,11.252777766666666
60,2024-05-23 14:16:42.433333,2024-05-23 14:22:35.633333,5.886666666666667
60,2024-05-23 14:23:52.766667,2024-05-23 14:24:25.466667,0.545
60,2024-05-23 14:26:47.500000,2024-05-23 14:27:54.733333,1.12055555
60,2024-05-23 14:28:57.333333,2024-05-23 14:31:12.000000,2.24444445
60,2024-05-23 14:31:28.566667,2024-05-23 14:32:23.033333,0.9077777666666668
60,2024-05-23 14:34:35.600000,2024-05-23 14:35:35.866667,1.00444445
60,2024-05-23 14:41:02.600000,2024-05-23 14:42:04.166667,1.0261111166666668
60,2024-05-23 14:43:33.900000,2024-05-23 14:44:32.900000,0.9833333333333333
60,2024-05-23 14:46:27.966667,2024-05-23 14:47:25.166667,0.9533333333333334
60,2024-05-23 14:51:29.166667,2024-05-23 14:54:41.100000,3.1988888833333333
60,2024-05-23 14:55:28.033333,2024-05-23 15:08:00.766667,12.545555566666668
60,2024-05-23 15:09:42.066667,2024-05-23 15:16:08.733333,6.4444444333333335
60,2024-05-23 15:17:49.700000,2024-05-23 15:22:39.733333,4.8338888833333336
60,2024-05-23 15:23:19.366667,2024-05-23 15:28:40.200000,5.347222216666666
60,2024-05-23 15:30:05.366667,2024-05-23 15:31:37.033333,1.5277777666666668
60,2024-05-23 15:32:42.366667,2024-05-23 15:37:10.533333,4.469444433333334
60,2024-05-23 15:51:41.233333,2024-05-23 15:56:46.933333,5.095
60,2024-05-23 15:58:14.800000,2024-05-23 16:02:37.366667,4.376111116666666
60,2024-05-23 16:04:03.933333,2024-05-23 16:09:03.733333,4.996666666666667
60,2024-05-23 16:10:31.466667,2024-05-23 16:13:55.000000,3.3922222166666667
60,2024-05-23 16:15:22.700000,2024-05-23 16:21:31.866667,6.152777783333334
60,2024-05-23 16:29:55.333333,2024-05-23 16:37:01.600000,7.10444445
60,2024-05-23 16:38:42.000000,2024-05-23 16:44:14.100000,5.535
60,2024-05-23 16:45:57.500000,2024-05-23 16:53:06.933333,7.157222216666667
60,2024-05-23 16:53:31.833333,2024-05-23 16:58:02.133333,4.505
60,2024-05-23 16:59:46.200000,2024-05-23 17:01:24.200000,1.6333333333333333
60,2024-05-23 17:02:28.866667,2024-05-23 17:03:39.800000,1.1822222166666667
60,2024-05-23 17:04:50.500000,2024-05-23 17:06:02.766667,1.20444445
60,2024-05-23 17:07:17.333333,2024-05-23 17:08:41.966667,1.4105555666666667
60,2024-05-23 17:16:39.666667,2024-05-23 17:20:23.133333,3.7244444333333333
60,2024-05-23 17:21:26.733333,2024-05-23 17:26:02.933333,4.6033333333333335
60,2024-05-23 17:27:23.066667,2024-05-23 17:32:21.433333,4.972777766666667
60,2024-05-23 17:34:32.166667,2024-05-23 17:47:19.800000,12.793888883333333
60,2024-05-23 17:55:47.933333,2024-05-23 18:20:45.333333,24.956666666666667
60,2024-05-23 18:22:44.933333,2024-05-23 18:27:18.166667,4.5538889000000005
60,2024-05-23 18:30:39.066667,2024-05-23 18:58:51.900000,28.213888883333333
60,2024-05-24 09:15:07.400000,2024-05-24 09:16:25.466667,1.3011111166666667
60,2024-05-24 09:16:38.433333,2024-05-24 09:18:49.866667,2.1905555666666667
60,2024-05-24 09:19:04.466667,2024-05-24 09:21:46.266667,2.6966666666666668
60,2024-05-24 09:22:14.500000,2024-05-24 09:22:47.600000,0.5516666666666666
60,2024-05-24 09:23:03.366667,2024-05-24 09:23:48.566667,0.7533333333333334
60,2024-05-24 09:23:57.366667,2024-05-24 09:26:19.966667,2.3766666666666665
60,2024-05-24 09:26:37.300000,2024-05-24 09:30:24.900000,3.7933333333333334
60,2024-05-24 09:32:46.166667,2024-05-24 09:33:21.633333,0.5911111000000001
60,2024-05-24 09:34:13.000000,2024-05-24 09:41:20.433333,7.123888883333334
60,2024-05-24 09:41:34.033333,2024-05-24 09:51:01.600000,9.459444450000001
60,2024-05-24 09:56:09.933333,2024-05-24 09:57:27.700000,1.2961111166666666
60,2024-05-24 09:57:37.866667,2024-05-24 10:02:45.233333,5.122777766666667
60,2024-05-24 10:04:09.700000,2024-05-24 10:04:47.633333,0.6322222166666667
60,2024-05-24 10:04:58.600000,2024-05-24 10:05:37.233333,0.6438888833333334
60,2024-05-24 10:13:28.466667,2024-05-24 10:30:36.266667,17.13
60,2024-05-24 10:30:49.133333,2024-05-24 10:34:30.533333,3.69
60,2024-05-24 10:35:37.733333,2024-05-24 10:36:49.433333,1.195
60,2024-05-24 10:37:34.933333,2024-05-24 10:38:05.633333,0.5116666666666666
60,2024-05-24 10:38:44.633333,2024-05-24 11:00:24.833333,21.67
60,2024-05-24 11:00:33.200000,2024-05-24 11:01:26.066667,0.8811111166666666
60,2024-05-24 11:01:37.400000,2024-05-24 11:02:11.066667,0.5611111166666666
60,2024-05-24 11:02:23.100000,2024-05-24 11:06:34.966667,4.197777783333334
60,2024-05-24 11:08:22.033333,2024-05-24 11:10:15.866667,1.8972222333333333
60,2024-05-24 11:11:25.233333,2024-05-24 11:12:39.200000,1.2327777833333333
60,2024-05-24 11:13:51.100000,2024-05-24 11:15:02.133333,1.1838888833333334
60,2024-05-24 11:24:34.766667,2024-05-24 11:25:34.700000,0.9988888833333333
60,2024-05-24 11:28:05.800000,2024-05-24 11:29:07.000000,1.02
60,2024-05-24 11:32:37.533333,2024-05-24 11:37:43.333333,5.096666666666667
60,2024-05-24 11:47:08.433333,2024-05-24 11:48:57.866667,1.8238889
60,2024-05-24 11:50:25.100000,2024-05-24 11:51:36.766667,1.19444445
60,2024-05-24 11:52:55.233333,2024-05-24 12:31:30.800000,38.59277778333333
60,2024-05-24 12:31:40.566667,2024-05-24 12:39:15.866667,7.588333333333334
60,2024-05-24 12:48:28.866667,2024-05-24 13:10:49.033333,22.3361111
60,2024-05-24 13:11:49.300000,2024-05-24 13:19:38.800000,7.825
60,2024-05-24 13:19:45.533333,2024-05-24 13:44:23.366667,24.630555566666665
60,2024-05-24 13:48:36.000000,2024-05-24 14:22:42.700000,34.111666666666665
60,2024-05-24 14:25:07.933333,2024-05-24 14:30:43.933333,5.6
60,2024-05-24 14:36:55.666667,2024-05-24 14:37:47.100000,0.8572222166666666
60,2024-05-24 14:37:47.900000,2024-05-24 15:14:21.000000,36.55166666666666
60,2024-05-24 15:15:38.100000,2024-05-24 15:16:19.333333,0.6872222166666667
60,2024-05-24 15:42:24.533333,2024-05-24 15:43:13.766667,0.8205555666666666
60,2024-05-24 15:45:13.866667,2024-05-24 15:45:44.666667,0.5133333333333333
60,2024-05-24 15:47:00.500000,2024-05-24 15:47:43.966667,0.72444445
60,2024-05-24 15:49:09.466667,2024-05-24 16:18:35.600000,29.43555555
60,2024-05-24 16:34:28.033333,2024-05-24 16:37:45.500000,3.291111116666667
60,2024-05-24 16:38:53.400000,2024-05-24 16:40:02.733333,1.1555555499999999
60,2024-05-24 16:44:22.433333,2024-05-24 16:45:21.266667,0.9805555666666667
60,2024-05-24 16:48:49.866667,2024-05-24 16:49:52.133333,1.0377777666666668
60,2024-05-24 17:08:17.233333,2024-05-24 17:14:50.600000,6.556111116666667
60,2024-05-24 17:26:27.600000,2024-05-24 17:28:13.100000,1.7583333333333333
60,2024-05-24 17:35:08.500000,2024-05-24 17:40:55.966667,5.7911111166666664
60,2024-05-24 17:42:39.033333,2024-05-24 17:51:17.466667,8.640555566666666
60,2024-05-25 09:22:32.966667,2024-05-25 09:28:06.466667,5.558333333333334
60,2024-05-25 09:29:01.200000,2024-05-25 09:37:33.766667,8.542777783333333
60,2024-05-25 09:39:17.033333,2024-05-25 09:50:08.366667,10.855555566666668
60,2024-05-25 09:51:06.233333,2024-05-25 09:55:15.000000,4.146111116666667
60,2024-05-25 09:55:19.500000,2024-05-25 09:56:10.100000,0.8433333333333334
60,2024-05-25 11:10:49.533333,2024-05-25 11:18:37.766667,7.8038889000000005
60,2024-05-25 12:52:02.033333,2024-05-25 12:52:32.700000,0.5111111166666666
60,2024-05-25 13:05:02.333333,2024-05-25 13:12:43.833333,7.691666666666666
60,2024-05-25 13:33:19.466667,2024-05-25 13:33:50.133333,0.5111111
60,2024-05-25 13:35:13.066667,2024-05-25 13:39:42.366667,4.488333333333333
60,2024-05-25 13:41:02.333333,2024-05-25 13:42:40.600000,1.6377777833333333
60,2024-05-25 14:34:43.500000,2024-05-25 14:36:21.200000,1.6283333333333334
60,2024-05-25 14:39:55.033333,2024-05-25 15:27:47.366667,47.87222223333333
60,2024-05-25 16:05:40.400000,2024-05-25 16:06:46.500000,1.1016666666666666
60,2024-05-26 10:50:46.466667,2024-05-26 11:26:21.266667,35.580000000000005
60,2024-05-26 11:26:43.166667,2024-05-26 11:40:40.100000,13.948888883333332
60,2024-05-26 11:41:10.066667,2024-05-26 11:41:41.900000,0.53055555
60,2024-05-26 11:41:52.700000,2024-05-26 11:43:59.000000,2.105
60,2024-05-26 11:44:52.933333,2024-05-26 11:46:41.766667,1.8138888999999998
60,2024-05-26 12:01:36.466667,2024-05-26 12:09:53.200000,8.278888883333334
60,2024-05-26 12:14:58.500000,2024-05-26 12:17:25.200000,2.445
60,2024-05-26 12:18:05.166667,2024-05-26 12:18:56.633333,0.8577777666666667
60,2024-05-26 12:19:29.266667,2024-05-26 12:21:14.033333,1.7461111
60,2024-05-26 12:22:14.000000,2024-05-26 12:26:24.166667,4.169444449999999
60,2024-05-26 12:27:41.833333,2024-05-26 12:29:27.100000,1.75444445
60,2024-05-26 12:32:58.233333,2024-05-26 12:34:58.266667,2.000555566666667
60,2024-05-26 12:40:26.200000,2024-05-26 12:42:40.466667,2.2377777833333337
60,2024-05-26 12:47:33.633333,2024-05-26 12:48:24.300000,0.8444444499999999
60,2024-05-26 12:51:29.900000,2024-05-26 12:58:44.100000,7.236666666666666
60,2024-05-26 13:07:23.966667,2024-05-26 13:17:41.066667,10.285
60,2024-05-26 13:18:51.866667,2024-05-26 13:21:09.933333,2.3011111
60,2024-05-26 13:30:30.766667,2024-05-26 13:32:06.300000,1.5922222166666666
60,2024-05-26 13:34:18.366667,2024-05-26 13:35:56.733333,1.6394444333333333
60,2024-05-26 15:30:00.000000,2024-05-26 15:32:48.966667,2.816111116666667
60,2024-05-26 15:32:55.166667,2024-05-26 15:33:35.766667,0.6766666666666666
60,2024-05-26 15:33:36.866667,2024-05-26 15:34:55.966667,1.3183333333333331
