nest,exit_time,entry_time,duration_min
1,2024-04-29 17:04:51.133333,2024-04-29 17:13:28.133333,8.616666666666667
1,2024-04-29 17:13:30.500000,2024-04-29 17:38:10.433333,24.66555555
1,2024-04-29 18:19:25.333333,2024-04-29 18:22:45.433333,3.335
1,2024-04-29 18:41:59.933333,2024-04-30 12:11:00.333333,1049.0066666666667
1,2024-04-30 12:45:10.300000,2024-04-30 13:01:10.466667,16.002777783333332
1,2024-04-30 13:01:11.633333,2024-04-30 13:10:14.900000,9.05444445
1,2024-04-30 13:10:18.100000,2024-04-30 14:36:07.100000,85.81666666666666
1,2024-04-30 15:21:18.333333,2024-05-01 15:47:39.766667,1466.3572222333335
1,2024-05-01 15:48:49.700000,2024-05-01 15:58:05.466667,9.262777783333332
1,2024-05-01 16:43:46.966667,2024-05-01 16:45:27.366667,1.6733333333333333
1,2024-05-01 17:10:37.200000,2024-05-01 17:14:58.666667,4.357777783333333
1,2024-05-01 17:16:37.766667,2024-05-01 17:23:41.933333,7.0694444333333335
1,2024-05-01 17:24:58.233333,2024-05-01 17:27:01.666667,2.0572222333333334
1,2024-05-01 17:51:22.233333,2024-05-01 17:53:54.366667,2.5355555666666665
1,2024-05-01 18:47:08.800000,2024-05-01 18:49:02.833333,1.90055555
1,2024-05-01 18:50:43.133333,2024-05-01 18:59:44.000000,9.014444450000001
1,2024-05-01 19:00:44.633333,2024-05-01 19:02:41.500000,1.9477777833333334
1,2024-05-01 19:04:36.400000,2024-05-01 19:06:29.300000,1.8816666666666668
1,2024-05-01 19:08:08.900000,2024-05-01 19:09:49.366667,1.67444445
1,2024-05-01 19:15:58.100000,2024-05-01 19:17:39.933333,1.6972222166666666
1,2024-05-01 19:20:15.033333,2024-05-01 19:29:51.066667,9.600555566666666
1,2024-05-01 19:31:58.933333,2024-05-01 19:34:23.966667,2.4172222333333333
1,2024-05-01 19:36:34.866667,2024-05-01 19:38:53.733333,2.3144444333333336
1,2024-05-01 19:39:55.633333,2024-05-01 19:49:46.133333,9.841666666666667
1,2024-05-02 08:04:39.133333,2024-05-02 08:39:58.800000,35.32777778333333
1,2024-05-02 08:40:56.233333,2024-05-02 08:53:13.166667,12.282222233333332
1,2024-05-02 08:54:39.566667,2024-05-02 09:01:13.600000,6.567222216666667
1,2024-05-02 09:02:06.500000,2024-05-02 09:14:16.100000,12.16
1,2024-05-02 09:15:21.300000,2024-05-02 09:26:48.733333,11.457222216666667
1,2024-05-02 09:27:57.333333,2024-05-02 09:32:10.933333,4.226666666666667
1,2024-05-02 09:33:01.066667,2024-05-02 09:45:28.900000,12.463888883333334
1,2024-05-02 09:46:45.466667,2024-05-02 10:02:05.200000,15.328888883333333
1,2024-05-02 10:03:16.133333,2024-05-02 10:13:39.066667,10.382222233333332
1,2024-05-02 10:14:44.566667,2024-05-02 10:43:50.833333,29.104444433333335
1,2024-05-02 10:45:10.966667,2024-05-02 10:55:21.500000,10.17555555
1,2024-05-02 10:56:35.700000,2024-05-02 11:08:35.633333,11.998888883333333
1,2024-05-02 11:09:50.866667,2024-05-02 11:21:24.333333,11.557777766666668
1,2024-05-02 11:22:40.700000,2024-05-02 11:34:45.233333,12.075555549999999
1,2024-05-02 11:36:04.100000,2024-05-02 12:03:53.500000,27.823333333333334
1,2024-05-02 12:05:49.000000,2024-05-02 12:08:29.200000,2.67
1,2024-05-02 12:09:18.733333,2024-05-02 12:14:23.466667,5.0788889
1,2024-05-02 12:15:26.633333,2024-05-02 12:17:12.466667,1.7638889
1,2024-05-02 12:21:30.233333,2024-05-02 12:24:17.533333,2.7883333333333336
1,2024-05-02 12:25:29.866667,2024-05-02 12:26:56.666667,1.4466666666666665
1,2024-05-02 12:27:44.700000,2024-05-02 12:29:15.766667,1.5177777833333332
1,2024-05-02 12:30:07.366667,2024-05-02 12:31:45.633333,1.6377777666666666
1,2024-05-02 12:32:39.066667,2024-05-02 12:34:16.466667,1.6233333333333335
1,2024-05-02 12:37:13.566667,2024-05-02 12:43:11.966667,5.973333333333333
1,2024-05-02 12:45:07.133333,2024-05-02 12:48:19.200000,3.2011111166666666
1,2024-05-02 12:50:37.000000,2024-05-02 12:55:38.100000,5.0183333333333335
1,2024-05-02 12:57:01.033333,2024-05-02 12:58:37.700000,1.6111111166666667
1,2024-05-02 13:01:51.166667,2024-05-02 13:02:03.866667,0.21166666666666664
1,2024-05-02 13:03:06.366667,2024-05-02 13:03:19.733333,0.22277776666666668
1,2024-05-02 13:09:20.466667,2024-05-02 13:10:20.666667,1.0033333333333334
1,2024-05-02 13:10:44.033333,2024-05-02 13:13:52.766667,3.145555566666667
1,2024-05-02 13:14:15.133333,2024-05-02 13:16:03.933333,1.8133333333333332
1,2024-05-02 13:17:44.833333,2024-05-02 13:27:17.366667,9.542222233333332
1,2024-05-02 13:29:14.700000,2024-05-02 13:34:25.966667,5.187777783333333
1,2024-05-02 13:48:23.933333,2024-05-02 13:55:50.233333,7.4383333333333335
1,2024-05-02 15:53:48.866667,2024-05-02 15:57:37.933333,3.8177777666666666
1,2024-05-02 15:59:03.533333,2024-05-02 15:59:25.600000,0.36777778333333333
1,2024-05-02 16:12:12.566667,2024-05-02 16:14:10.100000,1.9588888833333333
1,2024-05-02 16:20:15.766667,2024-05-02 16:21:49.333333,1.5594444333333333
1,2024-05-02 16:27:11.133333,2024-05-02 16:28:42.766667,1.5272222333333334
1,2024-05-02 16:30:52.033333,2024-05-02 16:32:58.100000,2.1011111166666665
1,2024-05-02 16:39:28.800000,2024-05-02 16:41:07.833333,1.65055555
1,2024-05-02 16:43:10.566667,2024-05-02 16:44:50.700000,1.6688888833333333
1,2024-05-02 16:46:19.133333,2024-05-02 16:50:54.966667,4.597222233333333
1,2024-05-02 16:56:04.300000,2024-05-02 17:01:32.766667,5.474444449999999
1,2024-05-02 17:01:34.766667,2024-05-02 17:02:44.466667,1.1616666666666666
1,2024-05-02 17:04:08.566667,2024-05-02 17:09:22.500000,5.232222216666667
1,2024-05-02 17:10:42.466667,2024-05-02 17:24:30.066667,13.793333333333333
1,2024-05-02 17:25:36.400000,2024-05-02 17:33:44.333333,8.132222216666667
1,2024-05-02 17:35:01.333333,2024-05-02 18:02:34.266667,27.5488889
1,2024-05-02 18:03:54.000000,2024-05-02 18:07:43.533333,3.82555555
1,2024-05-02 18:20:41.966667,2024-05-02 18:29:40.033333,8.967777766666668
1,2024-05-02 18:30:40.433333,2024-05-02 18:34:56.033333,4.26
1,2024-05-02 18:35:53.333333,2024-05-02 18:51:12.200000,15.31444445
1,2024-05-02 18:52:20.200000,2024-05-02 19:06:15.466667,13.921111116666667
1,2024-05-02 19:07:52.300000,2024-05-02 19:25:24.100000,17.529999999999998
1,2024-05-02 19:27:03.366667,2024-05-02 19:39:48.866667,12.758333333333333
1,2024-05-02 19:41:58.033333,2024-05-02 19:44:06.866667,2.1472222333333333
1,2024-05-02 19:45:49.933333,2024-05-02 19:55:20.366667,9.507222233333332
1,2024-05-03 08:32:34.866667,2024-05-03 08:33:13.200000,0.6388888833333334
1,2024-05-03 08:33:13.200000,2024-05-03 09:17:58.400000,44.75333333333333
1,2024-05-03 09:19:04.500000,2024-05-03 09:45:15.800000,26.188333333333333
1,2024-05-03 09:46:31.933333,2024-05-03 09:48:35.733333,2.0633333333333335
1,2024-05-03 09:49:19.333333,2024-05-03 10:19:12.800000,29.891111116666664
1,2024-05-03 10:20:21.966667,2024-05-03 10:29:41.733333,9.329444433333332
1,2024-05-03 10:30:54.366667,2024-05-03 10:41:47.566667,10.886666666666667
1,2024-05-03 10:43:01.266667,2024-05-03 10:57:51.700000,14.84055555
1,2024-05-03 10:59:03.733333,2024-05-03 10:59:52.400000,0.8111111166666666
1,2024-05-03 11:01:01.233333,2024-05-03 11:04:33.733333,3.5416666666666665
1,2024-05-03 11:05:31.666667,2024-05-03 11:08:08.733333,2.617777766666667
1,2024-05-03 11:09:06.800000,2024-05-03 11:12:05.233333,2.9738888833333332
1,2024-05-03 11:13:03.833333,2024-05-03 11:15:38.400000,2.5761111166666666
1,2024-05-03 11:16:43.333333,2024-05-03 11:19:50.600000,3.121111116666667
1,2024-05-03 11:21:02.066667,2024-05-03 11:26:13.866667,5.196666666666667
1,2024-05-03 11:27:35.433333,2024-05-03 11:29:38.866667,2.0572222333333334
1,2024-05-03 11:31:39.633333,2024-05-03 11:33:42.766667,2.0522222333333335
1,2024-05-03 11:35:44.500000,2024-05-03 11:39:05.300000,3.3466666666666667
1,2024-05-03 11:40:38.066667,2024-05-03 11:46:58.133333,6.334444433333333
1,2024-05-03 11:48:27.033333,2024-05-03 11:50:34.633333,2.1266666666666665
1,2024-05-03 11:51:31.133333,2024-05-03 11:53:36.666667,2.092222233333333
1,2024-05-03 11:54:39.133333,2024-05-03 11:56:24.433333,1.755
1,2024-05-03 11:57:59.033333,2024-05-03 11:59:43.766667,1.7455555666666667
1,2024-05-03 12:00:33.666667,2024-05-03 12:02:42.366667,2.145
1,2024-05-03 12:04:20.200000,2024-05-03 12:06:05.133333,1.7488888833333334
1,2024-05-03 12:07:58.733333,2024-05-03 12:12:59.733333,5.016666666666667
1,2024-05-03 12:14:25.466667,2024-05-03 12:16:37.466667,2.2
1,2024-05-03 12:17:46.666667,2024-05-03 12:19:35.533333,1.8144444333333332
1,2024-05-03 12:21:51.766667,2024-05-03 12:23:40.066667,1.805
1,2024-05-03 12:25:16.733333,2024-05-03 12:29:59.766667,4.717222233333334
1,2024-05-03 12:35:11.233333,2024-05-03 12:41:31.200000,6.3327777833333325
1,2024-05-03 12:42:17.200000,2024-05-03 12:53:04.733333,10.792222216666666
1,2024-05-03 12:54:48.733333,2024-05-03 13:05:21.933333,10.553333333333335
1,2024-05-03 13:06:36.400000,2024-05-03 13:18:25.600000,11.82
1,2024-05-03 13:19:26.366667,2024-05-03 13:29:17.566667,9.853333333333333
1,2024-05-03 13:30:39.000000,2024-05-03 13:33:31.600000,2.8766666666666665
1,2024-05-03 13:34:26.666667,2024-05-03 13:43:03.166667,8.608333333333333
1,2024-05-03 13:44:28.666667,2024-05-03 13:52:42.433333,8.229444433333333
1,2024-05-03 13:54:15.233333,2024-05-03 14:06:30.500000,12.25444445
1,2024-05-03 14:08:01.933333,2024-05-03 14:17:12.200000,9.171111116666667
1,2024-05-03 14:17:32.200000,2024-05-03 14:18:45.133333,1.2155555500000002
1,2024-05-03 14:20:06.833333,2024-05-03 14:30:51.966667,10.752222233333333
1,2024-05-03 14:31:34.766667,2024-05-03 14:34:08.166667,2.5566666666666666
1,2024-05-03 14:34:09.866667,2024-05-03 14:38:01.033333,3.8527777666666667
1,2024-05-03 14:38:43.666667,2024-05-03 14:47:49.900000,9.103888883333333
1,2024-05-03 14:56:19.566667,2024-05-03 15:06:36.833333,10.287777766666666
1,2024-05-03 15:07:07.666667,2024-05-03 15:07:42.966667,0.5883333333333333
1,2024-05-03 15:11:50.666667,2024-05-03 15:21:26.533333,9.597777766666667
1,2024-05-03 15:22:27.866667,2024-05-03 15:31:46.300000,9.307222216666666
1,2024-05-03 15:44:48.600000,2024-05-03 15:46:26.200000,1.6266666666666665
1,2024-05-03 15:47:05.266667,2024-05-03 15:47:26.333333,0.3511111
1,2024-05-03 15:47:58.500000,2024-05-03 15:49:42.600000,1.7349999999999999
1,2024-05-03 15:50:02.933333,2024-05-03 15:50:47.233333,0.7383333333333333
1,2024-05-03 15:52:06.666667,2024-05-03 15:52:20.866667,0.23666666666666666
1,2024-05-03 15:54:15.566667,2024-05-03 15:58:56.766667,4.6866666666666665
1,2024-05-03 16:09:48.200000,2024-05-03 16:10:12.700000,0.4083333333333333
1,2024-05-03 16:21:05.933333,2024-05-03 16:23:08.433333,2.0416666666666665
1,2024-05-03 16:24:08.300000,2024-05-03 16:26:04.533333,1.9372222166666666
1,2024-05-03 16:26:58.033333,2024-05-03 16:28:49.233333,1.8533333333333333
1,2024-05-03 16:29:50.033333,2024-05-03 16:31:41.700000,1.8611111166666667
1,2024-05-03 16:32:41.600000,2024-05-03 16:34:36.733333,1.9188888833333333
1,2024-05-03 16:35:45.466667,2024-05-03 16:37:09.233333,1.3961111
1,2024-05-03 16:39:23.700000,2024-05-03 16:39:35.533333,0.19722221666666667
1,2024-05-03 16:41:05.066667,2024-05-03 16:41:35.166667,0.5016666666666667
1,2024-05-03 16:42:19.733333,2024-05-03 16:44:31.033333,2.1883333333333335
1,2024-05-03 16:45:43.900000,2024-05-03 16:47:54.433333,2.17555555
1,2024-05-03 16:50:02.066667,2024-05-03 16:54:00.066667,3.966666666666667
1,2024-05-03 16:56:21.600000,2024-05-03 17:03:41.400000,7.33
1,2024-05-03 17:05:45.166667,2024-05-03 17:08:41.866667,2.945
1,2024-05-03 17:10:10.366667,2024-05-03 17:11:56.300000,1.76555555
1,2024-05-03 17:16:24.733333,2024-05-03 17:18:12.833333,1.8016666666666665
1,2024-05-03 17:20:11.433333,2024-05-03 17:21:59.500000,1.8011111166666667
1,2024-05-03 17:23:33.900000,2024-05-03 17:25:25.766667,1.8644444500000001
1,2024-05-03 17:26:35.566667,2024-05-03 17:28:27.266667,1.8616666666666668
1,2024-05-03 17:31:01.966667,2024-05-03 17:33:18.133333,2.2694444333333332
1,2024-05-03 17:38:16.700000,2024-05-03 17:42:11.333333,3.9105555499999998
1,2024-05-03 17:43:27.700000,2024-05-03 17:43:57.500000,0.4966666666666667
1,2024-05-03 17:45:12.600000,2024-05-03 17:45:48.166667,0.5927777833333334
1,2024-05-03 17:49:19.366667,2024-05-03 17:59:17.166667,9.963333333333333
1,2024-05-03 18:00:42.100000,2024-05-03 18:05:58.700000,5.276666666666667
1,2024-05-03 18:07:56.533333,2024-05-03 18:16:33.266667,8.612222233333334
1,2024-05-03 18:18:34.033333,2024-05-03 18:29:03.200000,10.486111116666667
1,2024-05-03 18:33:40.966667,2024-05-03 18:38:36.500000,4.92555555
1,2024-05-03 18:40:05.066667,2024-05-03 18:54:25.366667,14.338333333333333
1,2024-05-06 12:17:09.833333,2024-05-06 12:49:45.066667,32.587222233333335
1,2024-05-06 12:51:36.600000,2024-05-06 13:16:17.466667,24.681111116666667
1,2024-05-06 13:17:47.600000,2024-05-06 13:49:50.633333,32.05055555
1,2024-05-06 13:50:40.166667,2024-05-06 14:26:54.133333,36.232777766666665
1,2024-05-06 14:43:31.666667,2024-05-06 15:13:16.133333,29.7411111
1,2024-05-06 15:18:26.800000,2024-05-06 15:31:53.266667,13.441111116666667
1,2024-05-06 15:33:18.366667,2024-05-06 15:49:07.366667,15.816666666666666
1,2024-05-06 15:50:38.700000,2024-05-06 16:07:37.266667,16.97611111666667
1,2024-05-06 16:09:00.133333,2024-05-06 16:11:29.200000,2.48444445
1,2024-05-06 16:12:14.500000,2024-05-06 16:26:30.700000,14.270000000000001
1,2024-05-06 16:28:14.200000,2024-05-06 16:41:32.366667,13.302777783333333
1,2024-05-06 16:42:36.733333,2024-05-06 16:57:26.166667,14.823888899999998
1,2024-05-06 16:58:51.566667,2024-05-06 17:00:54.133333,2.0427777666666667
1,2024-05-06 17:01:31.733333,2024-05-06 17:16:17.100000,14.756111116666666
1,2024-05-06 17:17:46.433333,2024-05-06 17:19:43.566667,1.9522222333333334
1,2024-05-06 17:20:22.800000,2024-05-06 17:34:06.033333,13.72055555
1,2024-05-06 17:35:43.333333,2024-05-06 17:53:59.066667,18.262222233333333
1,2024-05-06 17:55:54.466667,2024-05-06 18:10:47.633333,14.886111099999999
1,2024-05-06 18:13:02.366667,2024-05-06 18:17:08.633333,4.104444433333333
1,2024-05-06 18:17:59.200000,2024-05-06 18:20:54.100000,2.915
1,2024-05-06 18:21:59.333333,2024-05-06 18:24:25.166667,2.430555566666667
1,2024-05-06 18:25:32.800000,2024-05-06 18:28:34.000000,3.02
1,2024-05-06 18:29:47.933333,2024-05-06 18:40:44.100000,10.936111116666666
1,2024-05-06 18:41:43.633333,2024-05-06 18:45:08.666667,3.4172222333333333
1,2024-05-06 18:46:13.933333,2024-05-06 18:48:38.533333,2.4099999999999997
1,2024-05-06 18:49:44.566667,2024-05-06 18:53:21.000000,3.6072222166666665
1,2024-05-06 19:01:13.200000,2024-05-06 19:04:04.200000,2.85
1,2024-05-06 19:07:16.200000,2024-05-06 19:09:36.600000,2.3400000000000003
1,2024-05-06 19:11:57.033333,2024-05-06 19:12:16.900000,0.33111111666666665
1,2024-05-06 19:13:28.833333,2024-05-06 19:28:20.433333,14.860000000000001
1,2024-05-06 19:31:22.300000,2024-05-06 19:35:50.933333,4.477222216666666
1,2024-05-06 19:38:30.200000,2024-05-06 19:42:44.766667,4.2427777833333336
1,2024-05-06 19:45:27.000000,2024-05-06 19:48:58.466667,3.52444445
1,2024-05-07 11:24:06.566667,2024-05-07 12:21:11.533333,57.082777766666666
1,2024-05-07 12:23:13.533333,2024-05-07 12:25:10.200000,1.94444445
1,2024-05-07 12:25:46.166667,2024-05-07 12:27:58.966667,2.2133333333333334
1,2024-05-07 12:28:33.266667,2024-05-07 12:34:44.166667,6.181666666666667
1,2024-05-07 12:34:49.866667,2024-05-07 13:12:08.533333,37.3111111
1,2024-05-07 13:12:19.833333,2024-05-07 13:13:13.133333,0.8883333333333333
1,2024-05-07 13:13:18.666667,2024-05-07 13:13:24.166667,0.09166666666666666
1,2024-05-07 13:13:30.666667,2024-05-07 13:25:28.366667,11.961666666666668
1,2024-05-07 13:25:42.333333,2024-05-07 13:27:32.900000,1.8427777833333332
1,2024-05-07 13:27:39.166667,2024-05-07 13:36:57.566667,9.306666666666667
1,2024-05-07 13:37:16.066667,2024-05-07 13:49:42.500000,12.44055555
1,2024-05-07 13:49:45.333333,2024-05-07 13:52:51.600000,3.1044444500000004
1,2024-05-07 13:55:07.933333,2024-05-07 13:57:17.966667,2.1672222333333333
1,2024-05-07 13:58:36.966667,2024-05-07 14:03:42.333333,5.089444433333333
1,2024-05-07 14:05:16.400000,2024-05-07 14:08:46.266667,3.4977777833333334
1,2024-05-07 14:10:04.533333,2024-05-07 14:13:17.700000,3.2194444499999997
1,2024-05-07 14:14:33.600000,2024-05-07 14:31:18.700000,16.75166666666667
1,2024-05-07 14:33:29.100000,2024-05-07 14:36:42.000000,3.2150000000000003
1,2024-05-07 14:38:30.966667,2024-05-07 14:40:38.400000,2.1238888833333336
1,2024-05-07 14:41:31.666667,2024-05-07 14:44:52.166667,3.341666666666667
1,2024-05-07 14:53:17.100000,2024-05-07 14:55:37.933333,2.3472222166666667
1,2024-05-07 14:57:27.366667,2024-05-07 14:59:32.666667,2.0883333333333334
1,2024-05-07 15:05:13.533333,2024-05-07 15:09:54.066667,4.6755555666666675
1,2024-05-07 15:10:29.533333,2024-05-07 15:20:25.400000,9.931111116666667
1,2024-05-07 15:20:30.133333,2024-05-07 15:24:35.733333,4.093333333333333
1,2024-05-07 15:27:01.933333,2024-05-07 15:27:55.533333,0.8933333333333333
1,2024-05-07 15:27:58.566667,2024-05-07 15:40:29.700000,12.518888883333334
1,2024-05-07 15:41:55.600000,2024-05-07 15:59:24.033333,17.473888883333334
1,2024-05-07 15:59:30.500000,2024-05-07 16:07:09.633333,7.652222216666667
1,2024-05-07 16:08:56.533333,2024-05-07 16:10:47.533333,1.85
1,2024-05-07 16:11:41.666667,2024-05-07 16:26:38.066667,14.94
1,2024-05-07 16:28:30.200000,2024-05-07 16:31:23.333333,2.88555555
1,2024-05-07 16:33:02.466667,2024-05-07 17:34:30.400000,61.46555555
1,2024-05-07 17:34:31.833333,2024-05-07 17:35:39.833333,1.1333333333333333
1,2024-05-07 17:36:04.866667,2024-05-07 17:54:09.466667,18.076666666666664
1,2024-05-07 18:08:08.700000,2024-05-07 18:31:33.266667,23.409444450000002
1,2024-05-07 18:36:03.933333,2024-05-07 18:39:04.233333,3.0050000000000003
1,2024-05-07 18:41:30.766667,2024-05-07 19:01:17.366667,19.776666666666664
1,2024-05-07 19:32:17.466667,2024-05-07 19:35:44.666667,3.453333333333333
1,2024-05-07 19:35:54.100000,2024-05-07 19:38:46.833333,2.878888883333333
1,2024-05-07 19:39:12.433333,2024-05-07 19:39:19.333333,0.115
1,2024-05-07 19:39:21.500000,2024-05-07 19:42:25.800000,3.0716666666666668
1,2024-05-08 08:48:39.866667,2024-05-08 09:17:59.600000,29.32888888333333
1,2024-05-08 09:18:18.033333,2024-05-08 10:03:24.900000,45.11444444999999
1,2024-05-08 10:03:54.733333,2024-05-08 10:46:08.500000,42.229444449999995
1,2024-05-08 10:47:18.000000,2024-05-08 11:24:16.566667,36.976111116666665
1,2024-05-08 11:25:45.833333,2024-05-08 11:37:15.900000,11.501111116666667
1,2024-05-08 11:37:48.133333,2024-05-08 11:37:51.433333,0.055
1,2024-05-08 11:38:30.000000,2024-05-08 11:38:32.533333,0.042222216666666666
1,2024-05-08 11:39:03.166667,2024-05-08 11:47:03.266667,8.001666666666667
1,2024-05-08 11:48:43.733333,2024-05-08 11:57:51.866667,9.135555566666666
1,2024-05-08 11:58:04.200000,2024-05-08 11:58:15.433333,0.18722221666666666
1,2024-05-08 11:59:04.133333,2024-05-08 12:11:51.600000,12.791111116666666
1,2024-05-08 12:14:24.566667,2024-05-08 12:14:38.466667,0.23166666666666666
1,2024-05-08 12:15:25.666667,2024-05-08 12:15:30.100000,0.07388888333333334
1,2024-05-08 12:16:17.333333,2024-05-08 12:21:39.366667,5.367222233333334
1,2024-05-08 12:22:00.766667,2024-05-08 12:39:35.100000,17.572222216666667
1,2024-05-08 12:40:00.300000,2024-05-08 12:40:04.066667,0.06277778333333334
1,2024-05-08 12:40:48.866667,2024-05-08 12:47:48.200000,6.988888883333333
1,2024-05-08 12:48:18.366667,2024-05-08 12:50:32.800000,2.2405555500000003
1,2024-05-08 12:51:30.766667,2024-05-08 12:51:34.666667,0.065
1,2024-05-08 12:52:17.566667,2024-05-08 13:00:47.000000,8.49055555
1,2024-05-08 13:01:52.566667,2024-05-08 13:02:31.666667,0.6516666666666667
1,2024-05-08 13:03:51.366667,2024-05-08 13:03:51.866667,0.008333333333333333
1,2024-05-08 13:04:06.733333,2024-05-08 13:04:19.433333,0.21166666666666664
1,2024-05-08 13:04:27.933333,2024-05-08 13:08:04.033333,3.6016666666666666
1,2024-05-08 13:08:07.600000,2024-05-08 13:08:10.566667,0.04944445
1,2024-05-08 13:09:06.133333,2024-05-08 13:09:06.133333,0.0
1,2024-05-08 13:09:07.066667,2024-05-08 13:09:07.600000,0.008888883333333332
1,2024-05-08 13:11:09.466667,2024-05-08 13:12:44.600000,1.5855555499999998
1,2024-05-08 13:13:30.000000,2024-05-08 13:16:34.100000,3.0683333333333334
1,2024-05-08 13:16:58.333333,2024-05-08 13:17:35.800000,0.62444445
1,2024-05-08 13:17:38.400000,2024-05-08 13:17:45.366667,0.11611111666666667
1,2024-05-08 13:19:09.866667,2024-05-08 13:19:12.800000,0.048888883333333334
1,2024-05-08 13:21:33.866667,2024-05-08 13:21:51.133333,0.28777776666666666
1,2024-05-08 13:22:11.200000,2024-05-08 13:22:44.000000,0.5466666666666666
1,2024-05-08 13:23:02.133333,2024-05-08 13:25:04.966667,2.047222233333333
1,2024-05-08 13:25:42.266667,2024-05-08 13:27:08.100000,1.43055555
1,2024-05-08 13:27:46.433333,2024-05-08 13:27:48.466667,0.0338889
1,2024-05-08 13:28:22.633333,2024-05-08 13:33:13.066667,4.840555566666667
1,2024-05-08 13:33:36.033333,2024-05-08 13:33:56.400000,0.33944445
1,2024-05-08 13:34:44.300000,2024-05-08 13:34:52.166667,0.13111111666666667
1,2024-05-08 13:37:24.933333,2024-05-08 13:37:43.900000,0.3161111166666667
1,2024-05-08 13:38:48.566667,2024-05-08 13:39:12.466667,0.3983333333333333
1,2024-05-08 13:39:32.333333,2024-05-08 13:41:30.533333,1.97
1,2024-05-08 13:42:49.933333,2024-05-08 13:42:53.966667,0.06722223333333334
1,2024-05-08 13:44:39.533333,2024-05-08 13:45:25.666667,0.7688889
1,2024-05-08 13:50:39.833333,2024-05-08 13:50:49.700000,0.16444445
1,2024-05-08 13:51:34.466667,2024-05-08 13:51:36.033333,0.0261111
1,2024-05-08 13:52:24.900000,2024-05-08 14:02:12.800000,9.798333333333334
1,2024-05-08 14:02:14.100000,2024-05-08 14:20:46.366667,18.537777783333336
1,2024-05-08 14:25:49.433333,2024-05-08 15:24:08.900000,58.32444445
1,2024-05-08 15:28:35.866667,2024-05-08 17:55:04.266667,146.47333333333333
1,2024-05-08 17:56:17.400000,2024-05-12 14:30:39.866667,5554.37444445
1,2024-05-12 14:34:42.966667,2024-05-12 14:34:46.066667,0.051666666666666666
1,2024-05-12 14:35:51.900000,2024-05-12 15:35:06.733333,59.247222216666664
1,2024-05-12 18:01:54.633333,2024-05-12 18:01:55.400000,0.012777783333333332
1,2024-05-12 18:02:30.500000,2024-05-12 18:08:19.366667,5.81444445
1,2024-05-13 11:21:26.000000,2024-05-13 11:21:26.000000,0.0
1,2024-05-13 11:22:58.233333,2024-05-13 11:38:42.100000,15.731111116666666
1,2024-05-13 11:39:20.666667,2024-05-13 11:39:28.600000,0.13222221666666667
1,2024-05-13 11:40:45.166667,2024-05-13 12:08:32.133333,27.782777766666666
1,2024-05-13 12:09:18.466667,2024-05-13 12:09:21.666667,0.05333333333333334
1,2024-05-13 12:10:42.700000,2024-05-13 12:21:10.633333,10.46555555
1,2024-05-13 12:21:55.900000,2024-05-13 12:22:03.300000,0.12333333333333334
1,2024-05-13 12:23:10.433333,2024-05-13 12:32:18.333333,9.131666666666666
1,2024-05-13 12:33:00.600000,2024-05-13 12:33:03.900000,0.055
1,2024-05-13 12:34:13.300000,2024-05-13 12:44:08.366667,9.917777783333333
1,2024-05-13 12:44:58.266667,2024-05-13 12:45:02.266667,0.06666666666666667
1,2024-05-13 12:46:13.866667,2024-05-13 12:53:51.833333,7.632777766666666
1,2024-05-13 12:54:45.600000,2024-05-13 12:54:53.633333,0.13388888333333335
1,2024-05-13 12:54:56.100000,2024-05-13 12:54:59.500000,0.056666666666666664
1,2024-05-13 12:55:56.433333,2024-05-13 13:03:11.066667,7.2438889
1,2024-05-13 13:03:52.800000,2024-05-13 13:04:36.900000,0.735
1,2024-05-13 13:04:51.900000,2024-05-13 13:04:54.966667,0.051111116666666664
1,2024-05-13 13:05:53.700000,2024-05-13 13:08:31.166667,2.62444445
1,2024-05-13 13:10:22.400000,2024-05-13 13:13:41.433333,3.3172222166666665
1,2024-05-13 13:15:18.533333,2024-05-13 13:19:00.266667,3.695555566666667
1,2024-05-13 13:20:55.800000,2024-05-13 13:23:46.333333,2.842222216666667
1,2024-05-13 13:29:52.833333,2024-05-13 13:38:00.666667,8.130555566666667
1,2024-05-13 13:41:36.500000,2024-05-13 13:47:38.100000,6.026666666666667
1,2024-05-13 13:49:47.933333,2024-05-13 13:53:04.000000,3.2677777833333335
1,2024-05-13 13:56:19.766667,2024-05-13 14:00:13.566667,3.896666666666667
1,2024-05-13 14:03:59.133333,2024-05-13 14:09:05.433333,5.105
1,2024-05-13 14:28:04.200000,2024-05-13 14:28:24.633333,0.34055555000000004
1,2024-05-13 14:32:06.700000,2024-05-13 14:37:35.100000,5.473333333333333
1,2024-05-13 14:47:19.800000,2024-05-13 14:57:10.933333,9.852222216666666
1,2024-05-13 14:58:51.833333,2024-05-13 15:03:42.033333,4.836666666666667
1,2024-05-13 15:06:09.266667,2024-05-18 11:37:55.800000,6991.775555550001
1,2024-05-18 11:46:00.100000,2024-05-18 12:47:14.100000,61.233333333333334
1,2024-05-18 18:17:19.566667,2024-05-19 12:22:49.166667,1085.4933333333333
1,2024-05-19 12:23:25.933333,2024-05-19 13:34:21.500000,70.92611111666666
1,2024-05-19 13:34:56.333333,2024-05-19 13:43:27.266667,8.515555566666666
1,2024-05-19 13:43:39.600000,2024-05-19 13:55:15.166667,11.592777783333334
1,2024-05-19 14:00:15.466667,2024-05-19 14:00:18.166667,0.045000000000000005
1,2024-05-19 14:00:28.600000,2024-05-19 14:02:15.200000,1.7766666666666666
1,2024-05-19 14:08:10.400000,2024-05-19 14:31:57.000000,23.776666666666664
1,2024-05-19 14:32:41.866667,2024-05-19 15:16:20.433333,43.64277776666667
1,2024-05-19 15:17:41.033333,2024-05-19 15:17:46.966667,0.0988889
1,2024-05-19 17:48:02.366667,2024-05-19 18:09:20.233333,21.297777766666666
1,2024-05-19 18:10:16.300000,2024-05-19 18:29:13.233333,18.948888883333332
1,2024-05-19 18:31:17.766667,2024-05-19 18:31:21.966667,0.07
1,2024-05-19 18:54:26.466667,2024-05-19 18:54:34.366667,0.13166666666666668
1,2024-05-19 18:54:41.466667,2024-05-19 19:02:57.000000,8.258888883333334
1,2024-05-19 19:02:58.933333,2024-05-19 19:03:01.000000,0.034444449999999995
1,2024-05-19 19:03:01.766667,2024-05-20 12:02:36.033333,1019.5711111
1,2024-05-20 12:02:36.433333,2024-05-20 12:02:38.933333,0.041666666666666664
1,2024-05-20 12:25:52.366667,2024-05-20 12:25:55.433333,0.0511111
1,2024-05-20 12:39:35.700000,2024-05-20 13:44:48.066667,65.20611111666666
1,2024-05-20 13:47:02.700000,2024-05-20 15:35:13.900000,108.18666666666667
1,2024-05-20 16:10:57.233333,2024-05-20 16:36:03.500000,25.104444450000003
1,2024-05-20 16:48:40.233333,2024-05-20 18:12:41.900000,84.02777778333333
1,2024-05-20 18:12:54.900000,2024-05-20 19:07:10.700000,54.263333333333335
2,2024-04-29 16:58:47.633333,2024-04-29 17:06:34.266667,7.777222233333333
2,2024-04-29 17:49:33.766667,2024-04-29 18:07:42.166667,18.14
2,2024-04-29 18:07:44.933333,2024-04-30 13:22:23.133333,1154.6366666666665
2,2024-04-30 13:22:44.233333,2024-04-30 16:32:31.933333,189.79500000000002
2,2024-04-30 16:33:04.133333,2024-04-30 16:38:27.066667,5.382222233333334
2,2024-04-30 16:44:13.566667,2024-04-30 16:44:18.566667,0.08333333333333333
2,2024-05-01 16:07:40.033333,2024-05-01 16:38:47.066667,31.117222233333333
2,2024-05-01 16:40:29.566667,2024-05-01 17:03:45.233333,23.2611111
2,2024-05-01 17:35:06.633333,2024-05-01 17:37:10.933333,2.0716666666666668
2,2024-05-01 17:38:17.533333,2024-05-01 17:49:47.666667,11.502222233333333
2,2024-05-01 17:52:58.900000,2024-05-01 17:54:28.166667,1.4877777833333332
2,2024-05-01 17:55:21.433333,2024-05-01 17:57:22.866667,2.0238889
2,2024-05-01 17:58:54.433333,2024-05-01 18:10:22.800000,11.472777783333333
2,2024-05-01 18:11:21.066667,2024-05-01 18:19:30.666667,8.16
2,2024-05-01 18:21:31.733333,2024-05-01 18:26:06.833333,4.585
2,2024-05-01 18:27:22.733333,2024-05-01 18:41:25.666667,14.0488889
2,2024-05-01 18:42:38.500000,2024-05-01 18:52:45.100000,10.110000000000001
2,2024-05-01 18:54:16.466667,2024-05-01 18:55:21.633333,1.0861111
2,2024-05-01 18:56:33.733333,2024-05-01 19:25:33.100000,28.98944445
2,2024-05-01 19:27:22.166667,2024-05-02 08:16:21.433333,768.9877777666667
2,2024-05-02 08:17:22.033333,2024-05-02 08:27:04.200000,9.702777783333334
2,2024-05-02 08:28:09.166667,2024-05-02 11:47:55.033333,199.76444443333332
2,2024-05-02 11:49:40.600000,2024-05-02 12:12:43.700000,23.051666666666666
2,2024-05-02 12:13:00.700000,2024-05-02 12:19:54.266667,6.892777783333333
2,2024-05-02 12:20:47.200000,2024-05-02 13:09:36.033333,48.813888883333334
2,2024-05-02 13:10:07.833333,2024-05-02 13:12:14.733333,2.115
2,2024-05-02 13:21:42.733333,2024-05-02 16:48:08.366667,206.42722223333334
2,2024-05-02 17:14:39.900000,2024-05-02 18:46:37.733333,91.96388888333333
2,2024-05-02 18:48:07.166667,2024-05-02 19:18:19.600000,30.207222216666665
2,2024-05-02 19:19:41.733333,2024-05-03 11:04:01.066667,944.3222222333334
2,2024-05-03 11:04:27.433333,2024-05-03 11:15:15.100000,10.794444449999999
2,2024-05-03 11:15:34.200000,2024-05-03 12:12:31.533333,56.95555555
2,2024-05-03 12:12:54.033333,2024-05-03 13:05:03.300000,52.15444445
2,2024-05-03 13:05:16.300000,2024-05-03 15:06:57.933333,121.69388888333333
2,2024-05-03 15:07:09.700000,2024-05-03 15:10:29.233333,3.32555555
2,2024-05-03 15:11:58.466667,2024-05-03 15:14:39.433333,2.682777766666667
2,2024-05-03 15:18:34.633333,2024-05-03 15:20:07.766667,1.5522222333333333
2,2024-05-03 15:52:18.300000,2024-05-03 15:54:19.533333,2.02055555
2,2024-05-03 16:10:09.800000,2024-05-03 16:17:00.333333,6.842222216666667
2,2024-05-03 16:23:06.466667,2024-05-04 17:07:26.433333,1484.3327777666666
2,2024-05-07 13:35:30.366667,2024-05-07 13:36:31.266667,1.015
2,2024-05-07 13:36:39.100000,2024-05-07 14:08:40.300000,32.02
2,2024-05-07 14:08:41.033333,2024-05-07 14:26:07.500000,17.441111116666665
2,2024-05-07 14:27:25.933333,2024-05-07 14:39:34.433333,12.141666666666667
2,2024-05-07 14:40:48.033333,2024-05-07 14:43:49.666667,3.027222233333333
2,2024-05-07 14:44:43.600000,2024-05-07 14:51:20.800000,6.62
2,2024-05-07 14:51:45.700000,2024-05-07 14:51:54.466667,0.14611111666666668
2,2024-05-07 14:52:53.333333,2024-05-07 14:55:45.300000,2.8661111166666666
2,2024-05-07 14:56:03.033333,2024-05-07 14:57:29.700000,1.44444445
2,2024-05-07 14:58:50.400000,2024-05-07 15:02:16.533333,3.4355555499999997
2,2024-05-07 15:03:49.000000,2024-05-07 15:05:59.433333,2.1738888833333334
2,2024-05-07 15:06:57.166667,2024-05-07 15:07:56.500000,0.9888888833333334
2,2024-05-07 15:08:33.433333,2024-05-07 15:20:33.700000,12.00444445
2,2024-05-07 15:22:33.200000,2024-05-07 15:28:01.966667,5.47944445
2,2024-05-07 15:29:20.466667,2024-05-07 15:32:50.833333,3.5061111
2,2024-05-07 15:34:15.966667,2024-05-07 15:41:18.100000,7.03555555
2,2024-05-07 15:41:53.033333,2024-05-07 15:50:57.533333,9.075
2,2024-05-07 15:51:31.066667,2024-05-07 15:56:58.433333,5.4561111
2,2024-05-07 15:57:35.333333,2024-05-07 15:59:34.433333,1.9849999999999999
2,2024-05-07 16:00:06.500000,2024-05-07 16:10:13.666667,10.11944445
2,2024-05-07 16:11:44.433333,2024-05-07 16:11:44.433333,0.0
2,2024-05-07 16:11:44.433333,2024-05-07 16:31:21.533333,19.618333333333332
2,2024-05-07 16:32:16.266667,2024-05-07 16:32:19.800000,0.05888888333333333
2,2024-05-07 16:33:00.133333,2024-05-07 16:34:59.833333,1.995
2,2024-05-07 16:35:41.600000,2024-05-07 16:45:38.766667,9.952777783333334
2,2024-05-07 16:46:57.033333,2024-05-07 17:09:24.766667,22.462222233333332
2,2024-05-07 17:10:24.100000,2024-05-07 17:10:58.733333,0.5772222166666666
2,2024-05-07 17:11:18.366667,2024-05-07 17:14:05.133333,2.779444433333333
2,2024-05-07 17:15:37.866667,2024-05-07 17:16:09.900000,0.5338888833333333
2,2024-05-07 17:16:47.566667,2024-05-07 17:16:47.566667,0.0
2,2024-05-07 17:16:47.566667,2024-05-07 18:11:07.433333,54.3311111
2,2024-05-07 18:11:13.066667,2024-05-07 19:31:10.900000,79.96388888333333
2,2024-05-07 19:31:23.366667,2024-05-07 19:31:28.400000,0.08388888333333333
2,2024-05-07 19:31:44.333333,2024-05-07 19:42:19.600000,10.587777783333333
2,2024-05-07 19:42:28.066667,2024-05-08 08:57:16.100000,794.80055555
2,2024-05-08 08:57:43.000000,2024-05-08 09:40:46.166667,43.05277778333333
2,2024-05-08 09:41:07.433333,2024-05-08 10:03:50.866667,22.723888900000002
2,2024-05-08 10:04:11.600000,2024-05-08 10:04:15.333333,0.06222221666666667
2,2024-05-08 10:04:52.600000,2024-05-08 11:11:52.333333,66.99555555
2,2024-05-08 11:11:57.300000,2024-05-08 11:14:44.633333,2.7888888833333336
2,2024-05-08 11:15:03.133333,2024-05-08 11:15:35.333333,0.5366666666666667
2,2024-05-08 11:15:35.333333,2024-05-08 11:26:03.000000,10.461111116666666
2,2024-05-08 11:26:13.833333,2024-05-08 11:27:23.366667,1.1588889
2,2024-05-08 11:27:44.900000,2024-05-08 11:34:21.633333,6.612222216666667
2,2024-05-08 11:34:52.533333,2024-05-08 11:34:59.533333,0.11666666666666667
2,2024-05-08 11:35:06.866667,2024-05-08 11:35:10.400000,0.05888888333333333
2,2024-05-19 13:45:00.933333,2024-05-19 13:49:54.766667,4.897222233333333
2,2024-05-19 13:50:39.466667,2024-05-19 14:11:31.233333,20.862777766666667
2,2024-05-19 14:12:18.733333,2024-05-19 14:21:38.433333,9.328333333333335
2,2024-05-19 14:22:33.166667,2024-05-19 14:22:49.400000,0.27055555000000003
2,2024-05-19 14:23:56.400000,2024-05-19 18:47:39.166667,263.7127777833333
2,2024-05-19 18:48:52.800000,2024-05-19 18:48:55.100000,0.03833333333333333
2,2024-05-19 18:52:46.400000,2024-05-19 18:54:47.366667,2.0161111166666665
2,2024-05-19 18:57:53.466667,2024-05-19 19:00:40.100000,2.7772222166666665
2,2024-05-19 19:01:58.266667,2024-05-20 09:12:32.033333,850.5627777666667
2,2024-05-20 09:12:51.800000,2024-05-20 09:47:21.466667,34.494444449999996
2,2024-05-20 09:47:50.633333,2024-05-20 11:03:09.700000,75.31777778333334
2,2024-05-20 11:03:35.733333,2024-05-20 13:23:42.933333,140.12
2,2024-05-20 14:04:29.966667,2024-05-20 14:36:37.200000,32.12055555
2,2024-05-20 16:27:55.733333,2024-05-20 16:29:56.566667,2.0138889
2,2024-05-20 16:30:14.766667,2024-05-20 16:31:15.700000,1.01555555
2,2024-05-20 16:31:20.300000,2024-05-20 16:59:31.600000,28.188333333333333
2,2024-05-20 16:59:45.266667,2024-05-20 18:14:56.266667,75.18333333333334
2,2024-05-20 18:15:11.033333,2024-05-21 08:43:24.233333,868.2199999999999
2,2024-05-21 08:43:33.066667,2024-05-22 10:46:25.033333,1562.8661111
2,2024-05-22 10:46:42.000000,2024-05-23 16:35:44.533333,1789.0422222166667
2,2024-05-23 16:36:08.633333,2024-05-24 10:27:46.633333,1071.6333333333334
2,2024-05-24 10:39:29.833333,2024-05-24 11:46:05.633333,66.59666666666666
2,2024-05-24 11:46:17.333333,2024-05-24 11:49:19.100000,3.02944445
2,2024-05-24 11:49:35.733333,2024-05-24 11:50:30.733333,0.9166666666666666
2,2024-05-24 11:50:38.000000,2024-05-24 11:51:17.500000,0.6583333333333333
2,2024-05-24 11:51:18.100000,2024-05-24 18:38:20.600000,407.0416666666667
2,2024-05-24 18:38:32.600000,2024-05-24 18:45:56.266667,7.39444445
3,2024-04-23 14:37:45.100000,2024-04-29 17:02:00.966667,8784.26444445
3,2024-04-29 18:40:53.300000,2024-04-30 14:32:34.766667,1191.6911111166667
3,2024-04-30 14:32:57.733333,2024-05-01 17:12:18.333333,1599.3433333333335
3,2024-05-01 17:13:16.566667,2024-05-01 18:16:45.733333,63.4861111
3,2024-05-02 17:56:55.700000,2024-05-03 14:06:18.566667,1209.3811111166665
3,2024-05-03 14:06:26.500000,2024-05-03 14:47:34.200000,41.12833333333333
3,2024-05-03 14:47:38.566667,2024-05-03 15:13:03.966667,25.423333333333336
3,2024-05-03 15:14:20.733333,2024-05-03 15:18:59.466667,4.645555566666667
3,2024-05-03 15:19:58.866667,2024-05-03 15:51:46.833333,31.799444433333335
3,2024-05-03 15:53:47.500000,2024-05-07 12:26:54.966667,5553.12444445
3,2024-05-07 12:27:32.700000,2024-05-07 13:02:51.400000,35.31166666666666
3,2024-05-07 13:03:04.000000,2024-05-07 14:30:38.766667,87.57944445
3,2024-05-07 14:32:01.433333,2024-05-07 14:54:21.733333,22.33833333333333
3,2024-05-07 14:55:32.233333,2024-05-07 15:45:31.166667,49.98222223333333
3,2024-05-07 15:46:13.700000,2024-05-07 15:54:05.900000,7.87
3,2024-05-07 15:54:22.733333,2024-05-07 15:54:26.233333,0.058333333333333334
3,2024-05-07 15:54:56.033333,2024-05-07 16:01:21.133333,6.418333333333334
3,2024-05-07 16:13:59.533333,2024-05-07 16:25:17.866667,11.305555566666667
3,2024-05-07 16:25:56.066667,2024-05-07 16:50:04.733333,24.144444433333334
3,2024-05-07 16:51:24.066667,2024-05-07 17:00:34.633333,9.176111100000002
3,2024-05-07 17:01:47.933333,2024-05-07 17:01:52.066667,0.06888889999999999
3,2024-05-07 17:03:01.300000,2024-05-07 17:37:18.233333,34.28222221666667
3,2024-05-07 17:37:23.766667,2024-05-08 09:49:47.733333,972.3994444333333
3,2024-05-08 10:36:43.166667,2024-05-08 10:41:29.300000,4.768888883333333
3,2024-05-08 10:42:41.600000,2024-05-08 10:44:46.433333,2.08055555
3,2024-05-08 10:45:23.933333,2024-05-08 10:52:04.833333,6.681666666666667
3,2024-05-08 10:52:07.566667,2024-05-08 10:52:13.700000,0.10222221666666667
3,2024-05-08 10:52:14.766667,2024-05-08 10:55:45.033333,3.504444433333333
3,2024-05-08 10:55:47.000000,2024-05-08 10:58:47.033333,3.00055555
3,2024-05-08 10:59:04.933333,2024-05-08 10:59:09.333333,0.07333333333333333
3,2024-05-08 10:59:10.266667,2024-05-08 11:01:32.266667,2.3666666666666667
3,2024-05-08 11:01:35.800000,2024-05-08 11:01:42.733333,0.11555555
3,2024-05-08 11:01:43.866667,2024-05-08 11:02:04.500000,0.34388888333333334
3,2024-05-08 11:02:05.866667,2024-05-08 11:07:55.033333,5.8194444333333335
3,2024-05-08 11:07:55.766667,2024-05-08 11:08:01.333333,0.09277776666666666
3,2024-05-08 11:08:30.633333,2024-05-08 11:08:39.733333,0.15166666666666667
3,2024-05-08 11:09:14.733333,2024-05-08 11:17:57.200000,8.707777783333334
3,2024-05-08 11:19:03.466667,2024-05-08 11:23:13.966667,4.175
3,2024-05-08 11:31:06.300000,2024-05-08 11:46:55.700000,15.823333333333332
3,2024-05-08 11:58:38.500000,2024-05-08 11:58:45.133333,0.11055555
3,2024-05-08 11:58:46.233333,2024-05-08 11:58:46.233333,0.0
3,2024-05-08 11:58:46.233333,2024-05-13 12:12:46.100000,7213.997777783333
3,2024-05-19 12:37:05.600000,2024-05-19 14:33:26.700000,116.35166666666667
3,2024-05-19 14:34:04.266667,2024-05-19 15:50:39.200000,76.58222221666666
3,2024-05-19 15:51:35.166667,2024-05-19 17:11:16.766667,79.69333333333334
3,2024-05-19 17:12:17.933333,2024-05-19 17:13:51.166667,1.5538889
3,2024-05-19 17:14:23.133333,2024-05-19 17:25:08.266667,10.752222233333333
3,2024-05-19 17:25:44.300000,2024-05-19 18:53:48.300000,88.06666666666666
3,2024-05-19 18:53:49.533333,2024-05-19 19:02:09.866667,8.338888899999999
3,2024-05-19 19:02:30.433333,2024-05-19 19:02:33.200000,0.04611111666666667
3,2024-05-19 19:02:38.800000,2024-05-20 12:10:08.366667,1027.4927777833334
3,2024-05-20 12:10:33.733333,2024-05-20 13:15:53.933333,65.33666666666666
3,2024-05-20 13:17:03.633333,2024-05-20 13:27:53.333333,10.828333333333335
3,2024-05-20 13:28:20.666667,2024-05-20 13:43:28.300000,15.127222216666667
3,2024-05-20 13:44:21.500000,2024-05-20 14:03:39.433333,19.298888883333333
3,2024-05-20 14:03:59.666667,2024-05-20 14:18:39.033333,14.6561111
3,2024-05-20 14:19:51.100000,2024-05-20 14:32:18.600000,12.458333333333334
3,2024-05-20 14:33:00.566667,2024-05-20 14:38:11.600000,5.183888883333334
3,2024-05-20 14:39:09.433333,2024-05-20 16:13:15.533333,94.10166666666667
3,2024-05-20 16:13:40.400000,2024-05-20 18:37:26.166667,143.76277778333332
3,2024-05-20 18:38:29.833333,2024-05-24 11:45:22.533333,5346.878333333333
3,2024-05-24 11:45:47.166667,2024-05-24 11:45:53.666667,0.10833333333333334
3,2024-05-24 11:45:55.200000,2024-05-24 11:51:14.066667,5.31444445
3,2024-05-24 11:51:14.433333,2024-05-24 13:11:10.833333,79.94
3,2024-05-24 13:11:23.766667,2024-05-24 18:06:11.100000,294.7888888833333
3,2024-05-24 18:06:24.733333,2024-05-26 17:44:01.566667,2857.6138889
3,2024-05-26 17:44:20.600000,2024-06-04 11:47:02.833333,12602.703888883332
3,2024-06-04 11:54:26.733333,2024-06-05 16:50:09.900000,1735.7194444499999
4,2024-04-29 16:46:13.266667,2024-04-29 17:20:18.866667,34.093333333333334
4,2024-04-29 17:20:21.300000,2024-04-29 17:22:10.800000,1.825
4,2024-04-29 17:22:33.366667,2024-04-29 19:04:15.933333,101.70944443333333
4,2024-04-30 12:42:15.600000,2024-04-30 15:44:02.266667,181.77777778333333
4,2024-04-30 15:44:57.833333,2024-04-30 16:30:32.900000,45.58444445
4,2024-04-30 16:31:51.133333,2024-05-01 16:15:25.433333,1423.5716666666667
4,2024-05-01 17:21:48.933333,2024-05-02 10:38:57.733333,1037.1466666666668
4,2024-05-02 10:39:10.333333,2024-05-02 12:08:56.266667,89.76555556666668
4,2024-05-02 12:10:07.633333,2024-05-03 14:07:30.966667,1557.3888889
4,2024-05-03 14:08:03.800000,2024-05-03 15:48:01.166667,99.95611111666668
4,2024-05-03 17:49:48.700000,2024-05-07 12:24:39.533333,5434.8472222166665
4,2024-05-07 12:24:50.933333,2024-05-07 15:17:01.566667,172.17722223333334
4,2024-05-07 15:19:32.666667,2024-05-07 17:08:43.000000,109.17222221666665
4,2024-05-07 17:09:02.533333,2024-05-07 17:17:16.500000,8.232777783333333
4,2024-05-07 17:17:25.766667,2024-05-07 19:10:35.000000,113.15388888333334
4,2024-05-07 19:10:59.633333,2024-05-08 10:43:38.633333,932.65
4,2024-05-08 10:44:10.300000,2024-05-08 10:53:58.533333,9.803888883333334
4,2024-05-08 10:59:28.700000,2024-05-08 11:04:39.400000,5.178333333333333
4,2024-05-08 11:05:02.666667,2024-05-08 11:05:03.166667,0.008333333333333333
4,2024-05-08 11:44:22.233333,2024-05-08 11:46:26.366667,2.0688889
4,2024-05-08 11:46:26.733333,2024-05-08 11:46:27.233333,0.008333333333333333
4,2024-05-08 11:46:31.166667,2024-05-08 11:49:18.233333,2.7844444333333334
4,2024-05-08 11:49:24.566667,2024-05-08 11:49:47.500000,0.38222221666666667
4,2024-05-08 11:49:54.333333,2024-05-08 11:55:00.933333,5.11
4,2024-05-08 11:55:17.400000,2024-05-08 11:55:26.766667,0.15611111666666666
4,2024-05-08 11:55:27.266667,2024-05-08 11:55:32.333333,0.08444443333333333
4,2024-05-08 11:55:33.233333,2024-05-08 11:55:48.400000,0.25277778333333334
4,2024-05-08 11:55:53.033333,2024-05-08 13:08:42.700000,72.82777778333335
4,2024-05-08 13:08:43.266667,2024-05-19 16:06:54.033333,16018.179444433334
4,2024-05-19 16:07:37.166667,2024-05-19 16:51:00.733333,43.39277776666667
4,2024-05-19 16:51:31.233333,2024-05-19 16:55:46.966667,4.2622222333333335
4,2024-05-19 16:57:28.966667,2024-05-19 17:25:48.033333,28.317777766666666
4,2024-05-19 17:26:03.633333,2024-05-19 18:53:18.200000,87.24277778333334
4,2024-05-19 18:53:35.066667,2024-05-19 19:03:11.866667,9.613333333333333
4,2024-05-19 19:06:10.933333,2024-05-20 12:44:32.733333,1058.3633333333335
4,2024-05-20 12:45:08.566667,2024-05-20 13:29:15.900000,44.122222216666664
4,2024-05-20 13:29:39.033333,2024-05-20 18:09:49.066667,280.16722223333335
4,2024-05-21 08:12:24.033333,2024-05-24 11:47:52.766667,4535.4788889
4,2024-05-24 11:48:06.166667,2024-05-24 18:12:57.300000,384.8522222166667
4,2024-05-24 18:13:03.600000,2024-05-24 18:53:46.100000,40.708333333333336
4,2024-05-24 18:53:47.166667,2024-05-24 19:01:01.133333,7.232777766666667
4,2024-05-24 19:01:05.400000,2024-05-26 17:38:05.100000,2796.9950000000003
4,2024-05-26 17:38:16.300000,2024-06-01 13:18:45.533333,8380.487222216667
4,2024-06-06 15:25:54.800000,2024-06-06 15:25:55.300000,0.008333333333333333
5,2024-04-29 16:55:45.700000,2024-04-29 19:29:04.466667,153.31277778333333
5,2024-04-30 13:00:10.166667,2024-04-30 13:07:27.333333,7.2861111
5,2024-04-30 13:07:29.266667,2024-04-30 13:09:22.233333,1.8827777666666667
5,2024-04-30 15:38:25.066667,2024-04-30 16:38:22.966667,59.965
5,2024-04-30 16:38:23.866667,2024-05-01 18:29:10.433333,1550.7761111
5,2024-05-01 18:30:01.333333,2024-05-01 18:44:59.400000,14.967777783333334
5,2024-05-01 18:45:26.233333,2024-05-01 18:45:30.233333,0.06666666666666667
5,2024-05-01 18:45:31.066667,2024-05-02 09:00:49.866667,855.3133333333334
5,2024-05-02 09:01:01.633333,2024-05-02 16:26:18.166667,445.27555556666664
5,2024-05-02 16:26:20.600000,2024-05-02 16:27:27.866667,1.1211111166666667
5,2024-05-03 15:51:36.866667,2024-05-03 16:10:41.266667,19.073333333333334
5,2024-05-03 16:10:44.300000,2024-05-03 17:07:21.500000,56.62
5,2024-05-03 17:09:46.700000,2024-05-03 18:06:39.233333,56.875555549999994
5,2024-05-06 11:06:49.100000,2024-05-06 11:06:54.500000,0.09000000000000001
5,2024-05-06 18:09:40.666667,2024-05-07 11:50:34.766667,1060.9016666666666
5,2024-05-07 11:52:24.500000,2024-05-07 12:18:04.400000,25.665000000000003
5,2024-05-07 12:18:18.233333,2024-05-07 12:24:24.400000,6.102777783333334
5,2024-05-07 12:24:31.933333,2024-05-07 12:57:56.966667,33.417222233333334
5,2024-05-07 12:58:13.866667,2024-05-07 14:41:40.000000,103.43555554999999
5,2024-05-07 14:43:20.500000,2024-05-07 15:44:21.366667,61.01444445
5,2024-05-07 15:44:40.833333,2024-05-07 15:44:43.933333,0.051666666666666666
5,2024-05-07 15:44:53.400000,2024-05-07 19:38:25.100000,233.52833333333334
5,2024-05-07 19:38:36.233333,2024-05-08 08:53:35.233333,794.9833333333333
5,2024-05-08 08:55:01.200000,2024-05-08 10:02:55.066667,67.89777778333332
5,2024-05-08 10:03:14.466667,2024-05-08 10:03:18.800000,0.07222221666666666
5,2024-05-08 10:03:26.333333,2024-05-08 10:03:28.100000,0.02944445
5,2024-05-08 10:03:46.533333,2024-05-08 10:31:07.500000,27.34944445
5,2024-05-08 10:31:37.033333,2024-05-08 10:37:25.500000,5.807777783333333
5,2024-05-08 10:37:36.766667,2024-05-08 10:38:24.933333,0.8027777666666667
5,2024-05-08 10:39:53.566667,2024-05-08 10:40:16.866667,0.38833333333333336
5,2024-05-08 10:40:19.933333,2024-05-08 10:46:57.733333,6.63
5,2024-05-08 10:48:12.866667,2024-05-08 11:24:14.166667,36.02166666666667
5,2024-05-08 11:25:08.133333,2024-05-08 11:48:25.233333,23.285
5,2024-05-08 11:49:11.766667,2024-05-08 12:04:02.200000,14.84055555
5,2024-05-08 12:04:34.133333,2024-05-08 12:16:40.166667,12.100555566666666
5,2024-05-08 12:17:00.766667,2024-05-08 13:01:57.033333,44.93777776666666
5,2024-05-08 13:02:02.866667,2024-05-08 13:35:37.633333,33.579444433333336
5,2024-05-17 12:18:48.366667,2024-05-19 14:29:02.233333,3010.2311111
5,2024-05-19 14:30:39.933333,2024-05-19 16:45:36.033333,134.935
5,2024-05-19 16:45:37.700000,2024-05-19 16:59:26.400000,13.811666666666667
5,2024-05-19 17:00:02.333333,2024-05-19 18:38:49.033333,98.77833333333334
5,2024-05-19 18:39:41.166667,2024-05-19 18:49:31.366667,9.836666666666668
5,2024-05-19 18:50:34.300000,2024-05-20 09:12:54.833333,862.3422222166666
5,2024-05-20 09:13:01.600000,2024-05-20 09:49:04.466667,36.04777778333333
5,2024-05-20 09:49:34.833333,2024-05-20 10:28:59.333333,39.40833333333333
5,2024-05-20 10:29:26.666667,2024-05-20 11:39:04.166667,69.625
5,2024-05-20 11:39:18.866667,2024-05-20 14:22:00.266667,162.69
5,2024-05-20 14:22:48.800000,2024-05-20 16:37:29.700000,134.68166666666667
5,2024-05-20 16:38:15.600000,2024-05-20 18:41:06.800000,122.85333333333332
5,2024-05-20 18:41:23.333333,2024-05-21 08:13:03.800000,811.67444445
5,2024-05-21 08:13:11.200000,2024-05-24 11:47:11.733333,4534.008888883333
5,2024-05-24 11:47:24.466667,2024-05-24 11:47:37.366667,0.215
5,2024-05-24 11:47:46.866667,2024-05-24 17:52:51.700000,365.08055555
5,2024-05-24 18:19:24.700000,2024-05-24 18:39:39.866667,20.252777783333332
5,2024-05-24 18:39:51.166667,2024-05-24 18:53:36.700000,13.758888883333332
5,2024-05-24 18:53:41.300000,2024-05-24 18:53:52.200000,0.18166666666666667
5,2024-05-24 18:54:06.400000,2024-05-31 10:31:24.466667,9577.301111116665
5,2024-05-31 10:33:28.266667,2024-05-31 10:33:28.733333,0.007777766666666667
5,2024-05-31 10:36:36.933333,2024-06-04 11:40:55.000000,5824.301111116667
6,2024-04-30 13:06:57.866667,2024-04-30 13:09:13.600000,2.2622222166666663
6,2024-04-30 13:09:14.400000,2024-04-30 15:07:16.566667,118.03611111666667
6,2024-04-30 15:07:46.133333,2024-05-02 13:25:34.433333,2777.805
6,2024-05-02 13:25:57.966667,2024-05-03 15:51:38.866667,1585.6816666666666
6,2024-05-03 15:51:44.800000,2024-05-07 14:58:57.766667,5707.216111116666
6,2024-05-07 15:01:18.333333,2024-05-07 15:23:39.133333,22.346666666666668
6,2024-05-07 15:38:43.400000,2024-05-07 16:24:11.000000,45.46
6,2024-05-07 16:24:51.933333,2024-05-07 16:24:54.866667,0.0488889
6,2024-05-07 16:25:12.933333,2024-05-08 09:34:19.200000,1029.10444445
6,2024-05-08 09:34:43.666667,2024-05-08 10:53:11.766667,78.46833333333333
6,2024-05-08 11:05:29.733333,2024-05-08 11:06:50.733333,1.35
6,2024-05-08 11:08:35.733333,2024-05-08 12:29:37.600000,81.03111111666666
6,2024-05-08 12:45:50.466667,2024-05-08 12:48:34.000000,2.72555555
6,2024-05-08 12:48:43.066667,2024-05-08 12:48:59.000000,0.26555555
6,2024-05-08 12:49:03.900000,2024-05-08 13:01:37.966667,12.567777783333334
6,2024-05-08 13:01:49.900000,2024-05-08 13:01:55.866667,0.09944445
6,2024-05-08 13:02:19.466667,2024-05-08 13:02:42.133333,0.3777777666666667
6,2024-05-08 13:02:42.600000,2024-05-08 13:02:51.300000,0.145
6,2024-05-08 13:02:55.866667,2024-05-08 13:02:59.266667,0.056666666666666664
6,2024-05-08 13:04:05.000000,2024-05-08 13:11:36.233333,7.52055555
6,2024-05-08 13:12:27.266667,2024-05-08 13:14:43.366667,2.268333333333333
6,2024-05-08 13:15:01.900000,2024-05-08 13:15:17.500000,0.26
6,2024-05-08 13:15:35.900000,2024-05-08 13:25:59.166667,10.387777783333332
6,2024-05-18 17:11:52.033333,2024-05-19 15:51:26.833333,1359.5800000000002
6,2024-05-19 16:30:37.866667,2024-05-19 18:40:29.866667,129.86666666666667
6,2024-05-19 18:40:36.300000,2024-05-19 18:53:37.833333,13.02555555
6,2024-05-19 18:53:39.566667,2024-05-20 10:56:17.266667,962.6283333333333
6,2024-05-20 11:06:13.900000,2024-05-20 12:21:56.733333,75.71388888333333
6,2024-05-20 12:23:51.966667,2024-05-20 13:22:13.133333,58.35277776666667
6,2024-05-20 13:23:06.700000,2024-05-20 13:28:36.433333,5.495555550000001
6,2024-05-20 13:28:39.033333,2024-05-20 14:23:49.100000,55.167777783333335
6,2024-05-20 15:31:05.633333,2024-05-20 15:32:30.800000,1.41944445
6,2024-05-20 15:32:46.800000,2024-05-20 16:48:42.000000,75.92
6,2024-05-20 16:48:47.433333,2024-05-20 17:44:51.933333,56.075
6,2024-05-20 17:45:13.300000,2024-05-21 09:45:32.033333,960.3122222166666
6,2024-05-21 09:45:32.800000,2024-05-23 11:40:50.666667,2995.2977777833335
6,2024-05-23 11:40:53.100000,2024-05-23 16:37:00.366667,296.12111111666667
6,2024-05-23 16:37:17.166667,2024-05-24 11:29:34.733333,1132.2927777666666
6,2024-05-24 11:32:31.333333,2024-05-24 17:59:05.500000,386.56944445000005
6,2024-05-24 17:59:15.333333,2024-05-24 18:57:08.700000,57.88944445
6,2024-05-24 18:57:13.200000,2024-05-25 11:19:38.333333,982.4188888833334
6,2024-05-25 11:21:55.233333,2024-05-25 13:00:43.333333,98.80166666666668
6,2024-05-26 12:24:15.600000,2024-05-31 10:31:08.100000,7086.875
6,2024-05-31 10:31:35.400000,2024-05-31 10:31:35.866667,0.007777783333333333
6,2024-05-31 10:32:36.700000,2024-05-31 10:32:37.166667,0.007777783333333333
6,2024-05-31 10:34:52.100000,2024-05-31 10:34:52.566667,0.007777783333333333
6,2024-05-31 10:35:39.033333,2024-05-31 10:35:49.900000,0.18111111666666665
6,2024-05-31 10:36:20.266667,2024-05-31 10:36:20.733333,0.007777766666666667
6,2024-05-31 10:39:48.400000,2024-05-31 10:39:48.866667,0.007777783333333333
6,2024-05-31 10:41:15.533333,2024-05-31 10:41:16.033333,0.008333333333333333
6,2024-05-31 10:41:36.933333,2024-05-31 10:41:37.433333,0.008333333333333333
6,2024-05-31 10:46:19.333333,2024-05-31 10:46:19.833333,0.008333333333333333
6,2024-05-31 10:47:30.066667,2024-05-31 10:47:30.566667,0.008333333333333333
6,2024-06-04 11:38:44.933333,2024-06-04 11:38:45.433333,0.008333333333333333
6,2024-06-04 11:40:51.233333,2024-06-04 12:03:46.166667,22.91555556666667
6,2024-06-04 12:07:14.100000,2024-06-04 16:19:31.500000,252.29
6,2024-06-06 14:19:35.933333,2024-06-06 15:19:18.933333,59.71666666666667
7,2024-04-29 16:58:15.433333,2024-04-29 18:36:30.066667,98.2438889
7,2024-04-29 18:36:30.066667,2024-04-29 18:39:53.166667,3.385
7,2024-04-29 18:40:24.033333,2024-05-01 19:08:13.133333,2907.8183333333336
7,2024-05-01 19:09:07.533333,2024-05-02 08:51:37.933333,822.5066666666667
7,2024-05-02 08:51:42.200000,2024-05-02 10:53:29.833333,121.79388888333332
7,2024-05-02 10:53:47.066667,2024-05-03 16:37:55.666667,1784.1433333333334
7,2024-05-03 16:38:00.833333,2024-05-07 12:19:22.833333,5501.366666666667
7,2024-05-07 12:19:45.166667,2024-05-07 12:20:52.466667,1.1216666666666666
7,2024-05-07 12:21:15.400000,2024-05-07 14:49:02.133333,147.77888888333334
7,2024-05-07 14:50:53.300000,2024-05-08 09:29:10.133333,1118.2805555500001
7,2024-05-08 09:32:59.033333,2024-05-08 12:51:17.566667,198.3088889
7,2024-05-08 12:51:30.600000,2024-05-08 12:51:35.066667,0.07444445000000001
7,2024-05-08 12:51:40.766667,2024-05-08 13:44:53.033333,53.204444433333336
7,2024-05-08 13:45:05.500000,2024-05-08 13:45:27.600000,0.36833333333333335
7,2024-05-08 13:45:49.433333,2024-05-08 13:45:51.466667,0.0338889
7,2024-05-08 13:56:32.866667,2024-05-08 13:56:33.366667,0.008333333333333333
7,2024-05-08 13:57:14.400000,2024-05-08 14:00:27.900000,3.225
7,2024-05-08 14:00:28.600000,2024-05-08 14:10:19.500000,9.848333333333333
7,2024-05-13 18:05:38.066667,2024-05-13 18:05:38.566667,0.008333333333333333
7,2024-05-18 18:15:57.433333,2024-05-19 13:27:41.166667,1151.7288889000001
7,2024-05-19 13:27:41.933333,2024-05-19 14:21:09.200000,53.45444445
7,2024-05-19 14:21:42.166667,2024-05-19 14:32:06.766667,10.41
7,2024-05-19 14:32:08.366667,2024-05-19 15:39:49.600000,67.68722221666667
7,2024-05-19 15:40:05.933333,2024-05-19 16:08:29.466667,28.39222223333333
7,2024-05-19 16:08:30.600000,2024-05-19 16:44:03.966667,35.55611111666666
7,2024-05-19 16:44:33.366667,2024-05-19 17:26:07.100000,41.56222221666667
7,2024-05-19 17:26:07.666667,2024-05-19 18:06:15.733333,40.134444433333336
7,2024-05-19 18:07:35.933333,2024-05-20 09:17:10.100000,909.56944445
7,2024-05-20 09:17:30.500000,2024-05-20 09:24:58.666667,7.46944445
7,2024-05-20 09:26:00.933333,2024-05-20 09:39:32.033333,13.518333333333334
7,2024-05-20 09:40:24.833333,2024-05-20 10:24:55.033333,44.50333333333333
7,2024-05-20 10:25:16.566667,2024-05-20 10:29:29.833333,4.2211111
7,2024-05-20 10:29:35.100000,2024-05-20 10:55:29.100000,25.9
7,2024-05-20 10:55:43.700000,2024-05-20 11:33:10.266667,37.442777783333334
7,2024-05-20 11:34:13.866667,2024-05-20 12:23:16.500000,49.04388888333334
7,2024-05-20 12:24:25.100000,2024-05-20 13:52:27.200000,88.03500000000001
7,2024-05-20 14:35:50.500000,2024-05-20 15:04:12.800000,28.371666666666666
7,2024-05-20 16:08:20.066667,2024-05-20 16:18:11.166667,9.851666666666667
7,2024-05-20 16:19:30.166667,2024-05-20 16:21:28.500000,1.9722222166666665
7,2024-05-20 16:23:32.400000,2024-05-20 17:00:34.900000,37.041666666666664
7,2024-05-20 17:01:51.233333,2024-05-20 18:29:21.466667,87.50388889999999
7,2024-05-20 18:29:48.766667,2024-05-20 18:29:53.933333,0.08611110000000001
7,2024-05-20 18:30:29.800000,2024-05-21 08:10:21.433333,819.86055555
7,2024-05-21 08:10:34.533333,2024-05-22 10:54:23.366667,1603.8138889
7,2024-05-22 10:54:42.666667,2024-05-22 11:04:41.766667,9.985000000000001
7,2024-05-23 16:33:06.266667,2024-05-23 16:33:10.566667,0.07166666666666667
7,2024-05-23 16:33:34.033333,2024-05-24 18:19:07.466667,1545.5572222333333
7,2024-05-24 18:43:15.700000,2024-05-28 15:41:06.500000,5577.846666666666
7,2024-05-29 11:13:05.966667,2024-05-29 11:13:06.466667,0.008333333333333333
7,2024-05-30 11:45:40.000000,2024-06-04 08:33:45.100000,7008.085
7,2024-06-04 08:37:23.433333,2024-06-06 14:47:52.300000,3250.4811111166664
8,2024-04-23 14:37:03.233333,2024-04-29 17:43:56.100000,8826.881111116667
8,2024-04-29 17:44:20.466667,2024-04-29 19:27:54.133333,103.5611111
8,2024-04-29 19:28:16.966667,2024-04-30 15:43:59.466667,1215.7083333333333
8,2024-04-30 15:44:00.200000,2024-04-30 16:37:06.833333,53.11055555
8,2024-05-02 13:21:15.600000,2024-05-03 16:23:00.533333,1621.7488888833332
8,2024-05-03 16:23:01.400000,2024-05-03 16:37:49.833333,14.807222216666666
8,2024-05-03 16:37:54.133333,2024-05-07 15:12:37.533333,5674.723333333333
8,2024-05-07 15:15:21.800000,2024-05-07 15:44:58.033333,29.603888883333333
8,2024-05-07 15:45:17.333333,2024-05-07 15:45:20.266667,0.0488889
8,2024-05-07 15:45:27.666667,2024-05-07 17:20:21.133333,94.8911111
8,2024-05-07 17:20:43.766667,2024-05-08 13:19:01.966667,1198.3033333333333
8,2024-05-08 13:19:20.266667,2024-05-08 13:48:17.766667,28.958333333333332
8,2024-05-08 13:48:24.466667,2024-05-08 13:48:29.433333,0.08277776666666667
8,2024-05-08 14:58:28.366667,2024-05-08 15:01:22.166667,2.896666666666667
8,2024-05-08 15:01:30.100000,2024-05-08 15:01:33.900000,0.06333333333333332
8,2024-05-19 12:19:46.900000,2024-05-19 14:08:26.366667,108.65777778333333
8,2024-05-19 14:09:04.766667,2024-05-19 14:14:56.533333,5.8627777666666665
8,2024-05-19 14:15:47.933333,2024-05-19 14:47:18.133333,31.503333333333334
8,2024-05-19 14:48:14.666667,2024-05-19 15:55:31.266667,67.27666666666667
8,2024-05-19 15:55:39.433333,2024-05-19 16:09:21.433333,13.7
8,2024-05-19 16:10:16.766667,2024-05-19 16:49:59.766667,39.71666666666667
8,2024-05-19 16:50:57.033333,2024-05-19 16:59:18.666667,8.360555566666667
8,2024-05-19 16:59:23.333333,2024-05-19 17:43:37.900000,44.24277778333333
8,2024-05-19 17:43:54.600000,2024-05-19 18:07:50.266667,23.927777783333333
8,2024-05-19 18:08:35.733333,2024-05-19 18:58:03.400000,49.461111116666665
8,2024-05-19 18:59:58.133333,2024-05-19 18:59:59.700000,0.026111116666666667
8,2024-05-19 19:00:19.133333,2024-05-19 19:02:49.200000,2.5011111166666664
8,2024-05-19 19:02:52.600000,2024-05-19 19:27:09.433333,24.28055555
8,2024-05-20 08:12:10.333333,2024-05-20 08:12:31.500000,0.3527777833333333
8,2024-05-20 08:12:34.133333,2024-05-20 09:45:17.666667,92.72555556666666
8,2024-05-20 09:46:14.500000,2024-05-20 10:29:46.833333,43.538888883333335
8,2024-05-20 10:30:41.400000,2024-05-20 10:30:41.700000,0.005
8,2024-05-20 10:38:25.933333,2024-05-20 10:40:57.566667,2.527222233333333
8,2024-05-20 10:42:46.500000,2024-05-20 10:55:06.933333,12.34055555
8,2024-05-20 10:56:18.033333,2024-05-20 10:58:49.033333,2.5166666666666666
8,2024-05-20 10:59:33.133333,2024-05-20 11:05:25.366667,5.870555566666667
8,2024-05-20 11:06:44.933333,2024-05-20 11:09:13.233333,2.4716666666666667
8,2024-05-20 11:10:39.500000,2024-05-20 11:27:11.466667,16.532777783333334
8,2024-05-20 11:27:35.566667,2024-05-20 11:49:51.000000,22.257222216666666
8,2024-05-20 11:50:43.833333,2024-05-20 11:53:15.366667,2.5255555666666667
8,2024-05-20 11:54:30.366667,2024-05-20 12:13:03.966667,18.56
8,2024-05-20 12:19:34.766667,2024-05-20 12:37:55.333333,18.342777766666664
8,2024-05-20 12:40:46.133333,2024-05-20 12:58:17.800000,17.52777778333333
8,2024-05-20 12:58:51.000000,2024-05-20 13:03:27.700000,4.611666666666666
8,2024-05-20 13:05:48.400000,2024-05-20 13:05:57.666667,0.15444445
8,2024-05-20 13:06:34.166667,2024-05-20 13:10:08.133333,3.5661111
8,2024-05-20 13:12:35.866667,2024-05-20 13:47:40.233333,35.07277776666667
8,2024-05-20 13:47:51.966667,2024-05-20 13:50:32.100000,2.668888883333333
8,2024-05-20 13:52:16.900000,2024-05-20 14:01:07.900000,8.85
8,2024-05-20 14:09:38.966667,2024-05-20 14:24:29.466667,14.841666666666667
8,2024-05-20 14:28:03.200000,2024-05-20 14:41:11.566667,13.139444450000001
8,2024-05-20 14:46:38.900000,2024-05-20 14:51:25.600000,4.778333333333333
8,2024-05-20 14:52:05.566667,2024-05-20 14:57:16.600000,5.183888883333334
8,2024-05-20 14:58:41.900000,2024-05-20 15:27:55.466667,29.22611111666667
8,2024-05-20 15:29:12.933333,2024-05-20 15:59:23.666667,30.1788889
8,2024-05-20 16:43:41.933333,2024-05-20 16:51:29.000000,7.78444445
8,2024-05-20 16:52:44.800000,2024-05-20 17:10:02.466667,17.29444445
8,2024-05-20 17:11:23.666667,2024-05-20 18:40:43.100000,89.32388888333334
8,2024-05-20 18:51:06.500000,2024-05-21 08:09:52.900000,798.7733333333333
8,2024-05-21 08:09:54.633333,2024-05-21 08:35:08.966667,25.2388889
8,2024-05-21 08:35:26.533333,2024-05-21 08:50:06.366667,14.6638889
8,2024-05-21 08:50:25.733333,2024-05-23 12:15:21.200000,3084.92444445
8,2024-05-23 12:15:25.866667,2024-05-23 12:43:22.933333,27.9511111
8,2024-05-23 12:43:28.766667,2024-05-23 16:38:50.566667,235.36333333333332
8,2024-05-23 16:38:52.966667,2024-05-24 14:27:04.400000,1308.19055555
8,2024-05-24 18:05:38.433333,2024-05-24 18:07:06.600000,1.4694444500000001
8,2024-05-24 18:07:12.833333,2024-05-24 18:13:06.533333,5.895
8,2024-05-24 18:39:35.933333,2024-05-24 18:53:31.300000,13.922777783333334
8,2024-05-24 18:53:34.266667,2024-05-24 18:57:05.933333,3.5277777666666665
8,2024-05-24 18:57:06.733333,2024-05-25 11:25:37.533333,988.5133333333334
8,2024-05-25 11:26:40.000000,2024-05-25 11:35:01.866667,8.36444445
8,2024-05-25 11:35:09.200000,2024-05-25 11:35:09.666667,0.007777783333333333
8,2024-05-25 11:35:32.233333,2024-05-25 11:35:57.033333,0.41333333333333333
8,2024-05-25 11:35:57.900000,2024-05-25 11:35:58.266667,0.006111116666666667
8,2024-05-25 11:36:10.900000,2024-05-25 11:36:15.700000,0.08
8,2024-05-25 11:36:16.566667,2024-05-25 11:36:19.333333,0.046111099999999995
8,2024-05-25 11:36:23.400000,2024-05-25 11:36:23.900000,0.008333333333333333
8,2024-05-25 11:36:24.266667,2024-05-25 11:36:30.800000,0.10888888333333333
8,2024-05-25 11:36:37.033333,2024-05-25 11:36:39.300000,0.037777783333333335
8,2024-05-25 11:36:44.166667,2024-05-25 11:36:44.633333,0.007777766666666667
8,2024-05-25 11:36:54.966667,2024-05-25 11:36:55.433333,0.007777766666666667
8,2024-05-25 11:38:21.800000,2024-05-25 11:38:22.300000,0.008333333333333333
8,2024-05-25 13:00:59.666667,2024-05-25 13:09:12.233333,8.209444433333333
8,2024-05-25 13:10:10.966667,2024-05-25 16:26:52.166667,196.68666666666667
8,2024-05-25 16:27:04.800000,2024-05-26 12:15:34.500000,1188.495
8,2024-05-26 12:20:13.866667,2024-05-26 12:20:18.800000,0.08222221666666667
8,2024-05-26 12:22:04.666667,2024-05-26 12:22:11.133333,0.10777776666666666
8,2024-05-26 13:57:49.900000,2024-05-26 15:02:13.500000,64.39333333333333
8,2024-05-26 15:02:23.633333,2024-05-26 17:33:38.066667,151.24055556666664
8,2024-05-26 17:34:44.400000,2024-05-26 17:38:36.366667,3.8661111166666666
8,2024-05-26 17:40:11.500000,2024-05-26 17:48:44.566667,8.551111116666668
8,2024-05-26 17:49:22.266667,2024-05-26 17:51:39.433333,2.2861111
8,2024-05-26 17:52:26.966667,2024-05-26 17:54:09.233333,1.7044444333333333
8,2024-05-26 17:56:57.233333,2024-05-28 14:25:17.866667,2668.3438889000004
8,2024-06-04 11:36:17.866667,2024-06-06 14:28:20.600000,3052.0455555500002
8,2024-06-06 14:33:05.400000,2024-06-06 14:45:30.233333,12.413888883333334
9,2024-04-22 14:57:41.866667,2024-04-29 16:49:49.200000,10192.122222216665
9,2024-04-29 16:50:04.233333,2024-05-01 18:45:55.000000,2995.8461111166666
9,2024-05-01 18:46:06.300000,2024-05-02 15:51:32.866667,1265.4427777833334
9,2024-05-02 15:51:50.466667,2024-05-03 19:30:11.200000,1658.34555555
9,2024-05-03 19:30:12.066667,2024-05-07 12:27:37.566667,5337.425
9,2024-05-07 12:27:56.300000,2024-05-07 19:47:32.366667,439.60111111666663
9,2024-05-07 19:47:45.933333,2024-05-08 13:01:36.866667,1033.8488889
9,2024-05-08 13:01:54.566667,2024-05-08 14:22:10.666667,80.26833333333335
9,2024-05-08 15:14:50.200000,2024-05-08 15:20:11.766667,5.35944445
9,2024-05-08 15:20:15.266667,2024-05-08 15:28:28.600000,8.222222216666667
9,2024-05-08 15:28:33.533333,2024-05-08 15:28:42.033333,0.14166666666666666
9,2024-05-08 15:28:45.600000,2024-05-08 15:28:51.966667,0.10611111666666666
9,2024-05-17 10:49:55.600000,2024-05-19 14:49:42.300000,3119.7783333333336
9,2024-05-19 14:51:51.233333,2024-05-19 15:24:40.266667,32.81722223333333
9,2024-05-19 15:25:13.933333,2024-05-19 15:28:35.966667,3.3672222333333335
9,2024-05-19 15:29:40.366667,2024-05-19 15:37:04.000000,7.393888883333333
9,2024-05-19 15:37:22.566667,2024-05-19 15:51:18.266667,13.928333333333335
9,2024-05-19 15:51:23.733333,2024-05-19 17:00:43.400000,69.32777778333335
9,2024-05-19 17:01:19.966667,2024-05-19 17:29:22.400000,28.04055555
9,2024-05-19 17:29:24.600000,2024-05-19 17:45:49.333333,16.412222216666667
9,2024-05-19 18:35:50.666667,2024-05-19 18:38:28.000000,2.6222222166666667
9,2024-05-19 18:44:58.166667,2024-05-19 18:54:42.700000,9.742222216666667
9,2024-05-19 18:56:26.700000,2024-05-19 19:02:15.533333,5.813888883333333
9,2024-05-19 19:04:36.400000,2024-05-19 19:14:27.900000,9.858333333333333
9,2024-05-19 19:16:15.966667,2024-05-19 19:26:41.200000,10.42055555
9,2024-05-19 19:28:50.333333,2024-05-20 09:55:40.800000,866.8411111166666
9,2024-05-20 09:58:35.366667,2024-05-20 10:03:17.033333,4.6944444333333335
9,2024-05-20 10:04:46.100000,2024-05-20 10:13:51.866667,9.096111116666666
9,2024-05-20 10:16:23.466667,2024-05-20 10:19:21.166667,2.9616666666666664
9,2024-05-20 10:20:15.133333,2024-05-20 10:46:19.200000,26.067777783333334
9,2024-05-20 10:48:45.666667,2024-05-20 11:18:47.100000,30.02388888333333
9,2024-05-20 11:20:49.366667,2024-05-20 11:23:38.366667,2.816666666666667
9,2024-05-20 11:25:04.200000,2024-05-20 11:26:55.766667,1.85944445
9,2024-05-20 11:28:22.966667,2024-05-20 11:37:41.666667,9.311666666666667
9,2024-05-20 11:40:07.233333,2024-05-20 11:42:58.266667,2.8505555666666664
9,2024-05-20 11:45:17.133333,2024-05-20 11:56:54.033333,11.615
9,2024-05-20 11:58:56.200000,2024-05-20 12:01:55.700000,2.9916666666666667
9,2024-05-20 12:04:26.300000,2024-05-20 12:07:25.866667,2.992777783333333
9,2024-05-20 12:11:55.566667,2024-05-20 12:17:56.800000,6.02055555
9,2024-05-20 12:21:40.333333,2024-05-20 12:21:40.833333,0.008333333333333333
9,2024-05-20 12:22:41.133333,2024-05-20 13:04:17.500000,41.60611111666666
9,2024-05-20 13:06:08.600000,2024-05-20 13:13:13.400000,7.08
9,2024-05-20 13:14:34.133333,2024-05-20 13:18:46.400000,4.20444445
9,2024-05-20 13:19:02.400000,2024-05-20 13:23:13.033333,4.177222216666666
9,2024-05-20 13:31:29.200000,2024-05-20 13:35:44.400000,4.253333333333333
9,2024-05-20 13:36:05.200000,2024-05-20 13:45:07.800000,9.043333333333333
9,2024-05-20 13:47:06.466667,2024-05-20 14:16:19.866667,29.223333333333336
9,2024-05-20 14:16:27.166667,2024-05-20 14:16:28.900000,0.028888883333333334
9,2024-05-20 14:18:10.466667,2024-05-20 14:24:47.266667,6.613333333333333
9,2024-05-20 14:25:12.233333,2024-05-20 14:29:43.933333,4.528333333333333
9,2024-05-20 14:31:38.866667,2024-05-20 14:34:26.166667,2.7883333333333336
9,2024-05-20 14:34:37.066667,2024-05-20 15:15:48.866667,41.19666666666667
9,2024-05-20 15:17:04.766667,2024-05-20 15:33:34.866667,16.50166666666667
9,2024-05-20 15:35:01.266667,2024-05-20 15:43:10.400000,8.152222216666667
9,2024-05-20 15:53:17.566667,2024-05-20 16:08:36.000000,15.307222216666666
9,2024-05-20 16:08:48.866667,2024-05-20 16:08:51.666667,0.04666666666666666
9,2024-05-20 16:09:02.200000,2024-05-20 16:09:02.266667,0.0011111166666666666
9,2024-05-20 16:13:10.800000,2024-05-20 16:24:59.033333,11.803888883333334
9,2024-05-20 16:27:20.766667,2024-05-20 16:34:03.400000,6.71055555
9,2024-05-20 16:35:21.900000,2024-05-20 16:38:15.533333,2.893888883333333
9,2024-05-20 16:39:39.300000,2024-05-20 17:19:27.866667,39.80944445
9,2024-05-20 17:20:54.833333,2024-05-20 17:38:47.900000,17.88444445
9,2024-05-20 17:40:15.600000,2024-05-20 18:10:41.000000,30.423333333333336
9,2024-05-20 18:11:53.800000,2024-05-20 18:23:46.500000,11.878333333333334
9,2024-05-20 18:24:52.366667,2024-05-20 18:36:04.033333,11.194444433333333
9,2024-05-20 18:36:17.966667,2024-05-20 18:38:09.633333,1.8611111
9,2024-05-20 18:40:33.200000,2024-05-20 18:41:40.600000,1.1233333333333335
9,2024-05-20 18:42:13.000000,2024-05-20 18:43:50.666667,1.6277777833333333
9,2024-05-20 18:46:15.866667,2024-05-20 18:47:42.466667,1.4433333333333331
9,2024-05-20 18:51:04.900000,2024-05-20 18:53:01.000000,1.9349999999999998
9,2024-05-20 18:55:03.700000,2024-05-20 18:57:32.233333,2.47555555
9,2024-05-20 18:58:47.933333,2024-05-20 19:06:43.266667,7.922222233333333
9,2024-05-20 19:08:49.300000,2024-05-20 19:25:11.466667,16.36944445
9,2024-05-20 19:25:40.400000,2024-05-20 19:29:16.833333,3.6072222166666665
9,2024-05-20 19:30:15.933333,2024-05-21 10:27:30.233333,897.2383333333333
9,2024-05-21 10:29:17.900000,2024-05-21 13:50:01.633333,200.72888888333333
9,2024-05-21 13:50:16.933333,2024-05-21 16:25:19.566667,155.0438889
9,2024-05-21 16:25:27.166667,2024-05-21 17:24:27.733333,59.009444433333336
9,2024-05-21 17:24:31.533333,2024-05-21 19:18:18.033333,113.775
9,2024-05-21 19:18:23.666667,2024-05-22 09:07:16.566667,828.8816666666667
9,2024-05-22 09:07:21.133333,2024-05-22 10:48:44.533333,101.39
9,2024-05-22 13:18:49.800000,2024-05-22 16:29:55.566667,191.09611111666666
9,2024-05-22 16:30:08.200000,2024-05-22 16:30:14.666667,0.10777778333333334
9,2024-05-22 16:30:27.200000,2024-05-22 16:30:36.300000,0.15166666666666667
9,2024-05-22 16:30:51.333333,2024-05-22 16:30:58.333333,0.11666666666666667
9,2024-05-22 16:31:03.466667,2024-05-23 11:16:20.233333,1125.2794444333333
9,2024-05-23 11:17:19.300000,2024-05-23 11:17:19.800000,0.008333333333333333
9,2024-05-23 11:17:36.666667,2024-05-23 11:17:37.166667,0.008333333333333333
9,2024-05-23 11:18:58.600000,2024-05-23 11:18:59.100000,0.008333333333333333
9,2024-05-23 11:30:31.733333,2024-05-23 11:56:52.033333,26.33833333333333
9,2024-05-23 11:56:52.833333,2024-05-23 11:56:54.566667,0.028888900000000002
9,2024-05-23 11:57:04.000000,2024-05-23 12:03:01.133333,5.952222216666667
9,2024-05-23 12:03:15.666667,2024-05-23 12:17:58.700000,14.717222216666666
9,2024-05-23 12:18:08.333333,2024-05-23 12:18:08.833333,0.008333333333333333
9,2024-05-23 12:21:21.433333,2024-05-23 12:26:11.700000,4.837777783333333
9,2024-05-23 12:27:33.000000,2024-05-23 12:53:39.300000,26.105
9,2024-05-23 12:54:59.033333,2024-05-23 12:56:38.500000,1.6577777833333334
9,2024-05-23 12:57:12.933333,2024-05-23 12:59:41.066667,2.4688889
9,2024-05-23 13:04:00.133333,2024-05-23 13:07:04.300000,3.0694444499999998
9,2024-05-23 13:11:52.933333,2024-05-23 13:12:52.433333,0.9916666666666667
9,2024-05-23 13:13:12.133333,2024-05-23 13:15:03.100000,1.84944445
9,2024-05-23 13:25:53.933333,2024-05-23 13:43:04.600000,17.177777783333333
9,2024-05-23 13:44:20.633333,2024-05-23 14:02:01.133333,17.675
9,2024-05-23 14:03:53.833333,2024-05-23 14:48:32.766667,44.648888899999996
9,2024-05-23 14:50:02.666667,2024-05-23 15:16:39.833333,26.619444433333335
9,2024-05-23 15:18:13.400000,2024-05-23 15:49:44.000000,31.509999999999998
9,2024-05-23 16:22:27.233333,2024-05-23 16:38:30.166667,16.048888899999998
9,2024-05-23 16:58:46.166667,2024-05-23 17:16:13.600000,17.457222216666665
9,2024-05-23 17:43:47.000000,2024-05-23 17:43:52.966667,0.09944445
9,2024-05-23 17:46:29.566667,2024-05-23 18:36:05.000000,49.59055555
9,2024-05-23 18:38:03.533333,2024-05-23 18:51:11.133333,13.126666666666667
9,2024-05-23 18:52:22.166667,2024-05-23 19:04:22.400000,12.003888883333333
9,2024-05-24 08:22:30.866667,2024-05-24 09:19:27.100000,56.93722221666667
9,2024-05-24 09:19:52.300000,2024-05-24 09:32:29.533333,12.62055555
9,2024-05-24 09:33:15.200000,2024-05-24 11:52:04.700000,138.825
9,2024-05-24 13:09:36.733333,2024-05-24 13:11:30.900000,1.9027777833333335
9,2024-05-24 13:17:49.466667,2024-05-24 13:27:43.666667,9.903333333333334
9,2024-05-24 13:36:27.600000,2024-05-24 18:06:37.700000,270.16833333333335
9,2024-05-24 18:06:38.566667,2024-05-24 18:45:50.333333,39.1961111
9,2024-05-24 18:45:52.333333,2024-05-25 11:16:56.633333,991.0716666666667
9,2024-05-25 11:16:57.466667,2024-05-25 11:16:59.500000,0.03388888333333333
9,2024-05-25 11:17:03.666667,2024-05-25 11:17:06.700000,0.05055555
9,2024-05-25 11:17:07.666667,2024-05-25 11:17:19.400000,0.19555555
9,2024-05-25 11:17:22.866667,2024-05-25 11:17:24.900000,0.03388888333333333
9,2024-05-25 11:17:26.533333,2024-05-25 11:17:29.166667,0.0438889
9,2024-05-25 11:17:40.633333,2024-05-25 11:18:24.233333,0.7266666666666667
9,2024-05-25 11:18:27.800000,2024-05-25 11:18:29.733333,0.032222216666666664
9,2024-05-25 11:18:30.866667,2024-05-25 11:18:32.866667,0.03333333333333333
9,2024-05-25 11:18:35.366667,2024-05-25 11:18:37.333333,0.032777766666666666
9,2024-05-25 11:18:38.233333,2024-05-25 11:18:40.233333,0.03333333333333333
9,2024-05-25 11:18:42.733333,2024-05-25 11:18:49.933333,0.12000000000000001
9,2024-05-25 11:18:53.866667,2024-05-25 11:18:59.100000,0.08722221666666667
9,2024-05-25 11:18:59.466667,2024-05-25 11:19:03.400000,0.06555555
9,2024-05-25 11:19:09.733333,2024-05-25 11:19:11.733333,0.03333333333333333
9,2024-05-25 11:19:12.200000,2024-05-25 11:19:19.433333,0.12055555
9,2024-05-25 11:19:26.000000,2024-05-25 11:19:28.000000,0.03333333333333333
9,2024-05-25 11:19:29.566667,2024-05-25 11:19:31.566667,0.03333333333333333
9,2024-05-25 11:19:55.066667,2024-05-25 11:19:55.566667,0.008333333333333333
9,2024-05-25 11:19:56.333333,2024-05-25 11:19:56.833333,0.008333333333333333
9,2024-05-25 11:20:11.733333,2024-05-25 11:30:08.266667,9.942222233333332
9,2024-05-25 11:31:08.666667,2024-05-25 11:32:09.433333,1.0127777666666666
9,2024-05-25 11:32:26.966667,2024-05-25 11:32:53.633333,0.44444443333333333
9,2024-05-25 11:37:37.900000,2024-05-25 11:43:39.633333,6.028888883333334
9,2024-05-25 11:43:55.833333,2024-05-25 11:44:01.100000,0.08777778333333333
9,2024-05-25 11:47:21.533333,2024-05-25 11:53:04.666667,5.7188889
9,2024-05-25 11:53:15.966667,2024-05-25 12:43:39.733333,50.3961111
9,2024-05-25 12:49:50.066667,2024-05-25 12:58:31.366667,8.688333333333333
9,2024-05-25 12:58:48.200000,2024-05-25 12:59:41.700000,0.8916666666666667
9,2024-05-25 13:00:04.200000,2024-05-25 13:00:05.400000,0.02
9,2024-05-25 13:02:32.700000,2024-05-25 13:02:34.100000,0.02333333333333333
9,2024-05-25 13:10:18.033333,2024-05-25 13:10:22.433333,0.07333333333333333
9,2024-05-25 13:14:14.933333,2024-05-25 13:18:38.300000,4.38944445
9,2024-05-25 13:19:23.166667,2024-05-25 13:19:51.900000,0.47888888333333335
9,2024-05-25 13:20:05.066667,2024-05-25 13:20:12.200000,0.11888888333333333
9,2024-05-25 13:26:36.166667,2024-05-25 13:26:43.666667,0.125
9,2024-05-25 13:27:12.866667,2024-05-25 13:37:44.700000,10.53055555
9,2024-05-25 13:38:50.566667,2024-05-25 14:02:13.166667,23.376666666666665
9,2024-05-25 14:03:27.100000,2024-05-25 14:08:45.066667,5.299444449999999
9,2024-05-25 14:09:04.600000,2024-05-25 14:15:54.933333,6.8388888833333334
9,2024-05-25 14:16:20.300000,2024-05-25 14:16:22.300000,0.03333333333333333
9,2024-05-25 14:19:02.066667,2024-05-25 14:32:32.433333,13.5061111
9,2024-05-25 14:33:17.533333,2024-05-25 14:33:24.166667,0.11055556666666666
9,2024-05-25 14:37:53.100000,2024-05-25 14:38:25.266667,0.5361111166666667
9,2024-05-25 14:39:51.500000,2024-05-25 15:41:34.533333,61.71722221666666
9,2024-05-25 15:42:00.766667,2024-05-25 16:21:12.833333,39.201111100000006
9,2024-05-25 16:27:34.666667,2024-05-25 16:27:42.200000,0.12555555
9,2024-05-25 16:59:13.666667,2024-05-25 16:59:14.166667,0.008333333333333333
9,2024-05-25 16:59:15.200000,2024-05-25 16:59:26.400000,0.18666666666666665
9,2024-05-25 17:05:46.266667,2024-05-25 17:07:19.333333,1.5511111
9,2024-05-25 17:07:55.033333,2024-05-25 17:08:01.066667,0.10055556666666667
9,2024-05-25 17:20:26.433333,2024-05-25 17:25:27.100000,5.011111116666667
9,2024-05-25 17:30:37.666667,2024-05-25 17:31:57.566667,1.3316666666666668
9,2024-05-25 17:32:27.266667,2024-05-25 17:32:33.533333,0.10444443333333334
9,2024-05-26 08:34:45.033333,2024-05-26 08:34:48.400000,0.05611111666666667
9,2024-05-26 09:57:01.333333,2024-05-26 09:57:06.366667,0.0838889
9,2024-05-26 10:54:04.300000,2024-05-26 10:54:06.400000,0.035
9,2024-05-26 11:13:24.466667,2024-05-26 11:13:27.700000,0.05388888333333333
9,2024-05-26 11:14:24.466667,2024-05-26 11:25:36.300000,11.197222216666667
9,2024-05-26 11:27:13.166667,2024-05-26 12:24:29.600000,57.273888883333335
9,2024-05-26 12:25:30.433333,2024-05-26 13:13:13.033333,47.71
9,2024-05-26 13:13:42.633333,2024-05-26 13:39:10.200000,25.45944445
9,2024-05-26 13:58:16.666667,2024-05-26 14:07:44.566667,9.465
9,2024-05-26 14:08:41.500000,2024-05-26 14:08:56.066667,0.24277778333333336
9,2024-05-26 14:47:05.900000,2024-05-26 14:57:07.633333,10.028888883333334
9,2024-05-26 15:03:12.333333,2024-05-26 15:03:16.466667,0.06888889999999999
9,2024-05-26 15:03:31.000000,2024-05-26 15:07:02.000000,3.5166666666666666
9,2024-05-26 15:10:02.800000,2024-05-26 15:12:46.666667,2.731111116666667
9,2024-05-26 15:20:24.233333,2024-05-26 15:36:10.333333,15.768333333333334
9,2024-05-26 15:45:25.266667,2024-05-26 16:09:59.700000,24.573888883333332
9,2024-05-26 16:36:56.200000,2024-05-26 16:38:48.166667,1.8661111166666666
9,2024-05-26 16:47:34.133333,2024-05-26 16:51:16.200000,3.7011111166666666
9,2024-05-26 17:14:24.433333,2024-05-26 17:14:35.300000,0.18111111666666665
9,2024-05-26 17:15:26.366667,2024-05-26 17:15:32.033333,0.09444443333333334
9,2024-05-26 17:27:55.300000,2024-05-26 17:30:19.800000,2.408333333333333
9,2024-05-26 17:32:30.600000,2024-05-26 17:32:38.900000,0.13833333333333334
9,2024-05-26 17:33:21.466667,2024-05-26 17:34:48.433333,1.4494444333333334
9,2024-05-26 17:37:16.133333,2024-05-26 17:42:54.733333,5.6433333333333335
9,2024-05-26 17:43:50.700000,2024-05-26 17:44:53.800000,1.0516666666666667
9,2024-05-26 17:45:26.833333,2024-05-26 17:46:19.866667,0.8838889000000001
9,2024-05-26 17:48:22.533333,2024-05-26 17:49:26.700000,1.06944445
9,2024-05-26 17:51:33.666667,2024-05-26 17:52:57.033333,1.3894444333333333
9,2024-05-26 17:54:05.133333,2024-05-26 18:00:49.400000,6.737777783333333
9,2024-05-26 18:01:14.133333,2024-05-26 18:01:18.533333,0.07333333333333333
9,2024-05-26 18:01:24.133333,2024-05-26 18:01:30.200000,0.10111111666666667
9,2024-05-26 18:01:31.000000,2024-05-26 18:01:37.033333,0.10055555
9,2024-05-26 18:04:46.433333,2024-05-26 18:14:51.366667,10.082222233333333
9,2024-05-26 18:15:26.033333,2024-05-26 18:49:12.866667,33.78055556666666
9,2024-05-26 18:49:38.166667,2024-05-26 19:03:31.766667,13.893333333333334
9,2024-05-26 19:13:31.500000,2024-05-26 19:17:44.166667,4.211111116666666
9,2024-05-26 19:18:06.566667,2024-05-26 19:52:06.433333,33.997777766666665
9,2024-05-26 19:52:40.333333,2024-05-26 19:52:48.566667,0.13722223333333333
9,2024-05-27 08:31:06.000000,2024-05-27 08:31:13.166667,0.11944445000000001
9,2024-05-27 08:32:01.533333,2024-05-27 08:32:39.366667,0.6305555666666667
9,2024-05-27 08:32:51.866667,2024-05-27 08:32:57.466667,0.09333333333333332
9,2024-05-27 08:33:31.433333,2024-05-27 08:40:21.266667,6.830555566666666
9,2024-05-27 08:40:58.466667,2024-05-27 08:44:04.500000,3.10055555
9,2024-05-27 08:44:41.866667,2024-05-27 08:45:31.933333,0.8344444333333333
9,2024-05-27 08:45:54.333333,2024-05-27 08:46:11.500000,0.28611111666666666
9,2024-05-27 08:46:30.833333,2024-05-27 08:49:56.333333,3.425
9,2024-05-27 08:52:30.200000,2024-05-27 09:47:01.300000,54.51833333333333
9,2024-05-27 10:36:00.900000,2024-05-27 11:16:55.900000,40.916666666666664
9,2024-05-27 11:21:06.833333,2024-05-27 11:21:11.966667,0.08555556666666667
9,2024-05-27 11:59:00.000000,2024-05-27 12:08:37.833333,9.63055555
9,2024-05-27 12:09:17.966667,2024-05-27 12:11:20.500000,2.0422222166666666
9,2024-05-27 12:15:18.200000,2024-05-27 12:18:01.766667,2.7261111166666665
9,2024-05-27 12:19:07.733333,2024-05-27 12:21:29.700000,2.3661111166666666
9,2024-05-27 12:22:29.266667,2024-05-27 12:28:04.566667,5.588333333333334
9,2024-05-27 12:29:12.333333,2024-05-27 12:30:37.300000,1.4161111166666667
9,2024-05-27 12:33:04.266667,2024-05-27 12:33:12.866667,0.14333333333333334
9,2024-05-27 12:33:40.033333,2024-05-27 14:34:49.166667,121.15222223333333
9,2024-05-27 14:39:50.200000,2024-05-27 14:53:45.033333,13.913888883333334
9,2024-05-27 14:53:59.433333,2024-05-30 13:31:44.133333,4237.745
9,2024-05-30 13:32:37.933333,2024-05-30 13:32:42.900000,0.08277778333333334
9,2024-05-31 11:08:59.700000,2024-06-07 11:55:18.933333,10126.320555549999
10,2024-04-22 19:13:14.666667,2024-04-22 19:13:15.166667,0.008333333333333333
10,2024-04-22 19:13:35.400000,2024-04-22 19:13:35.900000,0.008333333333333333
10,2024-04-23 17:59:52.100000,2024-04-29 16:32:54.100000,8553.033333333333
10,2024-04-29 16:39:56.033333,2024-04-29 17:24:42.900000,44.781111116666665
10,2024-04-29 17:25:07.466667,2024-04-29 17:46:17.100000,21.16055555
10,2024-04-29 17:47:10.500000,2024-04-29 18:33:18.200000,46.12833333333333
10,2024-04-29 18:36:33.333333,2024-04-30 15:32:51.433333,1256.3016666666667
10,2024-04-30 15:33:16.933333,2024-05-01 14:19:30.400000,1366.22444445
10,2024-05-01 17:43:54.933333,2024-05-02 08:09:46.133333,865.8533333333332
10,2024-05-02 08:10:10.400000,2024-05-02 13:24:50.000000,314.65999999999997
10,2024-05-03 12:20:41.966667,2024-05-06 15:41:58.166667,4521.27
10,2024-05-06 19:48:56.333333,2024-05-07 11:50:17.100000,961.3461111166667
10,2024-05-07 11:50:31.566667,2024-05-07 18:11:17.500000,380.76555555
10,2024-05-07 18:11:27.800000,2024-05-07 19:14:03.066667,62.58777778333333
10,2024-05-07 19:37:48.600000,2024-05-08 13:31:54.900000,1074.105
10,2024-05-08 13:32:16.566667,2024-05-13 12:44:33.666667,7152.285
10,2024-05-13 13:36:36.866667,2024-05-13 13:36:37.366667,0.008333333333333333
10,2024-05-18 13:24:21.966667,2024-05-19 12:47:38.600000,1403.2772222166668
10,2024-05-19 12:49:24.466667,2024-05-19 14:02:40.400000,73.26555555
10,2024-05-19 14:02:55.533333,2024-05-19 14:29:17.466667,26.365555566666668
10,2024-05-19 14:29:46.300000,2024-05-19 15:01:35.600000,31.821666666666665
10,2024-05-19 15:05:00.400000,2024-05-19 15:42:00.966667,37.009444450000004
10,2024-05-19 15:46:01.500000,2024-05-19 16:45:24.600000,59.385
10,2024-05-19 16:45:27.466667,2024-05-19 17:51:39.066667,66.19333333333333
10,2024-05-19 17:52:51.433333,2024-05-19 18:10:58.166667,18.112222233333334
10,2024-05-19 19:00:22.200000,2024-05-19 19:07:44.233333,7.367222216666667
10,2024-05-19 19:08:57.833333,2024-05-19 19:32:56.700000,23.981111116666668
10,2024-05-20 10:18:57.266667,2024-05-20 10:21:13.766667,2.275
10,2024-05-20 10:22:01.800000,2024-05-20 10:31:21.700000,9.331666666666667
10,2024-05-20 10:31:44.700000,2024-05-20 11:12:35.600000,40.848333333333336
10,2024-05-20 11:13:35.800000,2024-05-20 11:15:34.166667,1.9727777833333335
10,2024-05-20 11:16:04.600000,2024-05-20 11:52:25.666667,36.351111116666665
10,2024-05-20 11:53:24.133333,2024-05-20 12:21:20.866667,27.945555566666666
10,2024-05-20 12:22:25.866667,2024-05-20 12:24:40.000000,2.23555555
10,2024-05-20 12:25:25.633333,2024-05-20 12:30:25.333333,4.995
10,2024-05-20 12:31:21.700000,2024-05-20 12:37:03.533333,5.697222216666666
10,2024-05-20 12:38:34.900000,2024-05-20 12:45:46.766667,7.197777783333334
10,2024-05-20 12:53:27.733333,2024-05-20 12:53:48.733333,0.35
10,2024-05-20 12:57:19.466667,2024-05-20 12:57:30.633333,0.1861111
10,2024-05-20 13:18:38.000000,2024-05-20 13:19:17.600000,0.66
10,2024-05-20 13:19:19.766667,2024-05-20 13:19:20.566667,0.013333333333333334
10,2024-05-20 13:20:11.466667,2024-05-20 13:20:18.333333,0.11444443333333335
10,2024-05-20 13:20:37.366667,2024-05-20 13:20:46.300000,0.14888888333333333
10,2024-05-20 13:21:10.700000,2024-05-20 13:24:54.900000,3.7366666666666664
10,2024-05-20 13:25:53.466667,2024-05-20 13:26:29.233333,0.5961111
10,2024-05-20 13:31:57.166667,2024-05-20 13:32:02.566667,0.09000000000000001
10,2024-05-20 13:33:56.600000,2024-05-20 13:35:03.266667,1.1111111166666667
10,2024-05-20 13:35:35.433333,2024-05-20 13:36:13.966667,0.6422222333333333
10,2024-05-20 13:36:34.833333,2024-05-20 13:41:23.033333,4.803333333333333
10,2024-05-20 13:42:59.733333,2024-05-20 13:47:24.466667,4.412222233333334
10,2024-05-20 13:47:41.366667,2024-05-20 13:59:36.766667,11.923333333333334
10,2024-05-20 14:01:02.666667,2024-05-20 14:05:31.966667,4.488333333333333
10,2024-05-20 14:07:06.700000,2024-05-20 14:10:23.800000,3.2849999999999997
10,2024-05-20 14:12:45.566667,2024-05-20 14:15:42.866667,2.955
10,2024-05-20 14:16:14.733333,2024-05-20 14:16:14.733333,0.0
10,2024-05-20 14:16:14.733333,2024-05-20 14:19:59.600000,3.7477777833333334
10,2024-05-20 14:21:15.133333,2024-05-20 14:25:18.766667,4.060555566666666
10,2024-05-20 14:26:02.066667,2024-05-20 14:31:44.566667,5.708333333333333
10,2024-05-20 14:33:06.666667,2024-05-20 14:33:14.066667,0.12333333333333334
10,2024-05-20 14:33:37.633333,2024-05-20 14:35:05.066667,1.4572222333333333
10,2024-05-20 14:36:23.033333,2024-05-20 14:38:06.633333,1.7266666666666666
10,2024-05-20 14:42:49.933333,2024-05-20 14:45:42.200000,2.871111116666667
10,2024-05-20 14:50:31.133333,2024-05-20 14:51:07.266667,0.6022222333333332
10,2024-05-20 14:53:30.133333,2024-05-20 14:54:52.500000,1.3727777833333334
10,2024-05-20 14:57:01.300000,2024-05-20 14:57:10.000000,0.145
10,2024-05-20 14:57:31.100000,2024-05-20 14:59:23.966667,1.8811111166666667
10,2024-05-20 15:03:37.500000,2024-05-20 15:07:30.100000,3.8766666666666665
10,2024-05-20 15:08:19.000000,2024-05-20 15:20:22.966667,12.066111116666667
10,2024-05-20 15:21:43.166667,2024-05-20 15:28:44.100000,7.01555555
10,2024-05-20 15:28:49.933333,2024-05-20 15:33:19.700000,4.4961111166666665
10,2024-05-20 15:34:34.366667,2024-05-20 15:39:21.800000,4.79055555
10,2024-05-20 15:40:34.233333,2024-05-20 15:44:37.433333,4.053333333333333
10,2024-05-20 15:45:42.933333,2024-05-20 15:51:53.100000,6.16944445
10,2024-05-20 15:53:06.133333,2024-05-20 15:57:47.733333,4.693333333333333
10,2024-05-20 16:03:57.166667,2024-05-20 16:09:11.633333,5.2411110999999995
10,2024-05-20 16:10:33.366667,2024-05-20 16:15:49.766667,5.2733333333333325
10,2024-05-20 16:23:03.033333,2024-05-20 16:27:08.900000,4.097777783333333
10,2024-05-20 16:28:27.933333,2024-05-20 16:32:34.366667,4.107222233333333
10,2024-05-20 16:34:04.833333,2024-05-20 16:34:04.833333,0.0
10,2024-05-20 16:34:04.833333,2024-05-20 16:37:23.433333,3.31
10,2024-05-20 16:37:26.866667,2024-05-20 16:43:08.000000,5.68555555
10,2024-05-20 16:45:07.233333,2024-05-20 16:48:50.300000,3.717777783333333
10,2024-05-20 16:50:15.933333,2024-05-20 16:50:15.933333,0.0
10,2024-05-20 17:09:13.833333,2024-05-20 17:12:39.066667,3.4205555666666667
10,2024-05-20 17:13:58.566667,2024-05-20 17:18:33.266667,4.578333333333333
10,2024-05-20 17:19:55.733333,2024-05-20 17:21:34.666667,1.6488889
10,2024-05-20 17:25:54.933333,2024-05-20 17:28:07.633333,2.2116666666666664
10,2024-05-20 17:29:28.333333,2024-05-20 17:29:57.966667,0.4938889
10,2024-05-20 17:31:04.566667,2024-05-20 17:31:44.433333,0.6644444333333334
10,2024-05-20 17:33:14.200000,2024-05-20 17:38:45.266667,5.517777783333333
10,2024-05-20 17:39:43.533333,2024-05-20 17:42:43.266667,2.995555566666667
10,2024-05-20 17:43:54.833333,2024-05-20 17:45:53.133333,1.9716666666666667
10,2024-05-20 17:46:48.066667,2024-05-20 17:48:42.100000,1.90055555
10,2024-05-20 17:58:08.766667,2024-05-20 17:59:57.200000,1.8072222166666667
10,2024-05-20 18:03:10.400000,2024-05-20 18:04:57.600000,1.7866666666666666
10,2024-05-20 18:09:19.666667,2024-05-20 18:12:32.133333,3.2077777666666667
10,2024-05-20 18:14:34.333333,2024-05-20 18:17:33.100000,2.9794444500000004
10,2024-05-20 18:17:54.066667,2024-05-20 18:19:05.400000,1.1888888833333333
10,2024-05-20 18:19:10.900000,2024-05-20 18:19:26.300000,0.25666666666666665
10,2024-05-20 18:26:03.100000,2024-05-20 18:37:46.433333,11.722222216666667
10,2024-05-20 18:42:56.633333,2024-05-20 18:45:49.533333,2.881666666666667
10,2024-05-20 18:46:58.366667,2024-05-20 18:49:08.333333,2.1661111
10,2024-05-20 18:50:35.033333,2024-05-20 18:53:54.100000,3.3177777833333333
10,2024-05-20 18:55:16.933333,2024-05-20 18:59:04.733333,3.796666666666667
10,2024-05-20 19:00:19.333333,2024-05-20 19:00:36.200000,0.28111111666666666
10,2024-05-20 19:02:04.833333,2024-05-20 19:04:25.800000,2.34944445
10,2024-05-20 19:05:33.200000,2024-05-20 19:09:15.466667,3.70444445
10,2024-05-20 19:10:24.866667,2024-05-20 19:14:14.766667,3.8316666666666666
10,2024-05-20 19:15:27.000000,2024-05-20 19:17:00.400000,1.5566666666666669
10,2024-05-20 19:18:36.366667,2024-05-20 19:19:05.333333,0.48277776666666666
10,2024-05-20 19:20:09.200000,2024-05-20 19:25:44.666667,5.591111116666666
10,2024-05-20 19:27:05.466667,2024-05-20 19:31:35.666667,4.503333333333333
10,2024-05-20 19:32:53.833333,2024-05-20 19:36:42.966667,3.8188888999999997
10,2024-05-20 19:38:02.966667,2024-05-20 19:39:13.733333,1.1794444333333334
10,2024-05-20 19:41:21.600000,2024-05-20 19:43:13.833333,1.87055555
10,2024-05-20 19:44:41.033333,2024-05-20 19:48:04.433333,3.39
10,2024-05-20 19:49:36.566667,2024-05-20 19:49:44.033333,0.12444443333333334
10,2024-05-21 08:06:31.766667,2024-05-21 08:40:36.000000,34.07055555
10,2024-05-21 08:40:59.400000,2024-05-21 08:46:43.833333,5.74055555
10,2024-05-21 08:47:42.400000,2024-05-21 08:47:42.433333,0.00055555
10,2024-05-21 08:58:09.133333,2024-05-21 09:03:53.700000,5.7427777833333336
10,2024-05-21 09:04:57.266667,2024-05-21 09:04:57.266667,0.0
10,2024-05-21 09:04:57.266667,2024-05-21 09:04:58.266667,0.016666666666666666
10,2024-05-21 09:11:40.233333,2024-05-21 09:18:49.566667,7.155555566666666
10,2024-05-21 09:19:48.933333,2024-05-21 09:26:24.166667,6.587222233333334
10,2024-05-21 09:27:25.600000,2024-05-21 09:29:15.533333,1.8322222166666668
10,2024-05-21 09:30:30.800000,2024-05-21 09:34:53.600000,4.38
10,2024-05-21 09:35:33.000000,2024-05-21 09:37:33.133333,2.0022222166666666
10,2024-05-21 09:47:11.233333,2024-05-21 09:49:39.700000,2.47444445
10,2024-05-21 09:53:40.633333,2024-05-21 09:54:04.133333,0.39166666666666666
10,2024-05-21 09:54:21.633333,2024-05-21 09:56:18.466667,1.9472222333333333
10,2024-05-21 09:57:45.666667,2024-05-21 09:59:51.833333,2.1027777666666667
10,2024-05-21 10:00:54.166667,2024-05-21 10:04:01.300000,3.1188888833333333
10,2024-05-21 10:05:33.066667,2024-05-21 10:09:15.833333,3.7127777666666666
10,2024-05-21 10:10:36.133333,2024-05-21 10:13:24.700000,2.80944445
10,2024-05-21 10:17:07.666667,2024-05-21 10:22:19.966667,5.205
10,2024-05-21 10:30:05.833333,2024-05-21 10:32:01.766667,1.9322222333333334
10,2024-05-21 10:33:27.600000,2024-05-21 10:36:12.066667,2.7411111166666666
10,2024-05-21 10:41:30.466667,2024-05-21 10:44:03.333333,2.547777766666667
10,2024-05-21 10:44:33.366667,2024-05-21 10:51:28.300000,6.91555555
10,2024-05-21 10:52:42.833333,2024-05-21 11:09:30.500000,16.79444445
10,2024-05-21 11:10:41.200000,2024-05-21 11:15:23.066667,4.697777783333334
10,2024-05-21 11:16:34.566667,2024-05-21 11:24:38.500000,8.065555550000001
10,2024-05-21 11:25:50.100000,2024-05-21 11:32:40.466667,6.83944445
10,2024-05-21 11:43:11.033333,2024-05-21 11:50:40.100000,7.48444445
10,2024-05-21 11:51:40.100000,2024-05-21 11:54:30.433333,2.8388888833333334
10,2024-05-21 11:55:06.800000,2024-05-21 12:07:16.600000,12.163333333333332
10,2024-05-21 12:08:28.066667,2024-05-21 12:16:51.366667,8.388333333333334
10,2024-05-21 12:18:11.700000,2024-05-21 12:21:58.700000,3.783333333333333
10,2024-05-21 12:22:38.866667,2024-05-21 12:30:55.666667,8.28
10,2024-05-21 12:32:11.333333,2024-05-21 12:37:55.766667,5.740555566666667
10,2024-05-21 12:38:52.600000,2024-05-21 12:43:53.566667,5.016111116666666
10,2024-05-21 12:44:54.700000,2024-05-21 12:48:10.433333,3.2622222166666663
10,2024-05-21 12:48:51.233333,2024-05-21 12:54:10.933333,5.328333333333333
10,2024-05-21 12:55:14.366667,2024-05-21 13:01:27.033333,6.2111111
10,2024-05-21 13:07:32.366667,2024-05-21 13:07:59.600000,0.4538888833333334
10,2024-05-21 13:08:58.333333,2024-05-21 13:10:59.300000,2.0161111166666665
10,2024-05-21 13:11:55.166667,2024-05-21 13:13:40.033333,1.7477777666666665
10,2024-05-21 13:14:32.366667,2024-05-21 13:16:20.133333,1.7961111
10,2024-05-21 13:17:26.266667,2024-05-21 13:18:52.666667,1.4400000000000002
10,2024-05-21 13:19:51.700000,2024-05-21 13:21:56.966667,2.0877777833333333
10,2024-05-21 13:24:20.300000,2024-05-21 13:26:04.033333,1.7288888833333333
10,2024-05-21 13:28:01.766667,2024-05-21 13:29:26.933333,1.4194444333333334
10,2024-05-21 13:31:13.466667,2024-05-21 13:32:48.266667,1.5799999999999998
10,2024-05-21 13:34:38.233333,2024-05-21 13:36:38.333333,2.0016666666666665
10,2024-05-21 13:43:51.600000,2024-05-21 13:45:50.233333,1.9772222166666666
10,2024-05-21 13:48:14.200000,2024-05-21 13:50:18.666667,2.07444445
10,2024-05-21 13:55:40.800000,2024-05-21 13:59:49.766667,4.14944445
10,2024-05-21 14:07:57.600000,2024-05-21 14:19:17.866667,11.337777783333333
10,2024-05-21 14:20:19.300000,2024-05-21 14:25:41.033333,5.362222216666667
10,2024-05-21 14:26:44.033333,2024-05-21 14:31:25.700000,4.694444450000001
10,2024-05-21 14:32:20.666667,2024-05-21 14:38:12.566667,5.864999999999999
10,2024-05-21 14:47:31.266667,2024-05-21 14:51:26.300000,3.9172222166666666
10,2024-05-21 14:52:14.366667,2024-05-21 14:58:48.366667,6.566666666666666
10,2024-05-21 16:41:19.100000,2024-05-21 16:41:51.366667,0.5377777833333333
10,2024-05-21 16:44:20.633333,2024-05-21 16:46:29.133333,2.1416666666666666
10,2024-05-21 16:47:23.700000,2024-05-21 16:49:02.100000,1.6400000000000001
10,2024-05-21 16:50:11.866667,2024-05-21 16:52:46.800000,2.5822222166666666
10,2024-05-21 16:53:39.033333,2024-05-21 16:55:14.800000,1.5961111166666666
10,2024-05-21 16:56:00.600000,2024-05-21 17:05:14.800000,9.236666666666668
10,2024-05-21 17:07:55.766667,2024-05-21 17:11:13.300000,3.2922222166666666
10,2024-05-21 17:13:07.500000,2024-05-21 17:15:44.033333,2.6088888833333335
10,2024-05-21 17:16:57.300000,2024-05-21 17:24:33.633333,7.60555555
10,2024-05-21 17:30:04.800000,2024-05-21 17:35:18.166667,5.222777783333333
10,2024-05-21 17:35:58.333333,2024-05-21 17:39:56.900000,3.9761111166666665
10,2024-05-21 17:40:59.933333,2024-05-21 17:49:31.366667,8.5238889
10,2024-05-21 17:50:43.933333,2024-05-21 17:53:48.866667,3.0822222333333333
10,2024-05-21 17:54:35.300000,2024-05-21 18:03:08.066667,8.546111116666667
10,2024-05-21 18:04:10.733333,2024-05-21 18:26:47.966667,22.620555566666667
10,2024-05-21 18:36:07.733333,2024-05-21 18:45:37.666667,9.498888899999999
10,2024-05-21 18:46:41.466667,2024-05-21 18:56:06.200000,9.412222216666667
10,2024-05-21 18:57:21.300000,2024-05-21 19:08:19.233333,10.96555555
10,2024-05-21 19:09:36.233333,2024-05-21 19:18:25.600000,8.822777783333333
10,2024-05-21 19:19:44.766667,2024-05-21 19:28:40.300000,8.92555555
10,2024-05-21 19:29:56.533333,2024-05-21 19:40:08.833333,10.205
10,2024-05-21 19:41:37.433333,2024-05-21 19:51:23.500000,9.767777783333335
10,2024-05-22 08:17:45.400000,2024-05-22 08:29:44.933333,11.992222216666667
10,2024-05-22 08:32:23.366667,2024-05-22 08:35:20.833333,2.9577777666666667
10,2024-05-22 08:35:29.600000,2024-05-22 08:38:51.433333,3.3638888833333334
10,2024-05-22 08:39:00.400000,2024-05-22 08:45:32.933333,6.5422222166666675
10,2024-05-22 08:46:25.800000,2024-05-22 08:50:37.000000,4.1866666666666665
10,2024-05-22 08:52:16.333333,2024-05-22 08:55:20.200000,3.0644444500000003
10,2024-05-22 08:56:04.366667,2024-05-22 08:57:40.833333,1.6077777666666668
10,2024-05-22 08:58:29.166667,2024-05-22 09:00:53.433333,2.404444433333333
10,2024-05-22 09:01:33.966667,2024-05-22 09:03:56.533333,2.3761111
10,2024-05-22 09:04:43.000000,2024-05-22 09:07:23.266667,2.671111116666667
10,2024-05-22 09:08:20.500000,2024-05-22 09:10:57.066667,2.60944445
10,2024-05-22 09:14:25.866667,2024-05-22 09:15:13.333333,0.7911111000000001
10,2024-05-22 09:15:51.066667,2024-05-22 09:18:44.233333,2.8861111
10,2024-05-22 09:20:53.166667,2024-05-22 09:21:31.033333,0.6311111
10,2024-05-22 09:22:33.800000,2024-05-22 09:24:34.633333,2.0138888833333333
10,2024-05-22 09:27:52.600000,2024-05-22 09:28:36.800000,0.7366666666666667
10,2024-05-22 09:30:04.500000,2024-05-22 09:30:30.966667,0.4411111166666667
10,2024-05-22 09:31:17.966667,2024-05-22 09:34:37.800000,3.33055555
10,2024-05-22 09:37:37.733333,2024-05-22 09:40:07.533333,2.496666666666667
10,2024-05-22 09:41:45.200000,2024-05-22 09:47:23.833333,5.643888883333333
10,2024-05-22 09:48:55.966667,2024-05-22 09:50:48.500000,1.87555555
10,2024-05-22 09:53:11.366667,2024-05-22 09:55:26.566667,2.253333333333333
10,2024-05-22 09:58:38.233333,2024-05-22 10:01:14.533333,2.605
10,2024-05-22 10:02:54.566667,2024-05-22 10:04:52.433333,1.9644444333333333
10,2024-05-22 10:08:08.666667,2024-05-22 10:13:49.566667,5.681666666666667
10,2024-05-22 10:16:57.933333,2024-05-22 10:17:27.966667,0.5005555666666667
10,2024-05-22 10:20:10.833333,2024-05-22 10:26:25.700000,6.2477777833333334
10,2024-05-22 10:26:54.833333,2024-05-22 10:46:07.033333,19.203333333333333
10,2024-05-22 10:47:16.433333,2024-05-22 10:54:29.466667,7.217222233333334
10,2024-05-22 10:55:31.133333,2024-05-22 11:04:39.300000,9.136111116666665
10,2024-05-22 11:05:40.366667,2024-05-22 11:12:24.900000,6.742222216666667
10,2024-05-22 11:13:35.400000,2024-05-22 11:28:50.500000,15.251666666666667
10,2024-05-22 11:29:48.833333,2024-05-22 11:40:17.400000,10.476111116666667
10,2024-05-22 11:41:13.700000,2024-05-22 12:00:01.400000,18.795
10,2024-05-22 12:01:13.433333,2024-05-22 12:08:35.200000,7.362777783333333
10,2024-05-22 12:09:28.066667,2024-05-22 12:17:37.500000,8.157222216666666
10,2024-05-22 12:18:54.266667,2024-05-22 12:32:30.900000,13.610555549999999
10,2024-05-22 12:33:35.066667,2024-05-22 12:47:43.800000,14.145555550000001
10,2024-05-22 12:49:16.766667,2024-05-22 12:58:04.833333,8.801111100000002
10,2024-05-22 12:59:08.500000,2024-05-22 12:59:35.500000,0.45
10,2024-05-22 13:00:42.000000,2024-05-22 13:07:37.900000,6.931666666666667
10,2024-05-22 13:08:25.800000,2024-05-22 13:10:27.500000,2.0283333333333333
10,2024-05-22 13:11:11.200000,2024-05-22 13:13:00.500000,1.8216666666666665
10,2024-05-22 13:13:59.333333,2024-05-22 13:15:57.566667,1.9705555666666668
10,2024-05-22 13:17:03.633333,2024-05-22 13:18:51.733333,1.8016666666666665
10,2024-05-22 13:20:39.000000,2024-05-22 13:22:34.433333,1.9238888833333334
10,2024-05-22 13:25:43.933333,2024-05-22 13:29:16.300000,3.53944445
10,2024-05-22 13:32:13.333333,2024-05-22 13:32:21.966667,0.1438889
10,2024-05-22 13:33:45.600000,2024-05-22 13:37:41.533333,3.9322222166666667
10,2024-05-22 13:39:12.900000,2024-05-22 13:41:58.866667,2.7661111166666665
10,2024-05-22 13:45:30.566667,2024-05-22 13:49:59.366667,4.48
10,2024-05-22 14:47:03.933333,2024-05-22 15:11:22.400000,24.307777783333332
10,2024-05-22 15:15:17.600000,2024-05-22 15:17:43.600000,2.433333333333333
10,2024-05-22 15:18:13.033333,2024-05-22 15:21:21.100000,3.1344444499999997
10,2024-05-22 15:22:01.000000,2024-05-22 15:24:40.300000,2.6550000000000002
10,2024-05-22 15:25:19.400000,2024-05-22 15:27:32.033333,2.21055555
10,2024-05-22 15:28:27.800000,2024-05-22 15:30:04.066667,1.60444445
10,2024-05-22 15:31:19.766667,2024-05-22 15:33:33.900000,2.23555555
10,2024-05-22 15:35:46.100000,2024-05-22 15:37:31.533333,1.7572222166666667
10,2024-05-22 15:39:56.500000,2024-05-22 15:42:20.666667,2.4027777833333333
10,2024-05-22 15:46:10.066667,2024-05-22 15:48:53.666667,2.7266666666666666
10,2024-05-22 15:55:03.400000,2024-05-22 15:55:09.900000,0.10833333333333334
10,2024-05-22 15:56:59.533333,2024-05-22 16:07:21.633333,10.368333333333334
10,2024-05-22 16:12:32.933333,2024-05-22 16:12:50.766667,0.29722223333333336
10,2024-05-22 16:15:51.100000,2024-05-22 16:15:58.100000,0.11666666666666667
10,2024-05-22 16:21:45.033333,2024-05-22 16:22:03.633333,0.31
10,2024-05-22 16:22:11.400000,2024-05-22 16:37:29.966667,15.30944445
10,2024-05-22 16:37:31.066667,2024-05-22 16:37:42.233333,0.1861111
10,2024-05-22 16:38:25.400000,2024-05-22 16:39:59.666667,1.5711111166666667
10,2024-05-22 16:52:08.866667,2024-05-23 11:29:13.733333,1117.0811111
10,2024-05-23 11:29:14.600000,2024-05-23 11:29:59.733333,0.7522222166666667
10,2024-05-23 11:52:46.866667,2024-05-23 12:08:16.200000,15.488888883333335
10,2024-05-23 12:08:42.433333,2024-05-23 12:15:31.700000,6.821111116666667
10,2024-05-23 12:15:42.633333,2024-05-23 12:25:39.833333,9.953333333333335
10,2024-05-23 12:26:02.366667,2024-05-23 12:31:12.333333,5.166111099999999
10,2024-05-23 12:31:40.733333,2024-05-23 12:31:42.833333,0.035
10,2024-05-23 12:31:44.900000,2024-05-23 12:31:49.366667,0.07444445000000001
10,2024-05-23 12:31:54.700000,2024-05-23 12:41:11.733333,9.283888883333333
10,2024-05-23 12:41:32.166667,2024-05-23 12:46:38.800000,5.11055555
10,2024-05-23 12:46:45.400000,2024-05-23 12:46:51.666667,0.10444445
10,2024-05-23 12:47:08.300000,2024-05-23 12:52:50.133333,5.697222216666666
10,2024-05-23 18:11:48.700000,2024-05-26 13:58:18.100000,4066.49
10,2024-05-26 15:09:08.533333,2024-05-27 12:33:06.100000,1283.95944445
10,2024-05-27 12:33:09.600000,2024-05-30 14:51:28.133333,4458.308888883334
10,2024-05-30 18:08:21.100000,2024-06-01 18:52:34.500000,2924.2233333333334
10,2024-06-04 16:32:39.100000,2024-06-04 16:32:39.600000,0.008333333333333333
10,2024-06-04 16:32:41.000000,2024-06-04 16:32:41.500000,0.008333333333333333
10,2024-06-04 16:32:50.066667,2024-06-04 16:32:50.533333,0.007777766666666667
10,2024-06-04 16:33:17.400000,2024-06-04 16:33:17.900000,0.008333333333333333
10,2024-06-04 16:33:27.366667,2024-06-04 16:33:27.866667,0.008333333333333333
10,2024-06-04 17:53:36.166667,2024-06-04 17:53:36.666667,0.008333333333333333
10,2024-06-04 17:58:49.633333,2024-06-04 17:58:50.133333,0.008333333333333333
10,2024-06-04 17:58:53.066667,2024-06-06 13:00:52.566667,2581.991666666667
10,2024-06-06 13:24:28.533333,2024-06-06 13:24:29.033333,0.008333333333333333
10,2024-06-06 13:29:42.433333,2024-06-06 13:29:42.933333,0.008333333333333333
10,2024-06-06 14:22:30.633333,2024-06-06 14:30:57.400000,8.446111116666666
10,2024-06-06 14:31:14.533333,2024-06-06 14:34:39.933333,3.4233333333333333
10,2024-06-06 14:34:43.066667,2024-06-06 14:35:01.500000,0.30722221666666666
10,2024-06-06 14:35:51.633333,2024-06-06 14:36:11.900000,0.3377777833333333
10,2024-06-06 14:36:51.700000,2024-06-06 14:36:54.800000,0.051666666666666666
10,2024-06-06 14:36:56.433333,2024-06-06 14:36:59.066667,0.0438889
10,2024-06-06 14:37:00.533333,2024-06-06 14:37:41.200000,0.6777777833333333
10,2024-06-06 14:37:41.733333,2024-06-06 14:37:57.666667,0.2655555666666667
10,2024-06-06 14:39:24.666667,2024-06-06 14:39:49.266667,0.41000000000000003
10,2024-06-06 15:03:09.600000,2024-06-06 15:03:10.100000,0.008333333333333333
10,2024-06-06 17:51:10.133333,2024-06-06 17:51:17.866667,0.1288889
10,2024-06-06 17:51:24.733333,2024-06-06 17:51:35.700000,0.18277778333333333
10,2024-06-06 17:51:43.900000,2024-06-07 12:03:09.733333,1091.43055555
11,2024-04-23 13:37:01.833333,2024-04-29 16:36:24.800000,8819.382777783332
11,2024-04-29 16:36:27.666667,2024-04-29 17:54:43.600000,78.26555555
11,2024-04-29 17:58:51.800000,2024-04-29 18:09:29.133333,10.622222216666668
11,2024-04-29 18:09:33.433333,2024-04-29 18:50:41.100000,41.127777783333336
11,2024-04-29 18:53:30.800000,2024-04-29 19:11:40.433333,18.16055555
11,2024-04-29 19:14:10.966667,2024-04-29 19:36:10.433333,21.9911111
11,2024-04-29 19:36:16.733333,2024-04-30 13:08:58.933333,1052.7033333333334
11,2024-04-30 13:09:01.433333,2024-04-30 14:36:54.866667,87.89055556666668
11,2024-04-30 14:39:18.566667,2024-04-30 15:09:52.866667,30.571666666666665
11,2024-04-30 15:11:28.733333,2024-05-01 16:32:26.433333,1520.9616666666666
11,2024-05-01 17:43:09.133333,2024-05-01 17:47:07.533333,3.9733333333333336
11,2024-05-01 17:48:10.400000,2024-05-01 18:02:35.866667,14.424444450000001
11,2024-05-01 18:02:44.566667,2024-05-01 18:38:56.933333,36.2061111
11,2024-05-01 18:39:02.466667,2024-05-01 18:39:07.100000,0.07722221666666668
11,2024-05-01 18:39:09.200000,2024-05-01 18:48:50.033333,9.680555550000001
11,2024-05-01 18:49:49.533333,2024-05-02 08:05:41.900000,795.8727777833334
11,2024-05-02 08:06:04.433333,2024-05-02 08:06:26.333333,0.365
11,2024-05-02 08:07:30.866667,2024-05-02 08:09:58.300000,2.4572222166666666
11,2024-05-02 08:11:30.233333,2024-05-02 08:14:53.766667,3.3922222333333334
11,2024-05-02 08:17:35.533333,2024-05-02 08:20:27.733333,2.8699999999999997
11,2024-05-02 08:22:11.566667,2024-05-02 08:26:11.233333,3.9944444333333333
11,2024-05-02 08:26:50.933333,2024-05-02 08:28:27.366667,1.6072222333333335
11,2024-05-02 08:29:05.100000,2024-05-02 08:29:08.366667,0.05444445
11,2024-05-02 08:29:37.066667,2024-05-02 08:46:31.600000,16.908888883333333
11,2024-05-02 08:47:03.166667,2024-05-02 08:47:06.433333,0.054444433333333334
11,2024-05-02 08:47:49.033333,2024-05-02 08:53:21.500000,5.5411111166666664
11,2024-05-02 08:54:32.933333,2024-05-02 08:54:35.800000,0.04777778333333334
11,2024-05-02 08:55:09.866667,2024-05-02 09:07:22.300000,12.207222216666667
11,2024-05-02 09:08:18.033333,2024-05-02 09:08:21.033333,0.05
11,2024-05-02 09:09:27.500000,2024-05-02 09:14:04.633333,4.618888883333333
11,2024-05-02 09:14:49.900000,2024-05-02 09:14:53.266667,0.05611111666666667
11,2024-05-02 09:15:27.366667,2024-05-02 09:21:19.233333,5.864444433333333
11,2024-05-02 09:21:51.333333,2024-05-02 09:21:54.400000,0.051111116666666664
11,2024-05-02 09:22:32.200000,2024-05-02 09:23:57.366667,1.41944445
11,2024-05-02 09:24:15.866667,2024-05-02 09:24:19.100000,0.05388888333333333
11,2024-05-02 09:24:46.800000,2024-05-02 09:35:58.833333,11.200555549999999
11,2024-05-02 09:36:44.533333,2024-05-02 09:36:48.700000,0.06944445
11,2024-05-02 09:37:50.033333,2024-05-02 09:45:40.033333,7.833333333333333
11,2024-05-02 09:46:18.233333,2024-05-02 09:46:21.833333,0.060000000000000005
11,2024-05-02 09:47:16.766667,2024-05-02 09:58:10.700000,10.898888883333333
11,2024-05-02 09:59:49.366667,2024-05-02 10:11:21.766667,11.54
11,2024-05-02 10:12:57.800000,2024-05-02 10:22:08.966667,9.186111116666666
11,2024-05-02 10:23:42.733333,2024-05-02 10:36:43.933333,13.020000000000001
11,2024-05-02 10:38:01.533333,2024-05-02 10:46:10.000000,8.141111116666666
11,2024-05-02 10:47:41.066667,2024-05-02 10:53:18.366667,5.621666666666667
11,2024-05-02 10:54:35.300000,2024-05-02 11:02:08.266667,7.549444449999999
11,2024-05-02 11:03:25.200000,2024-05-02 11:05:18.766667,1.8927777833333332
11,2024-05-02 11:06:03.466667,2024-05-02 11:12:31.300000,6.4638888833333334
11,2024-05-02 11:14:05.300000,2024-05-02 11:22:01.466667,7.936111116666667
11,2024-05-02 11:24:32.866667,2024-05-02 11:31:04.466667,6.526666666666667
11,2024-05-02 11:32:27.766667,2024-05-02 11:39:10.833333,6.717777766666667
11,2024-05-02 11:40:34.233333,2024-05-02 11:47:33.233333,6.983333333333333
11,2024-05-02 11:49:00.266667,2024-05-02 12:07:45.966667,18.761666666666667
11,2024-05-02 12:09:52.500000,2024-05-02 12:11:56.800000,2.0716666666666668
11,2024-05-02 12:13:11.833333,2024-05-02 12:15:01.466667,1.8272222333333334
11,2024-05-02 12:15:58.166667,2024-05-02 12:18:44.333333,2.7694444333333332
11,2024-05-02 12:19:45.733333,2024-05-02 12:20:01.633333,0.265
11,2024-05-02 12:20:32.566667,2024-05-02 12:20:34.900000,0.03888888333333333
11,2024-05-02 12:21:38.766667,2024-05-02 12:21:39.266667,0.008333333333333333
11,2024-05-02 12:35:24.433333,2024-05-02 12:39:45.000000,4.342777783333333
11,2024-05-02 12:40:42.300000,2024-05-02 12:47:37.266667,6.9161111166666664
11,2024-05-02 12:48:55.800000,2024-05-02 12:53:40.700000,4.748333333333333
11,2024-05-02 12:54:35.733333,2024-05-02 13:10:03.766667,15.467222233333333
11,2024-05-02 13:10:28.600000,2024-05-02 13:12:25.466667,1.9477777833333334
11,2024-05-02 13:12:42.100000,2024-05-02 13:15:21.900000,2.6633333333333336
11,2024-05-02 13:16:00.100000,2024-05-02 13:23:19.500000,7.323333333333333
11,2024-05-02 13:24:17.933333,2024-05-02 13:24:26.266667,0.1388889
11,2024-05-02 13:24:51.733333,2024-05-02 13:27:12.966667,2.3538889000000003
11,2024-05-02 13:27:33.833333,2024-05-02 13:27:40.366667,0.1088889
11,2024-05-02 13:27:54.566667,2024-05-02 13:28:05.566667,0.18333333333333332
11,2024-05-02 13:28:45.666667,2024-05-02 13:36:05.700000,7.3338888833333336
11,2024-05-02 13:36:59.833333,2024-05-02 13:40:23.200000,3.38944445
11,2024-05-02 13:41:42.800000,2024-05-02 13:43:51.100000,2.1383333333333336
11,2024-05-02 13:46:56.300000,2024-05-02 13:48:56.866667,2.0094444499999997
11,2024-05-02 13:50:35.466667,2024-05-02 13:57:12.866667,6.623333333333333
11,2024-05-02 13:59:43.600000,2024-05-02 14:11:05.633333,11.367222216666667
11,2024-05-02 14:12:09.066667,2024-05-02 14:39:23.866667,27.246666666666666
11,2024-05-02 14:40:21.900000,2024-05-02 14:48:14.066667,7.8694444500000005
11,2024-05-02 14:49:06.766667,2024-05-02 15:45:21.933333,56.25277776666667
11,2024-05-02 15:46:13.666667,2024-05-02 15:55:35.866667,9.370000000000001
11,2024-05-02 15:56:27.333333,2024-05-02 16:05:54.466667,9.452222233333334
11,2024-05-02 16:06:59.766667,2024-05-02 16:24:35.100000,17.588888883333333
11,2024-05-02 16:25:41.133333,2024-05-02 16:30:14.033333,4.548333333333333
11,2024-05-02 16:31:02.800000,2024-05-02 16:36:13.066667,5.171111116666666
11,2024-05-02 16:37:03.033333,2024-05-02 16:44:01.600000,6.976111116666667
11,2024-05-02 16:44:54.800000,2024-05-02 16:52:44.766667,7.8327777833333325
11,2024-05-02 16:53:38.366667,2024-05-02 17:01:36.933333,7.9761111
11,2024-05-02 17:02:30.766667,2024-05-02 17:10:07.200000,7.607222216666667
11,2024-05-02 17:11:04.833333,2024-05-02 17:18:41.233333,7.6066666666666665
11,2024-05-02 17:19:41.733333,2024-05-02 17:26:18.033333,6.605
11,2024-05-02 17:27:12.433333,2024-05-02 17:30:20.800000,3.13944445
11,2024-05-02 17:30:56.366667,2024-05-02 17:40:01.966667,9.093333333333334
11,2024-05-02 17:41:00.333333,2024-05-02 17:48:59.200000,7.981111116666667
11,2024-05-02 17:49:54.433333,2024-05-02 18:03:45.833333,13.856666666666666
11,2024-05-02 18:04:42.800000,2024-05-02 18:12:33.866667,7.851111116666667
11,2024-05-02 18:13:34.033333,2024-05-02 18:31:26.933333,17.881666666666668
11,2024-05-02 18:32:30.800000,2024-05-02 18:33:31.866667,1.0177777833333335
11,2024-05-02 18:33:55.800000,2024-05-02 18:36:10.166667,2.23944445
11,2024-05-02 18:36:38.566667,2024-05-02 18:37:00.866667,0.3716666666666667
11,2024-05-02 18:37:26.000000,2024-05-02 18:37:52.533333,0.44222221666666667
11,2024-05-02 18:38:15.633333,2024-05-02 18:45:43.833333,7.47
11,2024-05-02 18:47:18.666667,2024-05-02 18:51:26.500000,4.13055555
11,2024-05-02 18:53:08.233333,2024-05-02 18:53:20.366667,0.20222223333333333
11,2024-05-02 18:53:37.033333,2024-05-02 18:53:50.566667,0.22555556666666668
11,2024-05-02 18:54:07.533333,2024-05-02 19:09:08.700000,15.01944445
11,2024-05-02 19:09:53.500000,2024-05-02 19:10:03.166667,0.16111111666666666
11,2024-05-02 19:10:51.133333,2024-05-02 19:12:19.366667,1.4705555666666668
11,2024-05-02 19:12:57.866667,2024-05-02 19:22:22.600000,9.412222216666667
11,2024-05-02 19:35:32.566667,2024-05-02 19:45:02.833333,9.504444433333333
11,2024-05-02 19:46:16.133333,2024-05-02 19:54:26.633333,8.175
11,2024-05-02 19:55:51.433333,2024-05-02 19:57:06.566667,1.2522222333333335
11,2024-05-02 19:57:54.900000,2024-05-03 08:32:18.400000,754.3916666666667
11,2024-05-03 08:32:35.400000,2024-05-03 08:33:15.700000,0.6716666666666666
11,2024-05-03 08:33:36.766667,2024-05-03 08:35:31.766667,1.9166666666666667
11,2024-05-03 08:36:18.566667,2024-05-03 08:48:24.066667,12.091666666666667
11,2024-05-03 08:49:12.600000,2024-05-03 08:49:16.933333,0.07222221666666666
11,2024-05-03 08:49:52.000000,2024-05-03 08:59:34.866667,9.71444445
11,2024-05-03 09:00:18.300000,2024-05-03 09:00:22.200000,0.065
11,2024-05-03 09:00:56.866667,2024-05-03 09:16:03.466667,15.110000000000001
11,2024-05-03 09:16:37.600000,2024-05-03 09:16:40.933333,0.05555555
11,2024-05-03 09:17:06.033333,2024-05-03 09:18:04.933333,0.9816666666666667
11,2024-05-03 09:18:37.500000,2024-05-03 09:18:40.566667,0.051111116666666664
11,2024-05-03 09:20:25.466667,2024-05-03 09:29:59.733333,9.5711111
11,2024-05-03 09:30:45.766667,2024-05-03 09:35:31.433333,4.7611111
11,2024-05-03 09:35:56.900000,2024-05-03 09:38:06.600000,2.1616666666666666
11,2024-05-03 09:39:06.400000,2024-05-03 09:41:38.466667,2.53444445
11,2024-05-03 09:42:28.033333,2024-05-03 09:44:52.833333,2.4133333333333336
11,2024-05-03 09:46:09.266667,2024-05-03 09:49:06.533333,2.9544444333333333
11,2024-05-03 09:50:06.566667,2024-05-03 09:58:15.633333,8.1511111
11,2024-05-03 09:59:12.600000,2024-05-03 10:01:08.566667,1.9327777833333333
11,2024-05-03 10:03:41.500000,2024-05-03 10:05:53.766667,2.20444445
11,2024-05-03 10:08:23.900000,2024-05-03 10:16:23.866667,7.9994444499999995
11,2024-05-03 10:18:16.433333,2024-05-03 10:20:42.200000,2.42944445
11,2024-05-03 10:22:30.600000,2024-05-03 10:24:53.533333,2.382222216666667
11,2024-05-03 10:27:08.700000,2024-05-03 10:31:52.200000,4.725
11,2024-05-03 10:35:02.400000,2024-05-03 10:37:31.566667,2.4861111166666663
11,2024-05-03 10:38:08.566667,2024-05-03 10:44:21.633333,6.217777766666667
11,2024-05-03 10:44:56.200000,2024-05-03 10:45:00.766667,0.07611111666666666
11,2024-05-03 10:45:26.800000,2024-05-03 10:52:19.366667,6.876111116666666
11,2024-05-03 10:53:09.600000,2024-05-03 10:53:13.733333,0.06888888333333335
11,2024-05-03 10:53:44.800000,2024-05-03 11:01:46.200000,8.023333333333333
11,2024-05-03 11:02:21.533333,2024-05-03 11:02:25.533333,0.06666666666666667
11,2024-05-03 11:02:53.333333,2024-05-03 11:10:20.200000,7.447777783333334
11,2024-05-03 11:10:50.833333,2024-05-03 11:10:54.733333,0.065
11,2024-05-03 11:11:22.100000,2024-05-03 11:19:30.433333,8.138888883333333
11,2024-05-03 11:20:04.066667,2024-05-03 11:20:07.600000,0.05888888333333333
11,2024-05-03 11:20:40.400000,2024-05-03 11:31:23.033333,10.71055555
11,2024-05-03 11:32:02.433333,2024-05-03 11:32:06.466667,0.06722223333333334
11,2024-05-03 11:32:37.533333,2024-05-03 11:34:34.833333,1.9549999999999998
11,2024-05-03 11:34:54.000000,2024-05-03 11:34:57.466667,0.05777778333333334
11,2024-05-03 11:35:26.200000,2024-05-03 11:44:31.666667,9.091111116666667
11,2024-05-03 11:45:09.200000,2024-05-03 11:45:13.333333,0.06888888333333335
11,2024-05-03 11:45:47.233333,2024-05-03 11:56:45.266667,10.967222233333333
11,2024-05-03 11:57:19.566667,2024-05-03 11:57:23.566667,0.06666666666666667
11,2024-05-03 11:58:00.166667,2024-05-03 12:05:33.833333,7.561111100000001
11,2024-05-03 12:06:08.066667,2024-05-03 12:06:12.366667,0.07166666666666667
11,2024-05-03 12:06:50.000000,2024-05-03 12:15:11.000000,8.35
11,2024-05-03 12:15:44.333333,2024-05-03 12:15:48.400000,0.06777778333333333
11,2024-05-03 12:16:33.966667,2024-05-03 12:28:53.733333,12.329444433333332
11,2024-05-03 12:29:32.733333,2024-05-03 12:37:33.400000,8.011111116666667
11,2024-05-03 12:38:21.733333,2024-05-03 12:38:25.700000,0.06611111666666666
11,2024-05-03 12:39:18.066667,2024-05-03 12:48:34.900000,9.28055555
11,2024-05-03 12:49:22.366667,2024-05-03 12:49:26.200000,0.06388888333333334
11,2024-05-03 12:50:03.266667,2024-05-03 12:58:21.833333,8.309444433333333
11,2024-05-03 12:59:03.233333,2024-05-03 12:59:06.466667,0.0538889
11,2024-05-03 12:59:46.000000,2024-05-03 13:12:41.700000,12.928333333333335
11,2024-05-03 13:13:24.733333,2024-05-03 13:13:28.433333,0.06166666666666667
11,2024-05-03 13:14:01.066667,2024-05-03 13:25:49.933333,11.814444433333334
11,2024-05-03 13:26:37.933333,2024-05-03 13:26:41.166667,0.0538889
11,2024-05-03 13:27:09.333333,2024-05-03 13:27:50.566667,0.6872222333333333
11,2024-05-03 13:28:20.033333,2024-05-03 13:28:22.666667,0.0438889
11,2024-05-03 13:29:03.333333,2024-05-03 13:29:10.266667,0.11555556666666668
11,2024-05-03 13:29:20.000000,2024-05-03 13:32:32.900000,3.2150000000000003
11,2024-05-03 13:33:18.966667,2024-05-03 13:35:28.033333,2.1511111
11,2024-05-03 13:36:23.433333,2024-05-03 13:38:20.400000,1.94944445
11,2024-05-03 13:39:22.366667,2024-05-03 13:41:15.200000,1.88055555
11,2024-05-03 13:42:03.200000,2024-05-03 13:46:57.200000,4.9
11,2024-05-03 13:47:15.033333,2024-05-03 13:47:42.533333,0.4583333333333333
11,2024-05-03 13:49:06.433333,2024-05-03 13:50:56.266667,1.8305555666666666
11,2024-05-03 13:51:57.333333,2024-05-03 13:53:43.566667,1.7705555666666666
11,2024-05-03 13:54:58.733333,2024-05-03 13:56:53.000000,1.90444445
11,2024-05-03 13:59:13.366667,2024-05-03 14:01:17.833333,2.0744444333333334
11,2024-05-03 14:04:23.366667,2024-05-03 14:08:22.700000,3.9888888833333334
11,2024-05-03 14:10:10.666667,2024-05-03 14:10:50.066667,0.6566666666666666
11,2024-05-03 14:11:03.766667,2024-05-03 14:11:08.133333,0.07277776666666667
11,2024-05-03 14:11:43.266667,2024-05-03 14:12:15.400000,0.53555555
11,2024-05-03 14:15:56.466667,2024-05-03 14:15:59.433333,0.049444433333333336
11,2024-05-03 14:16:00.866667,2024-05-03 14:16:07.733333,0.11444443333333335
11,2024-05-03 14:16:14.766667,2024-05-03 14:16:22.933333,0.13611109999999998
11,2024-05-03 14:17:05.700000,2024-05-03 14:17:48.666667,0.7161111166666667
11,2024-05-03 14:17:52.133333,2024-05-03 14:20:54.000000,3.0311111166666667
11,2024-05-03 14:24:04.066667,2024-05-03 14:31:02.400000,6.972222216666666
11,2024-05-03 14:31:48.966667,2024-05-03 14:32:05.200000,0.27055555000000003
11,2024-05-03 14:32:50.133333,2024-05-03 14:32:54.333333,0.07
11,2024-05-03 14:34:42.533333,2024-05-03 14:34:53.900000,0.18944445
11,2024-05-03 14:35:49.800000,2024-05-03 14:36:02.966667,0.21944445
11,2024-05-03 14:36:18.133333,2024-05-03 14:36:36.766667,0.31055556666666667
11,2024-05-03 14:44:17.666667,2024-05-03 14:44:21.333333,0.0611111
11,2024-05-03 14:44:33.033333,2024-05-03 14:51:47.266667,7.237222233333333
11,2024-05-03 14:52:01.133333,2024-05-03 14:52:06.766667,0.0938889
11,2024-05-03 14:52:09.033333,2024-05-03 14:52:21.233333,0.2033333333333333
11,2024-05-03 14:52:23.800000,2024-05-03 14:52:39.800000,0.26666666666666666
11,2024-05-03 14:52:50.533333,2024-05-03 14:52:56.733333,0.10333333333333333
11,2024-05-03 14:53:00.200000,2024-05-03 14:53:03.833333,0.06055555
11,2024-05-03 14:53:18.466667,2024-05-03 14:53:18.933333,0.007777766666666667
11,2024-05-03 14:53:19.600000,2024-05-03 14:53:21.533333,0.032222216666666664
11,2024-05-03 14:53:22.933333,2024-05-03 14:53:26.800000,0.06444445
11,2024-05-03 14:53:35.400000,2024-05-03 14:53:47.666667,0.20444445
11,2024-05-03 14:54:39.800000,2024-05-03 14:56:12.600000,1.5466666666666666
11,2024-05-03 14:56:39.133333,2024-05-03 14:57:17.866667,0.6455555666666667
11,2024-05-03 15:06:17.733333,2024-05-03 15:06:30.733333,0.21666666666666667
11,2024-05-03 15:07:22.333333,2024-05-03 15:09:55.766667,2.5572222333333334
11,2024-05-03 15:10:18.533333,2024-05-03 15:12:42.533333,2.4
11,2024-05-03 15:12:45.633333,2024-05-03 15:13:21.500000,0.5977777833333333
11,2024-05-03 15:15:27.033333,2024-05-03 15:23:44.833333,8.296666666666667
11,2024-05-03 15:25:25.766667,2024-05-03 15:30:06.200000,4.673888883333333
11,2024-05-03 15:31:55.866667,2024-05-03 15:34:23.133333,2.4544444333333333
11,2024-05-03 15:38:00.766667,2024-05-03 15:38:11.633333,0.1811111
11,2024-05-03 15:38:29.433333,2024-05-03 15:43:17.200000,4.796111116666666
11,2024-05-03 15:52:27.766667,2024-05-03 15:54:48.200000,2.34055555
11,2024-05-03 16:00:43.300000,2024-05-03 16:05:20.400000,4.618333333333334
11,2024-05-03 16:06:09.733333,2024-05-03 16:13:04.833333,6.918333333333334
11,2024-05-03 16:13:51.366667,2024-05-03 16:13:54.466667,0.051666666666666666
11,2024-05-03 16:14:25.666667,2024-05-03 16:17:45.700000,3.333888883333333
11,2024-05-03 16:18:10.733333,2024-05-03 16:18:14.366667,0.060555566666666664
11,2024-05-03 16:18:37.433333,2024-05-03 16:26:50.533333,8.218333333333334
11,2024-05-03 16:27:36.133333,2024-05-03 16:27:39.100000,0.04944445
11,2024-05-03 16:28:10.500000,2024-05-03 16:37:33.900000,9.389999999999999
11,2024-05-03 16:38:21.533333,2024-05-03 16:38:24.566667,0.05055556666666667
11,2024-05-03 16:44:12.366667,2024-05-03 16:44:15.233333,0.047777766666666666
11,2024-05-03 16:44:43.300000,2024-05-03 17:01:27.800000,16.741666666666667
11,2024-05-03 17:02:00.900000,2024-05-03 17:02:04.500000,0.060000000000000005
11,2024-05-03 17:02:39.300000,2024-05-03 17:13:09.700000,10.506666666666666
11,2024-05-03 17:13:51.033333,2024-05-03 17:13:54.166667,0.05222223333333333
11,2024-05-03 17:14:31.133333,2024-05-03 17:19:04.966667,4.563888899999999
11,2024-05-03 17:19:36.033333,2024-05-03 17:19:39.466667,0.05722223333333333
11,2024-05-03 17:31:03.533333,2024-05-03 17:31:06.700000,0.052777783333333335
11,2024-05-03 17:31:45.566667,2024-05-03 17:35:38.433333,3.8811111
11,2024-05-03 17:36:07.833333,2024-05-03 17:36:11.033333,0.05333333333333334
11,2024-05-03 17:36:48.833333,2024-05-03 17:49:56.300000,13.12444445
11,2024-05-03 17:50:44.500000,2024-05-03 17:50:47.833333,0.05555555
11,2024-05-03 17:51:32.866667,2024-05-03 17:55:38.800000,4.098888883333333
11,2024-05-03 17:56:03.933333,2024-05-03 18:04:42.866667,8.6488889
11,2024-05-03 18:05:25.633333,2024-05-03 18:05:28.733333,0.051666666666666666
11,2024-05-03 18:06:07.633333,2024-05-03 18:10:45.700000,4.63444445
11,2024-05-03 18:11:18.400000,2024-05-03 18:11:21.600000,0.05333333333333334
11,2024-05-03 18:12:01.166667,2024-05-03 18:22:51.900000,10.84555555
11,2024-05-03 18:23:43.633333,2024-05-03 18:23:47.266667,0.060555566666666664
11,2024-05-03 18:24:32.766667,2024-05-03 18:35:15.733333,10.716111100000001
11,2024-05-03 18:36:17.733333,2024-05-03 18:36:21.733333,0.06666666666666667
11,2024-05-03 18:37:19.033333,2024-05-03 18:37:20.133333,0.018333333333333333
11,2024-05-03 18:51:00.266667,2024-05-03 18:51:03.833333,0.05944443333333334
11,2024-05-03 18:51:54.900000,2024-05-03 19:04:20.900000,12.433333333333334
11,2024-05-03 19:05:36.200000,2024-05-03 19:05:39.800000,0.060000000000000005
11,2024-05-03 19:06:32.266667,2024-05-03 19:16:48.400000,10.268888883333334
11,2024-05-03 19:17:54.600000,2024-05-03 19:17:57.833333,0.05388888333333333
11,2024-05-03 19:18:46.333333,2024-05-03 19:29:43.966667,10.960555566666667
11,2024-05-03 19:31:34.600000,2024-05-03 19:31:38.100000,0.058333333333333334
11,2024-05-03 19:32:38.900000,2024-05-03 19:40:28.866667,7.8327777833333325
11,2024-05-06 11:44:34.100000,2024-05-06 12:26:03.466667,41.48944444999999
11,2024-05-06 12:26:47.333333,2024-05-06 12:26:51.566667,0.07055556666666667
11,2024-05-06 12:27:30.933333,2024-05-06 13:40:03.733333,72.54666666666667
11,2024-05-06 13:40:32.800000,2024-05-06 14:00:53.900000,20.351666666666667
11,2024-05-06 14:01:36.900000,2024-05-06 14:01:42.166667,0.08777778333333333
11,2024-05-06 14:02:46.800000,2024-05-06 14:59:52.933333,57.10222221666667
11,2024-05-06 15:00:29.266667,2024-05-06 15:09:27.133333,8.964444433333334
11,2024-05-06 15:10:09.766667,2024-05-06 15:10:13.266667,0.058333333333333334
11,2024-05-06 15:19:42.200000,2024-05-06 15:19:48.966667,0.11277778333333334
11,2024-05-06 15:24:11.833333,2024-05-06 15:24:24.266667,0.20722223333333334
11,2024-05-06 15:24:36.866667,2024-05-06 15:26:35.766667,1.9816666666666667
11,2024-05-06 15:27:22.133333,2024-05-06 15:29:47.600000,2.42444445
11,2024-05-06 15:30:40.933333,2024-05-06 15:32:51.500000,2.1761111166666667
11,2024-05-06 15:33:57.566667,2024-05-06 15:40:42.166667,6.743333333333334
11,2024-05-06 15:41:37.700000,2024-05-06 15:43:50.400000,2.2116666666666664
11,2024-05-06 15:44:42.333333,2024-05-06 15:47:32.200000,2.831111116666667
11,2024-05-06 15:49:21.066667,2024-05-06 15:52:28.566667,3.125
11,2024-05-06 15:56:22.366667,2024-05-06 16:09:05.433333,12.717777766666668
11,2024-05-06 16:13:54.900000,2024-05-06 16:16:05.533333,2.1772222166666664
11,2024-05-06 16:17:25.266667,2024-05-06 16:19:40.933333,2.2611111
11,2024-05-06 16:20:35.166667,2024-05-06 16:23:13.933333,2.6461110999999997
11,2024-05-06 16:23:59.566667,2024-05-06 16:24:35.333333,0.5961111
11,2024-05-06 16:27:49.266667,2024-05-06 16:33:37.066667,5.796666666666667
11,2024-05-06 16:34:34.700000,2024-05-06 16:36:28.900000,1.9033333333333333
11,2024-05-06 16:38:21.833333,2024-05-06 16:40:58.866667,2.6172222333333335
11,2024-05-06 16:42:49.400000,2024-05-06 16:45:32.600000,2.7199999999999998
11,2024-05-06 16:48:52.800000,2024-05-06 16:51:14.300000,2.3583333333333334
11,2024-05-06 16:54:05.766667,2024-05-06 17:00:13.900000,6.13555555
11,2024-05-06 17:02:23.433333,2024-05-06 17:04:38.033333,2.243333333333333
11,2024-05-06 17:06:45.866667,2024-05-06 17:09:14.166667,2.4716666666666667
11,2024-05-06 17:10:25.166667,2024-05-06 17:12:52.833333,2.4611110999999997
11,2024-05-06 17:14:28.266667,2024-05-06 17:16:19.700000,1.8572222166666668
11,2024-05-06 17:17:35.900000,2024-05-06 17:21:32.200000,3.9383333333333335
11,2024-05-06 17:22:47.500000,2024-05-06 17:25:32.200000,2.7449999999999997
11,2024-05-06 17:28:54.033333,2024-05-06 17:31:09.933333,2.265
11,2024-05-06 17:34:28.833333,2024-05-06 17:36:46.066667,2.2872222333333334
11,2024-05-06 17:38:33.466667,2024-05-06 17:41:11.266667,2.6300000000000003
11,2024-05-06 17:47:14.466667,2024-05-06 17:49:27.033333,2.209444433333333
11,2024-05-06 17:49:51.733333,2024-05-06 17:54:07.666667,4.2655555666666665
11,2024-05-06 17:55:23.533333,2024-05-06 17:56:58.100000,1.5761111166666666
11,2024-05-06 17:57:21.433333,2024-05-06 17:57:26.833333,0.09000000000000001
11,2024-05-06 17:57:54.066667,2024-05-06 18:05:05.300000,7.187222216666667
11,2024-05-06 18:05:50.966667,2024-05-06 18:05:55.233333,0.0711111
11,2024-05-06 18:06:32.433333,2024-05-06 18:13:57.633333,7.42
11,2024-05-06 18:14:38.233333,2024-05-06 18:14:42.933333,0.07833333333333334
11,2024-05-06 18:15:25.333333,2024-05-06 18:17:33.333333,2.1333333333333333
11,2024-05-06 18:18:07.400000,2024-05-06 18:26:14.500000,8.118333333333334
11,2024-05-06 18:27:02.800000,2024-05-06 18:27:07.033333,0.07055555
11,2024-05-06 18:27:51.766667,2024-05-06 18:35:51.166667,7.989999999999999
11,2024-05-06 18:36:35.233333,2024-05-06 18:36:40.300000,0.08444444999999999
11,2024-05-06 18:37:27.566667,2024-05-06 18:39:47.500000,2.3322222166666666
11,2024-05-06 18:40:05.166667,2024-05-06 18:40:08.766667,0.060000000000000005
11,2024-05-06 18:40:41.000000,2024-05-06 18:48:57.666667,8.277777783333333
11,2024-05-06 18:49:47.600000,2024-05-06 18:49:52.733333,0.08555555000000001
11,2024-05-06 18:50:45.533333,2024-05-06 18:59:15.133333,8.493333333333334
11,2024-05-06 19:00:06.333333,2024-05-06 19:00:12.033333,0.095
11,2024-05-06 19:01:20.266667,2024-05-06 19:21:33.133333,20.21444443333333
11,2024-05-07 10:56:27.533333,2024-05-07 12:13:31.033333,77.05833333333334
11,2024-05-07 12:14:23.800000,2024-05-07 12:14:28.700000,0.08166666666666668
11,2024-05-07 12:15:15.166667,2024-05-07 12:38:10.700000,22.925555550000002
11,2024-05-07 12:38:55.000000,2024-05-07 12:38:58.900000,0.065
11,2024-05-07 12:39:35.566667,2024-05-07 12:47:33.366667,7.963333333333334
11,2024-05-07 12:48:12.700000,2024-05-07 12:48:17.233333,0.07555555
11,2024-05-07 12:49:02.300000,2024-05-07 13:00:20.500000,11.303333333333335
11,2024-05-07 13:01:00.800000,2024-05-07 13:01:05.266667,0.07444445000000001
11,2024-05-07 13:01:49.533333,2024-05-07 13:13:30.100000,11.676111116666668
11,2024-05-07 13:15:17.533333,2024-05-07 14:14:06.233333,58.81166666666666
11,2024-05-07 14:30:55.200000,2024-05-07 14:30:58.866667,0.061111116666666666
11,2024-05-07 14:32:01.733333,2024-05-07 14:57:46.333333,25.743333333333332
11,2024-05-07 14:58:33.100000,2024-05-07 14:58:37.600000,0.075
11,2024-05-07 14:59:23.066667,2024-05-07 15:06:47.633333,7.409444433333333
11,2024-05-07 15:07:14.900000,2024-05-07 15:07:14.900000,0.0
11,2024-05-07 15:07:14.900000,2024-05-07 15:07:18.266667,0.05611111666666667
11,2024-05-07 15:07:50.300000,2024-05-07 15:07:50.300000,0.0
11,2024-05-07 15:38:24.666667,2024-05-07 15:38:29.100000,0.07388888333333334
11,2024-05-07 15:43:38.500000,2024-05-07 15:58:28.133333,14.827222216666666
11,2024-05-07 15:59:27.833333,2024-05-07 15:59:32.300000,0.07444445000000001
11,2024-05-07 16:00:25.066667,2024-05-07 16:01:40.000000,1.2488888833333334
11,2024-05-07 16:02:15.466667,2024-05-07 16:02:18.800000,0.05555555
11,2024-05-07 16:03:16.666667,2024-05-07 16:06:42.733333,3.4344444333333333
11,2024-05-07 16:07:40.933333,2024-05-07 16:10:23.000000,2.7011111166666666
11,2024-05-07 16:11:25.466667,2024-05-07 16:16:49.700000,5.403888883333334
11,2024-05-07 16:18:15.866667,2024-05-07 16:20:37.233333,2.3561111
11,2024-05-07 16:21:53.700000,2024-05-07 16:23:14.033333,1.3388888833333332
11,2024-05-07 16:23:21.366667,2024-05-07 16:25:21.700000,2.00555555
11,2024-05-07 16:26:41.800000,2024-05-07 16:31:47.600000,5.096666666666667
11,2024-05-07 16:39:37.400000,2024-05-07 16:41:57.633333,2.3372222166666665
11,2024-05-07 16:45:28.066667,2024-05-07 16:52:43.666667,7.260000000000001
11,2024-05-07 16:56:44.666667,2024-05-07 16:59:24.966667,2.671666666666667
11,2024-05-07 17:04:07.800000,2024-05-07 17:06:51.600000,2.73
11,2024-05-07 17:10:44.433333,2024-05-07 17:11:03.466667,0.3172222333333333
11,2024-05-07 17:13:40.700000,2024-05-07 17:13:45.633333,0.08222221666666667
11,2024-05-07 17:13:47.800000,2024-05-07 17:13:55.766667,0.13277778333333334
11,2024-05-07 17:14:43.733333,2024-05-07 17:18:15.266667,3.5255555666666667
11,2024-05-07 17:25:58.400000,2024-05-07 17:36:08.033333,10.16055555
11,2024-05-07 17:39:31.633333,2024-05-07 17:42:11.700000,2.6677777833333334
11,2024-05-07 17:44:19.366667,2024-05-07 17:47:40.900000,3.3588888833333335
11,2024-05-07 17:49:29.866667,2024-05-07 17:53:05.666667,3.5966666666666667
11,2024-05-07 18:00:04.600000,2024-05-07 18:00:10.033333,0.09055555
11,2024-05-07 18:12:19.133333,2024-05-07 18:17:55.833333,5.611666666666666
11,2024-05-07 18:20:29.966667,2024-05-07 18:24:40.666667,4.178333333333333
11,2024-05-07 18:28:07.300000,2024-05-07 18:46:10.000000,18.045
11,2024-05-07 18:48:35.700000,2024-05-07 18:51:31.433333,2.9288888833333333
11,2024-05-07 18:54:38.633333,2024-05-07 18:57:40.666667,3.0338889
11,2024-05-07 19:10:09.866667,2024-05-07 19:21:09.700000,10.997222216666668
11,2024-05-07 19:26:48.566667,2024-05-07 19:31:04.466667,4.265
11,2024-05-07 19:36:18.566667,2024-05-07 19:36:24.700000,0.10222221666666667
11,2024-05-07 19:37:33.433333,2024-05-08 08:45:06.300000,787.5477777833333
11,2024-05-08 08:45:20.433333,2024-05-08 11:38:10.000000,172.82611111666665
11,2024-05-08 11:38:12.966667,2024-05-08 12:14:29.300000,36.27222221666667
11,2024-05-08 12:14:34.833333,2024-05-08 12:50:27.466667,35.877222233333335
11,2024-05-08 12:50:29.566667,2024-05-08 12:55:22.433333,4.8811111
11,2024-05-08 12:56:34.000000,2024-05-08 13:09:55.766667,13.362777783333334
11,2024-05-08 13:11:31.133333,2024-05-08 13:13:40.900000,2.1627777833333335
11,2024-05-08 13:16:36.100000,2024-05-08 13:18:47.500000,2.19
11,2024-05-08 13:18:48.600000,2024-05-08 13:22:40.500000,3.865
11,2024-05-08 13:22:41.900000,2024-05-08 13:39:08.566667,16.44444445
11,2024-05-08 13:50:47.333333,2024-05-08 13:52:11.500000,1.4027777833333335
11,2024-05-08 14:29:30.766667,2024-05-12 14:33:46.233333,5764.2577777666675
11,2024-05-12 14:33:49.133333,2024-05-12 18:07:45.900000,213.94611111666666
11,2024-05-17 13:41:30.800000,2024-05-17 14:31:38.600000,50.13
11,2024-05-17 14:31:42.200000,2024-05-17 14:31:46.433333,0.07055555
11,2024-05-17 14:31:47.966667,2024-05-17 14:31:50.166667,0.03666666666666667
11,2024-05-17 14:32:04.966667,2024-05-18 11:34:17.100000,1262.2022222166668
11,2024-05-18 11:34:19.000000,2024-05-18 11:34:29.400000,0.17333333333333334
11,2024-05-18 11:34:42.433333,2024-05-18 11:42:36.033333,7.8933333333333335
11,2024-05-18 11:42:36.666667,2024-05-19 13:48:23.833333,1565.7861111
11,2024-05-19 13:49:08.066667,2024-05-19 14:31:24.400000,42.27222221666667
11,2024-05-19 14:31:38.533333,2024-05-19 15:40:10.866667,68.5388889
11,2024-05-19 15:40:11.300000,2024-05-19 17:40:59.066667,120.79611111666667
11,2024-05-19 17:41:45.533333,2024-05-20 10:09:16.833333,987.5216666666668
11,2024-05-20 10:15:44.766667,2024-05-20 10:23:56.266667,8.191666666666666
11,2024-05-20 10:24:23.633333,2024-05-20 11:51:12.133333,86.80833333333334
11,2024-05-20 11:51:23.300000,2024-05-20 16:13:54.100000,262.5133333333333
11,2024-05-20 16:14:48.400000,2024-05-20 16:34:13.066667,19.411111116666667
11,2024-05-20 16:34:34.566667,2024-05-20 16:59:55.700000,25.352222216666668
11,2024-05-20 17:00:04.366667,2024-05-20 17:45:31.433333,45.451111100000006
11,2024-05-20 17:45:36.533333,2024-05-21 12:18:54.266667,1113.2955555666667
11,2024-05-24 10:27:23.200000,2024-05-24 10:54:46.666667,27.391111116666664
11,2024-05-24 10:54:47.433333,2024-05-24 11:59:27.700000,64.67111111666667
11,2024-05-24 12:02:07.233333,2024-05-24 12:39:51.933333,37.745
11,2024-05-24 18:04:53.966667,2024-05-24 18:41:24.600000,36.51055555000001
11,2024-05-24 18:42:12.533333,2024-05-24 18:46:10.966667,3.9738889
11,2024-05-24 18:46:19.900000,2024-06-01 10:40:01.466667,11033.692777783332
11,2024-06-04 11:42:29.133333,2024-06-04 11:42:29.633333,0.008333333333333333
11,2024-06-04 11:44:30.200000,2024-06-04 11:44:30.700000,0.008333333333333333
11,2024-06-04 11:44:58.300000,2024-06-04 11:44:58.800000,0.008333333333333333
11,2024-06-04 11:46:19.366667,2024-06-04 11:46:19.866667,0.008333333333333333
11,2024-06-04 11:47:22.066667,2024-06-04 11:47:22.566667,0.008333333333333333
11,2024-06-04 12:04:10.133333,2024-06-04 12:04:10.633333,0.008333333333333333
11,2024-06-07 12:23:45.500000,2024-06-07 12:23:46.000000,0.008333333333333333
12,2024-04-29 16:42:34.833333,2024-04-29 16:52:59.200000,10.406111116666667
12,2024-04-29 16:53:23.233333,2024-04-29 16:54:53.100000,1.4977777833333334
12,2024-04-29 16:55:06.666667,2024-04-29 17:02:59.533333,7.8811111
12,2024-04-29 17:03:48.100000,2024-04-29 17:14:01.233333,10.218888883333333
12,2024-04-29 17:14:50.533333,2024-04-29 17:31:30.066667,16.6588889
12,2024-04-29 17:32:29.633333,2024-04-29 17:32:46.200000,0.27611111666666666
12,2024-04-29 17:32:52.366667,2024-04-29 17:48:08.100000,15.262222216666666
12,2024-04-29 17:48:47.500000,2024-04-29 17:49:09.300000,0.36333333333333334
12,2024-04-29 17:49:18.933333,2024-04-29 18:00:54.833333,11.598333333333333
12,2024-04-29 18:00:56.100000,2024-04-29 18:11:29.433333,10.555555550000001
12,2024-04-29 18:13:13.233333,2024-04-29 18:19:18.333333,6.085
12,2024-04-29 18:19:20.133333,2024-04-29 18:21:40.200000,2.33444445
12,2024-04-29 18:22:23.333333,2024-04-29 18:22:31.866667,0.14222223333333334
12,2024-04-29 18:23:08.666667,2024-04-29 18:43:24.400000,20.262222216666665
12,2024-04-29 18:45:57.033333,2024-04-29 18:46:01.266667,0.07055556666666667
12,2024-04-29 18:46:29.566667,2024-04-29 18:57:59.866667,11.504999999999999
12,2024-04-29 18:58:55.233333,2024-04-29 19:01:57.466667,3.0372222333333334
12,2024-04-29 19:04:18.800000,2024-04-30 12:45:59.200000,1061.6733333333334
12,2024-04-30 12:46:00.900000,2024-04-30 13:26:59.233333,40.972222216666665
12,2024-04-30 13:28:11.200000,2024-04-30 13:47:09.066667,18.96444445
12,2024-04-30 13:47:31.633333,2024-04-30 14:52:04.433333,64.54666666666667
12,2024-04-30 14:52:52.533333,2024-04-30 15:14:16.400000,21.397777783333332
12,2024-04-30 15:14:59.800000,2024-04-30 15:18:39.966667,3.66944445
12,2024-04-30 15:19:20.866667,2024-04-30 15:19:42.133333,0.35444443333333336
12,2024-04-30 15:26:27.266667,2024-04-30 15:33:12.133333,6.747777766666667
12,2024-04-30 15:37:50.033333,2024-04-30 15:48:44.866667,10.9138889
12,2024-04-30 15:49:36.666667,2024-05-01 18:04:16.866667,1574.6699999999998
12,2024-05-01 18:04:33.300000,2024-05-01 18:05:07.533333,0.57055555
12,2024-05-01 18:40:44.400000,2024-05-01 18:40:55.166667,0.17944445
12,2024-05-01 18:41:29.233333,2024-05-01 18:50:21.966667,8.8788889
12,2024-05-01 18:50:23.133333,2024-05-01 19:04:56.966667,14.5638889
12,2024-05-01 19:05:43.000000,2024-05-01 19:11:41.933333,5.982222216666667
12,2024-05-01 19:12:34.333333,2024-05-01 19:12:35.700000,0.022777783333333336
12,2024-05-01 19:13:09.266667,2024-05-01 19:20:27.800000,7.308888883333334
12,2024-05-01 19:21:23.166667,2024-05-01 19:21:25.733333,0.04277776666666667
12,2024-05-01 19:21:53.833333,2024-05-01 19:32:50.400000,10.942777783333334
12,2024-05-01 19:33:23.766667,2024-05-01 19:33:26.333333,0.04277776666666667
12,2024-05-01 19:33:54.966667,2024-05-01 19:45:19.466667,11.408333333333333
12,2024-05-01 19:45:53.600000,2024-05-01 19:45:56.400000,0.04666666666666666
12,2024-05-01 19:46:23.500000,2024-05-01 19:49:12.200000,2.8116666666666665
12,2024-05-01 19:49:39.733333,2024-05-01 19:49:42.266667,0.04222223333333333
12,2024-05-02 08:06:10.566667,2024-05-02 08:14:35.733333,8.419444433333334
12,2024-05-02 08:14:46.800000,2024-05-02 08:28:23.700000,13.615
12,2024-05-02 08:28:24.900000,2024-05-02 08:51:48.666667,23.396111116666667
12,2024-05-02 08:52:46.900000,2024-05-02 08:52:50.000000,0.051666666666666666
12,2024-05-02 08:54:15.500000,2024-05-02 08:58:05.100000,3.8266666666666667
12,2024-05-02 08:58:50.633333,2024-05-02 08:58:53.266667,0.0438889
12,2024-05-02 09:00:05.133333,2024-05-02 09:07:18.300000,7.21944445
12,2024-05-02 09:07:20.466667,2024-05-02 09:16:24.600000,9.068888883333333
12,2024-05-02 09:16:43.533333,2024-05-02 09:28:58.866667,12.255555566666667
12,2024-05-02 09:30:13.233333,2024-05-02 10:25:50.200000,55.616111116666666
12,2024-05-02 10:26:19.000000,2024-05-02 10:46:07.533333,19.808888883333335
12,2024-05-02 10:53:23.966667,2024-05-02 10:55:47.800000,2.397222216666667
12,2024-05-02 10:55:51.733333,2024-05-02 12:21:41.766667,85.83388889999999
12,2024-05-02 12:22:38.766667,2024-05-02 12:31:46.866667,9.135
12,2024-05-02 12:32:27.666667,2024-05-02 12:36:42.766667,4.251666666666667
12,2024-05-02 12:36:58.500000,2024-05-02 12:39:39.633333,2.6855555499999997
12,2024-05-02 12:40:18.500000,2024-05-02 12:40:45.833333,0.45555555
12,2024-05-02 12:41:16.866667,2024-05-02 12:57:04.566667,15.795
12,2024-05-02 12:57:19.433333,2024-05-02 12:57:21.200000,0.02944445
12,2024-05-02 14:02:49.933333,2024-05-02 17:42:23.766667,219.56388890000002
12,2024-05-02 17:43:29.700000,2024-05-02 17:51:59.133333,8.49055555
12,2024-05-02 17:52:29.700000,2024-05-02 17:59:49.233333,7.325555550000001
12,2024-05-02 18:01:46.900000,2024-05-02 18:25:39.933333,23.883888883333334
12,2024-05-02 18:26:18.366667,2024-05-02 18:26:21.200000,0.04722221666666667
12,2024-05-02 18:27:38.400000,2024-05-02 18:39:33.833333,11.923888883333332
12,2024-05-02 18:39:47.900000,2024-05-02 18:42:27.900000,2.6666666666666665
12,2024-05-02 18:43:49.566667,2024-05-02 18:54:08.566667,10.316666666666666
12,2024-05-02 19:01:43.533333,2024-05-02 19:03:36.966667,1.8905555666666667
12,2024-05-02 19:44:53.166667,2024-05-02 19:47:32.566667,2.6566666666666667
12,2024-05-02 19:47:56.766667,2024-05-02 19:56:29.900000,8.552222216666667
12,2024-05-02 19:57:12.333333,2024-05-03 08:23:01.866667,745.8255555666667
12,2024-05-03 08:23:35.033333,2024-05-03 09:14:24.066667,50.81722223333334
12,2024-05-03 09:15:02.833333,2024-05-03 09:24:29.966667,9.452222233333334
12,2024-05-03 09:25:32.266667,2024-05-03 09:33:47.033333,8.2461111
12,2024-05-03 09:34:22.233333,2024-05-03 09:55:18.633333,20.94
12,2024-05-03 09:56:13.300000,2024-05-03 10:44:03.033333,47.828888883333335
12,2024-05-03 10:44:16.866667,2024-05-03 11:34:24.533333,50.12777776666667
12,2024-05-03 11:34:32.066667,2024-05-03 12:37:22.900000,62.847222216666665
12,2024-05-03 12:37:31.033333,2024-05-03 12:48:28.366667,10.955555566666668
12,2024-05-03 12:48:32.533333,2024-05-03 13:06:17.600000,17.751111116666667
12,2024-05-03 13:08:22.633333,2024-05-03 13:12:36.966667,4.2388889
12,2024-05-03 13:12:39.433333,2024-05-03 13:27:45.633333,15.103333333333333
12,2024-05-03 13:27:48.866667,2024-05-03 13:32:25.700000,4.613888883333333
12,2024-05-03 13:32:31.100000,2024-05-03 13:33:56.133333,1.4172222166666666
12,2024-05-03 13:34:14.433333,2024-05-03 13:47:17.533333,13.051666666666668
12,2024-05-03 13:47:19.233333,2024-05-03 13:50:52.400000,3.552777783333333
12,2024-05-03 13:50:54.300000,2024-05-03 13:56:49.133333,5.913888883333333
12,2024-05-03 13:56:51.166667,2024-05-03 14:05:48.733333,8.959444433333335
12,2024-05-03 14:06:41.200000,2024-05-03 14:16:31.233333,9.833888883333334
12,2024-05-03 14:16:51.500000,2024-05-03 14:17:34.766667,0.7211111166666666
12,2024-05-03 14:17:35.666667,2024-05-03 14:44:36.900000,27.020555549999997
12,2024-05-03 14:51:30.833333,2024-05-03 14:54:27.200000,2.9394444500000003
12,2024-05-03 14:54:28.000000,2024-05-03 16:02:32.500000,68.075
12,2024-05-03 16:43:43.866667,2024-05-03 17:01:21.633333,17.629444433333333
12,2024-05-03 17:01:25.700000,2024-05-03 17:20:11.900000,18.77
12,2024-05-03 17:20:11.900000,2024-05-03 18:04:38.200000,44.43833333333334
12,2024-05-03 18:04:41.066667,2024-05-03 18:43:12.266667,38.519999999999996
12,2024-05-03 18:43:33.400000,2024-05-06 13:44:47.033333,4021.2272222166666
12,2024-05-06 13:45:05.233333,2024-05-06 16:27:52.466667,162.78722223333335
12,2024-05-06 16:28:25.666667,2024-05-06 16:29:51.166667,1.425
12,2024-05-06 16:30:19.633333,2024-05-06 19:20:57.066667,170.6238889
12,2024-05-06 19:21:22.066667,2024-05-07 08:08:23.466667,767.0233333333333
12,2024-05-07 08:08:31.400000,2024-05-07 10:43:54.900000,155.39166666666668
12,2024-05-07 10:44:39.533333,2024-05-07 10:45:39.766667,1.0038889
12,2024-05-07 10:46:00.900000,2024-05-07 11:44:01.966667,58.01777778333334
12,2024-05-07 11:44:31.200000,2024-05-07 12:06:07.966667,21.612777783333335
12,2024-05-07 12:06:41.666667,2024-05-07 12:24:14.200000,17.54222221666667
12,2024-05-07 12:24:51.666667,2024-05-07 12:58:58.600000,34.115555549999996
12,2024-05-07 12:59:19.466667,2024-05-07 14:19:51.200000,80.52888888333334
12,2024-05-07 14:21:31.133333,2024-05-07 15:44:17.400000,82.77111111666666
12,2024-05-07 15:44:18.133333,2024-05-07 15:47:32.500000,3.23944445
12,2024-05-07 15:48:55.166667,2024-05-07 15:51:23.300000,2.4688888833333333
12,2024-05-07 15:52:55.166667,2024-05-07 15:55:17.366667,2.3699999999999997
12,2024-05-07 15:57:08.200000,2024-05-07 16:05:21.066667,8.21444445
12,2024-05-07 16:07:32.533333,2024-05-07 16:12:24.400000,4.86444445
12,2024-05-07 16:15:32.466667,2024-05-07 16:17:51.566667,2.3183333333333334
12,2024-05-07 16:21:11.166667,2024-05-07 16:31:12.700000,10.02555555
12,2024-05-07 16:34:48.666667,2024-05-07 17:26:06.233333,51.29277776666667
12,2024-05-07 17:26:09.133333,2024-05-07 17:26:14.133333,0.08333333333333333
12,2024-05-07 17:26:52.166667,2024-05-07 17:29:44.100000,2.8655555500000003
12,2024-05-07 17:30:36.633333,2024-05-07 17:33:12.566667,2.5988889
12,2024-05-07 17:33:18.500000,2024-05-07 17:33:44.833333,0.4388888833333333
12,2024-05-07 17:34:00.700000,2024-05-07 17:52:13.100000,18.206666666666667
12,2024-05-07 17:52:15.133333,2024-05-07 18:09:59.100000,17.732777783333333
12,2024-05-07 18:10:00.000000,2024-05-07 18:10:03.633333,0.06055555
12,2024-05-07 18:10:22.766667,2024-05-07 18:10:32.000000,0.15388888333333334
12,2024-05-07 18:10:43.066667,2024-05-07 18:10:51.966667,0.14833333333333334
12,2024-05-07 18:10:52.966667,2024-05-07 18:10:58.633333,0.09444443333333334
12,2024-05-07 18:15:28.533333,2024-05-07 18:15:33.633333,0.08499999999999999
12,2024-05-07 18:15:38.000000,2024-05-07 18:15:42.166667,0.06944445
12,2024-05-07 18:16:13.766667,2024-05-07 18:16:19.400000,0.09388888333333334
12,2024-05-07 18:16:24.166667,2024-05-07 18:16:30.300000,0.10222221666666667
12,2024-05-07 18:20:28.866667,2024-05-07 18:37:52.433333,17.392777766666665
12,2024-05-07 18:38:16.333333,2024-05-07 19:19:04.833333,40.80833333333333
12,2024-05-07 19:19:22.500000,2024-05-07 19:28:41.700000,9.32
12,2024-05-19 13:23:53.666667,2024-05-19 14:08:09.900000,44.270555550000005
12,2024-05-19 14:08:40.866667,2024-05-19 15:38:35.533333,89.9111111
12,2024-05-19 15:39:21.700000,2024-05-19 15:46:46.433333,7.412222216666667
12,2024-05-19 15:48:05.866667,2024-05-19 16:30:45.866667,42.666666666666664
12,2024-05-19 16:31:43.600000,2024-05-19 17:15:12.500000,43.48166666666667
12,2024-05-19 17:15:12.966667,2024-05-20 11:34:18.400000,1099.0905555499999
12,2024-05-20 11:35:38.966667,2024-05-20 16:07:48.333333,272.1561111
12,2024-05-20 16:07:51.533333,2024-05-20 16:13:02.200000,5.177777783333334
12,2024-05-20 16:13:08.000000,2024-05-20 18:49:42.033333,156.56722221666666
12,2024-05-20 18:50:03.900000,2024-05-21 11:47:40.266667,1017.6061111166667
12,2024-05-24 18:18:48.933333,2024-05-24 18:18:49.433333,0.008333333333333333
12,2024-05-31 10:50:24.866667,2024-05-31 10:50:25.333333,0.007777766666666667
12,2024-06-01 13:39:28.600000,2024-06-01 13:39:29.100000,0.008333333333333333
12,2024-06-05 09:13:10.266667,2024-06-05 09:13:10.766667,0.008333333333333333
12,2024-06-06 11:36:55.066667,2024-06-06 14:05:48.733333,148.89444443333332
12,2024-06-06 15:26:27.000000,2024-06-06 15:26:27.500000,0.008333333333333333
13,2024-04-23 17:42:51.700000,2024-04-23 17:42:52.200000,0.008333333333333333
13,2024-04-29 16:33:32.366667,2024-04-29 16:33:48.266667,0.265
13,2024-04-29 16:34:37.700000,2024-04-29 16:42:35.600000,7.965
13,2024-04-29 16:56:58.933333,2024-04-29 17:16:37.933333,19.65
13,2024-04-29 17:18:04.933333,2024-04-29 18:01:14.266667,43.15555556666666
13,2024-04-29 18:02:50.200000,2024-04-29 18:07:59.300000,5.151666666666667
13,2024-04-29 18:09:03.000000,2024-04-29 18:09:49.266667,0.7711111166666667
13,2024-04-29 18:10:09.233333,2024-04-29 18:11:07.700000,0.97444445
13,2024-04-29 18:12:11.233333,2024-04-29 18:14:05.433333,1.9033333333333333
13,2024-04-29 18:15:19.666667,2024-04-29 18:27:43.333333,12.394444433333332
13,2024-04-29 18:27:49.100000,2024-04-29 18:37:24.866667,9.596111116666666
13,2024-04-29 18:38:36.433333,2024-04-29 18:40:13.866667,1.6238889
13,2024-04-29 18:42:51.933333,2024-04-29 18:59:37.866667,16.765555566666666
13,2024-04-29 18:59:57.600000,2024-04-29 19:05:57.900000,6.005
13,2024-04-29 19:06:39.433333,2024-04-29 19:19:28.800000,12.822777783333333
13,2024-04-29 19:20:37.833333,2024-04-29 19:22:25.333333,1.7916666666666667
13,2024-04-29 19:23:35.100000,2024-04-29 19:24:00.266667,0.41944445
13,2024-04-29 19:24:01.500000,2024-04-29 19:25:21.633333,1.3355555499999998
13,2024-04-29 19:26:28.633333,2024-04-30 12:39:17.566667,1032.8155555666667
13,2024-04-30 12:39:20.233333,2024-04-30 12:46:30.366667,7.1688889
13,2024-04-30 12:47:32.633333,2024-04-30 12:57:01.600000,9.482777783333335
13,2024-04-30 12:58:31.600000,2024-04-30 13:01:13.900000,2.705
13,2024-04-30 13:01:15.866667,2024-04-30 13:06:04.700000,4.813888883333333
13,2024-04-30 13:07:06.333333,2024-04-30 13:07:32.300000,0.43277778333333333
13,2024-04-30 13:07:50.400000,2024-04-30 13:16:18.033333,8.46055555
13,2024-04-30 13:35:24.833333,2024-04-30 13:55:13.033333,19.803333333333335
13,2024-04-30 13:56:43.466667,2024-04-30 13:58:45.933333,2.0411111
13,2024-04-30 14:25:16.066667,2024-04-30 14:46:01.400000,20.75555555
13,2024-04-30 14:48:31.000000,2024-04-30 15:00:37.266667,12.104444449999999
13,2024-04-30 15:01:58.366667,2024-04-30 15:03:59.900000,2.02555555
13,2024-04-30 15:06:15.433333,2024-04-30 15:40:38.400000,34.38277778333334
13,2024-04-30 15:46:14.800000,2024-04-30 15:52:28.966667,6.236111116666667
13,2024-04-30 15:54:49.866667,2024-04-30 15:54:55.833333,0.09944443333333333
13,2024-04-30 15:55:52.000000,2024-04-30 16:07:45.400000,11.889999999999999
13,2024-05-01 15:59:10.433333,2024-05-01 16:32:44.466667,33.56722223333333
13,2024-05-01 16:32:57.133333,2024-05-01 16:59:55.433333,26.971666666666668
13,2024-05-01 17:00:03.833333,2024-05-01 18:08:53.866667,68.83388889999999
13,2024-05-01 18:09:09.033333,2024-05-01 18:23:26.533333,14.291666666666666
13,2024-05-01 18:23:50.366667,2024-05-01 18:23:53.233333,0.047777766666666666
13,2024-05-01 18:24:19.533333,2024-05-01 18:35:23.366667,11.0638889
13,2024-05-01 18:35:33.033333,2024-05-01 18:37:21.933333,1.8150000000000002
13,2024-05-01 18:37:42.800000,2024-05-01 18:46:15.000000,8.536666666666667
13,2024-05-01 18:46:16.033333,2024-05-01 18:50:12.933333,3.9483333333333333
13,2024-05-01 18:50:13.500000,2024-05-01 18:51:51.233333,1.6288888833333333
13,2024-05-01 18:53:03.133333,2024-05-01 18:55:22.033333,2.315
13,2024-05-01 19:00:04.700000,2024-05-01 19:41:27.266667,41.37611111666667
13,2024-05-01 19:41:52.300000,2024-05-01 19:41:55.566667,0.05444445
13,2024-05-01 19:42:52.666667,2024-05-02 08:02:14.400000,739.3622222166666
13,2024-05-02 08:02:36.133333,2024-05-02 08:02:38.466667,0.0388889
13,2024-05-02 08:03:14.466667,2024-05-02 08:25:29.300000,22.247222216666668
13,2024-05-02 08:26:23.233333,2024-05-02 08:26:25.966667,0.04555556666666667
13,2024-05-02 08:27:10.900000,2024-05-02 08:38:16.300000,11.09
13,2024-05-02 08:38:56.800000,2024-05-02 08:39:00.300000,0.058333333333333334
13,2024-05-02 08:39:53.800000,2024-05-02 09:11:53.466667,31.99444445
13,2024-05-02 09:12:14.866667,2024-05-02 09:35:20.533333,23.094444433333333
13,2024-05-02 09:35:55.433333,2024-05-02 09:58:05.500000,22.167777783333335
13,2024-05-02 09:58:27.133333,2024-05-02 10:23:42.066667,25.2488889
13,2024-05-02 10:23:58.500000,2024-05-02 10:47:17.566667,23.317777783333334
13,2024-05-02 10:48:19.266667,2024-05-02 10:53:39.666667,5.34
13,2024-05-02 10:54:11.600000,2024-05-02 10:54:14.066667,0.04111111666666667
13,2024-05-02 10:55:33.866667,2024-05-02 10:55:41.033333,0.11944443333333334
13,2024-05-02 11:21:55.400000,2024-05-02 11:43:47.266667,21.86444445
13,2024-05-02 11:44:11.533333,2024-05-02 11:59:16.966667,15.090555566666666
13,2024-05-02 11:59:29.566667,2024-05-02 12:00:07.200000,0.6272222166666667
13,2024-05-02 12:18:46.266667,2024-05-02 12:18:46.566667,0.005
13,2024-05-02 12:21:36.033333,2024-05-02 12:25:16.666667,3.677222233333333
13,2024-05-02 12:26:37.866667,2024-05-02 12:34:40.133333,8.037777766666666
13,2024-05-02 12:36:32.666667,2024-05-02 12:44:34.666667,8.033333333333333
13,2024-05-02 12:45:20.400000,2024-05-02 12:56:59.266667,11.647777783333334
13,2024-05-02 12:58:25.233333,2024-05-02 12:59:50.133333,1.415
13,2024-05-02 13:00:45.866667,2024-05-02 14:02:42.533333,61.94444443333334
13,2024-05-02 14:38:13.633333,2024-05-02 16:12:17.000000,94.05611111666667
13,2024-05-02 16:12:47.166667,2024-05-02 16:12:49.300000,0.03555555
13,2024-05-02 16:27:56.233333,2024-05-02 16:27:58.500000,0.037777783333333335
13,2024-05-02 17:05:43.600000,2024-05-02 17:29:06.900000,23.388333333333332
13,2024-05-02 17:29:46.500000,2024-05-02 17:29:48.933333,0.04055555
13,2024-05-02 17:41:19.333333,2024-05-02 17:52:58.033333,11.645000000000001
13,2024-05-02 17:54:19.700000,2024-05-02 17:55:50.500000,1.5133333333333332
13,2024-05-02 17:55:51.266667,2024-05-02 18:24:11.600000,28.338888883333333
13,2024-05-02 18:25:07.566667,2024-05-02 18:30:28.333333,5.3461111
13,2024-05-02 18:30:52.466667,2024-05-02 18:32:39.200000,1.7788888833333334
13,2024-05-02 18:33:00.933333,2024-05-02 19:11:34.333333,38.556666666666665
13,2024-05-02 19:11:50.466667,2024-05-02 19:35:08.300000,23.29722221666667
13,2024-05-02 19:36:49.833333,2024-05-02 19:38:50.900000,2.0177777833333335
13,2024-05-02 19:39:15.933333,2024-05-02 19:39:18.533333,0.043333333333333335
13,2024-05-02 19:42:33.866667,2024-05-02 19:57:44.033333,15.169444433333332
13,2024-05-03 10:15:01.400000,2024-05-03 10:15:52.466667,0.8511111166666667
13,2024-05-03 10:16:24.300000,2024-05-03 10:26:58.566667,10.571111116666666
13,2024-05-03 10:27:13.500000,2024-05-03 10:29:59.733333,2.7705555499999996
13,2024-05-03 10:30:13.666667,2024-05-03 11:19:18.333333,49.07777776666667
13,2024-05-03 11:19:27.800000,2024-05-03 11:44:22.533333,24.912222216666667
13,2024-05-03 11:44:28.366667,2024-05-03 12:03:37.466667,19.151666666666664
13,2024-05-03 12:04:12.100000,2024-05-03 12:05:21.800000,1.1616666666666666
13,2024-05-03 12:05:43.266667,2024-05-03 12:05:45.666667,0.04
13,2024-05-03 12:06:40.700000,2024-05-03 12:21:10.366667,14.49444445
13,2024-05-03 12:22:23.500000,2024-05-03 12:24:36.166667,2.2111111166666664
13,2024-05-03 12:25:39.300000,2024-05-03 12:28:46.333333,3.1172222166666668
13,2024-05-03 12:28:51.133333,2024-05-03 12:33:31.166667,4.667222233333334
13,2024-05-03 12:34:42.066667,2024-05-03 12:37:03.433333,2.3561111
13,2024-05-03 12:38:44.133333,2024-05-03 12:40:56.233333,2.2016666666666667
13,2024-05-03 12:42:37.333333,2024-05-03 12:52:01.500000,9.402777783333333
13,2024-05-03 12:52:19.200000,2024-05-03 12:58:16.400000,5.953333333333333
13,2024-05-03 12:58:19.333333,2024-05-03 13:13:30.700000,15.18944445
13,2024-05-03 13:15:09.900000,2024-05-03 13:17:09.033333,1.98555555
13,2024-05-03 13:19:34.833333,2024-05-03 13:24:47.866667,5.217222233333334
13,2024-05-03 13:25:47.566667,2024-05-03 13:36:38.500000,10.848888883333332
13,2024-05-03 13:40:27.766667,2024-05-03 13:47:38.433333,7.177777766666667
13,2024-05-03 13:47:39.800000,2024-05-03 13:59:18.100000,11.638333333333332
13,2024-05-03 14:02:50.433333,2024-05-03 14:37:48.633333,34.97
13,2024-05-03 14:42:42.733333,2024-05-03 14:45:50.866667,3.1355555666666666
13,2024-05-03 14:46:14.066667,2024-05-03 14:46:22.233333,0.13611109999999998
13,2024-05-03 14:47:06.400000,2024-05-03 14:48:27.366667,1.34944445
13,2024-05-03 14:48:48.133333,2024-05-03 14:48:50.133333,0.03333333333333333
13,2024-05-03 15:03:25.166667,2024-05-03 15:10:58.466667,7.555000000000001
13,2024-05-03 15:11:29.066667,2024-05-03 15:12:38.166667,1.1516666666666666
13,2024-05-03 15:12:40.300000,2024-05-03 15:22:58.866667,10.30944445
13,2024-05-03 15:24:35.066667,2024-05-03 16:12:07.466667,47.54
13,2024-05-03 16:21:28.666667,2024-05-03 16:56:03.600000,34.582222216666665
13,2024-05-03 16:57:32.733333,2024-05-03 19:01:36.733333,124.06666666666666
13,2024-05-03 19:02:41.533333,2024-05-03 19:02:44.566667,0.05055556666666667
13,2024-05-03 19:04:10.366667,2024-05-06 11:19:19.366667,3855.15
13,2024-05-06 11:19:32.266667,2024-05-06 11:19:37.066667,0.08
13,2024-05-06 13:21:42.100000,2024-05-06 13:21:45.533333,0.05722221666666667
13,2024-05-06 13:23:20.700000,2024-05-06 13:45:48.300000,22.459999999999997
13,2024-05-06 13:46:43.766667,2024-05-06 13:46:46.766667,0.05
13,2024-05-06 13:48:17.833333,2024-05-06 14:36:45.633333,48.46333333333334
13,2024-05-06 15:24:56.300000,2024-05-06 15:59:51.533333,34.92055555
13,2024-05-06 16:00:42.800000,2024-05-06 16:00:45.666667,0.04777778333333334
13,2024-05-06 16:01:41.266667,2024-05-06 16:20:54.833333,19.2261111
13,2024-05-06 16:22:03.533333,2024-05-06 16:24:47.766667,2.7372222333333336
13,2024-05-06 16:25:55.766667,2024-05-06 19:25:38.066667,179.70499999999998
13,2024-05-06 19:26:14.966667,2024-05-06 19:40:28.233333,14.2211111
13,2024-05-06 19:40:59.400000,2024-05-06 19:48:10.433333,7.183888883333334
13,2024-05-06 19:49:08.533333,2024-05-07 10:52:13.666667,903.0855555666666
13,2024-05-07 10:52:27.900000,2024-05-07 10:56:30.066667,4.0361111166666666
13,2024-05-07 10:58:13.266667,2024-05-07 11:02:02.633333,3.822777766666667
13,2024-05-07 11:03:43.433333,2024-05-07 11:12:30.533333,8.785
13,2024-05-07 11:14:00.400000,2024-05-07 11:38:57.433333,24.95055555
13,2024-05-07 11:40:55.966667,2024-05-07 12:00:01.566667,19.09333333333333
13,2024-05-07 12:00:17.066667,2024-05-07 12:07:27.766667,7.178333333333333
13,2024-05-07 12:09:54.766667,2024-05-07 12:14:01.033333,4.104444433333333
13,2024-05-07 12:18:34.366667,2024-05-07 12:20:07.233333,1.5477777666666666
13,2024-05-07 12:20:37.466667,2024-05-07 13:32:51.300000,72.23055554999999
13,2024-05-07 13:33:07.233333,2024-05-07 13:36:55.766667,3.8088889
13,2024-05-07 13:41:35.800000,2024-05-07 13:48:01.100000,6.421666666666667
13,2024-05-07 13:50:42.466667,2024-05-07 13:55:42.133333,4.994444433333333
13,2024-05-07 14:08:27.466667,2024-05-07 14:26:14.200000,17.77888888333333
13,2024-05-07 14:29:41.633333,2024-05-07 14:31:56.366667,2.245555566666667
13,2024-05-07 14:53:42.566667,2024-05-07 15:24:59.533333,31.282777766666666
13,2024-05-07 15:26:34.400000,2024-05-07 15:34:40.933333,8.108888883333334
13,2024-05-07 15:38:16.333333,2024-05-07 15:41:03.533333,2.7866666666666666
13,2024-05-07 15:44:44.466667,2024-05-07 16:37:12.233333,52.46277776666667
13,2024-05-07 16:40:10.766667,2024-05-07 16:43:03.533333,2.879444433333333
13,2024-05-07 16:50:01.000000,2024-05-07 17:03:44.633333,13.727222216666666
13,2024-05-07 17:03:57.266667,2024-05-07 17:04:02.333333,0.08444443333333333
13,2024-05-07 17:10:31.700000,2024-05-07 17:20:11.666667,9.666111116666666
13,2024-05-07 17:22:45.166667,2024-05-07 17:22:53.600000,0.14055555
13,2024-05-07 17:23:28.066667,2024-05-07 17:23:30.733333,0.04444443333333334
13,2024-05-07 17:23:32.200000,2024-05-07 17:23:43.666667,0.19111111666666666
13,2024-05-07 17:23:46.633333,2024-05-07 17:48:26.566667,24.66555556666667
13,2024-05-07 17:48:29.100000,2024-05-07 17:54:24.133333,5.9172222166666675
13,2024-05-07 17:55:20.433333,2024-05-07 18:02:28.666667,7.1372222333333335
13,2024-05-07 18:02:31.333333,2024-05-07 18:11:05.500000,8.569444449999999
13,2024-05-07 18:39:35.266667,2024-05-07 18:39:40.166667,0.08166666666666668
13,2024-05-07 18:40:08.133333,2024-05-07 18:42:20.700000,2.20944445
13,2024-05-07 18:45:22.433333,2024-05-07 18:47:29.200000,2.112777783333333
13,2024-05-07 18:57:49.066667,2024-05-07 18:57:54.966667,0.09833333333333334
13,2024-05-07 18:58:07.066667,2024-05-07 18:58:12.366667,0.08833333333333333
13,2024-05-07 18:58:16.166667,2024-05-17 13:11:48.366667,14053.536666666665
13,2024-05-17 13:37:09.700000,2024-05-17 13:54:52.733333,17.717222216666666
13,2024-05-17 14:23:08.800000,2024-05-19 14:01:11.200000,2858.04
13,2024-05-19 14:01:53.800000,2024-05-19 14:39:54.666667,38.01444445
13,2024-05-19 14:40:19.900000,2024-05-19 15:51:58.966667,71.65111111666667
13,2024-05-19 15:52:41.600000,2024-05-19 18:09:12.466667,136.51444445
13,2024-05-19 18:09:16.366667,2024-05-19 18:46:27.633333,37.18777776666666
13,2024-05-19 18:47:34.133333,2024-05-20 11:14:57.933333,987.3966666666668
13,2024-05-20 11:15:52.633333,2024-05-20 12:43:47.200000,87.90944445
13,2024-05-20 12:44:21.966667,2024-05-20 16:10:29.433333,206.12444443333334
13,2024-05-20 16:10:35.300000,2024-05-20 18:41:56.866667,151.35944444999998
13,2024-05-20 18:44:54.600000,2024-05-21 08:39:21.633333,834.45055555
13,2024-05-21 08:39:22.866667,2024-05-21 13:30:27.466667,291.07666666666665
13,2024-05-24 18:06:06.833333,2024-05-24 19:10:03.466667,63.943888900000005
13,2024-05-24 19:10:04.700000,2024-05-27 14:35:52.700000,4045.8
13,2024-06-06 14:04:40.000000,2024-06-06 14:04:42.700000,0.045000000000000005
13,2024-06-06 14:04:47.033333,2024-06-06 14:04:52.400000,0.08944445
13,2024-06-06 14:05:00.566667,2024-06-06 14:05:10.566667,0.16666666666666666
14,2024-04-29 16:33:31.700000,2024-04-29 16:53:06.966667,19.587777783333333
14,2024-04-29 16:54:45.533333,2024-04-29 16:58:55.000000,4.157777783333334
14,2024-04-29 16:59:17.866667,2024-04-29 17:03:29.233333,4.189444433333334
14,2024-04-29 17:15:23.266667,2024-04-29 17:15:39.200000,0.26555555
14,2024-04-29 17:16:29.300000,2024-04-29 17:32:59.633333,16.50555555
14,2024-04-29 17:33:38.166667,2024-04-29 17:38:06.900000,4.478888883333334
14,2024-04-29 17:38:51.166667,2024-04-29 17:39:22.066667,0.515
14,2024-04-29 17:40:12.333333,2024-04-29 17:51:11.400000,10.984444450000002
14,2024-04-29 17:51:43.366667,2024-04-29 18:00:46.633333,9.054444433333334
14,2024-04-29 18:00:49.400000,2024-04-29 18:04:36.566667,3.7861111166666666
14,2024-04-29 18:05:51.300000,2024-04-29 18:07:20.566667,1.4877777833333332
14,2024-04-29 18:07:23.533333,2024-04-29 18:09:46.233333,2.378333333333333
14,2024-04-29 18:09:47.866667,2024-04-29 18:13:21.933333,3.5677777666666666
14,2024-04-29 18:14:44.700000,2024-04-29 18:16:58.666667,2.2327777833333333
14,2024-04-29 18:18:41.666667,2024-04-29 18:20:43.666667,2.033333333333333
14,2024-04-29 18:22:22.100000,2024-04-29 18:29:59.666667,7.626111116666666
14,2024-04-29 18:30:12.133333,2024-04-29 18:34:53.500000,4.68944445
14,2024-04-29 18:35:38.966667,2024-04-29 18:53:37.400000,17.973888883333334
14,2024-04-29 18:55:13.266667,2024-04-29 18:55:23.100000,0.16388888333333332
14,2024-04-29 18:56:29.466667,2024-04-29 18:59:04.400000,2.5822222166666666
14,2024-04-29 18:59:24.566667,2024-04-29 19:04:25.100000,5.008888883333333
14,2024-04-29 19:05:35.000000,2024-04-29 19:08:39.833333,3.08055555
14,2024-04-29 19:09:52.900000,2024-04-29 19:15:50.333333,5.957222216666667
14,2024-04-29 19:17:09.233333,2024-04-29 19:37:06.433333,19.953333333333333
14,2024-04-29 19:37:07.033333,2024-04-30 12:21:56.000000,1004.8161111166667
14,2024-04-30 12:27:32.966667,2024-04-30 12:42:28.466667,14.925
14,2024-04-30 12:44:50.433333,2024-04-30 12:44:52.700000,0.037777783333333335
14,2024-04-30 12:44:53.800000,2024-04-30 12:52:07.266667,7.224444449999999
14,2024-04-30 13:11:36.833333,2024-04-30 13:37:45.200000,26.13944445
14,2024-04-30 13:48:23.600000,2024-04-30 13:51:31.366667,3.1294444500000003
14,2024-04-30 13:53:05.900000,2024-04-30 14:06:12.966667,13.117777783333334
14,2024-04-30 14:07:43.933333,2024-04-30 14:13:50.066667,6.102222233333333
14,2024-04-30 14:16:04.566667,2024-04-30 14:18:25.400000,2.3472222166666667
14,2024-04-30 14:23:29.133333,2024-04-30 14:32:42.300000,9.21944445
14,2024-04-30 14:34:15.900000,2024-04-30 14:35:33.566667,1.29444445
14,2024-04-30 14:36:43.766667,2024-04-30 14:55:13.500000,18.49555555
14,2024-04-30 14:58:02.800000,2024-04-30 15:09:05.433333,11.043888883333333
14,2024-04-30 15:11:33.266667,2024-04-30 15:32:35.300000,21.033888883333336
14,2024-04-30 15:33:38.966667,2024-04-30 15:35:53.633333,2.2444444333333333
14,2024-04-30 15:36:22.466667,2024-04-30 15:38:53.666667,2.52
14,2024-04-30 15:40:09.866667,2024-04-30 15:40:14.900000,0.08388888333333333
14,2024-04-30 15:40:34.066667,2024-04-30 16:00:31.066667,19.95
14,2024-04-30 16:01:09.033333,2024-05-01 14:35:36.033333,1354.45
14,2024-05-01 14:36:49.666667,2024-05-01 14:37:04.100000,0.24055554999999998
14,2024-05-01 14:37:36.766667,2024-05-01 14:39:10.266667,1.5583333333333333
14,2024-05-01 14:39:31.500000,2024-05-01 14:39:34.466667,0.04944445
14,2024-05-01 14:52:09.266667,2024-05-01 14:52:12.433333,0.05277776666666667
14,2024-05-01 16:46:41.766667,2024-05-01 17:38:05.566667,51.39666666666667
14,2024-05-01 17:38:13.933333,2024-05-01 18:02:30.833333,24.28166666666667
14,2024-05-01 18:02:39.966667,2024-05-01 18:02:52.066667,0.20166666666666666
14,2024-05-01 18:04:05.533333,2024-05-01 18:05:15.033333,1.1583333333333334
14,2024-05-01 18:05:32.566667,2024-05-01 18:05:34.600000,0.03388888333333333
14,2024-05-01 18:06:56.600000,2024-05-01 18:09:28.333333,2.528888883333333
14,2024-05-01 18:10:52.733333,2024-05-01 18:11:20.533333,0.4633333333333333
14,2024-05-01 18:11:55.400000,2024-05-01 18:29:29.866667,17.574444449999998
14,2024-05-01 18:30:18.300000,2024-05-01 18:37:48.966667,7.511111116666667
14,2024-05-01 18:43:29.166667,2024-05-01 18:44:06.533333,0.6227777666666667
14,2024-05-01 18:44:39.000000,2024-05-01 18:48:01.800000,3.3800000000000003
14,2024-05-01 18:48:03.566667,2024-05-01 19:24:48.466667,36.748333333333335
14,2024-05-01 19:25:17.700000,2024-05-01 19:25:20.533333,0.04722221666666667
14,2024-05-01 19:26:01.466667,2024-05-01 19:36:16.633333,10.252777766666666
14,2024-05-01 19:38:46.600000,2024-05-02 08:06:13.366667,747.4461111166668
14,2024-05-02 08:06:14.300000,2024-05-02 08:20:22.500000,14.136666666666667
14,2024-05-02 08:20:25.033333,2024-05-02 08:21:12.266667,0.7872222333333333
14,2024-05-02 08:23:35.266667,2024-05-02 09:12:53.166667,49.29833333333333
14,2024-05-02 09:13:08.166667,2024-05-02 09:20:06.100000,6.96555555
14,2024-05-02 09:20:36.300000,2024-05-02 11:55:54.233333,155.29888888333335
14,2024-05-02 11:56:56.566667,2024-05-02 11:56:59.566667,0.05
14,2024-05-02 11:58:30.500000,2024-05-02 12:18:50.533333,20.333888883333334
14,2024-05-02 12:18:53.200000,2024-05-02 12:18:55.333333,0.03555555
14,2024-05-02 12:19:47.633333,2024-05-02 12:24:12.800000,4.41944445
14,2024-05-02 12:24:41.333333,2024-05-02 12:35:56.633333,11.254999999999999
14,2024-05-02 12:36:20.833333,2024-05-02 12:36:23.033333,0.03666666666666667
14,2024-05-02 12:39:07.633333,2024-05-02 12:53:11.633333,14.066666666666666
14,2024-05-02 12:53:33.933333,2024-05-02 12:56:18.466667,2.7422222333333335
14,2024-05-02 12:56:25.866667,2024-05-02 12:56:27.900000,0.03388888333333333
14,2024-05-02 12:56:48.100000,2024-05-02 13:03:25.666667,6.626111116666666
14,2024-05-02 13:03:50.866667,2024-05-02 13:03:54.100000,0.05388888333333333
14,2024-05-02 13:04:30.500000,2024-05-02 13:12:49.466667,8.316111116666667
14,2024-05-02 13:13:27.300000,2024-05-02 13:16:03.133333,2.5972222166666667
14,2024-05-02 13:16:26.433333,2024-05-02 13:16:29.233333,0.04666666666666666
14,2024-05-02 13:17:17.433333,2024-05-02 14:02:56.766667,45.65555556666666
14,2024-05-02 14:03:24.733333,2024-05-02 14:07:18.066667,3.8888889
14,2024-05-02 14:11:19.766667,2024-05-02 14:30:55.733333,19.599444433333336
14,2024-05-02 14:31:26.733333,2024-05-02 14:37:23.066667,5.938888899999999
14,2024-05-02 14:38:35.500000,2024-05-02 14:41:32.066667,2.9427777833333333
14,2024-05-02 14:41:54.233333,2024-05-02 15:51:41.833333,69.79333333333334
14,2024-05-02 15:52:17.666667,2024-05-02 15:52:20.066667,0.04
14,2024-05-02 17:52:00.533333,2024-05-02 18:10:03.966667,18.057222233333334
14,2024-05-02 18:15:52.333333,2024-05-02 18:16:12.800000,0.34111111666666666
14,2024-05-02 18:16:32.766667,2024-05-02 18:31:22.500000,14.828888883333333
14,2024-05-02 18:31:24.900000,2024-05-03 08:27:41.366667,836.27444445
14,2024-05-03 08:27:52.833333,2024-05-03 09:14:07.833333,46.25
14,2024-05-03 09:14:41.000000,2024-05-03 09:14:43.600000,0.043333333333333335
14,2024-05-03 09:15:20.466667,2024-05-03 09:45:50.233333,30.4961111
14,2024-05-03 09:46:24.233333,2024-05-03 09:46:27.166667,0.0488889
14,2024-05-03 09:47:01.500000,2024-05-03 12:15:02.566667,148.01777778333332
14,2024-05-03 12:15:08.466667,2024-05-03 12:28:34.300000,13.430555550000001
14,2024-05-03 13:04:24.500000,2024-05-03 13:21:43.500000,17.316666666666666
14,2024-05-03 13:23:00.366667,2024-05-03 13:29:43.033333,6.7111111
14,2024-05-03 13:31:21.366667,2024-05-03 13:51:17.733333,19.939444433333332
14,2024-05-03 13:52:56.266667,2024-05-03 14:05:12.166667,12.264999999999999
14,2024-05-03 14:07:13.666667,2024-05-03 14:33:15.833333,26.036111100000003
14,2024-05-03 14:33:28.566667,2024-05-03 14:35:19.500000,1.8488888833333335
14,2024-05-03 14:35:32.966667,2024-05-03 15:54:02.066667,78.485
14,2024-05-03 15:55:08.500000,2024-05-03 15:56:53.000000,1.7416666666666667
14,2024-05-03 15:57:21.433333,2024-05-03 15:59:04.333333,1.715
14,2024-05-03 16:00:40.300000,2024-05-03 16:03:36.833333,2.9422222166666665
14,2024-05-03 16:17:02.500000,2024-05-03 17:28:39.100000,71.61
14,2024-05-03 17:29:15.366667,2024-05-03 17:29:18.566667,0.05333333333333334
14,2024-05-03 17:30:36.666667,2024-05-03 17:50:18.166667,19.691666666666666
14,2024-05-03 17:51:39.966667,2024-05-03 17:51:42.400000,0.04055555
14,2024-05-03 17:52:37.833333,2024-05-03 17:58:11.333333,5.558333333333334
14,2024-05-03 17:58:38.500000,2024-05-03 17:58:41.066667,0.04277778333333333
14,2024-05-03 17:59:21.100000,2024-05-03 18:26:28.200000,27.118333333333332
14,2024-05-03 18:27:35.200000,2024-05-03 18:27:37.966667,0.04611111666666667
14,2024-05-03 18:28:50.233333,2024-05-03 18:44:10.633333,15.34
14,2024-05-03 18:45:15.900000,2024-05-03 18:45:18.633333,0.04555555
14,2024-05-03 18:46:49.033333,2024-05-03 19:36:30.466667,49.69055556666667
14,2024-05-03 19:37:53.533333,2024-05-03 19:37:56.466667,0.0488889
14,2024-05-03 19:39:11.400000,2024-05-06 14:11:37.933333,3992.442222216667
14,2024-05-06 14:12:40.466667,2024-05-06 14:12:43.200000,0.04555555
14,2024-05-06 14:13:40.800000,2024-05-06 15:42:38.766667,88.96611111666667
14,2024-05-06 15:44:01.700000,2024-05-06 15:44:04.666667,0.04944445
14,2024-05-06 15:44:57.100000,2024-05-06 19:19:06.866667,214.16277778333333
14,2024-05-06 19:20:39.166667,2024-05-06 19:26:32.066667,5.881666666666666
14,2024-05-06 19:28:01.766667,2024-05-07 10:27:36.933333,899.5861110999999
14,2024-05-07 10:28:30.300000,2024-05-07 10:28:33.666667,0.05611111666666667
14,2024-05-07 10:32:21.133333,2024-05-07 10:48:44.866667,16.395555566666665
14,2024-05-07 10:49:03.633333,2024-05-07 11:06:54.600000,17.84944445
14,2024-05-07 11:08:08.300000,2024-05-07 11:20:10.966667,12.044444449999999
14,2024-05-07 11:21:53.133333,2024-05-07 11:30:04.466667,8.1888889
14,2024-05-07 11:31:08.666667,2024-05-07 13:15:17.300000,104.14388888333333
14,2024-05-07 13:15:41.366667,2024-05-07 13:15:44.400000,0.05055555
14,2024-05-07 13:25:25.500000,2024-05-07 13:33:49.066667,8.392777783333333
14,2024-05-07 13:34:01.166667,2024-05-07 14:00:05.100000,26.06555555
14,2024-05-07 14:00:22.266667,2024-05-07 14:02:12.200000,1.8322222166666668
14,2024-05-07 14:03:14.466667,2024-05-07 14:23:11.600000,19.952222216666666
14,2024-05-07 15:06:16.466667,2024-05-07 16:25:08.466667,78.86666666666666
14,2024-05-07 16:28:19.833333,2024-05-07 16:41:45.266667,13.4238889
14,2024-05-07 16:42:50.633333,2024-05-07 17:14:16.766667,31.435555566666668
14,2024-05-07 17:17:33.200000,2024-05-07 17:36:23.766667,18.842777783333336
14,2024-05-07 17:36:38.866667,2024-05-07 17:36:48.166667,0.155
14,2024-05-07 17:37:12.566667,2024-05-07 17:37:19.366667,0.11333333333333333
14,2024-05-07 17:37:21.333333,2024-05-07 17:39:56.066667,2.5788889000000004
14,2024-05-07 17:40:41.233333,2024-05-07 18:10:30.900000,29.82777778333333
14,2024-05-07 18:10:43.800000,2024-05-07 18:30:35.866667,19.867777783333334
14,2024-05-07 18:31:18.166667,2024-05-07 19:42:49.266667,71.51833333333335
14,2024-05-07 19:43:29.166667,2024-05-07 19:43:38.466667,0.155
14,2024-05-07 19:43:40.466667,2024-05-08 10:02:52.166667,859.1949999999999
14,2024-05-08 10:02:52.266667,2024-05-08 12:39:20.966667,156.47833333333335
14,2024-05-08 12:39:48.933333,2024-05-13 14:52:19.033333,7332.501666666666
14,2024-05-19 16:43:25.333333,2024-05-20 14:44:20.400000,1320.9177777833333
14,2024-05-20 14:44:46.366667,2024-05-20 15:22:27.666667,37.68833333333334
14,2024-05-20 15:23:27.566667,2024-05-20 15:50:25.666667,26.96833333333333
14,2024-05-20 15:51:31.533333,2024-05-21 13:05:51.200000,1274.3277777833332
14,2024-05-22 10:46:19.633333,2024-05-22 14:33:51.200000,227.52611111666664
14,2024-05-23 13:58:56.633333,2024-05-23 13:58:56.633333,0.0
14,2024-05-23 13:58:56.633333,2024-05-24 14:58:49.700000,1499.88444445
14,2024-05-24 18:39:29.033333,2024-05-24 18:43:19.466667,3.8405555666666666
14,2024-05-24 18:45:08.266667,2024-05-24 18:56:16.200000,11.132222216666666
14,2024-05-24 18:56:34.366667,2024-05-24 18:57:40.233333,1.0977777666666666
14,2024-05-24 18:58:26.233333,2024-05-24 19:01:07.566667,2.6888889000000002
14,2024-05-24 19:01:15.466667,2024-06-01 12:00:27.400000,11099.198888883335
14,2024-06-04 10:52:03.900000,2024-06-04 10:52:04.400000,0.008333333333333333
14,2024-06-05 12:14:50.833333,2024-06-05 12:14:51.333333,0.008333333333333333
14,2024-06-06 14:06:09.066667,2024-06-06 14:06:10.900000,0.03055555
14,2024-06-06 14:41:42.633333,2024-06-06 15:11:26.633333,29.733333333333334
14,2024-06-06 15:13:34.600000,2024-06-06 15:13:35.100000,0.008333333333333333
14,2024-06-06 15:23:12.866667,2024-06-06 15:23:13.366667,0.008333333333333333
15,2024-04-29 16:47:19.666667,2024-04-29 17:04:53.900000,17.570555549999998
15,2024-04-29 17:25:59.566667,2024-04-29 17:33:40.133333,7.6761111
15,2024-04-29 17:37:45.233333,2024-04-29 17:53:39.000000,15.896111116666667
15,2024-04-29 18:06:32.700000,2024-04-29 18:36:05.233333,29.54222221666667
15,2024-04-29 18:43:03.633333,2024-04-29 19:01:54.666667,18.850555566666667
15,2024-04-29 19:01:55.466667,2024-04-29 19:04:18.033333,2.3761111
15,2024-04-29 19:04:19.733333,2024-04-29 19:26:04.933333,21.753333333333334
15,2024-04-29 19:36:59.833333,2024-04-30 11:58:43.533333,981.7283333333332
15,2024-04-30 11:59:08.500000,2024-04-30 12:18:24.700000,19.27
15,2024-04-30 12:20:07.666667,2024-04-30 12:46:10.866667,26.053333333333335
15,2024-04-30 12:46:11.533333,2024-04-30 13:01:23.933333,15.206666666666667
15,2024-04-30 13:02:45.800000,2024-04-30 13:16:57.000000,14.186666666666667
15,2024-04-30 13:17:13.533333,2024-04-30 15:26:04.700000,128.85277778333335
15,2024-04-30 15:27:24.133333,2024-04-30 15:29:00.800000,1.6111111166666667
15,2024-04-30 15:29:40.866667,2024-05-01 16:08:37.566667,1478.945
15,2024-05-01 16:09:17.500000,2024-05-01 16:09:20.566667,0.051111116666666664
15,2024-05-01 16:09:50.600000,2024-05-01 16:17:12.166667,7.35944445
15,2024-05-01 16:17:52.500000,2024-05-01 16:17:55.300000,0.04666666666666666
15,2024-05-01 16:36:47.333333,2024-05-01 16:37:10.800000,0.3911111166666667
15,2024-05-01 16:46:11.733333,2024-05-01 16:53:59.933333,7.803333333333333
15,2024-05-01 16:55:18.400000,2024-05-01 17:02:31.600000,7.22
15,2024-05-01 17:02:53.833333,2024-05-01 17:11:24.000000,8.502777783333334
15,2024-05-01 17:11:55.500000,2024-05-01 17:11:58.133333,0.04388888333333333
15,2024-05-01 17:12:25.533333,2024-05-01 17:16:59.166667,4.560555566666666
15,2024-05-01 17:17:20.166667,2024-05-01 17:17:22.733333,0.04277776666666667
15,2024-05-01 17:17:54.633333,2024-05-01 17:17:54.633333,0.0
15,2024-05-01 17:40:29.200000,2024-05-01 18:07:19.500000,26.83833333333333
15,2024-05-01 18:07:32.400000,2024-05-01 18:07:34.933333,0.042222216666666666
15,2024-05-01 18:08:29.833333,2024-05-01 18:15:44.533333,7.245
15,2024-05-01 18:16:08.900000,2024-05-01 18:24:58.933333,8.833888883333334
15,2024-05-01 18:25:35.766667,2024-05-01 18:25:38.800000,0.05055555
15,2024-05-01 18:26:43.533333,2024-05-01 18:29:02.466667,2.3155555666666667
15,2024-05-01 18:36:32.366667,2024-05-01 18:45:33.633333,9.0211111
15,2024-05-01 18:45:34.833333,2024-05-01 19:05:33.933333,19.985
15,2024-05-01 19:06:53.900000,2024-05-01 19:42:23.033333,35.48555555
15,2024-05-01 19:42:59.333333,2024-05-01 19:43:02.133333,0.04666666666666666
15,2024-05-01 19:44:09.200000,2024-05-02 09:56:34.266667,852.4177777833333
15,2024-05-02 09:56:53.933333,2024-05-02 10:55:43.400000,58.82444445
15,2024-05-02 10:55:45.300000,2024-05-02 12:26:46.733333,91.02388888333333
15,2024-05-02 12:27:53.033333,2024-05-02 12:28:09.100000,0.2677777833333333
15,2024-05-02 12:29:19.766667,2024-05-02 12:29:33.600000,0.23055555
15,2024-05-02 12:30:00.866667,2024-05-02 13:40:06.466667,70.09333333333333
15,2024-05-02 13:42:39.766667,2024-05-02 17:10:24.966667,207.75333333333336
15,2024-05-02 17:10:57.533333,2024-05-02 17:10:59.933333,0.04
15,2024-05-02 17:14:04.633333,2024-05-02 19:09:25.400000,115.34611111666666
15,2024-05-02 19:10:33.533333,2024-05-03 10:20:52.033333,910.3083333333333
15,2024-05-03 10:21:37.300000,2024-05-03 10:21:40.133333,0.04722221666666667
15,2024-05-03 10:22:15.100000,2024-05-03 12:09:39.300000,107.40333333333334
15,2024-05-03 12:11:02.266667,2024-05-03 13:32:57.033333,81.91277776666668
15,2024-05-03 13:33:27.633333,2024-05-03 14:09:38.400000,36.17944445
15,2024-05-03 14:10:00.933333,2024-05-03 14:10:08.533333,0.12666666666666665
15,2024-05-03 14:10:23.466667,2024-05-03 14:10:50.200000,0.44555555
15,2024-05-03 14:10:58.900000,2024-05-03 14:11:00.866667,0.03277778333333334
15,2024-05-03 14:15:58.166667,2024-05-03 14:34:36.766667,18.64333333333333
15,2024-05-03 14:34:55.033333,2024-05-03 14:37:21.833333,2.4466666666666668
15,2024-05-03 14:37:41.233333,2024-05-03 15:22:21.433333,44.669999999999995
15,2024-05-03 15:22:36.133333,2024-05-03 15:24:46.300000,2.16944445
15,2024-05-03 15:41:38.600000,2024-05-03 16:10:48.500000,29.165000000000003
15,2024-05-03 16:11:10.200000,2024-05-03 16:24:53.866667,13.727777783333332
15,2024-05-03 16:26:07.466667,2024-05-03 19:18:37.366667,172.49833333333333
15,2024-05-03 19:19:33.000000,2024-05-03 19:19:36.033333,0.05055555
15,2024-05-03 19:21:04.266667,2024-05-06 16:04:59.666667,4123.923333333333
15,2024-05-06 16:30:45.233333,2024-05-06 16:30:47.733333,0.041666666666666664
15,2024-05-06 17:08:16.700000,2024-05-06 17:21:26.233333,13.158888883333333
15,2024-05-06 17:43:35.866667,2024-05-06 17:43:49.733333,0.2311111
15,2024-05-06 17:47:55.633333,2024-05-06 17:47:58.900000,0.05444445
15,2024-05-06 17:56:45.033333,2024-05-06 18:04:03.733333,7.3116666666666665
15,2024-05-06 18:04:05.133333,2024-05-06 18:39:35.400000,35.50444445
15,2024-05-06 18:44:19.333333,2024-05-06 18:44:23.533333,0.07
15,2024-05-06 19:03:51.366667,2024-05-06 19:41:19.766667,37.473333333333336
15,2024-05-06 19:43:09.200000,2024-05-06 19:43:11.600000,0.04
15,2024-05-06 19:44:15.500000,2024-05-06 19:49:23.500000,5.133333333333334
15,2024-05-07 08:18:33.200000,2024-05-07 08:18:42.166667,0.14944444999999998
15,2024-05-07 09:00:55.666667,2024-05-07 09:01:45.133333,0.8244444333333334
15,2024-05-07 09:01:47.200000,2024-05-07 09:01:49.600000,0.04
15,2024-05-07 09:01:59.200000,2024-05-07 09:02:32.833333,0.56055555
15,2024-05-07 09:02:33.566667,2024-05-07 09:03:19.766667,0.77
15,2024-05-07 09:03:26.166667,2024-05-07 10:09:11.700000,65.75888888333333
15,2024-05-07 11:43:57.533333,2024-05-07 12:38:46.566667,54.81722223333334
15,2024-05-07 12:39:49.500000,2024-05-07 13:42:22.233333,62.54555555
15,2024-05-07 13:45:39.933333,2024-05-07 14:56:07.300000,70.45611111666668
15,2024-05-07 15:01:44.933333,2024-05-07 16:59:03.333333,117.30666666666666
15,2024-05-07 17:00:49.566667,2024-05-07 18:22:04.733333,81.25277776666667
15,2024-05-07 18:23:23.866667,2024-05-07 19:21:42.500000,58.310555550000004
15,2024-05-07 19:22:03.700000,2024-05-07 19:22:09.500000,0.09666666666666666
15,2024-05-07 19:22:12.866667,2024-05-07 19:22:15.366667,0.041666666666666664
15,2024-05-07 19:22:19.466667,2024-05-07 19:22:22.800000,0.05555555
15,2024-05-07 19:22:23.566667,2024-05-08 08:56:17.466667,813.8983333333333
15,2024-05-08 08:56:42.866667,2024-05-08 09:11:19.300000,14.607222216666665
15,2024-05-08 09:13:12.166667,2024-05-08 10:05:27.100000,52.24888888333333
15,2024-05-08 10:06:31.300000,2024-05-08 10:33:53.400000,27.368333333333332
15,2024-05-08 10:33:58.566667,2024-05-08 10:34:02.900000,0.07222221666666666
15,2024-05-08 10:34:10.866667,2024-05-08 10:34:15.000000,0.06888888333333335
15,2024-05-08 10:34:21.233333,2024-05-08 10:34:35.700000,0.24111111666666665
15,2024-05-08 10:34:39.933333,2024-05-08 11:36:41.233333,62.02166666666667
15,2024-05-08 11:36:47.966667,2024-05-08 12:06:44.833333,29.947777766666665
15,2024-05-08 12:07:22.000000,2024-05-08 12:09:53.433333,2.5238888833333335
15,2024-05-08 12:10:08.100000,2024-05-08 12:10:13.566667,0.09111111666666667
15,2024-05-08 12:10:40.433333,2024-05-19 14:56:10.633333,16005.503333333332
15,2024-05-19 15:19:09.066667,2024-05-19 15:19:09.566667,0.008333333333333333
15,2024-05-19 19:02:03.900000,2024-05-19 19:02:06.733333,0.04722221666666667
15,2024-05-20 08:13:06.366667,2024-05-20 13:03:21.133333,290.2461111
15,2024-05-20 13:03:25.566667,2024-05-20 14:51:55.900000,108.50555555
15,2024-05-20 14:53:08.266667,2024-05-20 15:25:07.933333,31.994444433333335
15,2024-05-20 15:26:21.500000,2024-05-20 16:01:23.066667,35.02611111666667
15,2024-05-20 16:02:59.900000,2024-05-20 16:08:21.600000,5.361666666666666
15,2024-05-20 16:08:25.300000,2024-05-20 16:08:57.066667,0.52944445
15,2024-05-20 16:10:22.533333,2024-05-20 18:36:57.900000,146.58944445
15,2024-05-20 18:37:23.400000,2024-05-21 13:22:58.966667,1125.5927777833335
15,2024-05-21 13:23:36.933333,2024-05-21 16:34:40.866667,191.06555556666666
15,2024-05-21 16:34:56.066667,2024-05-23 16:36:54.400000,2881.9722222166665
15,2024-05-23 16:36:57.400000,2024-05-24 18:37:12.200000,1560.2466666666667
15,2024-05-24 18:37:51.833333,2024-05-24 18:45:43.600000,7.862777783333333
15,2024-05-24 18:45:44.733333,2024-05-30 10:35:31.166667,8149.7738889
15,2024-05-30 10:41:12.233333,2024-05-30 10:41:12.733333,0.008333333333333333
15,2024-05-31 10:06:44.333333,2024-05-31 10:06:44.833333,0.008333333333333333
15,2024-05-31 10:31:37.366667,2024-05-31 10:31:51.533333,0.2361111
15,2024-05-31 10:32:03.433333,2024-05-31 10:32:03.900000,0.007777783333333333
15,2024-05-31 10:33:10.066667,2024-05-31 10:33:10.533333,0.007777766666666667
15,2024-05-31 10:33:26.533333,2024-05-31 10:33:27.000000,0.007777783333333333
15,2024-05-31 10:34:02.800000,2024-05-31 10:34:03.266667,0.007777783333333333
15,2024-05-31 10:34:21.600000,2024-05-31 10:34:22.066667,0.007777783333333333
15,2024-05-31 10:34:49.900000,2024-05-31 10:34:50.366667,0.007777783333333333
15,2024-05-31 10:37:10.700000,2024-05-31 10:37:11.166667,0.007777783333333333
15,2024-05-31 10:37:23.966667,2024-05-31 10:37:24.433333,0.007777766666666667
15,2024-05-31 10:39:18.500000,2024-05-31 10:39:18.966667,0.007777783333333333
15,2024-06-06 14:49:45.133333,2024-06-06 14:51:44.133333,1.9833333333333334
15,2024-06-06 15:07:40.166667,2024-06-06 15:07:40.666667,0.008333333333333333
15,2024-06-06 15:21:47.633333,2024-06-06 15:21:48.133333,0.008333333333333333
15,2024-06-07 10:31:09.533333,2024-06-07 10:31:10.033333,0.008333333333333333
16,2024-04-28 20:09:15.333333,2024-04-29 16:34:54.933333,1225.66
16,2024-04-29 16:36:11.600000,2024-04-29 16:39:56.900000,3.7550000000000003
16,2024-04-29 16:59:00.133333,2024-04-29 16:59:49.633333,0.825
16,2024-04-29 17:08:50.066667,2024-04-29 17:14:45.066667,5.916666666666667
16,2024-04-29 17:14:53.933333,2024-04-29 17:21:13.233333,6.321666666666667
16,2024-04-29 17:22:46.533333,2024-04-29 17:25:20.066667,2.5588889
16,2024-04-29 17:26:17.866667,2024-04-29 17:26:46.233333,0.47277776666666665
16,2024-04-29 17:31:26.233333,2024-04-29 17:35:44.000000,4.296111116666666
16,2024-04-29 17:36:43.566667,2024-04-29 17:39:30.866667,2.7883333333333336
16,2024-04-29 17:41:25.866667,2024-04-29 17:51:08.133333,9.704444433333332
16,2024-04-29 18:02:55.500000,2024-04-29 18:02:59.400000,0.065
16,2024-04-29 18:05:29.366667,2024-04-29 18:07:17.200000,1.7972222166666667
16,2024-04-29 18:07:18.966667,2024-04-29 18:20:23.100000,13.068888883333333
16,2024-04-29 18:22:23.433333,2024-04-29 18:28:03.766667,5.672222233333333
16,2024-04-29 18:29:38.000000,2024-04-29 18:35:24.300000,5.7716666666666665
16,2024-04-29 18:35:34.833333,2024-04-29 18:37:54.800000,2.3327777833333334
16,2024-04-29 18:41:16.033333,2024-04-29 19:46:23.733333,65.12833333333333
16,2024-04-29 19:47:31.366667,2024-04-30 12:13:50.700000,986.3222222166667
16,2024-04-30 12:16:11.200000,2024-04-30 12:30:45.333333,14.568888883333333
16,2024-04-30 12:30:47.866667,2024-04-30 12:38:04.233333,7.272777766666667
16,2024-04-30 12:39:55.366667,2024-04-30 13:02:22.600000,22.45388888333333
16,2024-04-30 13:02:41.500000,2024-04-30 13:05:34.066667,2.8761111166666664
16,2024-04-30 13:05:59.366667,2024-04-30 13:06:40.533333,0.6861111
16,2024-04-30 13:10:09.666667,2024-04-30 13:52:12.133333,42.041111099999995
16,2024-04-30 14:15:23.500000,2024-04-30 14:15:49.266667,0.42944445
16,2024-04-30 14:19:25.766667,2024-04-30 14:26:03.766667,6.633333333333334
16,2024-04-30 14:26:05.266667,2024-04-30 14:28:11.266667,2.1
16,2024-04-30 15:19:20.433333,2024-04-30 15:27:46.800000,8.43944445
16,2024-04-30 15:28:49.033333,2024-04-30 15:41:50.400000,13.022777783333334
16,2024-04-30 15:44:55.366667,2024-04-30 15:54:03.133333,9.129444433333333
16,2024-04-30 15:54:11.233333,2024-04-30 15:54:13.433333,0.03666666666666667
16,2024-04-30 15:57:04.866667,2024-04-30 15:57:11.833333,0.1161111
16,2024-04-30 15:57:31.066667,2024-04-30 15:57:33.766667,0.045000000000000005
16,2024-04-30 16:00:00.100000,2024-04-30 16:00:09.533333,0.15722221666666666
16,2024-04-30 16:01:06.100000,2024-04-30 16:05:19.300000,4.22
16,2024-04-30 17:57:09.500000,2024-04-30 17:57:16.433333,0.11555555
16,2024-05-01 15:48:17.200000,2024-05-01 15:48:20.366667,0.052777783333333335
16,2024-05-01 16:00:19.233333,2024-05-01 16:00:22.066667,0.04722223333333333
16,2024-05-01 16:19:33.900000,2024-05-01 16:19:36.400000,0.041666666666666664
16,2024-05-01 16:25:58.900000,2024-05-01 16:26:01.466667,0.04277778333333333
16,2024-05-01 16:27:09.266667,2024-05-01 16:29:45.033333,2.5961111
16,2024-05-01 16:30:47.866667,2024-05-01 17:00:06.466667,29.31
16,2024-05-01 17:11:15.200000,2024-05-01 17:23:39.533333,12.40555555
16,2024-05-01 17:23:54.233333,2024-05-01 17:25:26.433333,1.5366666666666666
16,2024-05-01 17:26:11.833333,2024-05-01 17:26:21.000000,0.15277778333333333
16,2024-05-01 17:26:41.766667,2024-05-01 17:28:11.633333,1.4977777666666665
16,2024-05-01 17:31:59.366667,2024-05-01 17:33:28.866667,1.4916666666666667
16,2024-05-01 17:36:37.466667,2024-05-01 17:38:17.000000,1.6588888833333333
16,2024-05-01 17:38:39.500000,2024-05-01 17:40:40.133333,2.01055555
16,2024-05-01 17:42:05.400000,2024-05-01 17:47:54.700000,5.821666666666667
16,2024-05-01 17:48:10.966667,2024-05-01 17:48:13.700000,0.04555555
16,2024-05-01 17:48:52.833333,2024-05-01 17:56:07.566667,7.245555566666667
16,2024-05-01 18:00:56.266667,2024-05-01 18:07:15.966667,6.328333333333333
16,2024-05-01 18:07:59.766667,2024-05-01 18:08:42.766667,0.7166666666666667
16,2024-05-01 18:11:04.533333,2024-05-01 18:15:00.500000,3.9327777833333335
16,2024-05-01 18:15:05.333333,2024-05-01 19:13:11.133333,58.09666666666667
16,2024-05-01 19:15:21.666667,2024-05-02 08:56:46.300000,821.4105555499999
16,2024-05-02 08:57:14.233333,2024-05-02 08:59:54.100000,2.66444445
16,2024-05-02 09:00:14.700000,2024-05-02 09:14:07.300000,13.876666666666667
16,2024-05-02 09:14:45.633333,2024-05-02 09:22:44.866667,7.987222233333333
16,2024-05-02 09:23:14.666667,2024-05-02 09:33:35.833333,10.352777766666666
16,2024-05-02 09:34:04.333333,2024-05-02 09:52:43.966667,18.66055556666667
16,2024-05-02 09:53:36.566667,2024-05-02 09:53:39.166667,0.043333333333333335
16,2024-05-02 09:55:09.533333,2024-05-02 10:01:21.333333,6.196666666666667
16,2024-05-02 10:01:52.733333,2024-05-02 10:01:55.133333,0.04
16,2024-05-02 10:02:36.233333,2024-05-02 10:20:42.800000,18.10944445
16,2024-05-02 10:21:31.466667,2024-05-02 10:21:34.000000,0.042222216666666666
16,2024-05-02 10:22:47.833333,2024-05-02 10:27:03.166667,4.255555566666667
16,2024-05-02 10:27:58.266667,2024-05-02 10:28:00.833333,0.04277776666666667
16,2024-05-02 10:28:50.966667,2024-05-02 12:08:02.666667,99.195
16,2024-05-02 12:08:21.166667,2024-05-02 12:41:39.300000,33.302222216666664
16,2024-05-02 12:43:14.566667,2024-05-02 14:42:47.333333,119.5461111
16,2024-05-02 16:27:06.800000,2024-05-02 17:52:46.566667,85.66277778333333
16,2024-05-02 19:34:09.800000,2024-05-02 19:43:13.100000,9.055
16,2024-05-02 19:43:32.133333,2024-05-03 09:09:03.900000,805.52944445
16,2024-05-03 09:09:29.700000,2024-05-03 09:41:27.433333,31.962222216666664
16,2024-05-03 09:42:12.166667,2024-05-03 09:42:15.300000,0.05222221666666667
16,2024-05-03 09:43:20.666667,2024-05-03 10:17:45.200000,34.40888888333333
16,2024-05-03 10:18:07.300000,2024-05-03 10:54:38.233333,36.51555555
16,2024-05-03 10:55:43.200000,2024-05-03 10:55:45.933333,0.04555555
16,2024-05-03 10:56:49.700000,2024-05-03 10:58:47.400000,1.9616666666666667
16,2024-05-03 10:59:08.900000,2024-05-03 11:21:07.300000,21.973333333333336
16,2024-05-03 11:22:14.000000,2024-05-03 11:27:02.600000,4.8100000000000005
16,2024-05-03 11:27:35.000000,2024-05-03 11:27:38.366667,0.05611111666666667
16,2024-05-03 11:46:28.333333,2024-05-03 11:48:07.133333,1.6466666666666667
16,2024-05-03 11:48:23.633333,2024-05-03 12:13:44.233333,25.34333333333333
16,2024-05-03 12:14:45.100000,2024-05-03 12:47:02.133333,32.28388888333333
16,2024-05-03 12:48:21.200000,2024-05-03 13:10:03.066667,21.697777783333333
16,2024-05-03 13:11:34.100000,2024-05-03 13:55:20.200000,43.76833333333333
16,2024-05-03 13:57:06.700000,2024-05-03 14:22:39.466667,25.54611111666667
16,2024-05-03 14:48:13.066667,2024-05-03 15:04:04.900000,15.863888883333335
16,2024-05-03 15:10:48.900000,2024-05-03 15:42:14.433333,31.425555550000002
16,2024-05-03 15:56:01.266667,2024-05-03 15:56:14.400000,0.21888888333333334
16,2024-05-03 15:56:28.733333,2024-05-03 16:31:38.466667,35.16222223333333
16,2024-05-03 16:32:04.433333,2024-05-03 16:32:06.766667,0.0388889
16,2024-05-03 16:33:33.200000,2024-05-03 16:44:55.700000,11.375
16,2024-05-03 16:45:51.500000,2024-05-03 16:45:54.166667,0.044444449999999996
16,2024-05-03 16:47:01.866667,2024-05-03 17:10:41.866667,23.666666666666668
16,2024-05-03 17:11:47.000000,2024-05-03 17:15:44.333333,3.95555555
16,2024-05-03 17:16:41.266667,2024-05-03 17:16:43.666667,0.04
16,2024-05-03 17:17:30.166667,2024-05-03 18:13:15.066667,55.748333333333335
16,2024-05-03 18:14:15.033333,2024-05-03 18:14:18.000000,0.04944445
16,2024-05-03 18:15:35.233333,2024-05-06 12:13:55.366667,3958.3355555666667
16,2024-05-06 12:15:19.900000,2024-05-06 12:46:31.866667,31.199444449999998
16,2024-05-06 12:47:30.400000,2024-05-06 12:47:33.800000,0.056666666666666664
16,2024-05-06 12:48:58.466667,2024-05-06 16:28:57.333333,219.9811111
16,2024-05-06 16:29:14.633333,2024-05-06 17:30:56.933333,61.705000000000005
16,2024-05-06 17:31:10.533333,2024-05-06 19:04:13.333333,93.04666666666667
16,2024-05-06 19:05:32.100000,2024-05-06 19:05:35.433333,0.05555555
16,2024-05-06 19:10:57.300000,2024-05-06 19:20:02.733333,9.09055555
16,2024-05-06 19:20:21.733333,2024-05-06 19:28:29.133333,8.123333333333333
16,2024-05-06 19:29:03.066667,2024-05-07 09:17:42.766667,828.6616666666666
16,2024-05-07 12:18:02.133333,2024-05-07 12:18:57.700000,0.9261111166666667
16,2024-05-07 12:19:18.866667,2024-05-07 12:26:00.566667,6.694999999999999
16,2024-05-07 12:27:06.633333,2024-05-07 12:44:14.433333,17.13
16,2024-05-07 12:59:27.333333,2024-05-07 12:59:32.200000,0.08111111666666666
16,2024-05-07 13:14:18.500000,2024-05-07 13:14:26.966667,0.14111111666666665
16,2024-05-07 13:15:08.300000,2024-05-07 13:52:37.333333,37.48388888333333
16,2024-05-07 13:53:29.900000,2024-05-07 14:16:48.233333,23.30555555
16,2024-05-07 14:17:53.300000,2024-05-07 14:44:20.866667,26.45944445
16,2024-05-07 16:41:27.600000,2024-05-07 18:23:27.866667,102.00444445
16,2024-05-07 18:23:49.566667,2024-05-07 19:34:55.166667,71.09333333333333
16,2024-05-07 19:35:15.833333,2024-05-08 09:15:57.666667,820.6972222333334
16,2024-05-08 09:16:55.966667,2024-05-08 09:20:50.300000,3.9055555500000003
16,2024-05-08 09:22:02.200000,2024-05-08 09:24:42.100000,2.665
16,2024-05-08 09:26:11.733333,2024-05-08 09:34:29.600000,8.297777783333334
16,2024-05-08 09:39:05.866667,2024-05-08 10:08:38.066667,29.53666666666667
16,2024-05-08 10:08:40.533333,2024-05-08 12:20:25.933333,131.75666666666666
16,2024-05-08 12:20:28.900000,2024-05-08 12:28:52.300000,8.389999999999999
16,2024-05-08 12:29:17.633333,2024-05-08 12:29:22.933333,0.08833333333333333
16,2024-05-08 12:29:24.566667,2024-05-08 12:32:03.266667,2.645
16,2024-05-08 12:33:05.700000,2024-05-19 12:21:44.600000,15828.648333333334
16,2024-05-19 12:22:30.633333,2024-05-19 14:03:30.800000,101.00277778333334
16,2024-05-19 14:03:53.466667,2024-05-19 18:38:12.733333,274.3211111
16,2024-05-19 18:38:13.733333,2024-05-20 12:01:54.966667,1043.6872222333334
16,2024-05-20 14:05:22.300000,2024-05-20 15:46:51.000000,101.47833333333332
16,2024-05-20 16:12:42.966667,2024-05-20 16:32:32.133333,19.819444433333334
16,2024-05-20 16:33:12.266667,2024-05-20 16:42:49.200000,9.61555555
16,2024-05-20 16:44:19.566667,2024-05-21 08:53:42.466667,969.3816666666667
16,2024-05-21 08:54:16.366667,2024-05-21 12:05:35.733333,191.32277776666666
16,2024-05-21 12:05:59.966667,2024-05-21 15:56:30.566667,230.51000000000002
16,2024-05-21 15:56:52.066667,2024-05-21 16:16:29.433333,19.622777766666665
16,2024-05-24 09:52:05.266667,2024-05-24 18:12:47.433333,500.70277776666666
16,2024-05-24 18:12:48.300000,2024-05-24 18:54:08.600000,41.33833333333334
16,2024-05-24 18:54:58.300000,2024-05-24 18:59:14.466667,4.26944445
16,2024-05-24 18:59:53.266667,2024-05-24 18:59:53.266667,0.0
16,2024-05-24 18:59:53.266667,2024-05-24 19:02:48.900000,2.9272222166666664
16,2024-05-24 19:03:41.433333,2024-05-24 19:04:11.766667,0.5055555666666667
16,2024-05-24 19:05:43.500000,2024-05-29 11:56:58.600000,6771.251666666666
16,2024-05-29 11:57:59.366667,2024-05-30 10:24:47.633333,1346.8044444333332
16,2024-05-30 10:27:45.766667,2024-05-30 10:27:47.800000,0.03388888333333333
16,2024-05-30 10:29:26.633333,2024-05-30 10:29:27.133333,0.008333333333333333
16,2024-05-30 10:29:28.266667,2024-05-30 10:29:28.766667,0.008333333333333333
16,2024-05-30 10:30:53.000000,2024-05-30 10:30:55.733333,0.04555555
16,2024-05-30 10:31:10.766667,2024-05-30 10:31:18.500000,0.12888888333333334
16,2024-05-30 10:31:19.133333,2024-05-30 10:31:21.866667,0.04555556666666667
16,2024-05-30 10:31:23.700000,2024-05-30 10:31:32.866667,0.15277778333333333
16,2024-05-30 10:31:33.700000,2024-05-30 10:31:47.300000,0.22666666666666666
16,2024-05-30 10:31:47.766667,2024-05-30 10:32:04.433333,0.27777776666666665
16,2024-05-30 10:32:09.300000,2024-05-30 10:32:28.900000,0.3266666666666667
16,2024-05-30 10:32:29.300000,2024-05-30 10:32:29.800000,0.008333333333333333
16,2024-05-30 10:32:31.100000,2024-05-30 10:32:31.600000,0.008333333333333333
16,2024-05-30 10:32:33.833333,2024-05-30 10:32:47.133333,0.22166666666666668
16,2024-05-30 10:32:49.666667,2024-05-30 10:32:55.666667,0.1
16,2024-05-30 10:33:03.466667,2024-05-30 10:33:06.433333,0.049444433333333336
16,2024-05-30 10:33:11.133333,2024-05-30 10:33:11.600000,0.007777783333333333
16,2024-05-30 10:33:12.700000,2024-05-30 10:33:16.133333,0.05722221666666667
16,2024-05-30 10:33:17.333333,2024-05-30 10:34:00.300000,0.7161111166666667
16,2024-05-30 10:34:06.466667,2024-05-30 10:34:09.133333,0.04444443333333334
16,2024-05-30 10:34:09.966667,2024-05-30 10:34:18.700000,0.14555555
16,2024-05-30 10:34:22.566667,2024-05-30 10:34:29.800000,0.12055555
16,2024-05-30 10:34:34.200000,2024-05-30 10:34:44.766667,0.17611111666666668
16,2024-05-30 10:34:49.633333,2024-05-30 10:34:54.300000,0.07777778333333334
16,2024-05-30 10:35:21.100000,2024-05-30 10:35:21.566667,0.007777783333333333
16,2024-05-30 10:35:23.566667,2024-05-30 10:35:27.266667,0.06166666666666667
16,2024-05-30 10:35:27.833333,2024-05-30 10:35:36.633333,0.14666666666666667
16,2024-05-30 10:35:38.500000,2024-05-30 10:35:39.000000,0.008333333333333333
16,2024-05-30 10:35:42.933333,2024-05-30 10:35:46.333333,0.056666666666666664
16,2024-05-30 10:35:48.900000,2024-05-30 10:35:49.366667,0.007777783333333333
16,2024-05-30 10:38:02.966667,2024-05-30 10:38:11.433333,0.1411111
16,2024-05-30 10:38:23.600000,2024-05-30 10:38:25.933333,0.03888888333333333
16,2024-05-30 10:38:27.900000,2024-05-30 10:38:28.400000,0.008333333333333333
16,2024-05-30 10:38:28.833333,2024-05-30 10:38:32.800000,0.06611111666666666
16,2024-05-30 10:38:35.933333,2024-05-30 10:38:36.433333,0.008333333333333333
16,2024-05-30 10:38:38.866667,2024-05-30 10:38:39.966667,0.018333333333333333
16,2024-05-30 10:38:52.466667,2024-05-30 10:38:52.966667,0.008333333333333333
16,2024-05-30 10:38:57.033333,2024-05-30 10:38:57.533333,0.008333333333333333
16,2024-05-30 10:38:58.800000,2024-05-30 10:38:59.300000,0.008333333333333333
16,2024-05-30 10:39:08.833333,2024-05-30 10:39:09.333333,0.008333333333333333
16,2024-05-30 10:39:17.633333,2024-05-30 10:39:22.133333,0.075
16,2024-05-30 10:39:28.000000,2024-05-30 10:39:29.333333,0.02222221666666667
16,2024-05-30 10:39:30.933333,2024-05-30 10:39:31.433333,0.008333333333333333
16,2024-05-30 10:39:32.866667,2024-05-30 10:39:33.366667,0.008333333333333333
16,2024-05-30 10:39:38.166667,2024-05-30 10:39:38.666667,0.008333333333333333
16,2024-05-30 10:39:45.100000,2024-05-30 10:39:45.600000,0.008333333333333333
16,2024-05-30 10:40:13.133333,2024-05-30 10:40:13.633333,0.008333333333333333
16,2024-05-30 10:40:19.866667,2024-05-30 10:40:44.133333,0.40444443333333335
16,2024-05-30 10:40:58.000000,2024-05-30 10:40:58.500000,0.008333333333333333
16,2024-05-30 10:41:16.133333,2024-05-30 10:41:16.633333,0.008333333333333333
16,2024-05-30 10:41:19.100000,2024-05-30 10:41:19.600000,0.008333333333333333
16,2024-05-30 10:41:21.766667,2024-05-30 10:41:22.266667,0.008333333333333333
16,2024-05-30 10:41:23.466667,2024-05-30 10:41:23.966667,0.008333333333333333
16,2024-05-30 10:41:25.433333,2024-05-30 10:41:25.933333,0.008333333333333333
16,2024-05-30 10:42:14.200000,2024-05-30 10:42:14.700000,0.008333333333333333
16,2024-05-31 09:43:45.366667,2024-05-31 09:43:45.866667,0.008333333333333333
16,2024-05-31 09:44:21.133333,2024-05-31 09:44:21.633333,0.008333333333333333
16,2024-05-31 09:44:48.900000,2024-05-31 09:47:00.566667,2.1944444499999998
16,2024-05-31 09:48:09.200000,2024-05-31 09:48:23.033333,0.23055555
16,2024-05-31 09:48:41.266667,2024-05-31 09:50:02.666667,1.3566666666666667
16,2024-05-31 09:50:54.666667,2024-05-31 09:52:17.966667,1.3883333333333332
16,2024-05-31 09:53:12.466667,2024-05-31 09:53:12.966667,0.008333333333333333
16,2024-05-31 09:53:13.600000,2024-05-31 09:53:15.900000,0.03833333333333333
16,2024-05-31 09:53:31.633333,2024-05-31 09:53:32.133333,0.008333333333333333
16,2024-05-31 09:53:35.200000,2024-05-31 09:53:40.000000,0.08
16,2024-05-31 09:54:01.533333,2024-05-31 09:54:02.033333,0.008333333333333333
16,2024-05-31 09:54:37.700000,2024-05-31 09:54:38.200000,0.008333333333333333
16,2024-05-31 09:54:54.833333,2024-05-31 09:56:04.566667,1.1622222333333334
16,2024-05-31 09:57:29.333333,2024-05-31 09:57:29.833333,0.008333333333333333
16,2024-05-31 09:57:31.500000,2024-05-31 09:57:32.000000,0.008333333333333333
16,2024-05-31 09:57:38.566667,2024-05-31 09:57:39.066667,0.008333333333333333
16,2024-05-31 09:58:49.400000,2024-05-31 09:58:49.900000,0.008333333333333333
16,2024-05-31 09:59:14.566667,2024-05-31 09:59:15.066667,0.008333333333333333
16,2024-05-31 09:59:23.066667,2024-05-31 09:59:45.733333,0.3777777666666667
16,2024-05-31 09:59:56.600000,2024-05-31 09:59:57.100000,0.008333333333333333
16,2024-05-31 10:00:04.733333,2024-05-31 10:00:05.233333,0.008333333333333333
16,2024-05-31 10:00:12.233333,2024-05-31 10:00:12.733333,0.008333333333333333
16,2024-05-31 10:00:14.133333,2024-05-31 10:00:16.900000,0.04611111666666667
16,2024-05-31 10:00:17.966667,2024-05-31 10:00:42.500000,0.40888888333333334
16,2024-05-31 10:00:47.733333,2024-05-31 10:00:50.333333,0.043333333333333335
16,2024-05-31 10:00:51.733333,2024-05-31 10:00:53.533333,0.030000000000000002
16,2024-05-31 10:00:54.900000,2024-05-31 10:01:13.900000,0.31666666666666665
16,2024-05-31 10:01:14.366667,2024-05-31 10:01:17.666667,0.055
16,2024-05-31 10:01:18.366667,2024-05-31 10:01:24.933333,0.10944443333333333
16,2024-05-31 10:01:25.566667,2024-05-31 10:01:33.733333,0.13611109999999998
16,2024-05-31 10:01:40.400000,2024-05-31 10:06:35.600000,4.92
16,2024-05-31 10:06:36.933333,2024-05-31 10:06:38.800000,0.031111116666666667
16,2024-05-31 10:32:41.333333,2024-05-31 10:32:41.800000,0.007777783333333333
16,2024-05-31 10:33:20.000000,2024-05-31 10:33:20.466667,0.007777783333333333
16,2024-05-31 10:33:43.100000,2024-05-31 10:33:43.566667,0.007777783333333333
16,2024-05-31 10:35:01.133333,2024-05-31 10:35:01.600000,0.007777783333333333
16,2024-05-31 10:35:02.633333,2024-05-31 10:35:03.100000,0.007777783333333333
16,2024-05-31 10:35:34.133333,2024-05-31 10:35:34.600000,0.007777783333333333
16,2024-05-31 10:35:47.666667,2024-05-31 10:35:48.133333,0.007777766666666667
16,2024-05-31 10:36:16.433333,2024-05-31 10:36:16.900000,0.007777783333333333
16,2024-05-31 10:37:05.833333,2024-05-31 10:37:08.266667,0.04055556666666667
16,2024-05-31 10:39:07.533333,2024-05-31 10:39:08.000000,0.007777783333333333
16,2024-05-31 10:39:28.266667,2024-05-31 10:39:28.733333,0.007777766666666667
16,2024-05-31 10:39:40.433333,2024-05-31 10:39:40.900000,0.007777783333333333
16,2024-05-31 10:40:46.466667,2024-05-31 10:40:46.966667,0.008333333333333333
16,2024-06-06 14:09:17.133333,2024-06-06 14:19:31.133333,10.233333333333333
16,2024-06-06 14:28:59.400000,2024-06-06 14:54:20.100000,25.345000000000002
16,2024-06-06 15:11:10.966667,2024-06-06 15:11:11.466667,0.008333333333333333
16,2024-06-06 15:18:43.466667,2024-06-06 15:18:43.966667,0.008333333333333333
17,2024-04-23 12:02:49.866667,2024-04-23 12:02:50.366667,0.008333333333333333
17,2024-04-29 16:43:19.766667,2024-04-29 16:51:37.133333,8.289444433333333
17,2024-04-29 16:52:40.600000,2024-04-29 16:53:00.700000,0.335
17,2024-04-29 16:53:03.966667,2024-04-29 16:57:09.866667,4.098333333333334
17,2024-04-29 16:58:41.800000,2024-04-29 16:59:11.200000,0.49
17,2024-04-29 16:59:14.200000,2024-04-29 17:00:46.933333,1.54555555
17,2024-04-29 17:09:19.666667,2024-04-29 17:15:34.666667,6.25
17,2024-04-29 17:15:36.733333,2024-04-29 17:20:05.800000,4.48444445
17,2024-04-29 17:22:20.700000,2024-04-29 17:28:16.700000,5.933333333333334
17,2024-04-29 17:29:38.300000,2024-04-29 17:38:28.966667,8.84444445
17,2024-04-29 17:43:13.166667,2024-04-29 17:44:59.733333,1.7761111
17,2024-04-29 17:46:15.066667,2024-04-29 17:52:12.300000,5.953888883333334
17,2024-04-29 17:53:46.033333,2024-04-29 18:15:31.800000,21.762777783333334
17,2024-04-29 18:34:37.433333,2024-04-29 18:34:57.866667,0.34055556666666664
17,2024-04-29 18:37:22.266667,2024-04-29 18:46:15.766667,8.891666666666667
17,2024-04-29 18:47:38.866667,2024-04-29 18:55:43.233333,8.072777766666666
17,2024-04-29 18:57:57.433333,2024-04-29 19:11:54.133333,13.945
17,2024-04-29 19:14:08.366667,2024-04-29 19:16:22.133333,2.229444433333333
17,2024-04-29 19:19:09.800000,2024-04-29 19:19:14.166667,0.07277778333333333
17,2024-04-29 19:19:15.933333,2024-04-29 19:39:02.066667,19.7688889
17,2024-04-30 12:55:45.366667,2024-04-30 12:55:45.866667,0.008333333333333333
17,2024-05-01 17:14:40.000000,2024-05-01 17:14:42.933333,0.048888883333333334
17,2024-05-01 17:14:51.700000,2024-05-02 16:37:02.266667,1402.1761111166668
17,2024-05-02 16:37:15.033333,2024-05-02 16:37:57.500000,0.7077777833333333
17,2024-05-02 16:37:58.166667,2024-05-02 16:38:41.833333,0.7277777666666666
17,2024-05-02 16:38:42.200000,2024-05-02 16:38:42.700000,0.008333333333333333
17,2024-05-02 16:39:45.600000,2024-05-02 16:39:46.766667,0.01944445
17,2024-05-02 16:40:48.766667,2024-05-02 16:41:05.766667,0.2833333333333333
17,2024-05-02 16:42:45.766667,2024-05-02 16:42:53.966667,0.13666666666666666
17,2024-05-02 16:42:54.400000,2024-05-02 16:42:54.433333,0.00055555
17,2024-05-02 16:43:04.166667,2024-05-02 16:43:07.100000,0.048888883333333334
17,2024-05-02 16:43:22.933333,2024-05-02 16:43:31.966667,0.15055556666666667
17,2024-05-02 17:03:42.000000,2024-05-02 17:03:51.666667,0.16111111666666666
17,2024-05-02 17:03:53.700000,2024-05-02 17:04:01.733333,0.13388888333333335
17,2024-05-02 17:04:08.033333,2024-05-02 17:04:13.766667,0.09555556666666667
17,2024-05-02 17:04:27.333333,2024-05-02 17:05:00.333333,0.55
17,2024-05-02 17:10:31.366667,2024-05-02 17:10:34.733333,0.0561111
17,2024-05-02 17:10:46.033333,2024-05-02 17:10:46.533333,0.008333333333333333
17,2024-05-02 17:11:05.900000,2024-05-02 17:11:06.400000,0.008333333333333333
17,2024-05-02 17:11:09.633333,2024-05-02 17:11:10.466667,0.013888900000000001
17,2024-05-02 17:12:43.466667,2024-05-02 17:12:57.166667,0.22833333333333333
17,2024-05-02 17:12:59.533333,2024-05-02 17:14:20.500000,1.34944445
17,2024-05-02 18:18:49.166667,2024-05-02 18:41:05.266667,22.26833333333333
17,2024-05-03 18:18:12.000000,2024-05-13 15:19:59.200000,14221.786666666665
17,2024-05-18 16:09:57.833333,2024-05-18 16:09:58.333333,0.008333333333333333
17,2024-05-18 18:42:11.800000,2024-05-19 16:06:08.233333,1283.94055555
17,2024-05-19 16:06:48.400000,2024-05-19 18:10:48.333333,123.99888888333334
17,2024-05-20 10:15:12.133333,2024-05-20 12:26:51.133333,131.65
17,2024-05-20 12:28:15.666667,2024-05-20 13:45:26.566667,77.18166666666666
17,2024-05-20 13:46:31.700000,2024-05-20 14:07:18.600000,20.78166666666667
17,2024-05-20 14:08:33.133333,2024-05-20 14:26:43.133333,18.166666666666668
17,2024-05-20 14:28:46.300000,2024-05-20 14:31:32.133333,2.7638888833333337
17,2024-05-20 14:34:07.600000,2024-05-20 14:36:01.200000,1.8933333333333333
17,2024-05-20 14:37:54.300000,2024-05-20 16:48:59.233333,131.08222221666668
17,2024-05-20 16:50:42.800000,2024-05-20 17:10:59.666667,20.28111111666667
17,2024-05-20 17:13:04.833333,2024-05-20 18:10:06.300000,57.024444450000004
17,2024-05-20 18:54:06.466667,2024-05-20 18:54:10.033333,0.05944443333333334
17,2024-05-20 18:56:13.966667,2024-05-21 08:39:25.533333,823.1927777666666
17,2024-05-21 08:39:28.200000,2024-05-21 08:55:18.033333,15.830555550000001
17,2024-05-21 08:56:02.066667,2024-05-21 09:48:30.033333,52.4661111
17,2024-05-21 09:49:15.866667,2024-05-21 09:49:19.000000,0.05222221666666667
17,2024-05-21 09:50:04.200000,2024-05-21 10:30:20.600000,40.27333333333333
17,2024-05-21 10:31:40.633333,2024-05-21 10:37:56.166667,6.2588889000000005
17,2024-05-21 10:38:31.233333,2024-05-21 10:38:34.366667,0.05222223333333333
17,2024-05-21 10:39:11.966667,2024-05-21 10:39:11.966667,0.0
17,2024-05-21 10:39:11.966667,2024-05-21 11:00:20.666667,21.145
17,2024-05-21 11:48:26.900000,2024-05-21 11:48:26.900000,0.0
17,2024-05-21 13:07:15.400000,2024-05-21 15:39:09.766667,151.90611111666666
17,2024-05-21 15:40:37.700000,2024-05-21 15:57:00.033333,16.372222216666668
17,2024-05-21 15:59:04.033333,2024-05-21 16:24:53.066667,25.817222233333332
17,2024-05-21 16:26:22.666667,2024-05-21 16:38:52.000000,12.488888883333335
17,2024-05-21 16:39:54.933333,2024-05-21 16:47:14.900000,7.3327777833333325
17,2024-05-21 16:48:08.766667,2024-05-21 17:07:24.866667,19.26833333333333
17,2024-05-21 17:08:26.766667,2024-05-21 17:14:45.500000,6.312222216666667
17,2024-05-21 17:16:15.000000,2024-05-21 17:22:38.266667,6.387777783333333
17,2024-05-21 17:23:48.433333,2024-05-22 10:06:51.000000,1003.0427777833333
17,2024-05-22 10:07:25.233333,2024-05-23 16:47:31.033333,1840.0966666666668
17,2024-05-23 16:47:42.333333,2024-05-24 08:02:08.366667,914.4338888999999
17,2024-05-24 12:53:15.566667,2024-05-24 17:55:31.433333,302.2644444333334
17,2024-05-24 17:55:51.466667,2024-05-24 18:20:29.866667,24.64
17,2024-05-24 18:21:16.300000,2024-05-26 17:23:24.966667,2822.1444444500003
17,2024-05-28 17:13:57.100000,2024-05-28 17:14:31.266667,0.56944445
17,2024-05-28 17:15:49.166667,2024-05-28 17:16:03.733333,0.24277776666666667
17,2024-05-28 17:16:13.800000,2024-05-28 17:16:20.300000,0.10833333333333334
17,2024-05-29 09:02:55.966667,2024-05-30 09:46:07.533333,1483.1927777666667
17,2024-05-30 09:49:16.700000,2024-05-30 09:49:44.566667,0.46444445
17,2024-05-30 09:49:50.066667,2024-05-30 14:48:18.800000,298.47888888333335
17,2024-05-31 09:33:02.266667,2024-05-31 09:33:02.766667,0.008333333333333333
17,2024-05-31 09:33:04.566667,2024-05-31 09:33:09.433333,0.0811111
17,2024-05-31 09:33:19.000000,2024-05-31 09:33:21.333333,0.03888888333333333
17,2024-05-31 09:33:37.533333,2024-05-31 09:33:38.033333,0.008333333333333333
17,2024-05-31 09:37:19.866667,2024-05-31 09:37:20.366667,0.008333333333333333
17,2024-05-31 09:37:37.133333,2024-05-31 09:37:37.900000,0.012777783333333332
17,2024-05-31 09:38:07.400000,2024-05-31 09:38:07.900000,0.008333333333333333
17,2024-05-31 09:38:35.866667,2024-05-31 09:38:36.366667,0.008333333333333333
17,2024-05-31 09:44:50.733333,2024-05-31 09:44:51.233333,0.008333333333333333
17,2024-05-31 09:45:37.833333,2024-05-31 09:46:22.200000,0.73944445
17,2024-05-31 09:51:11.100000,2024-05-31 11:12:52.900000,81.69666666666667
17,2024-05-31 11:13:16.600000,2024-06-01 18:50:55.366667,1897.6461111166668
17,2024-06-06 14:19:31.900000,2024-06-06 14:19:33.533333,0.027222216666666667
17,2024-06-06 14:45:14.833333,2024-06-06 14:45:17.333333,0.041666666666666664
18,2024-04-23 16:03:39.100000,2024-04-28 20:09:20.733333,7445.693888883334
18,2024-04-28 20:11:17.700000,2024-04-29 16:34:52.600000,1223.5816666666665
18,2024-04-29 16:37:25.866667,2024-04-29 16:44:00.400000,6.575555550000001
18,2024-04-29 16:47:32.833333,2024-04-29 16:55:04.800000,7.532777783333333
18,2024-04-29 16:56:09.600000,2024-04-29 17:11:23.200000,15.226666666666667
18,2024-04-29 17:12:49.900000,2024-04-29 17:24:35.633333,11.762222216666666
18,2024-04-29 17:25:40.100000,2024-04-29 17:31:09.600000,5.491666666666666
18,2024-04-29 17:32:08.533333,2024-04-29 17:32:08.600000,0.0011111166666666666
18,2024-04-29 17:32:09.000000,2024-04-29 17:47:59.633333,15.843888883333333
18,2024-04-29 17:51:34.066667,2024-04-29 17:59:04.266667,7.503333333333333
18,2024-04-29 18:01:32.933333,2024-04-29 18:05:31.933333,3.9833333333333334
18,2024-04-29 18:07:35.733333,2024-04-29 18:25:08.366667,17.543888900000002
18,2024-04-29 18:27:32.400000,2024-04-29 18:30:32.033333,2.9938888833333333
18,2024-04-29 19:18:04.066667,2024-04-29 19:18:26.200000,0.36888888333333336
18,2024-04-29 19:18:41.466667,2024-04-29 19:22:18.866667,3.6233333333333335
18,2024-04-29 19:23:22.000000,2024-04-29 19:23:41.666667,0.32777778333333335
18,2024-04-29 19:24:54.633333,2024-04-29 19:39:46.233333,14.860000000000001
18,2024-04-29 19:40:14.566667,2024-04-30 12:13:30.266667,993.2616666666667
18,2024-04-30 12:13:40.900000,2024-04-30 12:17:28.700000,3.796666666666667
18,2024-04-30 12:17:55.566667,2024-04-30 13:01:53.100000,43.95888888333333
18,2024-05-19 14:11:07.200000,2024-05-19 14:20:06.033333,8.98055555
18,2024-05-19 14:20:35.933333,2024-05-19 18:13:59.400000,233.39111111666668
18,2024-05-19 18:15:39.966667,2024-05-19 18:15:44.366667,0.07333333333333333
18,2024-05-20 09:06:52.400000,2024-05-20 11:31:06.766667,144.23944445
18,2024-05-20 11:32:59.500000,2024-05-20 13:07:57.100000,94.96000000000001
18,2024-05-20 13:09:23.933333,2024-05-20 13:11:44.533333,2.3433333333333333
18,2024-05-20 13:13:58.700000,2024-05-20 15:40:35.566667,146.61444445
18,2024-05-20 15:43:11.300000,2024-05-20 16:33:54.433333,50.718888883333335
18,2024-05-20 16:34:06.000000,2024-05-20 16:34:08.266667,0.037777783333333335
18,2024-05-20 16:36:32.333333,2024-05-20 16:38:44.233333,2.1983333333333333
18,2024-05-20 16:41:20.200000,2024-05-20 18:26:37.700000,105.29166666666667
18,2024-05-20 18:28:06.600000,2024-05-20 18:40:36.266667,12.49444445
18,2024-05-20 18:41:00.500000,2024-05-20 19:45:50.366667,64.83111111666666
18,2024-05-21 08:13:00.066667,2024-05-21 08:18:19.733333,5.327777766666667
18,2024-05-21 08:19:00.466667,2024-05-21 08:19:03.800000,0.05555555
18,2024-05-21 08:19:56.400000,2024-05-21 08:43:17.233333,23.34722221666667
18,2024-05-21 08:43:19.366667,2024-05-21 11:09:13.666667,145.905
18,2024-05-21 11:10:14.666667,2024-05-21 11:57:02.600000,46.79888888333333
18,2024-05-21 11:58:12.766667,2024-05-21 13:01:24.433333,63.19444443333334
18,2024-05-21 13:02:40.266667,2024-05-21 13:36:58.800000,34.30888888333333
18,2024-05-21 13:46:05.333333,2024-05-21 13:50:43.500000,4.636111116666667
18,2024-05-21 13:52:01.433333,2024-05-21 14:06:23.233333,14.363333333333333
18,2024-05-21 14:07:26.000000,2024-05-21 15:07:17.500000,59.858333333333334
18,2024-05-21 15:08:32.333333,2024-05-21 16:17:04.500000,68.53611111666667
18,2024-05-21 16:18:14.733333,2024-05-21 16:54:26.300000,36.192777783333334
18,2024-05-21 16:55:44.966667,2024-05-21 17:29:10.200000,33.420555549999996
18,2024-05-21 17:30:55.300000,2024-05-21 17:46:46.633333,15.85555555
18,2024-05-21 17:48:09.100000,2024-05-21 18:17:30.500000,29.35666666666667
18,2024-05-21 18:18:03.166667,2024-05-21 18:29:02.300000,10.985555549999999
18,2024-05-21 18:29:37.800000,2024-05-21 19:34:02.266667,64.40777778333333
18,2024-05-21 19:34:42.933333,2024-05-22 09:51:16.733333,856.5633333333334
18,2024-05-22 09:52:20.400000,2024-05-22 09:52:23.700000,0.055
18,2024-05-22 09:53:06.266667,2024-05-22 10:04:41.400000,11.58555555
18,2024-05-22 10:05:24.266667,2024-05-22 10:05:27.066667,0.04666666666666666
18,2024-05-22 10:06:07.766667,2024-05-22 10:25:18.833333,19.184444433333333
18,2024-05-22 10:26:36.133333,2024-05-22 10:28:55.966667,2.330555566666667
18,2024-05-22 10:29:50.200000,2024-05-22 10:31:33.100000,1.715
18,2024-05-22 10:32:30.500000,2024-05-22 12:35:44.400000,123.23166666666665
18,2024-05-22 12:35:57.700000,2024-05-22 12:54:35.900000,18.636666666666667
18,2024-05-22 12:55:03.066667,2024-05-22 13:01:18.133333,6.2511111
18,2024-05-22 13:01:26.600000,2024-05-22 13:07:47.166667,6.342777783333333
18,2024-05-22 13:08:02.266667,2024-05-22 18:00:22.633333,292.33944443333337
18,2024-05-22 18:00:38.666667,2024-05-22 18:00:42.800000,0.06888888333333335
18,2024-05-22 18:00:51.933333,2024-05-22 18:06:35.300000,5.722777783333333
18,2024-05-22 18:06:40.500000,2024-05-22 18:15:34.933333,8.907222216666666
18,2024-05-22 18:15:40.666667,2024-05-24 09:23:10.566667,2347.4983333333334
18,2024-05-24 09:23:21.533333,2024-05-24 11:50:54.933333,147.55666666666667
18,2024-05-24 11:51:07.833333,2024-05-24 12:07:39.200000,16.522777783333332
18,2024-05-24 12:09:42.833333,2024-05-24 16:52:44.866667,283.0338889
18,2024-05-24 16:52:50.400000,2024-05-24 16:52:52.733333,0.03888888333333333
18,2024-05-24 16:53:02.166667,2024-05-24 17:57:05.233333,64.0511111
18,2024-05-24 17:57:12.900000,2024-05-24 18:06:52.966667,9.667777783333333
18,2024-05-24 18:06:58.033333,2024-05-24 18:20:20.733333,13.378333333333334
18,2024-05-24 18:20:21.866667,2024-05-24 18:34:13.366667,13.858333333333333
18,2024-05-24 18:34:35.000000,2024-05-27 14:35:34.866667,4080.9977777833333
18,2024-05-27 14:55:08.033333,2024-05-27 15:01:08.766667,6.0122222333333335
18,2024-05-27 15:02:55.900000,2024-05-27 15:05:00.366667,2.07444445
18,2024-05-27 15:06:33.933333,2024-05-27 15:08:43.233333,2.1550000000000002
18,2024-05-27 15:17:39.233333,2024-05-27 15:33:12.266667,15.550555566666667
18,2024-05-27 15:39:07.833333,2024-05-27 16:31:02.066667,51.9038889
18,2024-05-27 16:31:19.166667,2024-05-27 17:29:17.333333,57.96944443333334
18,2024-05-27 17:29:40.466667,2024-05-27 17:50:58.666667,21.303333333333335
18,2024-05-27 18:20:59.366667,2024-05-27 19:43:23.700000,82.40555554999999
18,2024-05-27 19:44:13.066667,2024-05-27 19:44:23.266667,0.16999999999999998
18,2024-05-27 19:49:03.800000,2024-05-27 19:49:04.300000,0.008333333333333333
18,2024-05-27 19:49:06.033333,2024-05-27 19:49:11.533333,0.09166666666666666
18,2024-05-27 19:49:13.833333,2024-05-28 09:03:25.400000,794.1927777833333
18,2024-05-28 09:04:18.533333,2024-05-28 10:11:22.500000,67.06611111666668
18,2024-05-28 10:12:07.000000,2024-05-28 10:12:27.766667,0.34611111666666666
18,2024-05-28 11:08:01.566667,2024-05-28 11:08:07.300000,0.09555555
18,2024-05-28 11:19:53.600000,2024-05-28 13:50:07.966667,150.23944445
18,2024-05-28 13:50:48.700000,2024-05-28 14:06:31.900000,15.72
18,2024-05-28 14:06:59.166667,2024-05-28 14:32:11.500000,25.20555555
18,2024-05-28 14:34:48.133333,2024-05-28 14:35:00.333333,0.2033333333333333
18,2024-05-28 14:38:01.400000,2024-05-28 14:38:05.433333,0.06722221666666667
18,2024-05-28 14:41:05.066667,2024-05-28 14:41:33.166667,0.4683333333333334
18,2024-05-28 14:42:13.766667,2024-05-28 14:42:21.733333,0.13277776666666666
18,2024-05-28 14:54:21.766667,2024-05-28 14:54:30.000000,0.13722221666666667
18,2024-05-28 14:55:12.800000,2024-05-28 15:33:10.433333,37.96055555
18,2024-05-28 15:36:21.366667,2024-05-28 15:36:29.566667,0.13666666666666666
18,2024-05-28 15:49:29.166667,2024-05-28 15:49:29.666667,0.008333333333333333
18,2024-05-28 15:50:59.066667,2024-05-28 15:51:03.933333,0.0811111
18,2024-05-28 15:51:05.066667,2024-05-29 09:33:20.166667,1062.2516666666666
18,2024-05-29 12:12:27.500000,2024-05-29 12:12:39.200000,0.19499999999999998
18,2024-05-29 15:29:41.266667,2024-05-29 15:29:41.733333,0.007777766666666667
18,2024-05-29 15:31:03.166667,2024-05-29 15:31:10.000000,0.11388888333333333
18,2024-05-29 15:33:51.366667,2024-05-29 15:42:37.133333,8.762777766666666
18,2024-05-29 15:48:26.600000,2024-05-29 15:48:30.666667,0.06777778333333333
18,2024-05-29 15:48:31.100000,2024-05-29 15:48:35.033333,0.06555555
18,2024-05-29 15:48:37.966667,2024-05-29 16:40:37.800000,51.997222216666664
18,2024-05-29 16:42:48.800000,2024-05-29 16:47:32.933333,4.73555555
18,2024-05-30 09:44:33.666667,2024-05-30 09:44:34.166667,0.008333333333333333
18,2024-05-30 09:47:33.600000,2024-05-30 09:54:06.700000,6.551666666666667
18,2024-05-30 09:56:21.633333,2024-05-30 09:56:45.500000,0.3977777833333333
18,2024-05-30 09:56:46.200000,2024-05-30 09:56:54.466667,0.13777778333333332
18,2024-05-30 11:06:32.900000,2024-05-30 12:03:34.933333,57.03388888333333
18,2024-05-30 12:04:08.300000,2024-05-30 12:32:45.066667,28.612777783333335
18,2024-05-30 12:33:32.500000,2024-05-30 13:49:58.466667,76.43277778333332
18,2024-05-30 14:09:03.000000,2024-05-30 14:09:08.733333,0.09555555
18,2024-05-30 14:09:50.233333,2024-05-30 14:09:56.433333,0.10333333333333333
18,2024-05-30 14:53:00.733333,2024-05-30 15:10:59.666667,17.982222233333335
18,2024-05-30 15:58:22.500000,2024-05-30 15:58:35.300000,0.21333333333333335
18,2024-05-30 15:58:37.266667,2024-05-30 15:58:45.233333,0.13277776666666666
18,2024-05-30 16:06:38.200000,2024-05-30 16:19:14.433333,12.603888883333333
18,2024-05-30 16:19:54.900000,2024-05-30 16:20:05.633333,0.17888888333333333
18,2024-05-30 17:44:13.100000,2024-05-30 17:44:19.033333,0.09888888333333333
18,2024-05-30 17:48:13.833333,2024-05-30 17:48:16.233333,0.04
18,2024-05-30 17:48:50.466667,2024-05-30 17:48:52.600000,0.03555555
18,2024-05-30 17:49:05.566667,2024-05-30 18:08:26.733333,19.35277776666667
18,2024-05-30 18:09:36.300000,2024-05-30 18:09:48.566667,0.20444445
18,2024-05-31 10:28:06.733333,2024-05-31 11:15:02.966667,46.93722223333334
18,2024-05-31 11:15:24.200000,2024-06-04 10:35:10.766667,5719.7761111166665
18,2024-06-06 14:40:17.533333,2024-06-06 14:42:07.133333,1.8266666666666667
18,2024-06-06 14:45:27.133333,2024-06-06 14:46:49.000000,1.3644444500000001
19,2024-04-23 10:30:00.333333,2024-04-29 16:39:38.533333,9009.636666666665
19,2024-04-29 16:41:38.233333,2024-04-29 16:52:48.733333,11.175
19,2024-04-29 16:53:33.033333,2024-04-29 17:27:14.033333,33.68333333333333
19,2024-04-29 17:28:39.000000,2024-04-29 18:13:34.466667,44.92444445
19,2024-04-29 18:14:53.866667,2024-04-29 18:22:32.600000,7.64555555
19,2024-04-29 18:24:08.766667,2024-04-29 18:34:26.633333,10.297777766666666
19,2024-04-29 18:42:17.933333,2024-04-29 18:42:57.700000,0.6627777833333333
19,2024-04-29 18:44:44.166667,2024-04-29 18:46:32.066667,1.7983333333333333
19,2024-04-29 18:48:41.133333,2024-04-29 19:07:41.966667,19.013888899999998
19,2024-04-29 19:10:17.133333,2024-04-29 19:19:23.866667,9.112222233333334
19,2024-04-29 19:20:31.933333,2024-04-29 19:30:55.533333,10.393333333333334
19,2024-04-29 19:33:32.733333,2024-04-29 19:33:37.866667,0.08555556666666667
19,2024-04-29 19:38:03.700000,2024-04-29 19:40:25.166667,2.3577777833333333
19,2024-04-29 19:41:21.833333,2024-04-29 20:05:51.166667,24.4888889
19,2024-04-30 12:11:07.300000,2024-04-30 12:11:12.300000,0.08333333333333333
19,2024-04-30 12:11:14.233333,2024-04-30 12:55:31.833333,44.29333333333333
19,2024-04-30 12:55:43.133333,2024-04-30 12:55:48.933333,0.09666666666666666
19,2024-04-30 13:01:42.800000,2024-04-30 13:01:42.866667,0.0011111166666666666
19,2024-04-30 13:02:18.633333,2024-05-19 14:10:16.200000,27427.95944445
19,2024-05-19 14:11:03.433333,2024-05-19 15:54:20.500000,103.28444445
19,2024-05-19 15:56:03.566667,2024-05-19 17:34:28.166667,98.41000000000001
19,2024-05-19 17:35:27.266667,2024-05-20 09:36:56.700000,961.4905555500001
19,2024-05-20 09:38:26.900000,2024-05-20 11:08:23.466667,89.94277778333334
19,2024-05-20 11:09:09.166667,2024-05-20 12:22:39.200000,73.50055555
19,2024-05-20 12:49:12.833333,2024-05-20 13:38:29.566667,49.2788889
19,2024-05-20 13:38:31.066667,2024-05-20 13:55:09.300000,16.637222216666668
19,2024-05-20 13:56:12.466667,2024-05-20 14:14:23.400000,18.182222216666666
19,2024-05-20 14:16:06.900000,2024-05-20 14:22:44.333333,6.623888883333334
19,2024-05-20 14:25:04.666667,2024-05-20 14:31:23.200000,6.308888883333334
19,2024-05-20 14:31:44.966667,2024-05-20 14:54:49.066667,23.06833333333333
19,2024-05-20 14:56:31.366667,2024-05-20 16:33:19.100000,96.79555555
19,2024-05-20 16:33:44.066667,2024-05-20 16:36:54.766667,3.1783333333333332
19,2024-05-20 16:37:13.566667,2024-05-20 16:52:12.300000,14.978888883333333
19,2024-05-20 16:53:44.400000,2024-05-20 17:02:03.533333,8.318888883333333
19,2024-05-20 17:04:44.333333,2024-05-20 17:14:32.466667,9.802222233333334
19,2024-05-20 17:19:57.200000,2024-05-20 19:14:39.400000,114.70333333333333
19,2024-05-20 19:17:26.233333,2024-05-20 19:18:06.166667,0.6655555666666667
19,2024-05-20 19:19:24.266667,2024-05-21 08:41:33.500000,802.1538888833333
19,2024-05-21 08:42:11.866667,2024-05-21 08:42:15.300000,0.05722221666666667
19,2024-05-21 08:43:01.166667,2024-05-21 09:03:04.700000,20.058888883333335
19,2024-05-21 09:03:40.866667,2024-05-21 09:03:43.766667,0.04833333333333333
19,2024-05-21 09:04:17.166667,2024-05-21 09:15:43.000000,11.430555550000001
19,2024-05-21 09:16:25.066667,2024-05-21 09:16:28.366667,0.055
19,2024-05-21 09:17:14.566667,2024-05-21 09:34:42.333333,17.462777766666665
19,2024-05-21 09:35:30.700000,2024-05-21 09:35:34.066667,0.05611111666666667
19,2024-05-21 10:01:22.866667,2024-05-21 10:01:25.866667,0.05
19,2024-05-21 10:02:07.133333,2024-05-21 10:11:23.000000,9.264444450000001
19,2024-05-21 10:12:06.166667,2024-05-21 10:12:09.533333,0.0561111
19,2024-05-21 10:12:49.433333,2024-05-21 10:49:17.000000,36.45944445
19,2024-05-21 10:50:15.300000,2024-05-21 11:17:45.933333,27.51055555
19,2024-05-21 11:18:26.066667,2024-05-21 11:18:29.566667,0.058333333333333334
19,2024-05-21 11:19:19.100000,2024-05-21 11:39:30.533333,20.19055555
19,2024-05-21 11:40:57.500000,2024-05-21 12:06:11.500000,25.233333333333334
19,2024-05-21 12:07:36.900000,2024-05-21 12:18:18.133333,10.687222216666667
19,2024-05-21 12:19:35.766667,2024-05-21 12:27:46.933333,8.1861111
19,2024-05-21 12:29:02.300000,2024-05-21 12:31:46.133333,2.73055555
19,2024-05-21 12:32:48.666667,2024-05-21 12:40:32.100000,7.723888883333333
19,2024-05-21 12:41:05.133333,2024-05-21 13:07:24.866667,26.3288889
19,2024-05-21 13:07:42.033333,2024-05-21 13:25:32.200000,17.836111116666665
19,2024-05-21 13:26:32.700000,2024-05-21 13:58:00.400000,31.461666666666666
19,2024-05-21 13:58:59.733333,2024-05-21 14:17:05.666667,18.098888900000002
19,2024-05-21 14:18:37.033333,2024-05-21 14:28:15.533333,9.641666666666667
19,2024-05-21 14:29:35.233333,2024-05-21 16:10:08.300000,100.55111111666666
19,2024-05-21 16:11:46.433333,2024-05-21 17:36:21.766667,84.5888889
19,2024-05-21 17:37:20.466667,2024-05-21 18:03:37.033333,26.276111099999998
19,2024-05-21 18:04:27.966667,2024-05-21 18:06:14.933333,1.7827777666666667
19,2024-05-21 18:06:52.800000,2024-05-21 18:57:19.466667,50.44444445
19,2024-05-21 18:58:05.900000,2024-05-21 18:58:09.333333,0.05722221666666667
19,2024-05-21 18:59:03.633333,2024-05-21 19:16:33.966667,17.505555566666665
19,2024-05-21 19:17:31.800000,2024-05-21 19:17:32.833333,0.01722221666666667
19,2024-05-21 19:19:18.300000,2024-05-21 19:45:44.333333,26.433888883333335
19,2024-05-21 19:46:51.100000,2024-05-21 19:46:54.166667,0.051111116666666664
19,2024-05-21 19:48:20.566667,2024-05-22 09:42:01.500000,833.6822222166667
19,2024-05-22 09:42:13.366667,2024-05-22 10:15:11.300000,32.96555555
19,2024-05-22 10:15:50.366667,2024-05-22 10:17:31.100000,1.6788888833333333
19,2024-05-22 10:18:23.400000,2024-05-22 10:22:49.433333,4.433888883333334
19,2024-05-22 10:23:43.800000,2024-05-22 10:45:20.033333,21.603888883333333
19,2024-05-22 10:47:06.166667,2024-05-22 12:13:37.166667,86.51666666666667
19,2024-05-22 12:13:52.433333,2024-05-22 13:43:19.200000,89.44611111666667
19,2024-05-22 13:43:28.666667,2024-05-22 13:43:28.666667,0.0
19,2024-05-22 13:50:17.733333,2024-05-22 15:45:39.100000,115.35611111666667
19,2024-05-22 15:45:57.600000,2024-05-22 16:14:22.633333,28.41722221666667
19,2024-05-22 16:14:29.333333,2024-05-22 16:19:11.766667,4.707222233333334
19,2024-05-22 16:19:17.333333,2024-05-22 17:17:00.900000,57.726111116666665
19,2024-05-22 17:17:07.200000,2024-05-22 18:00:12.200000,43.083333333333336
19,2024-05-22 18:00:18.933333,2024-05-22 18:06:46.300000,6.4561111166666665
19,2024-05-22 18:08:17.800000,2024-05-23 13:58:59.733333,1190.6988888833332
19,2024-05-23 13:59:16.466667,2024-05-23 16:35:20.833333,156.07277776666666
19,2024-05-23 16:35:37.733333,2024-05-23 19:16:16.066667,160.6388889
19,2024-05-23 19:16:17.700000,2024-05-24 10:17:25.366667,901.1277777833333
19,2024-05-24 10:17:34.900000,2024-05-24 10:29:03.266667,11.472777783333333
19,2024-05-24 10:29:07.700000,2024-05-24 10:30:22.033333,1.2388888833333334
19,2024-05-24 10:30:26.333333,2024-05-24 10:33:04.333333,2.6333333333333333
19,2024-05-24 10:33:08.533333,2024-05-24 11:26:00.700000,52.869444449999996
19,2024-05-24 11:26:06.666667,2024-05-24 12:07:08.500000,41.03055555
19,2024-05-24 12:07:12.766667,2024-05-24 12:07:19.666667,0.115
19,2024-05-24 12:07:29.666667,2024-05-24 12:07:55.300000,0.42722221666666665
19,2024-05-24 12:08:07.500000,2024-05-24 12:08:23.533333,0.2672222166666666
19,2024-05-24 12:08:43.833333,2024-05-24 12:18:50.866667,10.117222233333333
19,2024-05-24 12:18:54.966667,2024-05-24 12:19:11.233333,0.2711111
19,2024-05-24 12:19:23.500000,2024-05-24 14:22:34.633333,123.18555554999999
19,2024-05-24 14:22:42.666667,2024-05-24 15:56:10.100000,93.45722221666666
19,2024-05-24 15:56:16.333333,2024-05-24 17:56:11.900000,119.92611111666666
19,2024-05-24 17:56:15.633333,2024-05-24 17:56:19.133333,0.058333333333333334
19,2024-05-24 17:56:29.633333,2024-05-24 18:19:27.200000,22.95944445
19,2024-05-24 18:36:45.766667,2024-05-24 18:40:08.800000,3.3838888833333334
19,2024-05-24 18:41:00.866667,2024-05-24 19:12:02.200000,31.022222216666666
19,2024-05-24 19:12:07.300000,2024-05-25 17:20:46.733333,1328.6572222166665
19,2024-05-27 14:41:32.600000,2024-05-28 09:15:50.866667,1114.3044444500001
19,2024-05-28 09:16:22.266667,2024-05-28 11:44:40.966667,148.31166666666667
19,2024-05-28 11:44:58.766667,2024-05-28 12:29:40.966667,44.70333333333333
19,2024-05-28 12:30:07.933333,2024-05-28 13:05:02.033333,34.901666666666664
19,2024-05-28 13:05:51.300000,2024-05-28 13:05:59.500000,0.13666666666666666
19,2024-05-28 13:39:55.166667,2024-05-28 13:39:58.800000,0.06055555
19,2024-05-28 13:40:18.933333,2024-05-28 13:40:24.933333,0.1
19,2024-05-28 13:41:00.833333,2024-05-29 10:32:18.533333,1251.2949999999998
19,2024-05-29 10:32:29.266667,2024-05-29 10:32:29.733333,0.007777766666666667
19,2024-05-29 10:33:59.233333,2024-05-29 10:33:59.700000,0.007777783333333333
19,2024-05-29 10:37:48.866667,2024-05-29 10:37:49.333333,0.007777766666666667
19,2024-05-30 14:07:55.433333,2024-05-31 10:34:01.566667,1226.1022222333334
19,2024-05-31 10:37:49.100000,2024-05-31 10:37:49.566667,0.007777783333333333
19,2024-06-06 14:34:50.166667,2024-06-06 14:46:45.166667,11.916666666666666
19,2024-06-06 14:47:45.900000,2024-06-06 15:03:38.233333,15.872222216666668
20,2024-04-23 16:44:32.033333,2024-04-23 17:01:06.200000,16.56944445
20,2024-04-23 17:24:37.900000,2024-04-29 16:34:42.833333,8590.082222216666
20,2024-04-29 16:39:25.466667,2024-04-29 16:43:49.766667,4.405
20,2024-04-29 16:56:32.066667,2024-04-29 17:13:13.433333,16.689444433333332
20,2024-04-29 17:13:22.500000,2024-04-29 18:48:58.200000,95.595
20,2024-04-29 18:50:12.433333,2024-04-29 19:14:39.433333,24.45
20,2024-04-29 19:15:49.833333,2024-04-29 19:25:52.766667,10.0488889
20,2024-04-29 19:46:20.266667,2024-04-29 20:14:59.700000,28.657222216666664
20,2024-04-29 20:15:25.066667,2024-04-29 20:15:28.200000,0.05222221666666667
20,2024-04-30 12:40:30.466667,2024-04-30 12:45:36.200000,5.09555555
20,2024-04-30 13:15:08.666667,2024-04-30 15:13:43.833333,118.5861111
20,2024-04-30 15:13:47.333333,2024-04-30 15:43:35.333333,29.8
20,2024-04-30 15:43:54.133333,2024-04-30 15:55:16.600000,11.37444445
20,2024-05-02 08:11:33.233333,2024-05-02 09:16:00.900000,64.46111111666667
20,2024-05-02 09:16:11.500000,2024-05-02 10:39:48.200000,83.61166666666666
20,2024-05-02 10:39:54.433333,2024-05-02 10:46:47.233333,6.88
20,2024-05-02 10:46:47.666667,2024-05-03 13:11:26.800000,1584.6522222166668
20,2024-05-03 14:05:39.033333,2024-05-03 19:28:32.233333,322.88666666666666
20,2024-05-03 19:28:35.366667,2024-05-07 13:35:48.566667,5407.22
20,2024-05-07 13:35:55.533333,2024-05-08 13:00:11.033333,1404.2583333333334
20,2024-05-08 13:00:39.733333,2024-05-17 11:14:26.400000,12853.777777783334
20,2024-05-17 11:16:43.333333,2024-05-17 14:13:37.500000,176.90277778333333
20,2024-05-17 15:10:49.000000,2024-05-17 16:59:15.666667,108.44444445
20,2024-05-17 17:00:23.633333,2024-05-18 19:30:32.533333,1590.1483333333333
20,2024-05-18 19:31:03.433333,2024-05-19 13:45:05.100000,1094.0277777833332
20,2024-05-19 13:45:31.300000,2024-05-19 16:09:02.000000,143.51166666666668
20,2024-05-19 16:09:18.100000,2024-05-19 17:09:01.833333,59.72888888333333
20,2024-05-19 17:10:40.100000,2024-05-19 17:26:46.333333,16.103888883333333
20,2024-05-19 17:26:47.833333,2024-05-20 09:47:56.800000,981.14944445
20,2024-05-20 09:48:37.233333,2024-05-20 10:30:25.400000,41.80277778333333
20,2024-05-20 10:30:38.900000,2024-05-20 11:09:23.933333,38.750555549999994
20,2024-05-20 11:14:22.533333,2024-05-20 11:14:22.566667,0.0005555666666666667
20,2024-05-20 11:21:59.633333,2024-05-20 12:00:17.600000,38.29944445
20,2024-05-20 12:03:49.800000,2024-05-20 12:08:41.400000,4.86
20,2024-05-20 12:10:08.333333,2024-05-20 12:12:11.133333,2.0466666666666664
20,2024-05-20 12:13:51.333333,2024-05-20 12:31:09.366667,17.300555566666667
20,2024-05-20 12:32:58.700000,2024-05-20 12:32:58.700000,0.0
20,2024-05-20 12:34:19.600000,2024-05-20 12:34:53.200000,0.56
20,2024-05-20 12:37:58.266667,2024-05-20 12:39:54.533333,1.9377777666666667
20,2024-05-20 12:55:10.000000,2024-05-20 13:16:03.566667,20.892777783333333
20,2024-05-20 13:18:48.033333,2024-05-20 13:20:40.366667,1.8722222333333332
20,2024-05-20 13:22:52.466667,2024-05-20 13:25:04.133333,2.194444433333333
20,2024-05-20 13:27:33.333333,2024-05-20 13:29:12.033333,1.645
20,2024-05-20 13:31:53.566667,2024-05-20 13:33:55.800000,2.0372222166666667
20,2024-05-20 13:37:29.200000,2024-05-20 13:40:24.766667,2.9261111166666667
20,2024-05-20 13:42:51.000000,2024-05-20 13:49:26.766667,6.596111116666666
20,2024-05-20 13:51:10.033333,2024-05-20 13:58:19.600000,7.15944445
20,2024-05-20 14:00:16.666667,2024-05-20 14:17:51.933333,17.587777766666665
20,2024-05-20 14:28:47.833333,2024-05-20 15:11:55.133333,43.12166666666667
20,2024-05-20 15:13:38.000000,2024-05-20 15:13:38.000000,0.0
20,2024-05-20 15:36:15.666667,2024-05-20 16:24:56.633333,48.68277776666666
20,2024-05-20 17:52:37.466667,2024-05-20 18:45:00.100000,52.377222216666674
20,2024-05-20 18:45:14.900000,2024-05-20 19:41:21.200000,56.105000000000004
20,2024-05-20 19:45:38.100000,2024-05-21 08:10:03.500000,744.4233333333334
20,2024-05-21 08:10:08.066667,2024-05-21 11:27:51.366667,197.72166666666666
20,2024-05-21 11:29:15.366667,2024-05-21 11:42:28.833333,13.224444433333334
20,2024-05-21 11:52:28.666667,2024-05-21 12:37:48.700000,45.33388888333333
20,2024-05-21 12:38:40.633333,2024-05-21 12:41:19.833333,2.6533333333333333
20,2024-05-21 12:41:40.733333,2024-05-21 12:43:38.933333,1.97
20,2024-05-21 12:44:32.566667,2024-05-21 12:46:10.733333,1.6361111000000002
20,2024-05-21 12:47:16.166667,2024-05-21 12:49:27.833333,2.194444433333333
20,2024-05-21 12:51:10.833333,2024-05-21 13:23:41.466667,32.51055556666667
20,2024-05-21 13:24:02.266667,2024-05-21 14:27:38.966667,63.611666666666665
20,2024-05-21 14:28:07.366667,2024-05-21 16:35:00.200000,126.88055555
20,2024-05-21 16:36:00.200000,2024-05-21 16:36:16.066667,0.26444445
20,2024-05-21 16:36:59.200000,2024-05-21 17:02:33.600000,25.573333333333334
20,2024-05-21 17:03:01.833333,2024-05-21 17:03:24.933333,0.385
20,2024-05-21 17:03:49.000000,2024-05-21 17:05:37.133333,1.8022222166666666
20,2024-05-21 17:05:52.033333,2024-05-21 17:12:53.000000,7.016111116666666
20,2024-05-21 17:13:12.833333,2024-05-21 17:52:50.933333,39.635
20,2024-05-21 18:01:35.166667,2024-05-21 18:08:47.400000,7.203888883333334
20,2024-05-21 18:11:43.533333,2024-05-21 18:24:48.433333,13.081666666666667
20,2024-05-21 18:26:53.800000,2024-05-21 18:31:31.966667,4.636111116666667
20,2024-05-21 18:33:11.200000,2024-05-21 18:34:56.266667,1.7511111166666666
20,2024-05-21 18:38:02.300000,2024-05-21 18:39:42.733333,1.6738888833333334
20,2024-05-21 18:41:47.933333,2024-05-21 18:45:12.433333,3.408333333333333
20,2024-05-21 18:46:12.566667,2024-05-21 19:07:07.933333,20.922777766666666
20,2024-05-21 19:08:51.766667,2024-05-21 19:24:48.633333,15.947777766666666
20,2024-05-21 19:26:31.533333,2024-05-21 19:36:54.533333,10.383333333333333
20,2024-05-21 19:37:23.133333,2024-05-21 19:37:32.766667,0.16055556666666665
20,2024-05-21 19:55:05.233333,2024-05-21 19:55:06.033333,0.013333333333333334
20,2024-05-22 08:12:11.466667,2024-05-22 08:21:31.633333,9.3361111
20,2024-05-22 08:22:45.800000,2024-05-22 08:36:08.333333,13.37555555
20,2024-05-22 08:37:28.333333,2024-05-22 08:48:57.733333,11.49
20,2024-05-22 08:50:08.300000,2024-05-22 09:17:54.000000,27.761666666666667
20,2024-05-22 09:19:04.366667,2024-05-22 09:29:26.133333,10.362777766666666
20,2024-05-22 09:30:40.433333,2024-05-22 09:42:53.933333,12.225
20,2024-05-22 09:44:07.033333,2024-05-22 10:11:25.466667,27.307222233333334
20,2024-05-22 10:13:21.400000,2024-05-22 10:20:15.566667,6.902777783333334
20,2024-05-22 10:21:14.833333,2024-05-22 10:38:18.500000,17.061111116666666
20,2024-05-22 10:38:59.266667,2024-05-22 10:40:50.000000,1.84555555
20,2024-05-22 10:41:33.533333,2024-05-22 10:43:02.833333,1.4883333333333333
20,2024-05-22 10:43:56.666667,2024-05-22 10:53:38.600000,9.698888883333332
20,2024-05-22 10:56:25.533333,2024-05-22 10:57:45.333333,1.3299999999999998
20,2024-05-22 11:01:21.900000,2024-05-22 11:02:43.766667,1.3644444500000001
20,2024-05-22 11:04:57.366667,2024-05-22 11:06:23.500000,1.43555555
20,2024-05-22 11:08:43.466667,2024-05-22 11:10:10.166667,1.445
20,2024-05-22 11:15:42.133333,2024-05-22 11:28:37.700000,12.926111116666668
20,2024-05-22 11:29:18.800000,2024-05-22 11:42:28.666667,13.16444445
20,2024-05-22 11:43:48.066667,2024-05-22 11:48:58.633333,5.1761111
20,2024-05-22 11:50:22.100000,2024-05-22 11:57:44.700000,7.376666666666667
20,2024-05-22 11:58:46.066667,2024-05-22 12:05:12.133333,6.434444433333334
20,2024-05-22 12:06:34.100000,2024-05-22 12:13:56.400000,7.371666666666667
20,2024-05-22 12:15:05.733333,2024-05-22 12:20:06.366667,5.010555566666667
20,2024-05-22 12:21:22.233333,2024-05-22 12:28:34.033333,7.196666666666667
20,2024-05-22 12:29:31.600000,2024-05-22 12:36:03.066667,6.52444445
20,2024-05-22 12:37:28.300000,2024-05-22 12:48:17.000000,10.811666666666667
20,2024-05-22 12:49:21.533333,2024-05-22 12:55:08.433333,5.781666666666666
20,2024-05-22 12:56:36.666667,2024-05-22 13:01:30.166667,4.891666666666667
20,2024-05-22 13:02:32.100000,2024-05-22 13:08:06.300000,5.569999999999999
20,2024-05-22 13:09:28.133333,2024-05-22 13:20:43.033333,11.248333333333333
20,2024-05-22 13:21:49.333333,2024-05-22 13:29:57.900000,8.142777783333333
20,2024-05-22 13:31:07.166667,2024-05-22 13:31:08.000000,0.013888883333333333
20,2024-05-22 13:44:52.733333,2024-05-22 13:44:53.533333,0.013333333333333334
20,2024-05-22 14:42:41.500000,2024-05-22 14:47:37.866667,4.93944445
20,2024-05-22 14:48:34.900000,2024-05-22 15:05:57.966667,17.38444445
20,2024-05-22 15:25:07.033333,2024-05-22 15:46:03.633333,20.94333333333333
20,2024-05-22 15:48:17.833333,2024-05-22 16:03:33.333333,15.258333333333333
20,2024-05-22 16:05:35.700000,2024-05-22 16:09:53.366667,4.29444445
20,2024-05-22 16:11:18.366667,2024-05-22 16:14:32.466667,3.235
20,2024-05-22 16:15:26.133333,2024-05-22 16:19:20.600000,3.907777783333333
20,2024-05-22 16:20:09.033333,2024-05-22 16:22:16.133333,2.118333333333333
20,2024-05-22 16:23:13.466667,2024-05-22 16:25:52.000000,2.6422222166666667
20,2024-05-22 16:26:43.200000,2024-05-22 16:29:34.933333,2.8622222166666664
20,2024-05-22 16:31:06.966667,2024-05-22 16:33:31.300000,2.4055555500000003
20,2024-05-22 16:36:18.666667,2024-05-22 16:38:30.100000,2.19055555
20,2024-05-22 16:41:20.066667,2024-05-22 16:46:04.866667,4.746666666666667
20,2024-05-22 16:51:32.566667,2024-05-22 16:53:32.766667,2.0033333333333334
20,2024-05-22 16:57:13.000000,2024-05-22 16:57:26.600000,0.22666666666666666
20,2024-05-22 16:57:35.733333,2024-05-22 17:00:12.433333,2.6116666666666664
20,2024-05-22 17:04:49.866667,2024-05-22 17:09:24.866667,4.583333333333333
20,2024-05-22 17:14:18.233333,2024-05-22 17:17:11.466667,2.8872222333333335
20,2024-05-22 17:19:37.400000,2024-05-22 17:22:33.700000,2.9383333333333335
20,2024-05-22 17:25:04.300000,2024-05-22 17:27:25.266667,2.34944445
20,2024-05-22 17:28:51.700000,2024-05-22 17:30:51.066667,1.9894444500000001
20,2024-05-22 17:31:06.866667,2024-05-22 17:31:13.266667,0.10666666666666667
20,2024-05-22 17:36:42.066667,2024-05-22 17:38:32.833333,1.8461111000000001
20,2024-05-22 17:41:50.666667,2024-05-22 17:45:35.700000,3.75055555
20,2024-05-22 17:51:57.966667,2024-05-22 18:00:58.066667,9.001666666666667
20,2024-05-22 18:04:37.733333,2024-05-22 18:10:38.266667,6.0088889000000005
20,2024-05-22 18:13:34.266667,2024-05-22 18:15:45.333333,2.1844444333333333
20,2024-05-22 18:18:04.733333,2024-05-22 18:20:23.266667,2.3088889
20,2024-05-22 18:22:23.066667,2024-05-22 18:24:10.466667,1.79
20,2024-05-22 18:32:10.166667,2024-05-22 18:56:59.100000,24.81555555
20,2024-05-23 10:33:58.300000,2024-05-23 10:50:48.933333,16.84388888333333
20,2024-05-23 10:51:52.566667,2024-05-23 10:55:00.266667,3.128333333333333
20,2024-05-23 10:55:50.966667,2024-05-23 10:58:58.700000,3.128888883333333
20,2024-05-23 11:02:54.400000,2024-05-23 11:04:38.633333,1.7372222166666667
20,2024-05-23 11:07:02.233333,2024-05-23 11:29:55.800000,22.892777783333333
20,2024-05-23 11:29:57.833333,2024-05-23 11:31:14.866667,1.2838889
20,2024-05-23 11:32:20.266667,2024-05-23 11:33:25.333333,1.0844444333333334
20,2024-05-23 11:34:02.233333,2024-05-23 11:57:36.933333,23.578333333333333
20,2024-05-23 12:00:14.900000,2024-05-23 12:23:54.400000,23.658333333333335
20,2024-05-23 12:25:36.400000,2024-05-23 12:55:44.966667,30.142777783333333
20,2024-05-23 12:57:31.166667,2024-05-23 13:14:45.266667,17.235
20,2024-05-23 13:16:16.833333,2024-05-23 13:40:25.700000,24.147777783333332
20,2024-05-23 13:42:04.466667,2024-05-23 13:59:23.700000,17.320555549999998
20,2024-05-23 14:01:15.666667,2024-05-23 14:20:34.700000,19.317222216666668
20,2024-05-23 14:22:05.200000,2024-05-23 14:36:31.100000,14.431666666666667
20,2024-05-23 14:38:16.000000,2024-05-23 14:58:41.766667,20.429444450000002
20,2024-05-23 15:00:34.766667,2024-05-23 15:19:11.466667,18.611666666666668
20,2024-05-23 15:40:49.466667,2024-05-23 16:00:42.466667,19.883333333333333
20,2024-05-23 16:02:21.266667,2024-05-23 16:20:43.300000,18.36722221666667
20,2024-05-23 16:22:32.833333,2024-05-23 16:31:08.566667,8.595555566666667
20,2024-05-23 16:31:39.000000,2024-05-23 16:31:46.366667,0.12277778333333332
20,2024-05-23 16:32:19.266667,2024-05-23 16:47:46.266667,15.45
20,2024-05-24 08:24:14.466667,2024-05-24 08:26:40.566667,2.435
20,2024-05-24 08:26:56.433333,2024-05-24 08:36:27.133333,9.511666666666667
20,2024-05-24 08:37:10.066667,2024-05-24 08:43:23.133333,6.217777766666667
20,2024-05-24 08:43:51.133333,2024-05-24 09:02:48.433333,18.955
20,2024-05-24 09:03:19.700000,2024-05-24 09:03:23.233333,0.05888888333333333
20,2024-05-24 09:04:08.466667,2024-05-24 09:05:25.333333,1.2811111
20,2024-05-24 09:05:39.000000,2024-05-24 09:10:23.066667,4.73444445
20,2024-05-24 09:10:36.266667,2024-05-24 09:23:24.933333,12.8111111
20,2024-05-24 09:24:52.200000,2024-05-24 09:47:34.133333,22.698888883333332
20,2024-05-24 09:48:33.766667,2024-05-24 09:48:37.600000,0.06388888333333334
20,2024-05-24 09:49:19.133333,2024-05-24 09:53:41.333333,4.37
20,2024-05-24 09:54:37.700000,2024-05-24 09:56:53.733333,2.2672222166666667
20,2024-05-24 09:57:06.033333,2024-05-24 10:02:31.966667,5.432222233333333
20,2024-05-24 10:03:17.766667,2024-05-24 10:17:38.300000,14.342222216666666
20,2024-05-24 10:18:47.700000,2024-05-24 10:19:58.700000,1.1833333333333333
20,2024-05-24 10:22:04.700000,2024-05-24 10:22:59.133333,0.9072222166666666
20,2024-05-24 10:23:12.133333,2024-05-24 10:27:37.900000,4.42944445
20,2024-05-24 10:27:48.800000,2024-05-24 10:28:00.933333,0.20222221666666668
20,2024-05-24 10:28:30.866667,2024-05-24 10:29:12.766667,0.6983333333333334
20,2024-05-24 10:29:31.366667,2024-05-24 10:30:43.000000,1.1938888833333332
20,2024-05-24 10:30:58.100000,2024-05-24 10:31:34.433333,0.60555555
20,2024-05-24 10:31:57.266667,2024-05-24 10:37:06.033333,5.1461111
20,2024-05-24 10:51:00.200000,2024-05-24 11:08:28.033333,17.463888883333333
20,2024-05-24 11:09:47.566667,2024-05-24 11:26:22.600000,16.583888883333334
20,2024-05-24 11:27:51.300000,2024-05-24 11:42:06.066667,14.246111116666667
20,2024-05-24 11:43:40.000000,2024-05-24 11:44:59.633333,1.3272222166666665
20,2024-05-24 11:46:04.233333,2024-05-24 12:03:38.366667,17.5688889
20,2024-05-24 12:05:06.200000,2024-05-24 12:06:10.300000,1.0683333333333331
20,2024-05-24 12:06:46.233333,2024-05-24 12:14:04.600000,7.306111116666667
20,2024-05-24 12:14:50.533333,2024-05-24 12:19:29.166667,4.643888899999999
20,2024-05-24 12:20:26.800000,2024-05-24 12:22:50.900000,2.4016666666666664
20,2024-05-24 12:23:53.666667,2024-05-24 12:26:53.166667,2.9916666666666667
20,2024-05-24 12:27:44.100000,2024-05-24 12:29:37.566667,1.8911111166666668
20,2024-05-24 12:30:33.233333,2024-05-24 12:32:22.900000,1.8277777833333333
20,2024-05-24 12:36:49.000000,2024-05-24 12:38:47.466667,1.97444445
20,2024-05-24 12:50:24.700000,2024-05-24 12:52:11.433333,1.7788888833333334
20,2024-05-24 12:54:04.400000,2024-05-24 12:57:22.400000,3.3
20,2024-05-24 13:02:07.000000,2024-05-24 13:04:12.900000,2.0983333333333336
20,2024-05-24 13:08:04.600000,2024-05-24 13:11:04.733333,3.0022222166666666
20,2024-05-24 13:12:36.900000,2024-05-24 13:14:51.366667,2.2411111166666666
20,2024-05-24 13:16:12.900000,2024-05-24 13:18:32.100000,2.32
20,2024-05-24 13:20:35.600000,2024-05-24 13:22:50.100000,2.2416666666666667
20,2024-05-24 13:28:01.900000,2024-05-24 13:28:45.600000,0.7283333333333334
20,2024-05-24 13:29:03.166667,2024-05-24 13:31:03.166667,2.0
20,2024-05-24 13:32:41.666667,2024-05-24 13:34:59.300000,2.293888883333333
20,2024-05-24 13:41:15.133333,2024-05-24 13:42:58.300000,1.7194444500000001
20,2024-05-24 13:53:01.300000,2024-05-24 14:05:49.933333,12.81055555
20,2024-05-24 14:07:19.400000,2024-05-24 14:22:45.133333,15.428888883333334
20,2024-05-24 14:25:10.566667,2024-05-24 14:37:01.700000,11.852222216666666
20,2024-05-24 14:38:25.133333,2024-05-24 14:57:00.466667,18.588888899999997
20,2024-05-24 14:58:53.566667,2024-05-24 15:30:10.166667,31.276666666666664
20,2024-05-24 15:31:43.466667,2024-05-24 15:56:18.633333,24.5861111
20,2024-05-24 16:31:57.333333,2024-05-24 16:32:47.733333,0.84
20,2024-05-24 16:33:16.000000,2024-05-24 16:35:47.133333,2.518888883333333
20,2024-05-24 16:36:24.133333,2024-05-24 16:53:05.966667,16.697222233333335
20,2024-05-24 16:54:39.400000,2024-05-24 16:55:05.266667,0.4311111166666667
20,2024-05-24 16:56:23.866667,2024-05-24 16:56:54.866667,0.5166666666666667
20,2024-05-24 16:59:28.100000,2024-05-24 17:00:04.400000,0.605
20,2024-05-24 17:02:20.733333,2024-05-24 17:03:39.366667,1.3105555666666668
20,2024-05-24 17:08:53.600000,2024-05-24 17:09:36.233333,0.71055555
20,2024-05-24 17:10:31.600000,2024-05-24 17:31:41.800000,21.17
20,2024-05-24 17:33:47.566667,2024-05-24 17:34:21.733333,0.5694444333333333
20,2024-05-24 17:35:28.666667,2024-05-24 18:01:50.333333,26.361111100000002
20,2024-05-24 18:02:51.533333,2024-05-24 18:21:40.800000,18.821111116666668
20,2024-05-24 18:22:02.833333,2024-05-24 18:22:17.133333,0.23833333333333334
20,2024-05-24 18:26:56.966667,2024-05-24 18:27:53.600000,0.9438888833333333
20,2024-05-24 18:42:55.400000,2024-05-24 18:45:21.833333,2.44055555
20,2024-05-24 18:45:37.100000,2024-05-24 18:58:56.033333,13.31555555
20,2024-05-24 18:59:10.400000,2024-05-24 19:04:05.733333,4.9222222166666665
20,2024-05-24 19:04:07.333333,2024-05-24 19:12:12.300000,8.082777783333333
20,2024-05-25 08:34:39.900000,2024-05-25 09:13:24.233333,38.73888888333333
20,2024-05-25 09:13:53.733333,2024-05-25 09:14:29.200000,0.5911111166666667
20,2024-05-25 09:14:43.300000,2024-05-25 09:15:30.100000,0.7799999999999999
20,2024-05-25 09:16:07.433333,2024-05-25 09:16:11.033333,0.060000000000000005
20,2024-05-25 09:16:40.900000,2024-05-25 09:19:06.866667,2.4327777833333335
20,2024-05-25 09:19:18.833333,2024-05-25 09:20:59.433333,1.6766666666666665
20,2024-05-25 09:21:11.066667,2024-05-25 09:27:12.966667,6.031666666666666
20,2024-05-25 09:27:27.766667,2024-05-25 09:37:56.066667,10.471666666666666
20,2024-05-25 09:39:01.900000,2024-05-25 10:08:03.333333,29.02388888333333
20,2024-05-25 10:08:55.733333,2024-05-25 10:11:15.100000,2.3227777833333336
20,2024-05-25 10:14:14.966667,2024-05-25 10:15:10.466667,0.925
20,2024-05-25 10:15:32.800000,2024-05-25 10:16:54.466667,1.3611111166666667
20,2024-05-25 10:17:10.833333,2024-05-25 10:18:01.266667,0.8405555666666668
20,2024-05-25 10:18:25.733333,2024-05-25 10:19:13.733333,0.8
20,2024-05-25 10:19:23.800000,2024-05-25 10:19:24.666667,0.01444445
20,2024-05-25 11:07:26.633333,2024-05-25 11:07:28.066667,0.023888899999999998
20,2024-05-25 11:07:40.233333,2024-05-25 11:08:53.133333,1.215
20,2024-05-25 11:09:06.433333,2024-05-25 11:11:46.866667,2.6738889
20,2024-05-25 11:12:44.933333,2024-05-25 11:15:12.766667,2.4638889
20,2024-05-25 11:21:17.466667,2024-05-25 11:24:58.700000,3.6872222166666666
20,2024-05-25 11:25:14.700000,2024-05-25 11:26:52.866667,1.6361111166666666
20,2024-05-25 11:28:07.433333,2024-05-25 11:30:22.166667,2.245555566666667
20,2024-05-25 11:33:29.833333,2024-05-25 11:34:16.700000,0.7811111166666667
20,2024-05-25 11:34:24.166667,2024-05-25 11:34:27.800000,0.06055555
20,2024-05-25 11:34:30.000000,2024-05-25 11:35:59.066667,1.48444445
20,2024-05-25 11:37:32.133333,2024-05-25 11:42:01.866667,4.495555566666667
20,2024-05-25 11:45:15.366667,2024-05-25 11:47:37.200000,2.3638888833333334
20,2024-05-25 11:52:15.700000,2024-05-25 11:54:22.000000,2.105
20,2024-05-25 11:57:10.666667,2024-05-25 11:59:44.400000,2.5622222166666666
20,2024-05-25 12:03:29.966667,2024-05-25 12:11:36.133333,8.102777766666668
20,2024-05-25 12:19:49.600000,2024-05-25 12:22:02.266667,2.2111111166666664
20,2024-05-25 12:25:01.033333,2024-05-25 12:27:18.533333,2.2916666666666665
20,2024-05-25 12:30:45.700000,2024-05-25 12:33:15.733333,2.50055555
20,2024-05-25 12:38:16.066667,2024-05-25 12:40:57.433333,2.6894444333333336
20,2024-05-25 12:42:18.033333,2024-05-25 12:44:04.300000,1.7711111166666667
20,2024-05-25 12:46:14.900000,2024-05-25 12:48:37.666667,2.3794444500000003
20,2024-05-25 12:50:26.766667,2024-05-25 12:52:10.633333,1.7311111
20,2024-05-25 12:56:05.900000,2024-05-25 12:59:13.766667,3.1311111166666667
20,2024-05-25 13:00:50.200000,2024-05-25 13:03:04.333333,2.23555555
20,2024-05-25 13:06:15.666667,2024-05-25 13:07:14.466667,0.98
20,2024-05-25 13:11:05.100000,2024-05-25 13:26:45.200000,15.668333333333333
20,2024-05-25 13:28:26.633333,2024-05-25 13:44:30.833333,16.07
20,2024-05-25 13:48:12.766667,2024-05-25 14:08:10.300000,19.958888883333334
20,2024-05-25 14:11:01.133333,2024-05-25 14:33:42.166667,22.6838889
20,2024-05-26 12:12:23.600000,2024-05-26 12:13:13.233333,0.8272222166666666
20,2024-05-26 12:44:47.133333,2024-05-26 13:08:51.566667,24.0738889
20,2024-05-26 13:09:10.200000,2024-05-26 13:23:03.566667,13.889444450000001
20,2024-05-26 13:24:37.400000,2024-05-26 13:50:50.366667,26.216111116666664
20,2024-05-26 13:51:56.433333,2024-05-26 14:14:43.100000,22.77777778333333
20,2024-05-26 14:16:02.566667,2024-05-26 14:31:36.333333,15.562777766666667
20,2024-05-26 14:32:49.100000,2024-05-26 15:13:35.933333,40.78055555
20,2024-05-26 15:41:16.266667,2024-05-26 15:41:29.466667,0.22
20,2024-05-26 15:41:33.566667,2024-05-26 16:07:39.400000,26.09722221666667
20,2024-05-26 16:08:59.433333,2024-05-26 16:11:40.600000,2.6861111166666665
20,2024-05-26 16:11:56.666667,2024-05-26 16:31:33.066667,19.60666666666667
20,2024-05-26 16:35:14.200000,2024-05-26 16:36:31.900000,1.2950000000000002
20,2024-05-26 16:37:32.066667,2024-05-26 17:14:03.900000,36.53055555
20,2024-05-27 13:09:25.533333,2024-05-27 13:09:50.633333,0.41833333333333333
20,2024-05-27 13:09:57.100000,2024-05-27 13:09:59.766667,0.044444449999999996
20,2024-05-27 13:58:07.000000,2024-05-27 14:18:09.166667,20.036111116666667
20,2024-05-27 14:25:52.466667,2024-05-27 14:27:16.366667,1.3983333333333334
20,2024-05-27 14:34:21.766667,2024-05-27 15:09:01.433333,34.6611111
20,2024-05-27 15:09:04.466667,2024-05-27 15:14:30.333333,5.4311111
20,2024-05-27 15:14:42.466667,2024-05-27 15:23:32.900000,8.84055555
20,2024-05-27 15:24:14.400000,2024-05-27 15:30:52.733333,6.638888883333333
20,2024-05-27 15:31:53.400000,2024-05-27 15:53:04.166667,21.179444450000002
20,2024-05-27 15:54:04.066667,2024-05-27 16:17:43.466667,23.65666666666667
20,2024-05-27 16:18:56.133333,2024-05-27 16:24:36.800000,5.677777783333334
20,2024-05-27 16:25:50.833333,2024-05-27 16:26:26.700000,0.5977777833333333
20,2024-05-27 16:28:08.933333,2024-05-27 16:28:58.700000,0.82944445
20,2024-05-27 16:29:15.333333,2024-05-27 16:34:27.800000,5.2077777833333325
20,2024-05-27 16:35:22.833333,2024-05-27 16:38:29.266667,3.1072222333333333
20,2024-05-27 16:39:37.800000,2024-05-27 16:42:44.100000,3.105
20,2024-05-27 16:43:44.933333,2024-05-27 16:47:06.200000,3.3544444500000004
20,2024-05-27 16:48:09.633333,2024-05-27 16:51:45.400000,3.596111116666667
20,2024-05-27 16:52:48.633333,2024-05-27 16:56:01.900000,3.221111116666667
20,2024-05-27 16:59:05.766667,2024-05-27 17:03:09.600000,4.063888883333333
20,2024-05-27 17:06:32.266667,2024-05-27 17:06:49.600000,0.28888888333333335
20,2024-05-27 17:07:55.200000,2024-05-27 17:12:05.266667,4.167777783333333
20,2024-05-27 17:16:47.800000,2024-05-27 17:20:26.466667,3.64444445
20,2024-05-27 17:26:15.400000,2024-05-27 17:31:59.100000,5.7283333333333335
20,2024-05-27 17:38:14.400000,2024-05-27 17:40:58.966667,2.742777783333333
20,2024-05-27 17:49:02.233333,2024-05-27 17:53:06.433333,4.069999999999999
20,2024-05-27 17:57:24.533333,2024-05-27 18:00:19.466667,2.915555566666667
20,2024-05-27 18:09:32.500000,2024-05-27 18:14:36.666667,5.069444450000001
20,2024-05-27 18:20:01.966667,2024-05-27 18:22:23.233333,2.354444433333333
20,2024-05-27 18:23:28.500000,2024-05-27 18:26:10.866667,2.706111116666667
20,2024-05-27 18:37:17.466667,2024-05-27 18:40:21.633333,3.069444433333333
20,2024-05-27 18:46:25.733333,2024-05-27 18:56:37.366667,10.1938889
20,2024-05-27 19:18:21.266667,2024-05-27 19:24:47.933333,6.4444444333333335
20,2024-05-28 08:40:44.233333,2024-05-28 08:40:44.733333,0.008333333333333333
20,2024-05-28 08:40:50.300000,2024-05-28 08:40:50.800000,0.008333333333333333
20,2024-05-28 08:40:52.566667,2024-05-28 08:42:25.400000,1.5472222166666667
20,2024-05-28 08:42:29.933333,2024-05-28 08:42:57.366667,0.4572222333333333
20,2024-05-28 08:45:28.700000,2024-05-28 11:47:06.500000,181.63
20,2024-05-31 10:31:05.166667,2024-05-31 10:31:05.633333,0.007777766666666667
20,2024-06-01 12:02:27.100000,2024-06-01 12:02:27.600000,0.008333333333333333
20,2024-06-01 18:52:20.166667,2024-06-04 11:36:10.866667,3883.8450000000003
20,2024-06-06 13:03:43.133333,2024-06-06 13:03:43.633333,0.008333333333333333
20,2024-06-06 13:25:16.466667,2024-06-06 14:09:31.900000,44.25722221666667
20,2024-06-06 14:44:44.066667,2024-06-06 14:44:47.333333,0.054444433333333334
20,2024-06-06 14:48:00.200000,2024-06-06 14:49:14.533333,1.2388888833333334
21,2024-04-23 16:44:26.200000,2024-04-29 17:47:38.033333,8703.197222216668
21,2024-04-29 17:47:38.466667,2024-04-29 18:00:43.766667,13.088333333333333
21,2024-04-29 18:08:50.233333,2024-04-29 18:13:27.066667,4.6138889
21,2024-04-29 18:35:21.400000,2024-04-29 18:36:22.133333,1.0122222166666668
21,2024-04-30 13:22:19.133333,2024-04-30 14:32:02.433333,69.72166666666666
21,2024-04-30 14:32:20.033333,2024-04-30 15:45:09.300000,72.82111111666667
21,2024-04-30 15:46:04.200000,2024-05-01 14:35:50.066667,1369.76444445
21,2024-05-01 14:41:59.366667,2024-05-01 17:41:28.133333,179.47944443333333
21,2024-05-01 17:42:17.900000,2024-05-01 17:48:18.566667,6.011111116666667
21,2024-05-01 17:48:31.600000,2024-05-01 19:14:05.133333,85.55888888333334
21,2024-05-01 19:14:10.966667,2024-05-02 12:13:48.233333,1019.6211111
21,2024-05-02 16:45:36.433333,2024-05-02 16:56:20.800000,10.73944445
21,2024-05-02 16:59:17.833333,2024-05-02 16:59:45.433333,0.46
21,2024-05-02 17:01:49.400000,2024-05-02 17:14:25.800000,12.606666666666666
21,2024-05-02 17:15:59.666667,2024-05-02 17:23:53.633333,7.899444433333333
21,2024-05-02 17:26:55.366667,2024-05-02 17:27:34.266667,0.6483333333333333
21,2024-05-02 17:27:51.766667,2024-05-02 17:31:27.800000,3.60055555
21,2024-05-02 17:31:55.866667,2024-05-02 17:36:27.500000,4.527222216666667
21,2024-05-02 17:37:26.333333,2024-05-02 17:39:15.500000,1.81944445
21,2024-05-02 17:40:18.466667,2024-05-02 17:42:13.733333,1.9211111
21,2024-05-02 17:44:28.200000,2024-05-02 17:58:17.000000,13.813333333333333
21,2024-05-02 18:05:06.866667,2024-05-02 18:16:39.800000,11.548888883333332
21,2024-05-02 18:28:52.600000,2024-05-02 18:39:14.900000,10.371666666666666
21,2024-05-02 18:40:12.900000,2024-05-02 18:44:44.600000,4.528333333333333
21,2024-05-02 18:45:28.466667,2024-05-02 18:49:13.233333,3.7461111
21,2024-05-02 18:50:03.500000,2024-05-02 18:52:23.033333,2.32555555
21,2024-05-02 18:53:04.633333,2024-05-02 18:55:12.900000,2.1377777833333336
21,2024-05-02 18:55:52.666667,2024-05-02 19:23:42.866667,27.836666666666666
21,2024-05-02 19:24:58.200000,2024-05-02 19:26:59.000000,2.013333333333333
21,2024-05-02 19:27:52.700000,2024-05-02 19:34:17.233333,6.408888883333334
21,2024-05-03 10:04:06.166667,2024-05-03 10:06:40.333333,2.569444433333333
21,2024-05-03 10:07:35.366667,2024-05-03 10:10:18.900000,2.72555555
21,2024-05-03 10:11:05.466667,2024-05-03 10:19:50.100000,8.743888883333334
21,2024-05-03 10:22:58.200000,2024-05-03 10:47:21.966667,24.396111116666667
21,2024-05-03 10:49:13.366667,2024-05-03 12:29:11.033333,99.9611111
21,2024-05-03 12:31:24.366667,2024-05-03 12:31:57.700000,0.55555555
21,2024-05-03 12:32:18.300000,2024-05-03 12:32:41.266667,0.38277778333333334
21,2024-05-03 12:32:59.333333,2024-05-03 12:37:07.933333,4.1433333333333335
21,2024-05-03 12:38:13.433333,2024-05-03 12:38:51.833333,0.64
21,2024-05-03 12:39:15.700000,2024-05-03 12:46:33.100000,7.29
21,2024-05-03 12:46:56.233333,2024-05-03 12:50:09.800000,3.2261111166666665
21,2024-05-03 12:52:53.300000,2024-05-03 12:53:19.766667,0.4411111166666667
21,2024-05-03 13:11:21.300000,2024-05-03 13:16:29.833333,5.142222216666667
21,2024-05-03 13:17:52.566667,2024-05-03 13:20:29.766667,2.6199999999999997
21,2024-05-03 13:22:18.600000,2024-05-03 13:24:55.566667,2.6161111166666666
21,2024-05-03 13:31:44.133333,2024-05-03 13:37:26.433333,5.705
21,2024-05-03 13:39:47.000000,2024-05-03 13:48:00.866667,8.231111116666666
21,2024-05-03 14:47:32.000000,2024-05-03 14:49:16.766667,1.7461111166666667
21,2024-05-03 14:55:14.100000,2024-05-03 14:55:38.166667,0.40111111666666666
21,2024-05-03 14:57:37.166667,2024-05-03 15:01:28.133333,3.8494444333333333
21,2024-05-03 15:04:37.800000,2024-05-03 15:08:33.966667,3.9361111166666665
21,2024-05-03 15:10:35.566667,2024-05-03 15:13:58.533333,3.3827777666666665
21,2024-05-03 15:16:14.133333,2024-05-03 15:27:27.233333,11.218333333333334
21,2024-05-03 15:29:29.833333,2024-05-03 15:45:21.500000,15.861111116666667
21,2024-05-03 15:58:18.833333,2024-05-03 16:02:08.433333,3.8266666666666667
21,2024-05-03 16:05:47.066667,2024-05-03 16:05:54.233333,0.11944443333333334
21,2024-05-03 16:05:55.366667,2024-05-03 16:06:02.066667,0.11166666666666666
21,2024-05-03 16:06:03.500000,2024-05-03 16:06:16.000000,0.20833333333333334
21,2024-05-03 16:06:19.900000,2024-05-03 16:12:16.733333,5.947222216666666
21,2024-05-03 16:15:34.900000,2024-05-03 16:15:35.000000,0.0016666666666666668
21,2024-05-03 16:15:40.700000,2024-05-03 17:01:29.033333,45.80555555
21,2024-05-03 17:19:56.466667,2024-05-03 17:32:00.700000,12.07055555
21,2024-05-03 17:36:39.900000,2024-05-03 17:42:13.766667,5.56444445
21,2024-05-03 17:48:56.900000,2024-05-03 17:59:50.033333,10.88555555
21,2024-05-03 18:01:01.366667,2024-05-03 18:06:10.666667,5.155
21,2024-05-03 18:09:19.733333,2024-05-03 18:14:03.266667,4.725555566666667
21,2024-05-03 18:15:00.066667,2024-05-03 18:18:53.433333,3.8894444333333333
21,2024-05-03 18:20:02.100000,2024-05-03 18:30:38.100000,10.6
21,2024-05-06 11:17:05.366667,2024-05-06 11:18:01.366667,0.9333333333333333
21,2024-05-06 11:19:01.200000,2024-05-06 11:19:01.866667,0.011111116666666667
21,2024-05-06 11:19:01.966667,2024-05-06 11:19:02.466667,0.008333333333333333
21,2024-05-06 11:34:00.833333,2024-05-06 11:40:12.000000,6.186111116666667
21,2024-05-06 11:41:22.366667,2024-05-06 16:03:23.433333,262.01777776666665
21,2024-05-06 16:24:44.933333,2024-05-06 16:49:34.766667,24.830555566666664
21,2024-05-06 16:52:58.400000,2024-05-06 17:04:28.666667,11.50444445
21,2024-05-06 17:04:48.966667,2024-05-06 17:27:13.633333,22.411111100000003
21,2024-05-06 17:30:04.000000,2024-05-06 17:37:21.933333,7.298888883333333
21,2024-05-06 17:39:18.433333,2024-05-07 13:36:13.300000,1196.91444445
21,2024-05-07 13:40:07.533333,2024-05-07 13:48:08.533333,8.016666666666667
21,2024-05-07 13:50:38.733333,2024-05-07 13:50:40.866667,0.03555556666666667
21,2024-05-07 14:05:59.900000,2024-05-07 14:09:46.400000,3.775
21,2024-05-07 14:12:24.633333,2024-05-07 14:51:59.366667,39.5788889
21,2024-05-07 14:59:43.166667,2024-05-07 15:03:11.600000,3.4738888833333332
21,2024-05-07 15:08:53.200000,2024-05-07 15:21:29.233333,12.60055555
21,2024-05-07 15:23:16.600000,2024-05-07 15:32:22.300000,9.095
21,2024-05-07 15:34:51.466667,2024-05-07 16:15:31.466667,40.666666666666664
21,2024-05-07 16:17:00.500000,2024-05-07 16:17:07.800000,0.12166666666666666
21,2024-05-07 16:17:29.000000,2024-05-07 16:17:29.500000,0.008333333333333333
21,2024-05-07 16:17:30.800000,2024-05-07 19:29:10.833333,191.66722221666666
21,2024-05-07 19:29:29.133333,2024-05-07 19:39:31.400000,10.037777783333333
21,2024-05-07 19:40:22.466667,2024-05-07 19:41:41.033333,1.3094444333333333
21,2024-05-07 19:41:53.700000,2024-05-08 10:33:35.333333,891.6938888833333
21,2024-05-08 10:34:41.300000,2024-05-08 10:36:13.533333,1.5372222166666667
21,2024-05-08 10:36:45.866667,2024-05-08 10:42:58.833333,6.2161111
21,2024-05-08 10:48:00.300000,2024-05-08 10:48:02.300000,0.03333333333333333
21,2024-05-08 10:48:05.033333,2024-05-08 10:57:00.566667,8.925555566666667
21,2024-05-08 10:57:39.833333,2024-05-08 12:36:57.933333,99.30166666666668
21,2024-05-08 12:48:28.600000,2024-05-08 12:51:44.333333,3.2622222166666663
21,2024-05-08 12:52:26.800000,2024-05-08 12:56:52.200000,4.423333333333333
21,2024-05-08 12:58:50.700000,2024-05-08 13:02:12.433333,3.3622222166666664
21,2024-05-08 13:04:59.233333,2024-05-08 13:06:33.133333,1.5650000000000002
21,2024-05-08 13:06:52.033333,2024-05-08 13:10:31.400000,3.6561111166666667
21,2024-05-08 13:15:10.733333,2024-05-08 13:39:55.300000,24.742777783333334
21,2024-05-08 13:42:15.133333,2024-05-08 14:01:55.033333,19.665000000000003
21,2024-05-08 14:29:42.633333,2024-05-08 14:29:47.766667,0.08555556666666667
21,2024-05-08 14:29:54.166667,2024-05-08 14:29:58.833333,0.07777776666666666
21,2024-05-08 14:30:01.466667,2024-05-08 14:37:51.066667,7.826666666666667
21,2024-05-08 14:57:09.866667,2024-05-08 14:57:10.366667,0.008333333333333333
21,2024-05-08 15:16:19.233333,2024-05-12 14:33:50.466667,5717.520555566666
21,2024-05-13 14:34:09.366667,2024-05-13 14:34:09.866667,0.008333333333333333
21,2024-05-13 14:54:05.966667,2024-05-13 14:54:06.166667,0.0033333333333333335
21,2024-05-16 18:53:15.300000,2024-05-17 15:30:44.900000,1237.4933333333333
21,2024-05-17 15:30:54.200000,2024-05-17 15:30:57.100000,0.04833333333333333
21,2024-05-18 10:18:39.800000,2024-05-18 10:28:23.366667,9.726111116666667
21,2024-05-18 10:28:24.033333,2024-05-18 10:28:38.100000,0.23444445
21,2024-05-18 10:28:38.600000,2024-05-18 15:02:39.233333,274.01055555000005
21,2024-05-18 15:02:56.300000,2024-05-18 15:02:58.666667,0.03944445
21,2024-05-18 15:03:00.266667,2024-05-18 15:03:03.566667,0.055
21,2024-05-18 15:47:37.200000,2024-05-19 13:30:54.533333,1303.2888888833334
21,2024-05-19 13:30:55.333333,2024-05-19 14:15:54.900000,44.99277778333333
21,2024-05-19 14:16:39.466667,2024-05-19 16:36:20.833333,139.68944443333334
21,2024-05-19 16:37:08.933333,2024-05-19 17:22:12.200000,45.05444445
21,2024-05-19 17:22:23.733333,2024-05-19 17:25:02.300000,2.6427777833333335
21,2024-05-19 17:25:05.166667,2024-05-19 19:01:00.266667,95.91833333333334
21,2024-05-19 19:01:11.900000,2024-05-20 10:43:39.300000,942.4566666666667
21,2024-05-20 10:44:24.733333,2024-05-20 11:19:14.566667,34.83055556666667
21,2024-05-20 11:19:52.433333,2024-05-20 11:22:41.866667,2.8238889
21,2024-05-20 11:22:56.366667,2024-05-20 12:20:02.100000,57.09555555
21,2024-05-20 12:20:07.900000,2024-05-20 13:20:25.066667,60.28611111666667
21,2024-05-20 13:21:07.866667,2024-05-20 14:21:39.733333,60.5311111
21,2024-05-20 14:22:31.100000,2024-05-20 14:22:35.500000,0.07333333333333333
21,2024-05-20 14:22:41.233333,2024-05-20 14:40:47.133333,18.098333333333336
21,2024-05-20 14:40:51.900000,2024-05-20 14:41:28.000000,0.6016666666666667
21,2024-05-20 15:29:05.766667,2024-05-20 16:35:48.566667,66.71333333333334
21,2024-05-20 16:36:01.766667,2024-05-20 17:45:41.166667,69.65666666666667
21,2024-05-20 17:45:44.300000,2024-05-20 18:12:37.800000,26.891666666666666
21,2024-05-20 18:12:39.066667,2024-05-20 18:45:30.400000,32.85555555
21,2024-05-20 18:45:42.433333,2024-05-21 08:12:29.000000,806.7761111166667
21,2024-05-21 08:12:46.533333,2024-05-21 11:07:22.033333,174.59166666666667
21,2024-05-22 10:47:26.800000,2024-05-22 12:09:25.533333,81.97888888333334
21,2024-05-24 10:54:40.766667,2024-05-24 18:02:53.100000,428.20555555
21,2024-05-24 18:03:55.533333,2024-05-25 08:33:25.900000,869.5061111166667
21,2024-05-25 08:33:45.666667,2024-05-25 10:13:22.600000,99.61555555
21,2024-05-25 10:13:30.566667,2024-05-25 11:41:19.600000,87.81722221666668
21,2024-05-25 11:41:31.800000,2024-05-25 12:30:54.633333,49.380555550000004
21,2024-05-25 12:31:00.800000,2024-05-25 12:53:40.000000,22.653333333333332
21,2024-05-25 12:53:45.666667,2024-05-25 13:33:48.933333,40.05444443333333
21,2024-05-25 13:33:56.166667,2024-05-25 13:36:52.766667,2.9433333333333334
21,2024-05-25 13:37:01.900000,2024-05-25 13:40:16.000000,3.235
21,2024-05-25 13:40:24.166667,2024-05-25 14:06:35.000000,26.18055555
21,2024-05-25 14:06:41.366667,2024-05-25 16:03:03.166667,116.36333333333333
21,2024-05-25 16:03:08.900000,2024-05-25 16:30:27.866667,27.316111116666665
21,2024-05-25 16:30:37.933333,2024-05-25 16:50:08.666667,19.512222233333333
21,2024-05-25 16:50:14.500000,2024-05-26 12:44:33.166667,1194.3111111166666
21,2024-05-26 12:44:38.166667,2024-05-26 12:44:56.866667,0.31166666666666665
21,2024-05-26 12:45:13.466667,2024-05-26 12:54:48.466667,9.583333333333334
21,2024-05-26 12:54:57.333333,2024-05-26 13:17:52.966667,22.927222233333335
21,2024-05-26 13:17:57.500000,2024-05-26 14:08:07.833333,50.17222221666667
21,2024-05-26 14:08:17.933333,2024-05-26 14:31:40.666667,23.3788889
21,2024-05-26 14:31:46.166667,2024-05-26 14:54:09.833333,22.394444433333334
21,2024-05-26 14:54:14.600000,2024-05-26 15:00:15.500000,6.015
21,2024-05-26 15:00:20.033333,2024-05-26 15:36:01.566667,35.69222223333334
21,2024-05-26 15:36:06.066667,2024-05-26 16:01:29.900000,25.397222216666666
21,2024-05-26 16:01:35.666667,2024-05-26 16:11:23.833333,9.802777766666667
21,2024-05-26 16:11:28.766667,2024-05-26 16:14:02.566667,2.5633333333333335
21,2024-05-26 16:14:07.266667,2024-05-26 16:17:38.066667,3.5133333333333336
21,2024-05-26 16:17:45.333333,2024-05-26 16:28:43.233333,10.965
21,2024-05-26 16:28:48.733333,2024-05-26 16:37:32.666667,8.732222233333333
21,2024-05-26 16:37:37.600000,2024-05-26 16:55:34.300000,17.945
21,2024-05-26 16:55:40.233333,2024-05-26 16:58:18.566667,2.6388889
21,2024-05-26 16:58:23.266667,2024-05-26 17:33:20.166667,34.94833333333334
21,2024-05-26 17:33:30.266667,2024-05-26 18:32:51.533333,59.354444433333335
21,2024-05-26 18:32:56.766667,2024-05-26 19:33:29.800000,60.55055555
21,2024-05-26 19:33:41.366667,2024-05-27 14:10:30.233333,1116.8144444333334
21,2024-05-27 14:10:35.933333,2024-05-27 15:33:21.833333,82.765
21,2024-05-27 15:33:26.633333,2024-05-27 19:05:36.033333,212.15666666666667
21,2024-05-27 19:05:42.700000,2024-05-27 19:05:44.700000,0.03333333333333333
21,2024-05-27 19:05:51.000000,2024-05-28 09:30:57.000000,865.1
21,2024-05-28 09:31:03.866667,2024-05-28 09:38:24.333333,7.3411111
21,2024-05-28 09:38:31.300000,2024-05-28 10:11:57.466667,33.436111116666666
21,2024-05-28 10:12:04.500000,2024-05-28 10:12:10.433333,0.09888888333333333
21,2024-05-28 10:12:22.000000,2024-05-28 11:13:03.400000,60.690000000000005
21,2024-05-28 11:25:27.200000,2024-05-28 12:05:53.900000,40.445
21,2024-05-28 12:05:58.200000,2024-05-31 10:39:45.600000,4233.79
21,2024-06-06 12:13:38.066667,2024-06-06 14:41:50.766667,148.21166666666667
22,2024-04-23 14:51:27.900000,2024-04-29 17:40:49.400000,8809.358333333334
22,2024-04-29 17:40:58.966667,2024-04-30 15:07:57.166667,1286.97
22,2024-04-30 15:08:12.233333,2024-05-02 16:54:17.500000,2986.087777783333
22,2024-05-02 16:55:55.866667,2024-05-02 17:29:28.800000,33.54888888333333
22,2024-05-02 17:31:13.933333,2024-05-02 19:21:15.366667,110.0238889
22,2024-05-02 19:21:43.533333,2024-05-02 19:21:56.100000,0.20944445
22,2024-05-02 19:22:13.733333,2024-05-02 19:22:26.000000,0.20444445
22,2024-05-02 19:22:35.933333,2024-05-02 19:22:40.000000,0.06777778333333333
22,2024-05-02 19:23:32.933333,2024-05-02 19:31:46.833333,8.231666666666666
22,2024-05-02 19:33:27.466667,2024-05-03 12:35:39.833333,1022.2061111
22,2024-05-03 12:35:57.966667,2024-05-03 12:36:16.133333,0.30277776666666667
22,2024-05-03 12:36:50.133333,2024-05-03 12:46:06.666667,9.275555566666666
22,2024-05-03 12:46:23.166667,2024-05-03 13:24:36.633333,38.22444443333333
22,2024-05-03 13:24:51.733333,2024-05-03 14:47:55.500000,83.06277778333333
22,2024-05-03 14:48:10.433333,2024-05-03 14:48:17.200000,0.11277778333333334
22,2024-05-03 14:49:08.800000,2024-05-03 15:04:56.800000,15.8
22,2024-05-03 15:05:45.566667,2024-05-03 16:55:40.400000,109.91388888333333
22,2024-05-03 16:55:40.933333,2024-05-03 16:55:56.433333,0.25833333333333336
22,2024-05-03 16:56:01.066667,2024-05-03 16:56:23.633333,0.37611110000000003
22,2024-05-03 16:56:30.066667,2024-05-03 16:56:34.233333,0.06944443333333333
22,2024-05-03 16:56:35.633333,2024-05-03 16:56:37.433333,0.030000000000000002
22,2024-05-03 16:56:37.533333,2024-05-03 16:57:04.266667,0.4455555666666667
22,2024-05-03 16:57:04.766667,2024-05-03 16:59:58.666667,2.8983333333333334
22,2024-05-03 17:00:03.566667,2024-05-03 19:17:38.500000,137.58222221666668
22,2024-05-06 16:35:32.466667,2024-05-06 16:42:50.200000,7.2955555500000004
22,2024-05-06 16:43:35.766667,2024-05-06 17:49:32.633333,65.94777776666666
22,2024-05-07 11:06:51.300000,2024-05-07 11:06:53.766667,0.04111111666666667
22,2024-05-07 11:08:07.666667,2024-05-07 11:12:36.866667,4.486666666666666
22,2024-05-07 11:13:17.733333,2024-05-07 11:13:20.266667,0.04222223333333333
22,2024-05-07 11:13:59.733333,2024-05-07 11:15:45.800000,1.7677777833333332
22,2024-05-07 11:17:51.200000,2024-05-07 11:17:55.333333,0.06888888333333335
22,2024-05-07 11:18:12.366667,2024-05-07 11:18:15.166667,0.04666666666666666
22,2024-05-07 11:19:44.300000,2024-05-07 11:20:12.000000,0.46166666666666667
22,2024-05-07 11:20:13.933333,2024-05-07 11:20:31.866667,0.29888889999999996
22,2024-05-07 11:21:52.600000,2024-05-07 11:24:14.833333,2.3705555499999997
22,2024-05-07 11:26:02.900000,2024-05-07 12:40:11.000000,74.135
22,2024-05-07 12:44:27.966667,2024-05-07 14:56:18.033333,131.83444443333332
22,2024-05-07 14:57:34.666667,2024-05-07 15:39:42.533333,42.1311111
22,2024-05-07 15:41:00.366667,2024-05-07 15:47:24.700000,6.40555555
22,2024-05-07 16:13:22.633333,2024-05-07 16:18:01.900000,4.65444445
22,2024-05-07 16:32:09.533333,2024-05-07 16:32:23.100000,0.22611111666666667
22,2024-05-07 16:32:56.133333,2024-05-07 16:33:08.266667,0.20222223333333333
22,2024-05-07 16:33:10.466667,2024-05-07 16:33:18.866667,0.14
22,2024-05-07 16:33:23.800000,2024-05-07 16:33:41.400000,0.29333333333333333
22,2024-05-07 16:33:42.833333,2024-05-07 16:34:47.666667,1.0805555666666666
22,2024-05-07 16:44:10.033333,2024-05-07 18:09:38.100000,85.46777778333333
22,2024-05-07 18:10:00.233333,2024-05-07 18:44:10.000000,34.16277778333333
22,2024-05-08 08:58:19.366667,2024-05-08 08:58:19.833333,0.007777766666666667
22,2024-05-08 12:43:55.600000,2024-05-08 13:09:39.600000,25.733333333333334
22,2024-05-08 13:09:43.700000,2024-05-08 13:43:19.633333,33.59888888333333
22,2024-05-08 13:44:06.800000,2024-05-08 14:07:27.266667,23.341111116666664
22,2024-05-08 14:35:24.866667,2024-05-08 14:35:29.766667,0.08166666666666668
22,2024-05-08 14:35:31.100000,2024-05-08 14:35:44.566667,0.22444445
22,2024-05-08 14:36:09.266667,2024-05-08 14:57:43.066667,21.563333333333333
22,2024-05-08 14:57:50.400000,2024-05-18 11:57:54.966667,14220.076111116667
22,2024-05-18 11:57:59.200000,2024-05-19 14:11:26.166667,1573.44944445
22,2024-05-19 14:11:27.600000,2024-05-19 14:33:22.333333,21.912222216666667
22,2024-05-19 14:33:22.900000,2024-05-19 17:06:08.800000,152.765
22,2024-05-19 17:07:04.400000,2024-05-20 18:12:58.466667,1505.9011111166667
22,2024-05-20 18:13:18.266667,2024-05-21 13:13:08.033333,1139.8294444333333
22,2024-05-21 13:45:06.866667,2024-05-22 09:50:45.633333,1205.6461110999999
22,2024-05-22 09:50:49.533333,2024-05-22 11:28:10.000000,97.34111111666667
22,2024-05-23 14:33:31.400000,2024-05-24 13:43:32.066667,1390.0111111166666
22,2024-05-24 13:43:48.833333,2024-05-24 16:07:39.533333,143.845
22,2024-05-24 16:07:40.633333,2024-05-24 16:07:52.766667,0.20222223333333333
22,2024-05-24 16:07:53.900000,2024-05-24 16:08:03.200000,0.155
22,2024-05-24 16:08:06.833333,2024-05-24 16:42:36.466667,34.4938889
22,2024-05-24 16:42:44.433333,2024-05-24 19:07:13.966667,144.49222223333334
22,2024-05-24 19:09:15.300000,2024-05-24 19:10:33.800000,1.3083333333333333
22,2024-05-24 19:11:41.466667,2024-05-24 19:13:27.666667,1.77
22,2024-05-24 19:14:33.500000,2024-05-24 19:16:10.100000,1.6099999999999999
22,2024-05-24 19:17:17.333333,2024-05-24 19:19:06.400000,1.8177777833333333
22,2024-05-24 19:22:22.733333,2024-05-24 19:24:07.866667,1.7522222333333335
22,2024-05-24 19:25:52.466667,2024-05-24 19:27:38.700000,1.77055555
22,2024-05-24 19:29:23.233333,2024-05-24 19:31:00.700000,1.62444445
22,2024-05-24 19:32:39.533333,2024-05-24 19:34:18.933333,1.6566666666666667
22,2024-05-24 19:36:12.933333,2024-05-24 19:37:51.333333,1.6400000000000001
22,2024-05-24 19:39:12.666667,2024-05-24 19:50:12.433333,10.9961111
22,2024-05-24 19:52:30.133333,2024-05-24 19:54:09.600000,1.6577777833333334
22,2024-05-24 19:56:30.200000,2024-05-24 19:58:21.366667,1.8527777833333334
22,2024-05-24 19:59:29.166667,2024-05-25 08:33:48.166667,754.3166666666667
22,2024-05-25 08:35:19.233333,2024-05-25 08:45:34.400000,10.252777783333332
22,2024-05-25 08:46:38.966667,2024-05-25 09:09:52.233333,23.221111099999998
22,2024-05-25 09:10:39.700000,2024-05-25 09:10:43.266667,0.059444449999999996
22,2024-05-25 09:11:22.900000,2024-05-25 09:34:55.033333,23.53555555
22,2024-05-25 09:35:51.433333,2024-05-25 09:35:54.633333,0.05333333333333334
22,2024-05-25 09:36:50.233333,2024-05-25 09:53:02.266667,16.200555566666665
22,2024-05-25 09:53:38.733333,2024-05-25 09:53:42.466667,0.062222233333333335
22,2024-05-25 09:54:36.333333,2024-05-25 10:13:33.100000,18.946111116666668
22,2024-05-25 10:14:34.233333,2024-05-25 10:14:37.533333,0.055
22,2024-05-25 10:15:16.533333,2024-05-25 10:31:07.633333,15.851666666666667
22,2024-05-25 10:31:45.966667,2024-05-25 10:36:40.633333,4.9111111
22,2024-05-25 10:58:30.233333,2024-05-25 10:58:33.633333,0.056666666666666664
22,2024-05-25 10:59:14.333333,2024-05-25 11:18:45.500000,19.519444449999998
22,2024-05-25 11:19:52.166667,2024-05-25 11:19:56.066667,0.065
22,2024-05-25 11:20:44.900000,2024-05-25 11:41:34.533333,20.827222216666666
22,2024-05-25 11:43:01.933333,2024-05-25 11:43:05.200000,0.05444445
22,2024-05-25 11:43:43.566667,2024-05-25 11:48:41.966667,4.973333333333333
22,2024-05-25 11:49:51.100000,2024-05-25 12:05:21.166667,15.501111116666667
22,2024-05-25 12:06:55.700000,2024-05-25 12:06:59.366667,0.061111116666666666
22,2024-05-25 12:07:51.033333,2024-05-25 12:12:00.166667,4.152222233333333
22,2024-05-25 12:12:59.866667,2024-05-25 12:13:03.066667,0.05333333333333334
22,2024-05-25 12:13:37.700000,2024-05-25 12:31:04.266667,17.442777783333334
22,2024-05-25 12:32:29.100000,2024-05-25 12:32:32.633333,0.05888888333333333
22,2024-05-25 12:33:26.300000,2024-05-25 12:53:48.533333,20.37055555
22,2024-05-25 12:55:14.733333,2024-05-25 12:55:18.533333,0.06333333333333332
22,2024-05-25 12:56:31.466667,2024-05-25 13:17:45.800000,21.238888883333335
22,2024-05-25 13:19:22.500000,2024-05-25 13:19:26.266667,0.06277778333333334
22,2024-05-25 13:20:11.933333,2024-05-25 13:20:46.000000,0.5677777833333334
22,2024-05-25 13:24:02.333333,2024-05-25 13:24:13.300000,0.18277778333333333
22,2024-05-25 13:25:48.533333,2024-05-25 13:25:59.366667,0.18055556666666667
22,2024-05-25 13:26:13.200000,2024-05-25 13:28:07.733333,1.9088888833333333
22,2024-05-25 13:29:20.900000,2024-05-25 13:31:06.633333,1.7622222166666668
22,2024-05-25 13:32:11.733333,2024-05-25 13:32:11.733333,0.0
22,2024-05-25 13:35:06.666667,2024-05-25 13:37:05.133333,1.9744444333333333
22,2024-05-25 13:38:22.766667,2024-05-25 13:40:26.233333,2.057777766666667
22,2024-05-25 13:45:46.833333,2024-05-25 13:45:55.533333,0.145
22,2024-05-25 13:46:33.433333,2024-05-25 13:46:51.766667,0.30555556666666667
22,2024-05-25 13:49:48.466667,2024-05-25 14:06:43.866667,16.923333333333332
22,2024-05-25 14:07:41.966667,2024-05-25 14:16:06.500000,8.408888883333335
22,2024-05-25 14:17:46.800000,2024-05-25 14:56:37.333333,38.84222221666666
22,2024-05-25 15:43:04.466667,2024-05-25 15:44:04.566667,1.0016666666666667
22,2024-05-25 15:44:24.533333,2024-05-25 16:03:12.266667,18.795555566666668
22,2024-05-25 16:05:04.700000,2024-05-25 16:30:40.800000,25.601666666666667
22,2024-05-25 16:32:41.866667,2024-05-25 16:50:17.166667,17.58833333333333
22,2024-05-25 16:52:35.133333,2024-05-25 17:07:58.033333,15.381666666666666
22,2024-05-26 12:18:12.533333,2024-05-26 12:22:02.833333,3.8383333333333334
22,2024-05-26 12:22:16.200000,2024-05-26 12:45:39.400000,23.386666666666667
22,2024-05-26 12:46:35.366667,2024-05-26 12:55:03.533333,8.469444433333333
22,2024-05-26 12:56:02.000000,2024-05-26 13:18:00.000000,21.966666666666665
22,2024-05-26 13:19:15.833333,2024-05-26 13:40:01.700000,20.76444445
22,2024-05-26 13:41:18.300000,2024-05-26 13:48:06.933333,6.81055555
22,2024-05-26 13:48:54.033333,2024-05-26 14:08:22.800000,19.479444450000003
22,2024-05-26 14:10:05.766667,2024-05-26 14:31:49.166667,21.723333333333336
22,2024-05-26 14:56:19.600000,2024-05-26 15:36:09.733333,39.83555555
22,2024-05-26 15:38:25.266667,2024-05-26 16:01:38.100000,23.213888883333333
22,2024-05-26 16:03:06.233333,2024-05-26 16:11:31.300000,8.417777783333333
22,2024-05-26 16:12:23.400000,2024-05-26 16:12:27.000000,0.060000000000000005
22,2024-05-26 16:13:09.233333,2024-05-26 16:14:11.233333,1.0333333333333334
22,2024-05-26 16:15:47.333333,2024-05-26 16:15:54.733333,0.12333333333333334
22,2024-05-26 16:17:21.233333,2024-05-26 16:17:48.833333,0.46
22,2024-05-26 16:18:05.866667,2024-05-26 16:19:59.066667,1.8866666666666667
22,2024-05-26 16:20:58.433333,2024-05-26 16:22:45.600000,1.7861111166666668
22,2024-05-26 16:23:55.333333,2024-05-26 16:25:44.800000,1.82444445
22,2024-05-26 16:26:49.966667,2024-05-26 16:28:53.000000,2.05055555
22,2024-05-26 16:31:32.366667,2024-05-26 16:31:46.033333,0.22777776666666666
22,2024-05-26 16:32:17.533333,2024-05-26 16:32:45.433333,0.46499999999999997
22,2024-05-26 16:32:56.566667,2024-05-26 16:37:39.766667,4.72
22,2024-05-26 16:41:30.433333,2024-05-26 16:41:37.366667,0.11555556666666668
22,2024-05-26 16:42:04.933333,2024-05-26 16:43:49.533333,1.7433333333333332
22,2024-05-26 16:46:44.466667,2024-05-26 16:47:07.933333,0.3911111
22,2024-05-26 16:47:30.733333,2024-05-26 16:49:13.366667,1.7105555666666667
22,2024-05-26 16:50:48.533333,2024-05-26 16:52:29.700000,1.6861111166666667
22,2024-05-26 16:53:43.566667,2024-05-26 16:55:42.666667,1.9849999999999999
22,2024-05-26 16:56:43.700000,2024-05-26 16:58:25.600000,1.6983333333333335
22,2024-05-26 16:59:26.633333,2024-05-26 17:01:15.500000,1.81444445
22,2024-05-26 17:02:12.433333,2024-05-26 17:04:03.866667,1.8572222333333335
22,2024-05-26 17:05:03.533333,2024-05-26 17:06:54.800000,1.85444445
22,2024-05-26 17:09:00.300000,2024-05-26 17:10:51.066667,1.8461111166666666
22,2024-05-26 17:13:41.833333,2024-05-26 17:15:22.233333,1.6733333333333333
22,2024-05-26 17:19:20.500000,2024-05-26 17:20:56.333333,1.5972222166666665
22,2024-05-26 17:25:21.466667,2024-05-26 17:27:15.400000,1.8988888833333335
22,2024-05-26 17:28:23.500000,2024-05-26 17:30:12.233333,1.8122222166666666
22,2024-05-26 17:31:34.566667,2024-05-26 17:33:33.366667,1.98
22,2024-05-26 17:35:39.233333,2024-05-26 17:37:29.233333,1.8333333333333333
22,2024-05-26 17:39:09.466667,2024-05-26 17:41:02.366667,1.8816666666666668
22,2024-05-26 17:42:42.566667,2024-05-26 17:44:35.600000,1.8838888833333334
22,2024-05-26 17:45:08.433333,2024-05-26 17:47:02.266667,1.8972222333333333
22,2024-05-26 17:48:58.233333,2024-05-26 17:50:48.300000,1.83444445
22,2024-05-26 17:53:06.366667,2024-05-26 17:54:50.033333,1.7277777666666667
22,2024-05-26 17:57:35.200000,2024-05-26 18:04:25.166667,6.8327777833333325
22,2024-05-26 18:08:10.600000,2024-05-26 18:09:46.066667,1.5911111166666667
22,2024-05-26 18:12:51.766667,2024-05-26 18:14:34.866667,1.7183333333333333
22,2024-05-26 18:21:38.366667,2024-05-26 18:32:59.400000,11.35055555
22,2024-05-26 18:34:22.000000,2024-05-26 18:58:07.300000,23.755
22,2024-05-26 18:59:58.933333,2024-05-26 19:15:25.900000,15.44944445
22,2024-05-26 19:16:55.166667,2024-05-26 19:16:59.200000,0.06722221666666667
22,2024-05-26 19:17:59.233333,2024-05-26 19:33:44.433333,15.753333333333334
22,2024-05-26 19:35:22.200000,2024-05-26 19:45:39.333333,10.28555555
22,2024-05-27 12:57:45.133333,2024-05-27 12:59:37.266667,1.8688889000000002
22,2024-05-27 13:29:38.600000,2024-05-27 13:29:53.033333,0.24055554999999998
22,2024-05-27 13:30:03.500000,2024-05-27 13:31:24.400000,1.3483333333333334
22,2024-05-27 13:31:28.233333,2024-05-27 13:31:30.433333,0.03666666666666667
22,2024-05-27 13:31:40.100000,2024-05-27 13:31:42.833333,0.04555555
22,2024-05-27 13:31:43.866667,2024-05-27 13:31:46.833333,0.049444433333333336
22,2024-05-27 13:31:48.066667,2024-05-27 13:31:52.533333,0.07444443333333334
22,2024-05-27 13:32:23.966667,2024-05-27 13:34:00.266667,1.605
22,2024-05-27 14:11:53.733333,2024-05-27 14:11:53.733333,0.0
22,2024-05-27 14:11:53.733333,2024-05-27 14:24:01.933333,12.136666666666667
22,2024-05-27 14:25:57.700000,2024-05-27 14:31:22.300000,5.41
22,2024-05-27 14:34:43.033333,2024-05-27 14:43:01.700000,8.311111116666668
22,2024-05-27 14:49:56.766667,2024-05-27 15:33:29.800000,43.55055555
22,2024-05-27 15:35:04.200000,2024-05-27 15:42:48.600000,7.739999999999999
22,2024-05-27 15:44:02.466667,2024-05-27 16:05:47.266667,21.746666666666666
22,2024-05-27 16:06:23.966667,2024-05-27 16:06:27.233333,0.054444433333333334
22,2024-05-27 16:07:20.000000,2024-05-27 16:15:08.566667,7.80944445
22,2024-05-27 16:16:01.733333,2024-05-27 16:36:27.400000,20.427777783333333
22,2024-05-27 16:37:40.733333,2024-05-27 16:37:40.766667,0.0005555666666666667
22,2024-05-27 17:04:02.466667,2024-05-27 17:10:08.633333,6.102777766666667
22,2024-05-27 17:11:34.566667,2024-05-27 17:11:34.633333,0.0011111
22,2024-05-27 17:21:44.500000,2024-05-27 17:23:40.966667,1.9411111166666666
22,2024-05-27 17:24:57.066667,2024-05-27 17:25:10.266667,0.22
22,2024-05-27 17:25:26.833333,2024-05-27 17:27:16.300000,1.82444445
22,2024-05-27 17:28:04.433333,2024-05-27 17:30:22.833333,2.3066666666666666
22,2024-05-27 17:31:22.133333,2024-05-27 17:33:23.466667,2.0222222333333333
22,2024-05-27 17:34:35.833333,2024-05-27 17:36:47.100000,2.1877777833333334
22,2024-05-27 17:39:12.866667,2024-05-27 17:41:03.733333,1.8477777666666666
22,2024-05-27 17:46:20.200000,2024-05-27 17:46:36.500000,0.27166666666666667
22,2024-05-27 17:46:59.566667,2024-05-27 17:48:38.766667,1.6533333333333333
22,2024-05-27 17:50:08.700000,2024-05-27 17:55:06.633333,4.96555555
22,2024-05-27 17:57:01.433333,2024-05-27 17:57:01.433333,0.0
22,2024-05-27 18:00:52.400000,2024-05-27 18:05:59.166667,5.112777783333333
22,2024-05-27 18:05:59.166667,2024-05-27 18:07:43.700000,1.7422222166666665
22,2024-05-27 18:10:39.033333,2024-05-27 18:12:25.866667,1.7805555666666666
22,2024-05-27 18:15:57.100000,2024-05-27 18:27:51.900000,11.913333333333332
22,2024-05-27 18:36:13.033333,2024-05-27 18:36:13.033333,0.0
22,2024-05-27 18:42:45.100000,2024-05-27 18:51:35.233333,8.83555555
22,2024-05-27 18:53:01.866667,2024-05-27 19:05:53.533333,12.861111099999999
22,2024-05-27 19:07:07.966667,2024-05-27 19:18:51.700000,11.728888883333333
22,2024-05-27 19:20:01.866667,2024-05-27 19:30:18.700000,10.28055555
22,2024-05-27 19:31:40.233333,2024-05-27 19:40:59.200000,9.316111116666667
22,2024-05-27 19:42:27.400000,2024-05-28 08:10:37.466667,748.1677777833333
22,2024-05-28 08:12:06.400000,2024-05-28 08:55:03.400000,42.95
22,2024-05-28 08:56:40.600000,2024-05-28 09:21:57.833333,25.287222216666667
22,2024-05-28 09:23:34.066667,2024-05-28 09:24:56.900000,1.38055555
22,2024-05-28 09:26:26.600000,2024-05-28 09:26:52.200000,0.4266666666666667
22,2024-05-28 09:27:10.700000,2024-05-28 09:31:06.233333,3.92555555
22,2024-05-28 09:32:13.733333,2024-05-28 09:35:00.133333,2.7733333333333334
22,2024-05-28 09:36:17.133333,2024-05-28 09:38:34.500000,2.28944445
22,2024-05-28 09:39:48.700000,2024-05-28 09:42:15.033333,2.4388888833333335
22,2024-05-28 09:47:45.500000,2024-05-28 09:48:29.300000,0.73
22,2024-05-28 09:49:57.600000,2024-05-28 09:49:57.600000,0.0
22,2024-05-28 09:49:57.600000,2024-05-28 09:50:05.333333,0.12888888333333334
22,2024-05-28 09:50:37.233333,2024-05-28 09:53:05.466667,2.470555566666667
22,2024-05-28 09:55:37.533333,2024-05-28 09:58:10.266667,2.5455555666666667
22,2024-05-28 09:59:42.266667,2024-05-28 10:01:45.300000,2.05055555
22,2024-05-28 10:07:55.466667,2024-05-28 10:12:27.466667,4.533333333333333
22,2024-05-28 10:13:22.900000,2024-05-28 10:22:12.766667,8.831111116666667
22,2024-05-28 10:24:18.033333,2024-05-28 10:31:44.366667,7.438888899999999
22,2024-05-28 10:33:41.266667,2024-05-28 10:54:32.033333,20.846111099999998
22,2024-05-28 10:55:26.300000,2024-05-28 10:55:29.900000,0.060000000000000005
22,2024-05-28 10:56:05.633333,2024-05-28 11:13:12.666667,17.117222233333333
22,2024-05-28 11:15:00.033333,2024-05-28 11:25:30.366667,10.505555566666667
22,2024-05-28 11:27:16.533333,2024-05-28 11:37:24.733333,10.136666666666667
22,2024-05-28 11:38:58.733333,2024-05-28 12:06:01.000000,27.037777783333336
22,2024-05-28 12:07:05.000000,2024-05-28 12:07:08.700000,0.06166666666666667
22,2024-05-28 12:07:45.666667,2024-06-06 15:18:49.166667,13151.058333333332
23,2024-04-23 10:21:57.500000,2024-04-29 16:31:40.800000,9009.721666666668
23,2024-04-29 16:32:07.700000,2024-04-29 17:49:37.433333,77.49555555
23,2024-04-29 18:51:34.666667,2024-04-30 13:00:14.066667,1088.6566666666668
23,2024-04-30 13:00:27.666667,2024-04-30 15:34:36.900000,154.15388888333334
23,2024-04-30 15:34:57.600000,2024-04-30 16:33:18.366667,58.34611111666666
23,2024-04-30 16:33:41.300000,2024-05-02 16:39:04.900000,2885.3933333333334
23,2024-05-02 16:39:51.366667,2024-05-02 16:41:45.166667,1.8966666666666667
23,2024-05-02 16:42:39.366667,2024-05-02 17:18:55.366667,36.266666666666666
23,2024-05-02 17:19:47.066667,2024-05-03 10:09:15.333333,1009.4711111
23,2024-05-07 13:05:05.166667,2024-05-08 12:49:23.000000,1424.2972222166668
23,2024-05-08 12:50:45.100000,2024-05-08 15:17:18.866667,146.56277778333333
23,2024-05-19 16:00:17.200000,2024-05-20 11:16:36.000000,1156.3133333333333
23,2024-05-20 11:17:20.700000,2024-05-20 13:21:22.266667,124.02611111666667
23,2024-05-20 13:21:58.400000,2024-05-20 14:41:33.900000,79.59166666666667
23,2024-05-20 14:41:47.966667,2024-05-22 09:34:52.733333,2573.0794444333337
23,2024-05-22 09:35:12.733333,2024-05-23 12:39:24.666667,1624.1988889
23,2024-05-23 12:39:36.100000,2024-05-23 14:16:45.800000,97.16166666666666
23,2024-05-23 14:16:57.533333,2024-05-23 16:13:06.433333,116.14833333333333
23,2024-05-23 16:13:15.266667,2024-05-23 17:30:28.533333,77.2211111
23,2024-05-23 17:30:36.533333,2024-05-23 17:59:37.400000,29.01444445
23,2024-05-23 17:59:39.300000,2024-05-24 08:09:58.866667,850.3261111166667
23,2024-05-24 08:10:03.500000,2024-05-24 08:21:43.000000,11.658333333333333
23,2024-05-24 08:21:44.966667,2024-05-24 11:08:27.233333,166.70444443333332
23,2024-05-24 11:08:29.766667,2024-05-24 11:13:33.733333,5.0661111
23,2024-05-24 11:13:34.666667,2024-05-24 15:30:45.166667,257.175
23,2024-05-24 15:30:48.800000,2024-05-24 15:30:58.166667,0.15611111666666666
23,2024-05-24 15:31:14.800000,2024-05-24 15:51:20.833333,20.100555550000003
23,2024-05-24 15:51:54.433333,2024-05-24 16:35:29.600000,43.586111116666665
23,2024-05-24 16:35:41.666667,2024-05-24 16:35:53.466667,0.19666666666666668
23,2024-05-24 16:35:59.233333,2024-05-24 16:36:06.800000,0.12611111666666666
23,2024-05-24 16:36:08.300000,2024-05-24 16:36:08.300000,0.0
23,2024-05-24 17:28:25.566667,2024-05-24 18:03:06.533333,34.68277776666666
23,2024-05-25 11:48:10.900000,2024-05-25 11:48:11.400000,0.008333333333333333
23,2024-05-25 13:07:26.700000,2024-05-25 13:07:27.200000,0.008333333333333333
23,2024-06-06 14:53:22.666667,2024-06-06 15:08:31.300000,15.143888883333334
23,2024-06-06 15:10:55.366667,2024-06-06 15:11:09.666667,0.23833333333333334
23,2024-06-06 15:11:12.433333,2024-06-06 15:11:24.400000,0.19944445
23,2024-06-06 15:11:57.800000,2024-06-06 15:12:13.600000,0.26333333333333336
23,2024-06-06 15:13:26.366667,2024-06-06 15:22:52.700000,9.438888883333334
23,2024-06-06 15:23:07.000000,2024-06-06 15:23:07.500000,0.008333333333333333
23,2024-06-06 15:24:15.333333,2024-06-06 15:30:26.933333,6.193333333333333
23,2024-06-07 12:15:31.666667,2024-06-07 12:15:32.166667,0.008333333333333333
24,2024-04-29 16:33:54.700000,2024-04-29 17:23:10.400000,49.26166666666666
24,2024-04-29 17:23:26.600000,2024-04-29 18:25:11.066667,61.741111116666666
24,2024-04-29 18:25:16.633333,2024-04-29 19:36:49.200000,71.54277778333334
24,2024-04-30 12:59:31.566667,2024-04-30 13:00:31.300000,0.9955555500000001
24,2024-04-30 13:00:37.633333,2024-04-30 13:08:54.033333,8.273333333333333
24,2024-04-30 13:08:55.866667,2024-05-01 18:07:30.633333,1738.5794444333333
24,2024-05-01 18:28:58.400000,2024-05-02 17:16:31.400000,1367.55
24,2024-05-02 17:18:40.566667,2024-05-02 18:15:43.633333,57.0511111
24,2024-05-02 18:16:05.733333,2024-05-03 10:10:08.233333,954.0416666666666
24,2024-05-03 10:10:15.500000,2024-05-03 12:36:02.100000,145.77666666666667
24,2024-05-03 12:36:12.066667,2024-05-03 16:56:02.566667,259.84166666666664
24,2024-05-08 13:45:30.400000,2024-05-08 13:46:11.533333,0.68555555
24,2024-05-08 13:47:09.900000,2024-05-08 18:04:19.166667,257.15444444999997
24,2024-05-08 18:05:40.666667,2024-05-08 18:14:30.600000,8.832222216666667
24,2024-05-08 18:15:32.700000,2024-05-08 18:18:10.066667,2.6227777833333334
24,2024-05-08 18:19:51.266667,2024-05-19 15:53:56.366667,15694.085
24,2024-05-19 15:54:18.866667,2024-05-20 11:33:35.400000,1179.27555555
24,2024-05-20 11:33:49.700000,2024-05-21 08:10:40.433333,1236.84555555
24,2024-05-21 08:11:17.733333,2024-05-21 12:50:21.200000,279.05777778333334
24,2024-05-21 17:18:33.666667,2024-05-21 19:08:28.100000,109.90722221666667
24,2024-05-21 19:08:59.800000,2024-05-21 19:41:27.700000,32.465
24,2024-05-21 19:41:39.766667,2024-05-22 08:23:40.333333,762.0094444333333
24,2024-05-22 08:24:42.733333,2024-05-22 08:25:32.266667,0.8255555666666666
24,2024-05-22 08:26:44.866667,2024-05-22 09:49:30.733333,82.76444443333334
24,2024-05-22 10:29:30.866667,2024-05-22 13:24:56.000000,175.41888888333332
24,2024-05-23 12:06:53.566667,2024-05-23 14:44:00.666667,157.11833333333334
24,2024-05-24 15:25:14.566667,2024-05-24 15:32:53.500000,7.648888883333333
24,2024-05-24 15:33:03.500000,2024-05-24 15:33:06.600000,0.051666666666666666
24,2024-05-24 15:33:29.100000,2024-05-24 16:32:43.033333,59.23222221666666
24,2024-05-24 16:33:25.833333,2024-05-24 16:37:56.466667,4.510555566666667
24,2024-05-24 17:32:32.866667,2024-05-24 17:32:42.100000,0.15388888333333334
24,2024-05-24 17:32:51.500000,2024-06-06 14:49:44.200000,18556.878333333334
24,2024-06-06 14:56:33.800000,2024-06-06 14:56:36.000000,0.03666666666666667
24,2024-06-06 14:57:36.300000,2024-06-06 14:57:36.800000,0.008333333333333333
24,2024-06-06 14:57:44.166667,2024-06-06 14:57:44.666667,0.008333333333333333
24,2024-06-06 14:57:46.566667,2024-06-06 14:57:47.066667,0.008333333333333333
24,2024-06-06 14:59:26.800000,2024-06-06 14:59:27.300000,0.008333333333333333
24,2024-06-06 14:59:49.133333,2024-06-06 14:59:49.633333,0.008333333333333333
24,2024-06-06 14:59:50.833333,2024-06-06 15:00:49.666667,0.9805555666666667
24,2024-06-06 15:03:42.200000,2024-06-06 15:03:42.700000,0.008333333333333333
24,2024-06-06 15:05:45.433333,2024-06-06 15:05:45.933333,0.008333333333333333
24,2024-06-06 15:07:26.666667,2024-06-06 15:07:31.466667,0.08
24,2024-06-06 15:07:44.300000,2024-06-06 15:07:44.800000,0.008333333333333333
24,2024-06-06 15:08:30.266667,2024-06-06 15:08:37.433333,0.11944443333333334
24,2024-06-06 15:09:09.066667,2024-06-06 15:09:09.566667,0.008333333333333333
24,2024-06-06 15:10:41.700000,2024-06-06 15:10:42.200000,0.008333333333333333
24,2024-06-06 15:10:43.533333,2024-06-06 15:10:44.033333,0.008333333333333333
24,2024-06-06 15:11:08.633333,2024-06-06 15:11:10.700000,0.034444449999999995
24,2024-06-06 15:11:23.000000,2024-06-06 15:13:13.966667,1.84944445
24,2024-06-06 15:13:21.900000,2024-06-06 15:13:22.400000,0.008333333333333333
24,2024-06-06 15:21:49.166667,2024-06-06 15:21:49.666667,0.008333333333333333
24,2024-06-06 15:22:32.933333,2024-06-06 15:22:33.433333,0.008333333333333333
24,2024-06-06 15:22:55.566667,2024-06-06 15:22:56.066667,0.008333333333333333
24,2024-06-06 15:23:03.333333,2024-06-06 15:23:03.833333,0.008333333333333333
24,2024-06-06 15:24:21.900000,2024-06-06 15:24:22.400000,0.008333333333333333
24,2024-06-06 15:25:19.033333,2024-06-06 15:25:19.533333,0.008333333333333333
24,2024-06-06 15:26:32.633333,2024-06-06 15:26:33.133333,0.008333333333333333
24,2024-06-06 15:26:39.166667,2024-06-06 15:27:21.766667,0.7100000000000001
24,2024-06-06 15:29:35.366667,2024-06-06 15:29:40.966667,0.09333333333333332
24,2024-06-06 15:29:41.600000,2024-06-06 15:29:44.733333,0.05222221666666667
24,2024-06-06 15:29:54.000000,2024-06-06 15:29:58.866667,0.08111111666666666
24,2024-06-06 15:30:29.100000,2024-06-06 15:30:49.566667,0.34111111666666666
24,2024-06-06 15:30:55.900000,2024-06-06 15:31:28.966667,0.5511111166666667
24,2024-06-06 15:31:36.666667,2024-06-06 15:31:39.100000,0.04055555
25,2024-04-29 17:01:46.766667,2024-04-29 17:17:09.966667,15.386666666666667
25,2024-04-29 17:18:08.766667,2024-04-29 17:43:23.666667,25.248333333333335
25,2024-04-29 17:43:56.466667,2024-04-29 18:08:52.933333,24.9411111
25,2024-04-29 18:09:05.033333,2024-04-30 13:01:47.266667,1132.7038889
25,2024-04-30 13:02:43.966667,2024-04-30 13:09:55.966667,7.2
25,2024-04-30 13:10:01.833333,2024-04-30 15:45:11.633333,155.16333333333333
25,2024-04-30 15:45:30.766667,2024-05-01 18:47:26.233333,1621.9244444333333
25,2024-05-01 18:47:46.333333,2024-05-02 14:57:27.033333,1209.6783333333333
25,2024-05-02 16:15:37.266667,2024-05-02 18:34:00.566667,138.38833333333332
25,2024-05-07 19:41:32.433333,2024-05-08 13:48:37.400000,1087.0827777833333
25,2024-05-08 13:49:27.233333,2024-05-08 13:49:29.700000,0.04111111666666667
25,2024-05-08 14:54:17.966667,2024-05-08 15:21:57.300000,27.65555555
25,2024-05-08 15:22:23.000000,2024-05-20 11:38:35.800000,17056.213333333333
25,2024-05-20 11:38:59.000000,2024-05-20 18:41:37.133333,422.63555555000005
25,2024-05-20 18:41:49.433333,2024-05-20 18:49:16.933333,7.458333333333333
25,2024-05-20 18:49:39.666667,2024-05-20 18:50:57.533333,1.2977777666666666
25,2024-05-20 18:50:58.500000,2024-05-21 11:34:24.333333,1003.43055555
25,2024-05-21 12:21:13.366667,2024-05-21 14:07:20.766667,106.12333333333332
25,2024-05-21 14:08:35.666667,2024-05-21 14:26:51.566667,18.265
25,2024-05-21 16:08:28.200000,2024-05-21 17:27:39.566667,79.18944445000001
25,2024-05-21 17:29:17.466667,2024-05-21 19:03:12.066667,93.91000000000001
25,2024-05-21 19:03:52.866667,2024-05-21 19:44:02.733333,40.16444443333333
25,2024-05-21 19:44:41.066667,2024-05-22 08:29:34.033333,764.8827777666667
25,2024-05-22 08:32:15.866667,2024-05-22 08:50:57.533333,18.694444433333334
25,2024-05-22 08:51:56.766667,2024-05-22 08:56:07.400000,4.177222216666666
25,2024-05-22 08:57:19.700000,2024-05-22 09:11:27.266667,14.126111116666667
25,2024-05-22 09:12:45.800000,2024-05-22 13:17:50.333333,245.07555555
25,2024-05-22 13:19:46.733333,2024-05-22 17:45:31.533333,265.74666666666667
25,2024-05-23 10:55:13.600000,2024-05-23 15:45:03.533333,289.8322222166667
25,2024-05-23 16:19:23.733333,2024-05-23 17:29:55.866667,70.53555556666667
25,2024-05-23 17:30:11.933333,2024-05-23 17:40:09.033333,9.951666666666666
25,2024-05-23 17:40:25.300000,2024-05-23 17:43:55.133333,3.4972222166666667
25,2024-05-23 17:44:09.700000,2024-05-23 18:05:11.300000,21.026666666666664
25,2024-05-23 18:05:29.233333,2024-05-23 18:38:57.366667,33.4688889
25,2024-05-23 18:39:07.466667,2024-05-24 08:29:05.533333,829.9677777666667
25,2024-05-24 08:29:15.800000,2024-05-24 08:51:09.500000,21.895
25,2024-05-24 08:51:17.166667,2024-05-24 09:36:04.966667,44.79666666666667
25,2024-05-24 09:36:13.133333,2024-05-24 11:16:42.466667,100.48888889999999
25,2024-05-24 11:17:48.200000,2024-05-24 11:30:43.966667,12.92944445
25,2024-05-24 11:31:49.533333,2024-05-24 13:16:07.100000,104.29277778333334
25,2024-05-24 13:17:00.200000,2024-05-24 13:43:51.033333,26.84722221666667
25,2024-05-24 13:44:48.366667,2024-05-24 14:52:52.400000,68.06722221666666
25,2024-05-24 14:53:24.533333,2024-05-24 15:43:11.233333,49.77833333333333
25,2024-05-24 15:45:10.066667,2024-05-24 16:03:08.133333,17.967777766666664
25,2024-05-24 16:03:36.933333,2024-05-27 18:30:40.866667,4467.065555566666
25,2024-06-06 14:09:28.700000,2024-06-06 14:57:19.333333,47.843888883333335
25,2024-06-06 14:58:48.466667,2024-06-06 15:00:18.900000,1.5072222166666667
25,2024-06-06 15:00:20.466667,2024-06-06 15:00:20.966667,0.008333333333333333
25,2024-06-06 15:00:25.133333,2024-06-06 15:00:41.066667,0.2655555666666667
25,2024-06-06 15:01:18.800000,2024-06-06 15:01:19.300000,0.008333333333333333
25,2024-06-06 15:03:23.300000,2024-06-06 15:03:23.800000,0.008333333333333333
25,2024-06-06 15:06:30.466667,2024-06-06 15:06:30.966667,0.008333333333333333
25,2024-06-06 15:10:06.233333,2024-06-06 15:10:06.733333,0.008333333333333333
25,2024-06-06 15:11:18.300000,2024-06-06 15:11:18.800000,0.008333333333333333
25,2024-06-06 15:11:28.566667,2024-06-06 15:12:39.366667,1.18
25,2024-06-06 15:17:43.733333,2024-06-06 15:25:47.066667,8.055555566666666
25,2024-06-06 15:27:25.700000,2024-06-06 15:27:26.200000,0.008333333333333333
25,2024-06-06 15:28:56.000000,2024-06-06 15:28:56.500000,0.008333333333333333
25,2024-06-06 15:30:27.433333,2024-06-06 15:30:27.900000,0.007777783333333333
25,2024-06-06 15:30:30.700000,2024-06-06 15:30:35.433333,0.07888888333333334
26,2024-04-29 16:57:15.800000,2024-04-30 13:15:42.000000,1218.4366666666667
26,2024-04-30 13:15:42.533333,2024-04-30 13:19:08.433333,3.4316666666666666
26,2024-04-30 13:21:52.900000,2024-05-01 17:44:13.833333,1702.3488888833333
26,2024-05-01 17:44:37.500000,2024-05-02 08:29:42.566667,885.08444445
26,2024-05-02 08:31:28.400000,2024-05-02 09:00:17.333333,28.81555555
26,2024-05-02 09:00:44.400000,2024-05-02 09:01:06.300000,0.365
26,2024-05-02 09:03:03.033333,2024-05-02 09:16:10.133333,13.118333333333334
26,2024-05-02 09:17:06.766667,2024-05-02 09:43:29.233333,26.374444433333334
26,2024-05-02 09:44:03.266667,2024-05-02 10:18:08.600000,34.08888888333333
26,2024-05-02 10:18:26.600000,2024-05-02 10:43:31.700000,25.084999999999997
26,2024-05-02 10:43:41.200000,2024-05-02 13:37:44.800000,174.06
26,2024-05-02 14:49:38.966667,2024-05-03 11:44:23.666667,1254.745
26,2024-05-07 12:55:58.633333,2024-05-07 14:45:09.166667,109.17555556666666
26,2024-05-08 17:55:27.566667,2024-05-08 17:56:41.866667,1.2383333333333333
26,2024-05-08 17:58:04.333333,2024-05-08 18:02:04.400000,4.001111116666666
26,2024-05-08 18:03:03.600000,2024-05-08 18:09:22.433333,6.313888883333333
26,2024-05-08 18:10:29.166667,2024-05-08 18:12:02.266667,1.5516666666666665
26,2024-05-08 18:13:10.500000,2024-05-21 08:16:41.366667,18123.51444445
26,2024-05-21 08:17:15.566667,2024-05-21 08:30:55.300000,13.662222216666667
26,2024-05-21 08:32:09.633333,2024-05-21 08:39:35.433333,7.430000000000001
26,2024-05-21 08:41:03.333333,2024-05-21 09:27:11.766667,46.14055556666666
26,2024-05-21 09:28:18.200000,2024-05-21 10:42:19.700000,74.025
26,2024-05-21 10:43:55.800000,2024-05-21 11:08:12.266667,24.274444449999997
26,2024-05-21 11:09:53.633333,2024-05-21 11:43:41.833333,33.803333333333335
26,2024-05-21 11:45:30.433333,2024-05-21 11:53:12.166667,7.695555566666667
26,2024-05-21 11:55:06.166667,2024-05-21 11:57:17.733333,2.1927777666666666
26,2024-05-21 13:13:54.300000,2024-05-21 13:20:46.233333,6.86555555
26,2024-05-21 13:23:21.800000,2024-05-21 13:45:15.500000,21.895
26,2024-05-21 13:47:29.933333,2024-05-21 14:05:04.333333,17.573333333333334
26,2024-05-21 14:05:21.200000,2024-05-21 14:10:33.966667,5.212777783333333
26,2024-05-21 14:11:27.066667,2024-05-21 14:14:08.000000,2.6822222166666667
26,2024-05-21 14:14:59.233333,2024-05-21 14:29:29.766667,14.508888899999999
26,2024-05-21 14:30:31.233333,2024-05-21 14:32:17.733333,1.775
26,2024-05-21 14:33:21.633333,2024-05-21 16:56:36.733333,143.25166666666667
26,2024-05-21 16:57:53.333333,2024-05-21 16:58:17.800000,0.40777778333333337
26,2024-05-21 16:58:26.933333,2024-05-21 17:08:32.000000,10.084444450000001
26,2024-05-21 17:09:03.733333,2024-05-21 17:10:17.600000,1.2311111166666668
26,2024-05-21 17:11:50.466667,2024-05-21 17:18:43.100000,6.8772222166666666
26,2024-05-21 17:20:06.166667,2024-05-21 18:46:15.200000,86.15055555
26,2024-05-21 18:48:05.666667,2024-05-21 19:19:32.000000,31.438888883333334
26,2024-05-21 19:40:59.366667,2024-05-21 19:58:26.866667,17.458333333333332
26,2024-05-22 08:08:39.466667,2024-05-22 08:21:16.233333,12.612777766666666
26,2024-05-22 08:22:36.966667,2024-05-22 09:05:04.733333,42.46277776666667
26,2024-05-22 09:05:42.733333,2024-05-22 09:14:23.933333,8.686666666666667
26,2024-05-22 09:14:45.866667,2024-05-22 09:15:30.233333,0.7394444333333333
26,2024-05-22 09:15:51.533333,2024-05-22 10:38:12.600000,82.35111111666667
26,2024-05-22 10:40:08.233333,2024-05-22 10:51:18.700000,11.174444450000001
26,2024-05-22 10:51:50.033333,2024-05-22 11:19:16.666667,27.4438889
26,2024-05-22 11:21:19.233333,2024-05-22 11:21:53.466667,0.5705555666666666
26,2024-05-22 11:24:13.733333,2024-05-22 14:57:57.366667,213.72722223333332
26,2024-05-22 15:21:29.366667,2024-05-22 16:41:11.633333,79.70444443333334
26,2024-05-22 16:50:40.333333,2024-05-22 16:50:47.100000,0.11277778333333334
26,2024-05-22 16:50:51.366667,2024-05-23 11:04:49.333333,1093.9661110999998
26,2024-05-23 11:05:07.800000,2024-05-23 13:12:45.700000,127.63166666666666
26,2024-05-23 13:14:02.233333,2024-05-23 13:29:59.666667,15.957222233333333
26,2024-05-23 13:31:20.766667,2024-05-23 14:33:33.800000,62.21722221666666
26,2024-05-23 14:35:14.166667,2024-05-23 14:54:36.266667,19.368333333333332
26,2024-05-23 15:21:10.166667,2024-05-23 15:51:03.733333,29.892777766666665
26,2024-05-23 15:51:34.633333,2024-05-23 15:51:50.000000,0.25611111666666664
26,2024-05-23 15:52:08.000000,2024-05-23 16:03:13.133333,11.08555555
26,2024-05-23 16:03:38.900000,2024-05-23 16:34:42.566667,31.061111116666666
26,2024-05-23 17:15:02.566667,2024-05-23 18:50:05.700000,95.05222221666666
26,2024-05-23 18:53:07.033333,2024-05-24 08:11:56.966667,798.8322222333334
26,2024-05-24 08:12:50.033333,2024-05-24 08:21:46.833333,8.946666666666665
26,2024-05-24 09:29:59.366667,2024-05-24 09:44:02.200000,14.047222216666666
26,2024-05-24 09:44:16.600000,2024-05-24 09:47:39.000000,3.3733333333333335
26,2024-05-24 09:48:16.900000,2024-05-24 11:07:08.033333,78.85222221666666
26,2024-05-24 11:07:30.933333,2024-05-24 11:13:36.333333,6.09
26,2024-05-24 11:15:06.900000,2024-05-24 13:24:13.666667,129.11277778333334
26,2024-05-24 13:39:12.066667,2024-05-24 13:41:04.866667,1.88
26,2024-05-24 13:41:55.133333,2024-05-24 14:09:27.566667,27.54055556666667
26,2024-05-24 14:10:39.166667,2024-05-24 14:15:29.700000,4.842222216666667
26,2024-05-24 14:48:43.566667,2024-05-24 14:57:27.266667,8.728333333333333
26,2024-05-24 14:57:36.866667,2024-05-24 14:57:38.900000,0.03388888333333333
26,2024-05-24 15:18:53.933333,2024-05-24 15:35:03.266667,16.155555566666667
26,2024-05-24 15:35:21.500000,2024-05-24 15:53:31.833333,18.17222221666667
26,2024-05-24 17:55:35.766667,2024-06-06 14:07:02.900000,18491.452222216663
26,2024-06-06 14:09:35.266667,2024-06-06 14:11:07.333333,1.5344444333333334
26,2024-06-06 14:19:23.200000,2024-06-06 14:19:23.700000,0.008333333333333333
26,2024-06-06 14:20:58.700000,2024-06-06 14:20:59.200000,0.008333333333333333
26,2024-06-06 14:29:15.733333,2024-06-06 14:29:28.433333,0.21166666666666664
26,2024-06-06 14:44:27.833333,2024-06-06 14:49:42.366667,5.242222233333334
26,2024-06-06 14:56:22.200000,2024-06-06 14:56:47.266667,0.4177777833333333
26,2024-06-06 14:56:58.233333,2024-06-06 14:56:58.733333,0.008333333333333333
26,2024-06-06 14:57:00.066667,2024-06-06 14:57:27.600000,0.45888888333333333
26,2024-06-06 14:58:28.833333,2024-06-06 14:58:29.333333,0.008333333333333333
26,2024-06-06 14:58:50.733333,2024-06-06 14:58:51.233333,0.008333333333333333
26,2024-06-06 14:58:52.333333,2024-06-06 14:58:52.833333,0.008333333333333333
26,2024-06-06 14:59:00.800000,2024-06-06 14:59:01.300000,0.008333333333333333
26,2024-06-06 14:59:07.933333,2024-06-06 14:59:08.433333,0.008333333333333333
26,2024-06-06 15:00:27.800000,2024-06-06 15:00:51.200000,0.38999999999999996
26,2024-06-06 15:01:22.633333,2024-06-06 15:01:44.133333,0.35833333333333334
26,2024-06-06 15:02:46.966667,2024-06-06 15:02:47.466667,0.008333333333333333
26,2024-06-06 15:02:49.633333,2024-06-06 15:02:50.133333,0.008333333333333333
26,2024-06-06 15:03:05.100000,2024-06-06 15:03:05.600000,0.008333333333333333
26,2024-06-06 15:03:58.833333,2024-06-06 15:03:59.333333,0.008333333333333333
26,2024-06-06 15:04:00.633333,2024-06-06 15:04:01.133333,0.008333333333333333
26,2024-06-06 15:04:12.833333,2024-06-06 15:04:13.333333,0.008333333333333333
26,2024-06-06 15:04:17.366667,2024-06-06 15:04:17.866667,0.008333333333333333
26,2024-06-06 15:04:23.133333,2024-06-06 15:04:23.633333,0.008333333333333333
26,2024-06-06 15:06:03.900000,2024-06-06 15:06:04.400000,0.008333333333333333
26,2024-06-06 15:06:45.833333,2024-06-06 15:06:46.333333,0.008333333333333333
26,2024-06-06 15:07:42.100000,2024-06-06 15:07:42.600000,0.008333333333333333
26,2024-06-06 15:07:45.033333,2024-06-06 15:07:45.533333,0.008333333333333333
26,2024-06-06 15:08:01.633333,2024-06-06 15:09:03.266667,1.0272222333333334
26,2024-06-06 15:10:29.466667,2024-06-06 15:10:29.966667,0.008333333333333333
26,2024-06-06 15:11:25.533333,2024-06-06 15:11:26.033333,0.008333333333333333
26,2024-06-06 15:12:33.633333,2024-06-06 15:12:34.133333,0.008333333333333333
26,2024-06-06 15:12:40.900000,2024-06-06 15:12:41.400000,0.008333333333333333
26,2024-06-06 15:13:14.466667,2024-06-06 15:13:14.966667,0.008333333333333333
26,2024-06-06 15:15:57.100000,2024-06-06 15:15:57.600000,0.008333333333333333
26,2024-06-06 15:16:59.200000,2024-06-06 15:17:09.633333,0.17388888333333333
26,2024-06-06 15:17:28.166667,2024-06-06 15:17:28.666667,0.008333333333333333
26,2024-06-06 15:18:09.466667,2024-06-06 15:18:09.966667,0.008333333333333333
26,2024-06-06 15:18:15.066667,2024-06-06 15:18:15.566667,0.008333333333333333
26,2024-06-06 15:18:56.200000,2024-06-06 15:19:33.400000,0.62
26,2024-06-06 15:19:34.366667,2024-06-06 15:19:34.866667,0.008333333333333333
26,2024-06-06 15:19:49.233333,2024-06-06 15:19:51.833333,0.043333333333333335
26,2024-06-06 15:20:17.800000,2024-06-06 15:20:18.300000,0.008333333333333333
26,2024-06-06 15:20:19.700000,2024-06-06 15:20:27.933333,0.13722221666666667
26,2024-06-06 15:25:40.100000,2024-06-06 15:25:42.300000,0.03666666666666667
26,2024-06-06 15:31:58.200000,2024-06-06 15:31:58.666667,0.007777783333333333
26,2024-06-06 15:36:58.866667,2024-06-06 15:50:39.733333,13.6811111
26,2024-06-07 12:28:23.933333,2024-06-07 12:28:24.433333,0.008333333333333333
27,2024-04-29 16:49:29.833333,2024-04-29 17:40:28.733333,50.98166666666667
27,2024-04-29 17:40:37.466667,2024-04-29 18:08:15.500000,27.633888883333334
27,2024-04-29 18:08:31.366667,2024-04-30 13:00:40.133333,1132.1461110999999
27,2024-04-30 13:00:43.866667,2024-04-30 13:15:50.633333,15.112777766666666
27,2024-04-30 13:15:53.133333,2024-04-30 16:49:23.833333,213.51166666666668
27,2024-04-30 16:49:25.466667,2024-05-01 14:54:22.300000,1324.9472222166667
27,2024-05-02 08:16:08.566667,2024-05-02 08:26:23.966667,10.256666666666666
27,2024-05-02 08:28:57.533333,2024-05-02 09:38:13.500000,69.26611111666666
27,2024-05-02 09:38:30.466667,2024-05-02 09:43:05.333333,4.5811111
27,2024-05-02 09:43:25.900000,2024-05-02 13:43:59.700000,240.56333333333333
27,2024-05-02 17:58:06.866667,2024-05-06 15:43:50.766667,5625.7316666666675
27,2024-05-06 15:44:04.733333,2024-05-08 17:59:59.100000,3015.9061111166666
27,2024-05-08 18:01:06.833333,2024-05-08 18:15:44.600000,14.62944445
27,2024-05-08 18:16:28.533333,2024-05-19 14:18:56.400000,15602.464444449999
27,2024-05-19 14:19:40.266667,2024-05-19 15:23:03.800000,63.39222221666667
27,2024-05-19 15:24:37.233333,2024-05-20 10:28:31.166667,1143.8988889
27,2024-05-20 10:28:55.900000,2024-05-20 12:30:58.066667,122.03611111666667
27,2024-05-20 12:31:04.300000,2024-05-20 15:36:49.900000,185.76000000000002
27,2024-05-20 15:37:05.566667,2024-05-21 08:07:55.300000,990.8288888833333
27,2024-05-21 08:09:11.200000,2024-05-21 08:35:29.566667,26.306111116666667
27,2024-05-21 08:36:56.466667,2024-05-21 08:47:24.900000,10.473888883333332
27,2024-05-21 08:48:21.066667,2024-05-21 08:53:48.800000,5.4622222166666665
27,2024-05-21 08:54:54.433333,2024-05-21 08:58:38.366667,3.7322222333333333
27,2024-05-21 09:14:30.933333,2024-05-21 09:35:01.633333,20.511666666666667
27,2024-05-21 09:35:50.666667,2024-05-21 09:37:40.100000,1.8238888833333333
27,2024-05-21 09:38:50.966667,2024-05-21 11:21:58.700000,103.12888888333333
27,2024-05-21 13:10:10.133333,2024-05-21 13:10:12.900000,0.04611111666666667
27,2024-05-21 13:10:26.833333,2024-05-21 14:02:07.966667,51.68555556666667
27,2024-05-21 14:04:51.766667,2024-05-21 14:39:04.233333,34.207777766666666
27,2024-05-21 14:41:45.533333,2024-05-21 16:46:02.266667,124.2788889
27,2024-05-21 16:47:52.566667,2024-05-21 17:29:40.166667,41.79333333333333
27,2024-05-21 17:31:21.666667,2024-05-21 17:44:45.233333,13.392777766666667
27,2024-05-21 17:45:35.733333,2024-05-21 18:56:06.000000,70.50444445
27,2024-05-21 18:56:31.233333,2024-05-21 18:58:49.500000,2.30444445
27,2024-05-21 19:06:34.233333,2024-05-21 19:09:02.233333,2.466666666666667
27,2024-05-21 19:10:25.933333,2024-05-21 19:32:50.166667,22.403888900000002
27,2024-05-21 19:33:35.500000,2024-05-21 19:37:05.666667,3.5027777833333333
27,2024-05-21 19:38:40.933333,2024-05-21 19:41:42.033333,3.018333333333333
27,2024-05-21 19:42:01.333333,2024-05-21 19:56:43.766667,14.707222233333333
27,2024-05-21 19:58:23.566667,2024-05-22 08:43:35.800000,765.2038888833333
27,2024-05-22 08:44:41.300000,2024-05-22 09:03:13.500000,18.53666666666667
27,2024-05-22 09:03:24.866667,2024-05-22 09:08:24.200000,4.988888883333333
27,2024-05-22 09:09:35.566667,2024-05-22 09:48:23.900000,38.80555555
27,2024-05-22 09:49:15.400000,2024-05-22 12:02:18.333333,133.04888888333332
27,2024-05-22 12:08:26.466667,2024-05-22 12:12:51.000000,4.408888883333334
27,2024-05-22 12:14:55.966667,2024-05-22 12:21:07.166667,6.1866666666666665
27,2024-05-22 12:23:51.233333,2024-05-22 15:11:45.666667,167.90722223333333
27,2024-05-22 15:18:34.033333,2024-05-22 15:23:29.966667,4.932222233333333
27,2024-05-22 15:25:53.566667,2024-05-23 11:16:16.833333,1190.3877777666667
27,2024-05-23 11:16:33.166667,2024-05-23 11:42:27.033333,25.897777766666664
27,2024-05-23 11:42:49.566667,2024-05-23 12:44:35.066667,61.75833333333333
27,2024-05-23 12:45:04.600000,2024-05-23 13:57:08.666667,72.06777778333334
27,2024-05-23 13:58:53.333333,2024-05-23 14:17:00.266667,18.115555566666668
27,2024-05-23 14:18:41.566667,2024-05-23 15:07:15.000000,48.557222216666666
27,2024-05-23 15:08:39.333333,2024-05-23 15:45:32.433333,36.885
27,2024-05-23 15:46:49.466667,2024-05-23 15:49:04.566667,2.2516666666666665
27,2024-05-23 15:52:36.800000,2024-05-23 16:03:47.233333,11.173888883333332
27,2024-05-23 16:04:11.833333,2024-05-23 16:14:24.400000,10.209444450000001
27,2024-05-23 16:16:03.366667,2024-05-23 17:15:12.600000,59.15388888333334
27,2024-05-23 17:17:24.333333,2024-05-23 17:59:41.633333,42.288333333333334
27,2024-05-23 18:00:02.733333,2024-05-23 19:31:35.000000,91.53777778333333
27,2024-05-23 19:33:23.433333,2024-05-24 08:01:49.600000,748.4361111166667
27,2024-05-24 08:02:07.533333,2024-05-24 08:10:09.400000,8.031111116666667
27,2024-05-24 08:11:11.900000,2024-05-24 08:14:07.766667,2.9311111166666666
27,2024-05-24 08:14:24.866667,2024-05-24 08:15:04.666667,0.6633333333333333
27,2024-05-24 08:15:20.066667,2024-05-24 08:22:57.866667,7.63
27,2024-05-24 08:23:19.166667,2024-05-24 09:29:01.866667,65.71166666666666
27,2024-05-24 09:29:03.600000,2024-05-24 09:36:26.933333,7.388888883333333
27,2024-05-24 09:37:42.766667,2024-05-24 09:39:33.766667,1.85
27,2024-05-24 09:40:49.300000,2024-05-24 09:48:50.166667,8.014444450000001
27,2024-05-24 09:49:01.066667,2024-05-24 10:50:57.133333,61.93444443333333
27,2024-05-24 10:51:09.366667,2024-05-24 11:17:54.166667,26.746666666666666
27,2024-05-24 11:18:05.266667,2024-05-24 11:44:48.900000,26.727222216666668
27,2024-05-24 11:45:58.733333,2024-05-24 11:50:19.933333,4.3533333333333335
27,2024-05-24 12:28:49.533333,2024-05-24 12:39:43.966667,10.907222233333332
27,2024-05-24 12:56:46.433333,2024-05-24 13:13:20.266667,16.563888900000002
27,2024-05-24 13:14:13.000000,2024-05-24 13:21:36.533333,7.392222216666667
27,2024-05-24 13:22:58.333333,2024-05-24 13:27:01.866667,4.0588889
27,2024-05-24 13:28:38.733333,2024-05-24 14:35:37.833333,66.985
27,2024-05-24 14:44:00.800000,2024-05-24 15:26:39.133333,42.63888888333334
27,2024-05-24 15:27:05.966667,2024-05-24 15:38:56.533333,11.842777766666668
27,2024-05-24 15:39:34.866667,2024-05-24 15:40:55.900000,1.35055555
27,2024-05-24 15:41:07.900000,2024-05-24 15:41:14.500000,0.11
27,2024-05-24 15:41:31.233333,2024-05-24 15:41:31.266667,0.0005555666666666667
27,2024-05-24 16:05:24.766667,2024-05-24 16:05:35.100000,0.17222221666666665
27,2024-05-24 16:05:37.200000,2024-05-24 16:16:55.500000,11.305
27,2024-05-24 16:17:23.200000,2024-05-27 13:56:31.200000,4179.133333333333
27,2024-06-04 11:33:09.866667,2024-06-04 11:33:10.366667,0.008333333333333333
27,2024-06-06 14:11:33.600000,2024-06-06 14:11:34.100000,0.008333333333333333
27,2024-06-06 14:12:07.800000,2024-06-06 14:12:08.300000,0.008333333333333333
27,2024-06-06 14:19:45.400000,2024-06-06 14:19:45.900000,0.008333333333333333
27,2024-06-06 14:20:00.766667,2024-06-06 14:29:13.133333,9.2061111
27,2024-06-06 14:29:18.733333,2024-06-06 14:29:19.233333,0.008333333333333333
27,2024-06-06 14:29:22.766667,2024-06-06 14:29:23.266667,0.008333333333333333
27,2024-06-06 14:29:26.566667,2024-06-06 14:30:22.400000,0.93055555
27,2024-06-06 14:43:04.433333,2024-06-06 14:43:04.933333,0.008333333333333333
27,2024-06-06 14:46:20.700000,2024-06-06 14:46:21.200000,0.008333333333333333
27,2024-06-06 15:13:52.166667,2024-06-06 15:13:52.666667,0.008333333333333333
28,2024-04-29 16:59:42.700000,2024-04-29 16:59:42.966667,0.00444445
28,2024-04-29 17:04:22.166667,2024-04-29 17:15:40.266667,11.301666666666668
28,2024-04-30 14:33:16.166667,2024-05-02 16:53:11.300000,3019.9188888833332
28,2024-05-03 17:07:19.600000,2024-05-03 17:07:19.733333,0.0022222166666666667
28,2024-05-08 11:21:12.466667,2024-05-08 13:48:48.500000,147.60055555
28,2024-05-08 13:49:00.500000,2024-05-08 15:27:52.366667,98.86444445000001
28,2024-05-08 15:28:03.533333,2024-05-08 15:28:07.633333,0.06833333333333333
28,2024-05-08 17:50:30.633333,2024-05-08 17:51:53.666667,1.3838888999999999
28,2024-05-08 17:52:52.133333,2024-05-19 15:56:27.833333,15723.595
28,2024-05-19 15:58:12.166667,2024-05-20 18:19:19.366667,1581.12
28,2024-05-20 18:20:20.333333,2024-05-21 08:14:17.300000,833.94944445
28,2024-05-21 08:16:06.666667,2024-05-21 09:01:46.600000,45.66555555
28,2024-05-21 09:02:42.800000,2024-05-21 09:04:29.633333,1.7805555499999999
28,2024-05-21 09:05:27.833333,2024-05-21 09:07:01.366667,1.5588889
28,2024-05-21 09:11:06.766667,2024-05-21 09:18:55.100000,7.805555549999999
28,2024-05-21 09:20:20.966667,2024-05-21 09:24:27.600000,4.11055555
28,2024-05-21 09:25:23.766667,2024-05-21 09:30:38.766667,5.25
28,2024-05-21 09:32:57.933333,2024-05-21 09:40:38.633333,7.678333333333333
28,2024-05-21 09:49:39.133333,2024-05-21 11:16:34.266667,86.9188889
28,2024-05-21 11:18:40.066667,2024-05-21 11:25:26.833333,6.7794444333333335
28,2024-05-21 11:27:24.066667,2024-05-21 12:01:40.200000,34.26888888333334
28,2024-05-21 12:03:42.700000,2024-05-21 12:10:14.366667,6.527777783333334
28,2024-05-21 12:12:22.766667,2024-05-21 12:51:02.133333,38.6561111
28,2024-05-21 12:53:09.666667,2024-05-21 13:00:28.633333,7.3161111
28,2024-05-21 13:02:36.000000,2024-05-21 15:31:19.600000,148.72666666666666
28,2024-05-21 15:33:32.000000,2024-05-21 15:40:08.600000,6.61
28,2024-05-21 15:41:50.233333,2024-05-21 15:47:14.133333,5.3983333333333325
28,2024-05-21 16:26:21.933333,2024-05-21 16:33:57.133333,7.586666666666667
28,2024-05-21 16:35:44.466667,2024-05-21 16:58:40.966667,22.941666666666666
28,2024-05-21 17:01:01.600000,2024-05-21 17:35:47.933333,34.77222221666667
28,2024-05-21 17:36:32.433333,2024-05-21 17:37:02.433333,0.5
28,2024-05-21 17:38:07.700000,2024-05-21 17:45:49.300000,7.693333333333333
28,2024-05-21 17:46:00.700000,2024-05-21 17:46:02.766667,0.034444449999999995
28,2024-05-21 17:48:00.200000,2024-05-21 18:08:39.633333,20.657222216666664
28,2024-05-21 18:10:39.800000,2024-05-21 18:32:56.300000,22.275
28,2024-05-21 18:34:52.000000,2024-05-21 18:54:16.233333,19.40388888333333
28,2024-05-21 18:54:56.000000,2024-05-21 19:01:53.066667,6.951111116666667
28,2024-05-21 19:02:31.166667,2024-05-21 19:18:49.633333,16.307777766666668
28,2024-05-21 19:19:20.833333,2024-05-21 19:20:11.366667,0.8422222333333332
28,2024-05-21 19:21:39.466667,2024-05-21 19:47:15.633333,25.60277776666667
28,2024-05-21 19:48:52.000000,2024-05-22 08:47:41.633333,778.8272222166667
28,2024-05-22 08:48:28.300000,2024-05-22 09:02:01.900000,13.56
28,2024-05-22 09:02:38.433333,2024-05-22 09:26:39.533333,24.01833333333333
28,2024-05-22 09:27:45.600000,2024-05-22 09:35:16.166667,7.50944445
28,2024-05-22 09:36:56.533333,2024-05-22 09:50:56.766667,14.0038889
28,2024-05-22 09:52:48.466667,2024-05-22 10:06:11.266667,13.379999999999999
28,2024-05-22 10:08:11.933333,2024-05-22 10:29:33.700000,21.362777783333335
28,2024-05-22 10:31:21.933333,2024-05-22 10:52:36.833333,21.248333333333335
28,2024-05-22 10:55:19.800000,2024-05-22 11:03:24.766667,8.082777783333333
28,2024-05-22 11:06:05.433333,2024-05-22 11:40:14.700000,34.15444445
28,2024-05-22 11:40:52.466667,2024-05-22 11:41:09.000000,0.27555555
28,2024-05-22 11:42:58.000000,2024-05-22 11:55:22.433333,12.407222216666666
28,2024-05-22 11:55:58.366667,2024-05-22 12:25:16.400000,29.300555550000002
28,2024-05-22 12:25:55.666667,2024-05-22 13:41:01.166667,75.09166666666667
28,2024-05-22 13:42:50.566667,2024-05-22 13:52:18.000000,9.457222216666667
28,2024-05-22 15:46:58.433333,2024-05-23 11:09:35.066667,1162.6105555666666
28,2024-05-23 11:10:13.866667,2024-05-23 12:06:56.700000,56.71388888333333
28,2024-05-23 12:08:07.633333,2024-05-23 13:44:29.133333,96.35833333333333
28,2024-05-23 13:45:41.100000,2024-05-23 15:36:00.966667,110.33111111666668
28,2024-05-23 15:37:13.800000,2024-05-23 15:52:51.433333,15.627222216666667
28,2024-05-23 15:53:15.233333,2024-05-23 15:57:37.700000,4.3744444499999995
28,2024-05-23 15:57:48.933333,2024-05-23 16:01:11.833333,3.381666666666667
28,2024-05-23 16:01:27.266667,2024-05-23 16:13:17.400000,11.83555555
28,2024-05-23 16:13:52.966667,2024-05-23 16:32:05.466667,18.208333333333332
28,2024-05-23 16:34:25.333333,2024-05-23 17:11:03.166667,36.630555566666665
28,2024-05-23 17:14:33.133333,2024-05-23 17:30:43.166667,16.167222233333334
28,2024-05-23 17:36:13.533333,2024-05-23 17:37:18.200000,1.0777777833333333
28,2024-05-23 17:39:35.133333,2024-05-23 17:57:43.933333,18.146666666666665
28,2024-05-23 17:59:26.633333,2024-05-23 18:02:21.466667,2.9138889000000003
28,2024-05-23 18:03:21.633333,2024-05-23 18:06:26.600000,3.0827777833333334
28,2024-05-23 18:06:38.066667,2024-05-23 18:28:03.466667,21.423333333333336
28,2024-05-23 18:29:48.600000,2024-05-23 18:30:22.366667,0.5627777833333333
28,2024-05-23 18:33:59.833333,2024-05-23 18:39:09.666667,5.1638889
28,2024-05-23 18:40:52.966667,2024-05-23 19:10:16.633333,29.394444433333334
28,2024-05-23 19:13:41.866667,2024-05-23 19:16:19.900000,2.6338888833333334
28,2024-05-23 19:18:22.333333,2024-05-23 19:35:13.833333,16.858333333333334
28,2024-05-23 19:35:56.700000,2024-05-23 19:36:33.000000,0.605
28,2024-05-23 19:36:56.266667,2024-05-24 08:29:17.766667,772.3583333333333
28,2024-05-24 08:29:46.766667,2024-05-24 08:31:07.333333,1.3427777666666667
28,2024-05-24 08:31:23.266667,2024-05-24 08:33:15.666667,1.8733333333333335
28,2024-05-24 08:33:42.866667,2024-05-24 08:51:21.666667,17.646666666666665
28,2024-05-24 08:52:00.600000,2024-05-24 09:32:00.266667,39.994444449999996
28,2024-05-24 09:33:26.233333,2024-05-24 09:45:19.300000,11.88444445
28,2024-05-24 09:45:33.666667,2024-05-24 09:45:44.966667,0.18833333333333335
28,2024-05-24 09:45:57.100000,2024-05-24 09:52:19.133333,6.367222216666667
28,2024-05-24 10:43:08.400000,2024-05-24 10:43:15.266667,0.11444444999999999
28,2024-05-24 10:44:03.466667,2024-05-24 10:44:34.566667,0.5183333333333333
28,2024-05-24 10:44:51.400000,2024-05-24 10:58:02.066667,13.177777783333333
28,2024-05-24 10:58:14.600000,2024-05-24 11:08:31.966667,10.28944445
28,2024-05-24 11:09:07.066667,2024-05-24 11:22:28.033333,13.349444433333334
28,2024-05-24 11:23:35.400000,2024-05-24 12:16:21.100000,52.76166666666666
28,2024-05-24 12:17:19.866667,2024-05-24 12:37:00.633333,19.679444433333334
28,2024-05-24 12:37:58.000000,2024-05-24 12:50:01.700000,12.061666666666667
28,2024-05-24 12:50:56.433333,2024-05-24 14:33:14.233333,102.29666666666667
28,2024-05-24 14:34:05.033333,2024-05-24 14:48:51.100000,14.767777783333335
28,2024-05-24 14:49:25.966667,2024-05-24 15:36:55.866667,47.498333333333335
28,2024-05-24 15:37:23.966667,2024-05-24 16:44:45.800000,67.36388888333333
28,2024-05-24 16:45:25.100000,2024-05-24 16:47:05.833333,1.6788888833333333
28,2024-05-24 16:47:47.900000,2024-05-24 16:52:16.066667,4.46944445
28,2024-05-24 16:52:39.600000,2024-05-24 17:02:49.033333,10.157222216666666
28,2024-05-24 17:03:15.600000,2024-05-24 17:05:15.633333,2.00055555
28,2024-05-24 17:05:32.800000,2024-05-24 17:05:42.333333,0.15888888333333334
28,2024-05-24 17:05:52.166667,2024-05-24 17:13:11.200000,7.317222216666667
28,2024-05-24 17:13:33.133333,2024-05-24 17:13:37.500000,0.07277778333333333
28,2024-05-24 17:18:39.500000,2024-05-24 18:00:13.133333,41.560555550000004
28,2024-05-24 18:00:35.066667,2024-05-25 11:33:15.566667,1052.675
28,2024-05-30 08:41:15.200000,2024-05-30 08:41:28.333333,0.21888888333333334
28,2024-05-30 08:41:44.866667,2024-05-30 08:41:51.200000,0.10555555
28,2024-05-31 08:42:33.466667,2024-05-31 08:42:33.966667,0.008333333333333333
28,2024-05-31 08:42:52.833333,2024-05-31 08:42:53.333333,0.008333333333333333
28,2024-05-31 08:44:50.066667,2024-05-31 08:44:50.566667,0.008333333333333333
28,2024-05-31 17:52:32.300000,2024-05-31 17:52:39.333333,0.11722221666666667
28,2024-06-04 08:24:12.033333,2024-06-06 12:15:20.433333,3111.14
28,2024-06-06 14:07:29.400000,2024-06-06 14:19:02.866667,11.557777783333334
28,2024-06-06 14:19:56.800000,2024-06-06 14:26:38.300000,6.691666666666666
28,2024-06-06 14:27:17.633333,2024-06-06 14:43:47.266667,16.493888899999998
28,2024-06-06 14:44:17.700000,2024-06-06 14:44:18.200000,0.008333333333333333
28,2024-06-06 17:48:29.700000,2024-06-06 17:48:30.200000,0.008333333333333333
28,2024-06-06 17:55:05.466667,2024-06-06 17:55:05.966667,0.008333333333333333
28,2024-06-07 12:19:45.000000,2024-06-07 12:19:45.500000,0.008333333333333333
28,2024-06-07 12:21:55.966667,2024-06-07 12:21:56.466667,0.008333333333333333
29,2024-04-29 17:31:49.633333,2024-04-29 17:53:08.200000,21.30944445
29,2024-04-29 17:53:38.166667,2024-04-29 18:14:18.300000,20.668888883333334
29,2024-04-29 18:24:31.800000,2024-04-29 19:27:37.666667,63.09777778333333
29,2024-04-29 19:27:50.733333,2024-04-30 13:01:18.933333,1053.47
29,2024-04-30 13:01:41.366667,2024-04-30 16:03:43.833333,182.0411111
29,2024-05-01 16:18:54.666667,2024-05-02 08:03:14.200000,944.32555555
29,2024-05-02 08:03:25.933333,2024-05-02 08:32:32.333333,29.10666666666667
29,2024-05-02 08:35:16.266667,2024-05-02 08:36:07.033333,0.8461111
29,2024-05-02 08:36:43.866667,2024-05-02 09:42:05.700000,65.36388888333333
29,2024-05-02 09:42:38.433333,2024-05-02 14:38:03.733333,295.4216666666667
29,2024-05-02 14:45:48.766667,2024-05-03 08:58:30.833333,1092.7011111
29,2024-05-03 08:58:33.166667,2024-05-03 19:28:41.733333,630.1427777666667
29,2024-05-03 19:28:56.200000,2024-05-08 13:17:29.933333,6828.562222216667
29,2024-05-08 13:17:32.133333,2024-05-19 13:17:51.733333,15840.326666666666
29,2024-05-19 14:08:23.566667,2024-05-19 14:31:30.033333,23.10777776666667
29,2024-05-19 14:32:07.800000,2024-05-19 14:43:01.266667,10.891111116666668
29,2024-05-19 14:43:50.100000,2024-05-20 12:11:55.433333,1288.0888888833333
29,2024-05-20 12:12:02.333333,2024-05-20 12:44:27.400000,32.417777783333335
29,2024-05-20 12:44:28.433333,2024-05-20 19:41:06.500000,416.63444445
29,2024-05-20 19:41:17.566667,2024-05-21 08:43:38.533333,782.3494444333334
29,2024-05-21 08:45:04.200000,2024-05-21 08:50:20.966667,5.27944445
29,2024-05-21 08:51:24.766667,2024-05-21 09:15:56.700000,24.532222216666664
29,2024-05-21 09:17:19.333333,2024-05-21 10:00:42.233333,43.38166666666667
29,2024-05-21 10:01:38.566667,2024-05-21 12:26:46.266667,145.12833333333336
29,2024-05-21 12:28:46.700000,2024-05-21 12:34:27.933333,5.687222216666667
29,2024-05-21 12:36:31.433333,2024-05-21 12:42:56.666667,6.420555566666667
29,2024-05-21 12:45:01.333333,2024-05-21 13:33:28.666667,48.45555556666667
29,2024-05-21 13:35:30.533333,2024-05-21 13:55:46.500000,20.266111116666664
29,2024-05-21 13:57:49.266667,2024-05-21 17:48:11.566667,230.37166666666664
29,2024-05-21 17:59:25.100000,2024-05-21 18:48:50.700000,49.42666666666666
29,2024-05-21 18:50:53.600000,2024-05-21 18:51:45.900000,0.8716666666666666
29,2024-05-21 18:52:00.800000,2024-05-21 18:56:45.400000,4.743333333333334
29,2024-05-21 18:57:03.866667,2024-05-21 19:16:05.366667,19.025
29,2024-05-21 19:17:11.666667,2024-05-21 19:33:45.200000,16.55888888333333
29,2024-05-21 19:34:19.633333,2024-05-21 19:44:53.966667,10.572222233333333
29,2024-05-21 19:45:14.733333,2024-05-22 08:19:32.266667,754.2922222333333
29,2024-05-22 08:20:40.166667,2024-05-22 08:27:29.100000,6.81555555
29,2024-05-22 08:27:46.633333,2024-05-22 08:40:33.433333,12.78
29,2024-05-22 08:41:37.333333,2024-05-22 08:49:10.133333,7.546666666666667
29,2024-05-22 08:49:21.266667,2024-05-22 08:59:25.066667,10.063333333333333
29,2024-05-22 09:00:22.333333,2024-05-22 09:06:27.166667,6.080555566666666
29,2024-05-22 09:06:39.733333,2024-05-22 09:49:51.566667,43.197222233333335
29,2024-05-22 09:50:08.933333,2024-05-22 09:50:09.833333,0.015000000000000001
29,2024-05-22 10:05:35.466667,2024-05-22 11:33:10.633333,87.5861111
29,2024-05-22 11:34:19.600000,2024-05-22 11:49:30.366667,15.17944445
29,2024-05-22 11:50:40.900000,2024-05-22 11:52:50.100000,2.1533333333333333
29,2024-05-22 11:55:09.200000,2024-05-22 11:56:15.733333,1.1088888833333332
29,2024-05-22 11:56:30.333333,2024-05-22 12:08:37.866667,12.125555566666666
29,2024-05-22 12:08:53.366667,2024-05-22 12:15:09.600000,6.27055555
29,2024-05-22 12:15:32.000000,2024-05-22 12:16:58.800000,1.4466666666666665
29,2024-05-22 12:19:20.966667,2024-05-22 12:45:13.566667,25.876666666666665
29,2024-05-22 12:47:02.466667,2024-05-22 13:00:41.166667,13.645000000000001
29,2024-05-22 13:02:29.066667,2024-05-22 13:08:57.533333,6.474444433333333
29,2024-05-22 13:11:03.466667,2024-05-22 13:31:43.600000,20.668888883333334
29,2024-05-22 13:33:35.133333,2024-05-22 13:49:16.566667,15.690555566666665
29,2024-05-22 13:51:57.666667,2024-05-22 15:41:29.600000,109.53222221666667
29,2024-05-22 15:43:33.900000,2024-05-22 16:05:43.666667,22.162777783333336
29,2024-05-22 16:08:40.266667,2024-05-22 16:51:26.233333,42.766111099999996
29,2024-05-23 10:49:20.100000,2024-05-23 10:51:19.666667,1.9927777833333333
29,2024-05-23 11:04:13.300000,2024-05-23 11:21:17.900000,17.076666666666664
29,2024-05-23 11:31:01.533333,2024-05-23 11:43:57.933333,12.94
29,2024-05-23 11:45:16.966667,2024-05-23 12:39:38.533333,54.35944443333334
29,2024-05-23 12:40:39.266667,2024-05-23 12:40:58.533333,0.32111110000000004
29,2024-05-23 12:42:33.400000,2024-05-23 12:45:10.366667,2.6161111166666666
29,2024-05-23 12:45:47.933333,2024-05-23 12:59:01.533333,13.226666666666667
29,2024-05-23 13:00:29.366667,2024-05-23 13:14:15.100000,13.762222216666666
29,2024-05-23 13:15:39.200000,2024-05-23 13:31:35.000000,15.93
29,2024-05-23 13:33:03.800000,2024-05-23 14:03:52.600000,30.813333333333333
29,2024-05-23 14:05:21.200000,2024-05-23 14:22:19.800000,16.976666666666667
29,2024-05-23 14:23:12.300000,2024-05-23 15:55:29.266667,92.28277778333333
29,2024-05-23 15:56:59.300000,2024-05-23 16:00:27.700000,3.4733333333333336
29,2024-05-23 16:00:55.933333,2024-05-23 16:19:26.366667,18.507222233333334
29,2024-05-23 16:20:24.366667,2024-05-23 16:51:43.733333,31.322777766666665
29,2024-05-23 17:08:37.233333,2024-05-23 17:40:27.966667,31.84555556666667
29,2024-05-23 17:43:28.533333,2024-05-23 17:44:41.300000,1.2127777833333333
29,2024-05-23 17:44:54.100000,2024-05-23 17:55:27.300000,10.553333333333335
29,2024-05-23 17:56:24.733333,2024-05-23 18:05:31.400000,9.111111116666667
29,2024-05-23 18:05:59.866667,2024-05-23 18:08:18.033333,2.3027777666666664
29,2024-05-23 18:08:52.800000,2024-05-23 18:09:33.033333,0.67055555
29,2024-05-23 18:10:56.233333,2024-05-23 18:53:48.733333,42.875
29,2024-05-23 18:55:15.766667,2024-05-23 19:28:21.166667,33.09
29,2024-05-23 19:30:56.333333,2024-05-23 19:37:08.433333,6.201666666666667
29,2024-05-23 19:37:27.866667,2024-05-23 19:45:20.966667,7.885000000000001
29,2024-05-23 19:50:24.866667,2024-05-23 19:50:35.200000,0.17222221666666665
29,2024-05-24 08:03:51.700000,2024-05-24 08:06:25.033333,2.5555555500000002
29,2024-05-24 08:20:03.300000,2024-05-24 08:48:37.266667,28.566111116666665
29,2024-05-24 08:49:36.700000,2024-05-24 08:53:41.966667,4.087777783333333
29,2024-05-24 08:53:56.066667,2024-05-24 09:02:38.800000,8.712222216666667
29,2024-05-24 09:02:40.100000,2024-05-24 09:07:07.233333,4.452222216666667
29,2024-05-24 09:07:43.833333,2024-05-24 09:08:43.600000,0.9961111166666666
29,2024-05-24 09:09:58.833333,2024-05-24 09:13:55.633333,3.9466666666666668
29,2024-05-24 09:14:38.900000,2024-05-24 09:30:28.733333,15.830555550000001
29,2024-05-24 09:31:25.700000,2024-05-24 09:33:52.233333,2.4422222166666665
29,2024-05-24 09:36:19.033333,2024-05-24 09:42:50.400000,6.522777783333334
29,2024-05-24 09:43:32.266667,2024-05-24 09:44:36.500000,1.0705555500000001
29,2024-05-24 09:51:02.333333,2024-05-24 09:51:49.100000,0.77944445
29,2024-05-24 09:52:04.766667,2024-05-24 10:52:51.733333,60.78277776666666
29,2024-05-24 10:54:06.166667,2024-05-24 10:54:23.900000,0.29555555000000006
29,2024-05-24 10:54:37.533333,2024-05-24 10:56:38.800000,2.0211111166666664
29,2024-05-24 10:57:54.533333,2024-05-24 11:00:22.733333,2.4699999999999998
29,2024-05-24 11:01:43.633333,2024-05-24 11:06:18.966667,4.5888889
29,2024-05-24 11:06:42.900000,2024-05-24 11:07:46.000000,1.0516666666666667
29,2024-05-24 11:08:12.033333,2024-05-24 11:10:42.400000,2.5061111166666667
29,2024-05-24 11:12:00.533333,2024-05-24 11:33:18.500000,21.29944445
29,2024-05-24 11:34:19.233333,2024-05-24 11:35:50.733333,1.525
29,2024-05-24 11:43:15.266667,2024-05-24 11:47:30.100000,4.247222216666667
29,2024-05-24 11:50:06.700000,2024-05-24 12:11:51.333333,21.743888883333334
29,2024-05-24 12:14:39.266667,2024-05-24 12:19:02.933333,4.394444433333334
29,2024-05-24 12:26:24.200000,2024-05-24 12:26:56.200000,0.5333333333333333
29,2024-05-24 12:28:02.366667,2024-05-24 12:28:56.566667,0.9033333333333334
29,2024-05-24 12:29:16.233333,2024-05-24 12:30:52.500000,1.60444445
29,2024-05-24 12:31:55.433333,2024-05-24 12:52:53.766667,20.972222233333333
29,2024-05-24 12:53:55.666667,2024-05-24 12:58:21.066667,4.423333333333333
29,2024-05-24 12:59:17.066667,2024-05-24 13:00:56.266667,1.6533333333333333
29,2024-05-24 13:02:23.233333,2024-05-24 13:03:57.633333,1.5733333333333335
29,2024-05-24 13:05:28.366667,2024-05-24 13:07:08.366667,1.6666666666666667
29,2024-05-24 13:09:09.733333,2024-05-24 13:30:15.133333,21.09
29,2024-05-24 13:33:03.933333,2024-05-24 13:34:40.800000,1.6144444500000001
29,2024-05-24 13:38:50.933333,2024-05-24 15:08:52.400000,90.02444444999999
29,2024-05-24 15:29:16.300000,2024-05-24 18:04:11.533333,154.92055555
29,2024-05-24 18:04:15.500000,2024-05-24 18:11:15.866667,7.006111116666667
29,2024-05-24 18:12:33.033333,2024-05-24 18:34:47.900000,22.247777783333333
29,2024-05-24 18:34:50.300000,2024-05-26 16:47:03.100000,2772.213333333333
29,2024-05-26 16:47:05.600000,2024-06-06 14:07:34.666667,15680.48444445
29,2024-06-06 14:21:20.400000,2024-06-06 14:21:20.900000,0.008333333333333333
29,2024-06-06 14:21:37.366667,2024-06-06 14:21:37.866667,0.008333333333333333
29,2024-06-06 14:21:38.700000,2024-06-06 14:21:41.033333,0.03888888333333333
30,2024-04-23 09:59:00.366667,2024-04-23 09:59:11.166667,0.18000000000000002
30,2024-04-23 09:59:21.900000,2024-04-23 09:59:59.733333,0.6305555500000001
30,2024-04-23 10:00:00.233333,2024-04-23 10:00:40.933333,0.6783333333333333
30,2024-04-23 10:00:48.233333,2024-04-23 10:01:02.733333,0.24166666666666667
30,2024-04-23 10:01:13.900000,2024-04-29 16:30:20.766667,9029.11444445
30,2024-04-29 16:30:36.400000,2024-04-29 16:51:34.533333,20.96888888333333
30,2024-04-29 17:02:16.800000,2024-04-29 17:26:26.300000,24.158333333333335
30,2024-04-29 17:26:40.066667,2024-04-30 12:59:44.533333,1173.0744444333332
30,2024-04-30 13:18:50.466667,2024-04-30 15:36:12.033333,137.35944443333335
30,2024-04-30 15:36:28.400000,2024-05-01 18:40:28.166667,1623.9961111166667
30,2024-05-02 12:10:56.866667,2024-05-02 13:19:37.166667,68.67166666666667
30,2024-05-02 13:20:45.400000,2024-05-03 12:38:16.600000,1397.52
30,2024-05-06 16:56:24.100000,2024-05-08 08:47:29.133333,2391.083888883333
30,2024-05-08 08:47:31.400000,2024-05-08 13:36:19.366667,288.79944445
30,2024-05-08 13:36:19.933333,2024-05-19 13:41:49.200000,15845.487777783334
30,2024-05-19 13:41:50.433333,2024-05-19 15:18:31.966667,96.69222223333333
30,2024-05-19 15:22:23.433333,2024-05-19 15:49:25.700000,27.037777783333336
30,2024-05-20 10:16:12.700000,2024-05-20 10:16:12.700000,0.0
30,2024-05-20 10:32:44.266667,2024-05-20 12:39:50.300000,127.10055555000001
30,2024-05-20 12:39:51.966667,2024-05-20 14:43:12.233333,123.33777776666668
30,2024-05-20 14:43:26.000000,2024-05-20 16:12:47.133333,89.35222221666666
30,2024-05-20 16:12:59.800000,2024-05-20 18:38:48.933333,145.81888888333333
30,2024-05-20 18:39:06.866667,2024-05-21 08:54:30.133333,855.3877777666668
30,2024-05-21 14:27:37.900000,2024-05-21 14:27:38.400000,0.008333333333333333
30,2024-05-21 18:05:08.866667,2024-05-21 18:51:07.366667,45.975
30,2024-05-21 18:51:37.900000,2024-05-21 18:55:25.833333,3.7988888833333334
30,2024-05-21 18:56:03.333333,2024-05-22 12:01:48.500000,1025.7527777833334
30,2024-05-22 12:02:15.766667,2024-05-22 12:06:52.566667,4.613333333333333
30,2024-05-22 12:07:05.733333,2024-05-22 12:12:23.366667,5.2938889
30,2024-05-22 12:12:48.633333,2024-05-22 12:20:55.033333,8.106666666666666
30,2024-05-22 12:21:04.700000,2024-05-22 13:40:34.133333,79.49055555
30,2024-05-22 13:40:58.666667,2024-05-22 16:50:56.333333,189.96111109999998
30,2024-05-22 16:51:20.366667,2024-05-23 10:50:46.333333,1079.4327777666667
30,2024-05-23 10:51:13.633333,2024-05-23 11:30:58.300000,39.744444449999996
30,2024-05-23 11:31:09.200000,2024-05-23 13:13:38.600000,102.49
30,2024-05-23 13:14:16.266667,2024-05-23 13:40:05.500000,25.820555549999998
30,2024-05-23 13:40:15.866667,2024-05-23 14:03:21.333333,23.0911111
30,2024-05-23 14:03:49.166667,2024-05-23 16:14:10.600000,130.35722221666666
30,2024-05-23 16:14:21.733333,2024-05-23 16:18:58.533333,4.613333333333333
30,2024-05-23 16:19:06.166667,2024-05-23 16:35:14.433333,16.137777766666666
30,2024-05-23 16:35:17.233333,2024-05-23 18:02:15.066667,86.9638889
30,2024-05-23 18:02:19.200000,2024-05-23 18:08:12.700000,5.891666666666667
30,2024-05-23 18:08:15.866667,2024-05-23 19:10:10.500000,61.910555550000005
30,2024-05-23 19:10:13.866667,2024-05-23 19:28:05.266667,17.85666666666667
30,2024-05-23 19:28:18.866667,2024-05-24 08:09:44.700000,761.43055555
30,2024-05-24 08:09:55.666667,2024-05-24 08:43:16.666667,33.35
30,2024-05-24 08:43:19.733333,2024-05-24 09:02:43.166667,19.390555566666666
30,2024-05-24 09:02:45.566667,2024-05-24 09:29:05.733333,26.3361111
30,2024-05-24 09:29:17.233333,2024-05-24 09:52:16.533333,22.988333333333333
30,2024-05-24 09:52:17.000000,2024-05-24 11:00:11.533333,67.90888888333333
30,2024-05-24 11:00:20.566667,2024-05-24 17:57:19.266667,416.97833333333335
30,2024-05-24 17:57:28.733333,2024-05-29 11:56:30.433333,6839.028333333334
30,2024-05-29 11:56:35.066667,2024-05-31 09:49:59.766667,2753.411666666667
30,2024-05-31 09:50:03.166667,2024-06-06 14:16:03.866667,8906.011666666665
30,2024-06-06 14:17:35.466667,2024-06-06 14:17:35.966667,0.008333333333333333
30,2024-06-06 14:38:39.466667,2024-06-06 14:38:39.966667,0.008333333333333333
30,2024-06-06 14:38:43.333333,2024-06-06 14:38:43.333333,0.0
30,2024-06-06 14:39:07.266667,2024-06-06 14:39:07.266667,0.0
30,2024-06-06 14:41:32.200000,2024-06-06 14:42:12.566667,0.6727777833333334
30,2024-06-06 15:11:31.733333,2024-06-06 15:11:32.233333,0.008333333333333333
30,2024-06-06 15:26:23.833333,2024-06-06 15:26:24.333333,0.008333333333333333
30,2024-06-06 15:37:02.500000,2024-06-06 15:37:02.966667,0.007777783333333333
30,2024-06-07 12:27:50.266667,2024-06-07 12:27:50.766667,0.008333333333333333
31,2024-04-29 18:24:16.533333,2024-04-29 19:07:50.766667,43.57055556666667
31,2024-04-29 19:36:24.166667,2024-04-30 13:45:18.933333,1088.9127777666667
31,2024-04-30 13:47:18.533333,2024-04-30 13:47:21.733333,0.05333333333333334
31,2024-04-30 14:39:37.500000,2024-05-01 18:47:13.766667,1687.60444445
31,2024-05-01 18:47:22.066667,2024-05-01 18:54:53.433333,7.522777766666667
31,2024-05-01 18:55:16.333333,2024-05-02 10:41:11.300000,945.9161111166667
31,2024-05-02 10:41:34.133333,2024-05-02 14:02:50.666667,201.27555556666667
31,2024-05-02 17:56:21.933333,2024-05-06 17:38:20.433333,5741.975
31,2024-05-06 17:38:41.566667,2024-05-07 19:07:49.100000,1529.12555555
31,2024-05-07 19:07:49.733333,2024-05-07 19:35:57.166667,28.1238889
31,2024-05-07 19:40:49.866667,2024-05-08 13:05:32.066667,1044.7033333333334
31,2024-05-08 13:05:47.233333,2024-05-08 13:17:34.800000,11.792777783333333
31,2024-05-08 14:30:00.266667,2024-05-16 19:39:44.000000,11829.728888883334
31,2024-05-16 19:40:31.100000,2024-05-18 13:52:17.300000,2531.77
31,2024-05-18 13:53:00.166667,2024-05-18 13:53:06.600000,0.10722221666666668
31,2024-05-18 16:48:40.000000,2024-05-19 10:48:34.566667,1079.90944445
31,2024-05-19 10:48:39.133333,2024-05-19 10:56:00.966667,7.3638889
31,2024-05-19 11:43:09.933333,2024-05-20 16:34:04.166667,1730.9038889
31,2024-05-20 16:34:09.833333,2024-05-21 14:05:02.433333,1290.8766666666668
31,2024-05-25 11:47:47.000000,2024-05-25 11:47:47.500000,0.008333333333333333
31,2024-05-25 13:00:24.833333,2024-06-01 12:34:38.066667,10054.220555566666
31,2024-06-06 11:06:26.233333,2024-06-06 11:06:26.733333,0.008333333333333333
32,2024-04-29 17:43:00.966667,2024-04-30 12:58:59.433333,1155.9744444333332
32,2024-04-30 12:59:02.833333,2024-04-30 14:35:59.333333,96.94166666666666
32,2024-04-30 14:35:59.933333,2024-04-30 14:44:52.166667,8.870555566666667
32,2024-04-30 14:45:24.200000,2024-04-30 14:55:57.866667,10.561111116666666
32,2024-04-30 14:57:10.900000,2024-04-30 16:26:34.266667,89.38944445
32,2024-04-30 16:26:38.666667,2024-05-02 08:07:36.633333,2380.9661111
32,2024-05-02 08:08:03.466667,2024-05-02 09:45:01.333333,96.96444443333333
32,2024-05-02 09:45:10.500000,2024-05-02 10:03:51.000000,18.675
32,2024-05-02 10:03:58.933333,2024-05-02 10:29:33.133333,25.57
32,2024-05-02 10:29:40.200000,2024-05-02 10:33:41.733333,4.02555555
32,2024-05-02 10:33:47.133333,2024-05-02 11:12:20.000000,38.54777778333333
32,2024-05-02 11:59:27.966667,2024-05-02 13:50:41.466667,111.225
32,2024-05-02 13:50:49.100000,2024-05-02 14:40:11.866667,49.37944445
32,2024-05-02 14:40:16.200000,2024-05-02 14:43:40.200000,3.4
32,2024-05-02 14:43:44.766667,2024-05-02 19:07:33.333333,263.80944443333334
32,2024-05-02 19:07:36.766667,2024-05-03 12:16:19.533333,1028.7127777666667
32,2024-05-03 13:46:29.700000,2024-05-03 15:44:32.566667,118.04777778333333
32,2024-05-03 15:44:38.866667,2024-05-06 15:47:37.666667,4322.98
32,2024-05-06 15:47:50.066667,2024-05-07 19:23:13.833333,1655.3961110999999
32,2024-05-07 19:23:25.366667,2024-05-18 16:52:14.000000,15688.81055555
32,2024-05-18 16:52:52.966667,2024-05-19 15:46:08.400000,1373.2572222166666
32,2024-05-19 15:46:40.833333,2024-05-19 17:38:53.666667,112.2138889
32,2024-05-19 17:38:54.233333,2024-05-20 16:03:52.866667,1344.9772222333334
32,2024-05-20 16:07:42.900000,2024-05-24 18:38:00.033333,5910.28555555
32,2024-05-24 18:38:16.300000,2024-05-26 12:21:52.333333,2503.60055555
33,2024-04-23 13:17:47.066667,2024-04-23 13:17:47.566667,0.008333333333333333
33,2024-04-30 12:57:27.800000,2024-05-01 17:29:22.633333,1711.9138888833334
33,2024-05-01 17:29:33.100000,2024-05-01 18:16:02.366667,46.48777778333333
33,2024-05-02 08:08:57.400000,2024-05-02 08:09:17.333333,0.3322222166666667
33,2024-05-02 08:09:40.366667,2024-05-02 08:38:46.433333,29.1011111
33,2024-05-02 08:38:57.366667,2024-05-02 09:07:36.833333,28.657777766666666
33,2024-05-02 09:07:42.633333,2024-05-02 09:22:01.966667,14.322222233333333
33,2024-05-02 09:22:07.566667,2024-05-02 09:31:54.666667,9.785
33,2024-05-02 09:32:01.000000,2024-05-02 09:35:37.066667,3.6011111166666665
33,2024-05-02 09:35:41.900000,2024-05-02 10:18:40.766667,42.98111111666666
33,2024-05-02 10:18:48.233333,2024-05-02 11:59:46.433333,100.97
33,2024-05-02 11:59:53.200000,2024-05-02 12:57:16.566667,57.38944445
33,2024-05-02 12:57:23.866667,2024-05-02 14:37:30.933333,100.11777776666666
33,2024-05-02 14:48:01.200000,2024-05-02 16:25:28.500000,97.455
33,2024-05-02 16:25:57.533333,2024-05-02 19:25:44.666667,179.78555556666666
33,2024-05-02 19:25:59.633333,2024-05-03 12:17:43.266667,1011.7272222333334
33,2024-05-03 12:47:35.533333,2024-05-03 13:52:18.566667,64.71722223333333
33,2024-05-03 13:52:24.066667,2024-05-06 14:58:56.533333,4386.5411111
33,2024-05-06 14:59:19.466667,2024-05-06 17:33:30.833333,154.18944443333334
33,2024-05-06 17:33:42.833333,2024-05-08 14:58:15.666667,2724.5472222333333
33,2024-05-08 14:58:32.933333,2024-05-08 15:23:18.300000,24.756111116666666
33,2024-05-08 15:23:53.533333,2024-05-08 15:27:06.366667,3.2138889
33,2024-05-08 15:27:18.533333,2024-05-19 16:07:47.866667,15880.4888889
33,2024-05-19 16:08:05.166667,2024-05-19 16:29:46.466667,21.688333333333333
33,2024-05-19 16:30:01.500000,2024-05-20 12:41:12.666667,1211.1861111166666
33,2024-05-20 12:41:14.133333,2024-05-20 14:40:32.700000,119.30944445
33,2024-05-20 14:40:44.166667,2024-05-21 08:54:46.666667,1094.0416666666667
33,2024-05-21 08:55:07.733333,2024-05-23 11:45:56.566667,3050.8138888999997
33,2024-05-24 17:57:37.066667,2024-05-24 18:39:56.600000,42.32555555
34,2024-04-29 16:52:16.700000,2024-04-29 17:33:35.533333,41.313888883333334
34,2024-04-29 17:33:37.833333,2024-04-29 18:41:09.466667,67.52722223333333
34,2024-04-29 18:42:32.566667,2024-04-30 15:27:49.200000,1245.2772222166668
34,2024-04-30 15:28:48.833333,2024-04-30 15:33:38.300000,4.82444445
34,2024-04-30 15:34:33.700000,2024-05-01 15:49:14.400000,1454.6783333333333
34,2024-05-01 15:49:43.733333,2024-05-01 15:49:48.066667,0.07222223333333333
34,2024-05-01 15:50:24.733333,2024-05-02 08:49:01.466667,1018.6122222333332
34,2024-05-02 08:49:09.400000,2024-05-02 09:02:39.200000,13.496666666666666
34,2024-05-02 09:02:46.633333,2024-05-02 09:17:47.366667,15.012222233333334
34,2024-05-02 09:17:53.466667,2024-05-02 09:44:11.366667,26.298333333333336
34,2024-05-02 09:44:33.900000,2024-05-02 10:46:38.633333,62.078888883333335
34,2024-05-02 10:46:45.700000,2024-05-02 10:55:28.266667,8.709444450000001
34,2024-05-02 10:55:34.700000,2024-05-02 11:11:47.100000,16.206666666666667
34,2024-05-02 11:11:53.566667,2024-05-02 12:34:03.366667,82.16333333333334
34,2024-05-02 12:34:10.833333,2024-05-02 13:12:58.266667,38.79055556666666
34,2024-05-02 13:13:05.633333,2024-05-02 13:50:52.666667,37.7838889
34,2024-05-02 13:51:10.266667,2024-05-02 14:46:10.900000,55.01055555000001
34,2024-05-02 14:46:46.066667,2024-05-02 14:49:14.433333,2.472777766666667
34,2024-05-02 14:49:16.066667,2024-05-02 14:59:25.766667,10.161666666666667
34,2024-05-02 14:59:31.200000,2024-05-02 15:51:50.066667,52.314444449999996
34,2024-05-02 15:52:00.200000,2024-05-02 16:37:46.500000,45.77166666666667
34,2024-05-02 16:37:52.200000,2024-05-02 16:39:45.200000,1.8833333333333333
34,2024-05-02 16:39:49.766667,2024-05-02 19:07:38.933333,147.81944443333333
34,2024-05-02 19:07:45.533333,2024-05-02 19:30:12.833333,22.455
34,2024-05-02 19:30:17.366667,2024-05-03 10:24:24.200000,894.1138888833334
34,2024-05-03 10:24:31.266667,2024-05-03 11:25:38.400000,61.118888883333334
34,2024-05-03 11:25:47.633333,2024-05-03 13:16:21.500000,110.56444445000001
34,2024-05-03 13:16:28.233333,2024-05-03 14:40:28.666667,84.00722223333334
34,2024-05-03 16:36:30.200000,2024-05-03 16:38:40.933333,2.1788888833333333
34,2024-05-03 16:38:46.633333,2024-05-08 13:39:20.766667,7020.5688889
34,2024-05-08 13:39:50.800000,2024-05-08 15:01:41.233333,81.84055555
34,2024-05-08 15:02:50.533333,2024-05-08 15:17:23.733333,14.553333333333335
34,2024-05-08 15:19:30.866667,2024-05-08 15:29:43.166667,10.205
34,2024-05-08 15:29:58.966667,2024-05-13 14:07:00.766667,7117.03
34,2024-05-13 14:08:18.033333,2024-05-13 14:08:23.666667,0.0938889
34,2024-05-13 14:08:56.100000,2024-05-19 13:42:28.600000,8613.541666666666
34,2024-05-19 13:43:21.833333,2024-05-19 15:54:50.533333,131.47833333333332
34,2024-05-19 15:55:14.000000,2024-05-20 10:23:39.066667,1108.4177777833333
34,2024-05-20 10:23:52.633333,2024-05-20 10:28:24.066667,4.5238889
34,2024-05-20 10:28:25.166667,2024-05-20 14:04:04.300000,215.65222221666667
34,2024-05-20 16:29:53.500000,2024-05-20 18:15:53.066667,105.99277778333334
34,2024-05-20 18:18:46.600000,2024-05-22 10:53:57.466667,2435.1811111166667
34,2024-05-22 10:54:13.933333,2024-05-24 18:55:10.733333,3360.9466666666663
34,2024-05-24 18:55:11.500000,2024-05-24 19:07:11.333333,11.997222216666668
34,2024-05-24 19:07:11.866667,2024-06-01 13:58:43.033333,11211.519444433334
35,2024-04-23 10:19:49.033333,2024-04-23 10:19:49.500000,0.007777783333333333
35,2024-04-23 10:19:55.033333,2024-04-23 10:19:55.533333,0.008333333333333333
35,2024-04-23 10:20:11.666667,2024-04-23 10:20:12.166667,0.008333333333333333
35,2024-04-23 10:20:30.000000,2024-04-23 10:20:50.966667,0.34944445
35,2024-04-29 17:22:43.566667,2024-04-29 18:10:43.200000,47.993888883333334
35,2024-04-29 18:11:05.033333,2024-04-30 13:07:20.533333,1136.2583333333334
35,2024-04-30 13:08:31.666667,2024-04-30 13:18:25.433333,9.8961111
35,2024-04-30 13:24:50.866667,2024-04-30 14:59:08.100000,94.28722221666666
35,2024-04-30 15:00:56.500000,2024-04-30 16:18:51.666667,77.91944445
35,2024-04-30 16:20:13.100000,2024-05-01 16:52:07.633333,1471.9088888833332
35,2024-05-01 16:53:40.000000,2024-05-01 17:29:51.200000,36.18666666666666
35,2024-05-01 17:32:39.866667,2024-05-01 18:46:21.066667,73.68666666666667
35,2024-05-01 18:46:49.133333,2024-05-01 18:47:08.733333,0.3266666666666667
35,2024-05-01 18:47:11.300000,2024-05-01 18:51:30.300000,4.316666666666666
35,2024-05-01 19:28:41.766667,2024-05-01 19:35:01.000000,6.32055555
35,2024-05-02 08:03:11.433333,2024-05-02 09:32:03.300000,88.86444445000001
35,2024-05-02 09:33:19.400000,2024-05-02 09:35:46.633333,2.453888883333333
35,2024-05-02 09:36:31.566667,2024-05-02 09:45:12.366667,8.68
35,2024-05-02 09:46:14.633333,2024-05-02 10:04:02.433333,17.796666666666667
35,2024-05-02 10:05:06.666667,2024-05-02 10:15:25.800000,10.318888883333333
35,2024-05-02 10:16:54.533333,2024-05-02 10:46:51.900000,29.956111116666666
35,2024-05-02 10:48:43.566667,2024-05-02 11:34:11.500000,45.46555555
35,2024-05-02 11:35:44.266667,2024-05-02 11:47:20.200000,11.598888883333332
35,2024-05-02 11:48:57.166667,2024-05-02 12:13:45.700000,24.808888883333335
35,2024-05-02 12:15:35.233333,2024-05-02 12:50:35.600000,35.006111116666666
35,2024-05-02 12:52:26.533333,2024-05-02 12:57:26.266667,4.995555566666667
35,2024-05-02 12:58:46.033333,2024-05-02 14:19:44.300000,80.97111111666666
35,2024-05-02 14:21:27.766667,2024-05-02 14:31:10.933333,9.719444433333333
35,2024-05-02 14:45:00.666667,2024-05-02 15:43:42.000000,58.688888883333334
35,2024-05-02 15:46:28.966667,2024-05-02 17:32:08.833333,105.66444443333333
35,2024-05-02 17:32:51.966667,2024-05-02 18:18:54.466667,46.041666666666664
35,2024-05-02 18:20:19.366667,2024-05-02 18:22:53.400000,2.5672222166666665
35,2024-05-02 18:23:17.966667,2024-05-02 18:23:39.966667,0.36666666666666664
35,2024-05-02 18:51:37.233333,2024-05-02 19:11:47.233333,20.166666666666668
35,2024-05-02 19:12:50.566667,2024-05-02 19:26:01.900000,13.188888883333334
35,2024-05-02 19:27:51.533333,2024-05-03 09:36:05.866667,848.2388889
35,2024-05-03 09:37:24.466667,2024-05-03 12:18:00.500000,160.60055555
35,2024-05-03 12:19:29.433333,2024-05-03 13:41:30.266667,82.0138889
35,2024-05-03 13:41:52.933333,2024-05-03 13:44:40.433333,2.7916666666666665
35,2024-05-03 13:45:57.833333,2024-05-03 13:52:26.833333,6.483333333333333
35,2024-05-03 14:18:41.966667,2024-05-03 15:44:42.933333,86.0161111
35,2024-05-03 16:09:35.566667,2024-05-03 16:09:37.600000,0.03388888333333333
35,2024-05-03 16:09:40.700000,2024-05-03 16:57:09.366667,47.47777778333333
35,2024-05-03 16:58:06.800000,2024-05-03 17:57:42.033333,59.58722221666667
35,2024-05-03 17:58:33.633333,2024-05-06 13:09:40.566667,4031.115555566667
35,2024-05-06 13:10:10.666667,2024-05-06 16:08:14.933333,178.0711111
35,2024-05-06 16:08:59.766667,2024-05-07 12:57:36.533333,1248.6127777666666
35,2024-05-07 12:57:53.633333,2024-05-07 19:27:48.400000,389.91277778333335
35,2024-05-07 19:28:03.266667,2024-05-08 13:37:55.666667,1089.8733333333334
35,2024-05-08 13:39:15.200000,2024-05-08 15:20:24.500000,101.155
35,2024-05-08 15:22:36.866667,2024-05-08 18:12:11.433333,169.57611110000002
35,2024-05-08 18:12:52.133333,2024-05-13 14:11:10.700000,6958.30944445
35,2024-05-13 14:11:22.433333,2024-05-13 14:21:21.200000,9.979444449999999
35,2024-05-13 14:21:34.533333,2024-05-16 19:16:54.600000,4615.33444445
35,2024-05-16 19:16:58.633333,2024-05-19 13:45:49.666667,3988.8505555666666
35,2024-05-19 13:46:05.366667,2024-05-22 12:24:11.166667,4238.096666666666
35,2024-05-24 19:02:37.466667,2024-05-25 13:01:39.433333,1079.0327777666666
35,2024-05-25 13:01:43.866667,2024-06-06 15:11:43.633333,17409.9961111
35,2024-06-06 15:32:07.900000,2024-06-06 15:32:08.366667,0.007777783333333333
35,2024-06-06 15:33:38.100000,2024-06-06 15:33:38.566667,0.007777783333333333
35,2024-06-06 15:35:45.700000,2024-06-06 15:35:46.166667,0.007777783333333333
35,2024-06-06 15:36:53.866667,2024-06-06 15:36:54.333333,0.007777766666666667
36,2024-04-29 18:07:30.433333,2024-04-29 18:51:38.166667,44.1288889
36,2024-04-29 18:51:53.033333,2024-04-29 19:18:47.533333,26.908333333333335
36,2024-04-29 19:18:59.400000,2024-04-29 20:08:22.300000,49.38166666666667
36,2024-04-29 20:08:40.433333,2024-04-29 20:08:42.466667,0.0338889
36,2024-04-29 20:08:54.600000,2024-04-30 13:05:15.700000,1016.3516666666667
36,2024-04-30 13:06:56.333333,2024-04-30 14:03:58.800000,57.04111111666667
36,2024-04-30 14:05:23.666667,2024-04-30 14:24:06.333333,18.7111111
36,2024-04-30 14:26:01.400000,2024-04-30 14:47:07.400000,21.1
36,2024-04-30 14:48:24.433333,2024-05-01 14:41:08.466667,1432.7338889
36,2024-05-01 14:49:45.833333,2024-05-01 15:51:37.700000,61.86444444999999
36,2024-05-01 15:53:23.600000,2024-05-01 17:54:38.133333,121.24222221666668
36,2024-05-01 17:57:21.300000,2024-05-01 18:16:17.133333,18.93055555
36,2024-05-01 18:39:53.433333,2024-05-02 08:19:26.400000,819.54944445
36,2024-05-02 08:21:32.733333,2024-05-02 08:33:06.833333,11.568333333333333
36,2024-05-02 08:34:07.466667,2024-05-02 08:53:00.700000,18.887222216666665
36,2024-05-02 08:53:38.866667,2024-05-02 10:56:10.866667,122.53333333333333
36,2024-05-02 10:57:23.733333,2024-05-02 11:13:51.433333,16.461666666666666
36,2024-05-02 11:15:31.833333,2024-05-02 11:20:34.766667,5.0488889
36,2024-05-02 11:21:28.133333,2024-05-02 12:05:10.833333,43.711666666666666
36,2024-05-02 12:05:37.533333,2024-05-02 13:21:17.733333,75.67
36,2024-05-02 14:02:19.500000,2024-05-02 14:32:59.266667,30.662777783333336
36,2024-05-02 14:34:48.033333,2024-05-02 14:40:18.533333,5.508333333333334
36,2024-05-02 14:41:18.066667,2024-05-02 16:35:38.633333,114.34277776666666
36,2024-05-02 16:37:20.600000,2024-05-02 16:53:16.066667,15.924444450000001
36,2024-05-02 16:53:28.600000,2024-05-02 16:55:45.633333,2.2838888833333333
36,2024-05-02 16:56:20.966667,2024-05-02 17:01:05.433333,4.7411110999999995
36,2024-05-02 17:01:52.400000,2024-05-02 17:03:38.066667,1.7611111166666666
36,2024-05-02 17:04:38.466667,2024-05-02 17:12:39.666667,8.02
36,2024-05-02 17:14:29.633333,2024-05-02 17:28:34.833333,14.086666666666668
36,2024-05-02 17:30:15.700000,2024-05-02 17:34:47.800000,4.535
36,2024-05-02 17:36:37.766667,2024-05-02 17:42:43.200000,6.09055555
36,2024-05-02 17:45:38.000000,2024-05-02 17:58:02.900000,12.415
36,2024-05-02 17:59:27.000000,2024-05-02 18:20:29.900000,21.048333333333336
36,2024-05-02 18:20:49.400000,2024-05-02 18:45:04.400000,24.25
36,2024-05-02 18:45:54.666667,2024-05-02 18:55:34.733333,9.667777766666667
36,2024-05-02 18:56:49.100000,2024-05-02 19:07:47.933333,10.98055555
36,2024-05-02 19:09:08.600000,2024-05-02 19:30:19.500000,21.18166666666667
36,2024-05-02 19:31:26.266667,2024-05-02 19:45:18.766667,13.875
36,2024-05-02 19:47:06.966667,2024-05-03 11:37:00.933333,949.8994444333333
36,2024-05-03 11:38:06.033333,2024-05-03 11:58:26.100000,20.33444445
36,2024-05-03 12:01:34.033333,2024-05-03 12:39:55.333333,38.355000000000004
36,2024-05-03 12:42:36.633333,2024-05-03 13:59:43.333333,77.11166666666666
36,2024-05-03 14:00:23.966667,2024-05-03 14:20:17.633333,19.894444433333334
36,2024-05-03 14:54:59.733333,2024-05-03 15:14:08.833333,19.151666666666664
36,2024-05-03 15:44:23.300000,2024-05-03 16:36:32.066667,52.14611111666667
36,2024-05-03 16:37:27.166667,2024-05-03 16:38:48.700000,1.3588888833333332
36,2024-05-03 16:39:50.133333,2024-05-03 17:04:08.733333,24.31
36,2024-05-03 17:05:00.466667,2024-05-03 17:54:13.166667,49.211666666666666
36,2024-05-03 17:55:16.966667,2024-05-03 19:01:34.133333,66.2861111
36,2024-05-06 11:12:47.933333,2024-05-06 11:14:01.033333,1.2183333333333333
36,2024-05-06 11:14:03.033333,2024-05-06 11:14:13.133333,0.16833333333333333
36,2024-05-06 11:32:57.566667,2024-05-06 17:15:13.666667,342.2683333333333
36,2024-05-06 17:30:38.500000,2024-05-06 17:36:55.333333,6.28055555
36,2024-05-06 17:37:53.066667,2024-05-06 17:40:53.633333,3.0094444333333334
36,2024-05-06 17:41:06.500000,2024-05-06 18:49:31.166667,68.41111111666667
36,2024-05-07 14:56:46.933333,2024-05-07 18:06:19.333333,189.54
36,2024-05-07 18:08:05.133333,2024-05-08 12:58:51.200000,1130.7677777833335
36,2024-05-08 13:00:01.866667,2024-05-08 14:59:58.133333,119.93777776666667
36,2024-05-08 15:00:31.933333,2024-05-08 15:00:36.500000,0.07611111666666666
36,2024-05-08 17:51:27.166667,2024-05-08 18:13:29.266667,22.035
36,2024-05-08 18:13:50.233333,2024-05-13 14:09:39.933333,6955.828333333334
36,2024-05-13 14:10:27.333333,2024-05-13 14:27:09.400000,16.701111116666667
36,2024-05-13 14:27:28.233333,2024-05-13 14:30:12.166667,2.7322222333333333
36,2024-05-13 14:33:39.200000,2024-05-13 14:42:14.800000,8.593333333333334
36,2024-05-13 14:44:11.000000,2024-05-18 18:16:24.166667,7412.21944445
36,2024-05-19 12:10:59.933333,2024-05-19 17:08:28.566667,297.4772222333333
36,2024-05-19 17:08:41.333333,2024-05-20 10:28:27.066667,1039.7622222333332
36,2024-05-20 10:28:27.733333,2024-05-20 13:09:14.133333,160.77333333333334
36,2024-05-20 18:20:29.433333,2024-05-20 18:31:21.433333,10.866666666666667
36,2024-05-20 18:31:53.600000,2024-05-20 18:31:56.566667,0.04944445
36,2024-05-21 08:13:42.366667,2024-05-21 08:13:43.133333,0.012777766666666666
36,2024-05-21 08:14:11.100000,2024-05-21 13:10:28.800000,296.295
36,2024-05-24 17:57:56.200000,2024-06-06 14:06:34.266667,18488.634444450003
36,2024-06-06 15:13:53.300000,2024-06-06 15:13:53.800000,0.008333333333333333
36,2024-06-06 15:32:01.266667,2024-06-06 15:32:01.733333,0.007777766666666667
36,2024-06-06 15:35:00.200000,2024-06-06 15:35:09.066667,0.14777778333333333
36,2024-06-06 15:36:33.500000,2024-06-06 15:36:33.966667,0.007777783333333333
37,2024-04-29 16:53:47.000000,2024-04-29 19:13:15.900000,139.48166666666665
37,2024-04-29 19:17:59.100000,2024-04-30 12:54:54.533333,1056.9238888833333
37,2024-04-30 13:17:59.566667,2024-04-30 13:53:37.933333,35.63944443333333
37,2024-04-30 13:54:07.633333,2024-04-30 14:07:13.266667,13.0938889
37,2024-04-30 14:08:21.533333,2024-04-30 14:33:50.966667,25.490555566666668
37,2024-04-30 14:35:00.300000,2024-04-30 14:50:12.600000,15.205
37,2024-04-30 15:11:37.933333,2024-04-30 16:29:14.300000,77.60611111666667
37,2024-04-30 16:30:51.200000,2024-05-01 18:50:45.900000,1579.9116666666666
37,2024-05-01 18:51:06.500000,2024-05-02 08:13:04.900000,801.9733333333334
37,2024-05-02 08:15:11.866667,2024-05-02 08:39:00.800000,23.81555555
37,2024-05-02 08:40:15.066667,2024-05-02 08:49:11.966667,8.948333333333332
37,2024-05-02 08:50:32.033333,2024-05-02 09:02:49.166667,12.285555566666666
37,2024-05-02 09:03:56.400000,2024-05-02 09:07:45.000000,3.81
37,2024-05-02 09:08:31.133333,2024-05-02 09:17:55.533333,9.406666666666666
37,2024-05-02 09:19:10.333333,2024-05-02 09:22:10.166667,2.9972222333333334
37,2024-05-02 09:22:50.500000,2024-05-02 10:18:50.700000,56.00333333333333
37,2024-05-02 10:19:33.266667,2024-05-02 10:33:49.900000,14.277222216666667
37,2024-05-02 10:34:42.466667,2024-05-02 11:59:59.700000,85.28722221666666
37,2024-05-02 12:01:58.200000,2024-05-02 12:34:17.533333,32.32222221666667
37,2024-05-02 12:37:15.200000,2024-05-02 13:13:11.700000,35.94166666666667
37,2024-05-02 13:18:07.933333,2024-05-02 14:37:49.066667,79.68555556666666
37,2024-05-02 14:40:03.833333,2024-05-02 14:59:33.100000,19.487777783333335
37,2024-05-02 15:57:24.600000,2024-05-02 16:14:26.366667,17.02944445
37,2024-05-02 16:14:53.133333,2024-05-02 16:15:16.133333,0.38333333333333336
37,2024-05-02 16:25:54.866667,2024-05-02 16:37:54.433333,11.992777766666668
37,2024-05-02 16:39:11.666667,2024-05-02 16:40:32.966667,1.355
37,2024-05-02 16:42:15.333333,2024-05-02 16:47:56.200000,5.681111116666667
37,2024-05-02 16:49:01.600000,2024-05-02 16:51:54.200000,2.8766666666666665
37,2024-05-02 16:52:58.600000,2024-05-02 16:58:05.900000,5.121666666666667
37,2024-05-02 16:59:02.066667,2024-05-02 17:06:21.400000,7.322222216666666
37,2024-05-02 17:07:18.966667,2024-05-02 17:15:00.233333,7.687777766666667
37,2024-05-02 17:15:15.533333,2024-05-02 17:20:07.833333,4.871666666666667
37,2024-05-02 17:20:52.433333,2024-05-02 17:22:32.566667,1.6688889
37,2024-05-02 17:24:14.433333,2024-05-02 17:36:48.166667,12.562222233333333
37,2024-05-02 17:37:19.800000,2024-05-02 17:39:09.800000,1.8333333333333333
37,2024-05-02 17:40:45.133333,2024-05-02 17:47:28.566667,6.7238889
37,2024-05-02 17:48:31.133333,2024-05-02 17:50:37.000000,2.0977777833333335
37,2024-05-02 17:52:03.266667,2024-05-02 17:54:07.566667,2.0716666666666668
37,2024-05-02 17:56:00.200000,2024-05-02 18:07:16.866667,11.277777783333333
37,2024-05-02 18:08:44.900000,2024-05-02 18:10:28.833333,1.7322222166666668
37,2024-05-02 18:12:15.233333,2024-05-02 18:14:28.700000,2.22444445
37,2024-05-02 18:16:17.133333,2024-05-02 18:35:00.333333,18.720000000000002
37,2024-05-02 18:35:44.900000,2024-05-03 08:19:55.900000,824.1833333333333
37,2024-05-03 08:39:42.000000,2024-05-03 09:55:27.566667,75.75944445
37,2024-05-03 09:56:56.700000,2024-05-03 10:45:37.966667,48.68777778333333
37,2024-05-03 10:46:50.066667,2024-05-03 11:25:49.900000,38.997222216666664
37,2024-05-03 11:28:11.833333,2024-05-03 12:47:38.033333,79.43666666666667
37,2024-05-03 12:49:00.100000,2024-05-03 13:16:30.666667,27.50944445
37,2024-05-03 13:18:51.466667,2024-05-03 13:48:41.700000,29.837222216666664
37,2024-05-03 13:49:57.200000,2024-05-03 14:01:49.333333,11.868888883333334
37,2024-05-03 14:02:05.433333,2024-05-03 14:58:04.000000,55.976111116666665
37,2024-05-03 14:59:10.633333,2024-05-03 15:38:59.400000,39.81277778333333
37,2024-05-03 16:54:41.300000,2024-05-03 17:00:47.700000,6.1066666666666665
37,2024-05-03 17:01:54.000000,2024-05-03 17:15:58.033333,14.067222216666666
37,2024-05-03 17:16:56.100000,2024-05-03 17:50:55.966667,33.99777778333333
37,2024-05-03 17:51:44.866667,2024-05-03 18:12:14.333333,20.4911111
37,2024-05-03 18:14:47.333333,2024-05-03 18:57:28.000000,42.67777778333333
37,2024-05-03 19:01:23.333333,2024-05-06 12:35:50.266667,3934.4488889
37,2024-05-06 12:36:15.966667,2024-05-06 16:25:56.166667,229.67000000000002
37,2024-05-06 16:58:35.400000,2024-05-06 17:37:22.466667,38.78444445
37,2024-05-06 17:37:26.300000,2024-05-06 17:58:14.533333,20.803888883333332
37,2024-05-06 17:58:17.266667,2024-05-06 18:48:16.133333,49.9811111
37,2024-05-06 18:48:36.833333,2024-05-07 12:17:43.266667,1049.1072222333335
37,2024-05-07 12:17:43.833333,2024-05-08 15:24:05.600000,1626.3627777833333
37,2024-05-08 15:25:44.733333,2024-05-12 14:50:48.233333,5725.058333333333
37,2024-05-13 13:12:21.633333,2024-05-13 14:15:17.200000,62.92611111666667
37,2024-05-13 14:20:39.066667,2024-05-13 14:49:02.300000,28.387222216666665
37,2024-05-20 18:48:57.833333,2024-05-24 19:06:00.733333,5777.048333333334
37,2024-05-24 19:06:05.600000,2024-05-25 12:32:16.766667,1046.1861111166666
37,2024-05-28 10:52:49.333333,2024-05-28 10:52:55.033333,0.095
37,2024-05-28 10:52:56.033333,2024-05-28 10:52:56.500000,0.007777783333333333
37,2024-05-28 10:53:24.233333,2024-05-28 10:53:24.700000,0.007777783333333333
37,2024-05-28 10:53:25.433333,2024-05-28 10:53:27.666667,0.037222233333333334
37,2024-05-28 10:53:30.933333,2024-05-28 10:53:37.333333,0.10666666666666667
37,2024-05-28 10:53:38.266667,2024-05-28 10:53:39.466667,0.02
38,2024-04-22 17:02:56.466667,2024-04-29 16:45:51.833333,10062.922777766666
38,2024-04-30 13:58:04.666667,2024-04-30 14:10:07.766667,12.051666666666668
38,2024-04-30 14:11:16.233333,2024-04-30 14:21:06.633333,9.84
38,2024-04-30 14:22:23.466667,2024-04-30 14:38:24.900000,16.02388888333333
38,2024-04-30 14:39:49.700000,2024-04-30 15:06:01.100000,26.19
38,2024-04-30 15:07:21.766667,2024-04-30 15:22:53.000000,15.520555550000001
38,2024-04-30 15:25:02.933333,2024-04-30 15:54:55.600000,29.877777783333332
38,2024-04-30 15:57:16.300000,2024-04-30 16:13:00.000000,15.728333333333333
38,2024-04-30 16:15:26.500000,2024-04-30 16:40:35.133333,25.143888883333332
38,2024-05-01 15:51:16.566667,2024-05-01 17:28:16.100000,96.99222221666668
38,2024-05-01 17:28:49.333333,2024-05-01 18:14:30.033333,45.67833333333333
38,2024-05-01 18:15:20.733333,2024-05-01 18:47:01.400000,31.677777783333333
38,2024-05-01 18:51:21.800000,2024-05-02 08:08:08.566667,796.77944445
38,2024-05-02 08:08:18.300000,2024-05-02 08:09:02.366667,0.73444445
38,2024-05-02 08:09:50.900000,2024-05-02 08:15:20.900000,5.5
38,2024-05-02 08:15:45.833333,2024-05-02 09:06:24.333333,50.641666666666666
38,2024-05-02 09:07:17.733333,2024-05-02 11:12:30.700000,125.21611111666667
38,2024-05-02 11:13:25.800000,2024-05-02 13:29:57.066667,136.52111111666667
38,2024-05-02 14:49:02.366667,2024-05-02 14:57:01.000000,7.977222216666666
38,2024-05-02 16:14:23.433333,2024-05-02 16:34:15.333333,19.865000000000002
38,2024-05-02 16:34:50.000000,2024-05-02 16:51:08.033333,16.30055555
38,2024-05-02 16:51:20.100000,2024-05-02 16:51:32.133333,0.20055555
38,2024-05-02 16:51:43.266667,2024-05-02 17:09:18.066667,17.58
38,2024-05-02 17:09:30.900000,2024-05-02 17:14:45.033333,5.23555555
38,2024-05-02 17:14:48.800000,2024-05-02 17:50:18.133333,35.48888888333333
38,2024-05-02 17:50:24.733333,2024-05-02 17:50:28.400000,0.061111116666666666
38,2024-05-02 17:50:34.933333,2024-05-02 18:14:17.066667,23.702222233333334
38,2024-05-02 18:14:26.433333,2024-05-02 18:22:33.766667,8.122222233333334
38,2024-05-02 18:22:39.833333,2024-05-02 18:22:43.666667,0.0638889
38,2024-05-02 18:22:49.833333,2024-05-02 18:34:46.400000,11.942777783333334
38,2024-05-02 18:34:52.166667,2024-05-02 18:55:26.000000,20.563888883333334
38,2024-05-02 18:55:32.300000,2024-05-02 19:44:42.700000,49.17333333333333
38,2024-05-02 19:45:16.433333,2024-05-03 12:16:37.900000,991.3577777833333
38,2024-05-03 12:16:46.566667,2024-05-03 13:13:29.333333,56.71277776666667
38,2024-05-03 13:48:38.866667,2024-05-03 14:17:39.233333,29.0061111
38,2024-05-03 14:17:50.633333,2024-05-03 14:18:06.233333,0.26
38,2024-05-03 14:18:17.733333,2024-05-03 14:19:53.833333,1.6016666666666666
38,2024-05-03 14:20:03.566667,2024-05-03 14:55:10.300000,35.112222216666666
38,2024-05-03 14:55:22.833333,2024-05-03 16:34:06.100000,98.72111111666666
38,2024-05-03 16:34:16.366667,2024-05-03 16:34:26.000000,0.16055555000000002
38,2024-05-03 16:34:37.000000,2024-05-03 16:45:06.333333,10.488888883333335
38,2024-05-03 16:45:20.000000,2024-05-03 16:49:15.266667,3.921111116666667
38,2024-05-03 16:49:24.666667,2024-05-03 17:07:34.266667,18.16
38,2024-05-03 17:07:42.200000,2024-05-03 17:24:12.466667,16.50444445
38,2024-05-03 17:24:19.700000,2024-05-03 17:24:22.266667,0.04277778333333333
38,2024-05-03 17:24:30.466667,2024-05-03 17:28:24.966667,3.908333333333333
38,2024-05-03 17:28:33.000000,2024-05-03 17:47:24.833333,18.863888883333335
38,2024-05-03 17:47:31.766667,2024-05-03 18:12:02.000000,24.50388888333333
38,2024-05-03 18:12:11.466667,2024-05-03 18:31:42.266667,19.513333333333332
38,2024-05-03 18:31:52.800000,2024-05-03 18:56:39.600000,24.779999999999998
38,2024-05-03 18:56:56.933333,2024-05-03 18:57:03.266667,0.10555556666666667
38,2024-05-03 18:57:24.466667,2024-05-06 14:23:29.333333,4046.0811111
38,2024-05-06 14:57:35.233333,2024-05-06 15:21:28.733333,23.891666666666666
38,2024-05-06 17:13:39.166667,2024-05-06 17:13:41.833333,0.04444443333333334
38,2024-05-06 17:13:55.666667,2024-05-06 17:32:18.066667,18.373333333333335
38,2024-05-06 17:32:30.500000,2024-05-06 18:07:59.000000,35.475
38,2024-05-06 18:49:06.566667,2024-05-06 19:43:59.266667,54.87833333333333
38,2024-05-06 19:44:18.466667,2024-05-08 17:50:14.033333,2765.9261111
38,2024-05-08 17:50:32.200000,2024-05-08 17:53:47.233333,3.25055555
38,2024-05-08 17:54:02.900000,2024-05-08 17:56:55.633333,2.878888883333333
38,2024-05-08 17:57:15.800000,2024-05-08 18:04:47.933333,7.53555555
38,2024-05-08 18:05:08.466667,2024-05-08 18:13:18.366667,8.165
38,2024-05-08 18:13:25.300000,2024-05-12 15:49:53.700000,5616.473333333333
38,2024-05-13 14:19:32.800000,2024-05-13 14:24:40.666667,5.131111116666667
38,2024-05-13 17:59:25.400000,2024-05-19 13:39:22.866667,8379.957777783333
38,2024-05-19 13:39:46.766667,2024-05-19 16:58:56.966667,199.17000000000002
38,2024-05-19 16:59:12.933333,2024-05-20 09:16:45.633333,977.545
38,2024-05-20 09:17:00.200000,2024-05-20 11:59:36.866667,162.61111111666665
38,2024-05-20 17:44:48.100000,2024-05-21 11:08:00.733333,1043.21055555
38,2024-05-21 11:08:06.133333,2024-05-21 13:20:42.033333,132.59833333333333
38,2024-05-21 13:20:42.600000,2024-06-06 12:38:39.966667,22997.95611111667
39,2024-04-23 13:36:09.900000,2024-04-29 18:58:47.233333,8962.622222216665
39,2024-04-30 12:44:22.366667,2024-04-30 13:40:52.400000,56.500555549999994
39,2024-04-30 13:43:12.333333,2024-04-30 13:43:41.733333,0.49
39,2024-04-30 13:53:05.066667,2024-04-30 14:13:16.966667,20.198333333333334
39,2024-04-30 14:14:35.266667,2024-04-30 14:30:11.566667,15.604999999999999
39,2024-04-30 14:31:50.900000,2024-04-30 15:36:31.400000,64.675
39,2024-04-30 15:37:50.333333,2024-04-30 15:37:51.166667,0.013888900000000001
39,2024-05-01 16:14:57.933333,2024-05-01 16:30:58.266667,16.00555556666667
39,2024-05-01 16:34:51.500000,2024-05-01 16:43:29.866667,8.639444450000001
39,2024-05-01 16:45:24.000000,2024-05-01 17:44:49.800000,59.43
39,2024-05-01 17:45:17.400000,2024-05-02 09:59:47.200000,974.4966666666667
39,2024-05-02 10:01:04.666667,2024-05-02 10:29:43.900000,28.65388888333333
39,2024-05-02 10:30:55.366667,2024-05-02 13:31:34.833333,180.65777776666667
39,2024-05-02 14:50:48.733333,2024-05-02 16:39:52.500000,109.06277778333333
39,2024-05-02 16:40:14.300000,2024-05-02 17:09:33.533333,29.320555549999998
39,2024-05-02 17:10:55.700000,2024-05-03 10:24:33.500000,1033.63
39,2024-05-03 10:25:31.066667,2024-05-03 13:37:02.800000,191.52888888333334
39,2024-05-03 13:38:48.166667,2024-05-03 13:39:56.266667,1.135
39,2024-05-03 13:41:24.433333,2024-05-03 13:56:36.000000,15.192777783333334
39,2024-05-03 13:57:37.400000,2024-05-03 14:55:26.633333,57.82055555
39,2024-05-03 14:55:50.366667,2024-05-03 16:42:26.266667,106.59833333333333
39,2024-05-03 16:43:11.500000,2024-05-03 16:45:22.833333,2.1888888833333335
39,2024-05-03 16:46:38.133333,2024-05-03 16:49:27.666667,2.8255555666666665
39,2024-05-03 16:50:36.666667,2024-05-03 17:07:48.666667,17.2
39,2024-05-03 17:09:42.200000,2024-05-03 17:11:52.666667,2.17444445
39,2024-05-03 17:13:45.366667,2024-05-03 17:19:13.600000,5.47055555
39,2024-05-03 17:22:07.966667,2024-05-03 17:24:33.266667,2.421666666666667
39,2024-05-03 17:28:13.866667,2024-05-03 17:28:35.733333,0.3644444333333333
39,2024-05-03 17:37:02.633333,2024-05-03 17:37:31.233333,0.4766666666666667
39,2024-05-03 17:37:53.900000,2024-05-03 17:43:32.766667,5.647777783333334
39,2024-05-03 17:44:44.300000,2024-05-03 17:47:34.300000,2.8333333333333335
39,2024-05-03 17:48:25.866667,2024-05-03 18:01:06.366667,12.675
39,2024-05-03 18:02:05.500000,2024-05-03 18:04:47.066667,2.6927777833333333
39,2024-05-03 18:06:02.533333,2024-05-03 18:08:22.700000,2.3361111166666664
39,2024-05-03 18:09:24.533333,2024-05-03 18:26:24.700000,17.002777783333332
39,2024-05-03 18:28:50.800000,2024-05-03 18:32:20.833333,3.50055555
39,2024-05-03 18:35:06.466667,2024-05-03 18:37:16.433333,2.1661111
39,2024-05-03 18:40:24.600000,2024-05-06 12:29:14.400000,3948.83
39,2024-05-06 12:29:39.033333,2024-05-06 12:58:29.133333,28.834999999999997
39,2024-05-06 13:00:29.633333,2024-05-06 13:10:27.700000,9.967777783333334
39,2024-05-06 13:10:46.300000,2024-05-06 13:31:03.866667,20.292777783333335
39,2024-05-06 13:32:48.133333,2024-05-06 13:49:41.066667,16.882222233333334
39,2024-05-06 13:54:29.100000,2024-05-06 14:01:41.000000,7.198333333333333
39,2024-05-06 14:04:10.866667,2024-05-06 14:04:19.633333,0.14611110000000002
39,2024-05-06 14:04:30.900000,2024-05-06 16:03:25.600000,118.91166666666666
39,2024-05-06 16:05:00.700000,2024-05-06 16:34:43.766667,29.717777783333336
39,2024-05-06 16:36:33.633333,2024-05-06 16:42:06.100000,5.5411111166666664
39,2024-05-06 16:43:42.500000,2024-05-06 16:50:03.866667,6.356111116666667
39,2024-05-06 16:52:55.433333,2024-05-06 16:54:48.833333,1.8900000000000001
39,2024-05-06 16:55:06.566667,2024-05-06 17:01:51.966667,6.756666666666666
39,2024-05-06 18:51:51.266667,2024-05-08 18:05:15.033333,2833.3961111000003
39,2024-05-08 18:10:23.700000,2024-05-08 18:14:57.300000,4.5600000000000005
39,2024-05-08 18:17:00.566667,2024-05-08 18:17:27.600000,0.45055554999999997
39,2024-05-08 18:18:53.733333,2024-05-13 10:51:57.866667,6753.0688889
39,2024-05-13 10:52:58.300000,2024-05-13 13:52:44.866667,179.77611111666664
39,2024-05-13 13:53:48.766667,2024-05-13 13:54:35.800000,0.7838888833333333
39,2024-05-13 13:54:37.633333,2024-05-13 14:36:07.500000,41.497777783333326
39,2024-05-13 14:38:23.100000,2024-05-13 14:38:26.366667,0.05444445
39,2024-05-13 14:38:28.833333,2024-05-13 17:59:34.400000,201.09277778333333
39,2024-05-13 18:01:03.333333,2024-05-13 18:16:53.200000,15.831111116666667
39,2024-05-13 18:17:50.633333,2024-05-13 18:19:23.833333,1.5533333333333335
40,2024-04-29 16:37:54.133333,2024-04-29 17:18:46.866667,40.8788889
40,2024-04-29 17:19:05.033333,2024-04-29 17:38:44.166667,19.652222233333337
40,2024-04-29 17:39:05.600000,2024-04-30 13:03:11.066667,1164.0911111166668
40,2024-04-30 13:05:04.300000,2024-04-30 13:18:18.433333,13.235555549999999
40,2024-04-30 13:18:40.966667,2024-04-30 15:39:43.400000,141.04055555000002
40,2024-05-01 16:51:56.066667,2024-05-01 18:50:31.200000,118.58555555
40,2024-05-01 18:50:42.500000,2024-05-02 12:06:28.300000,1035.7633333333333
40,2024-05-02 12:06:41.733333,2024-05-02 12:19:17.700000,12.59944445
40,2024-05-02 13:09:18.100000,2024-05-02 13:09:18.600000,0.008333333333333333
40,2024-05-02 13:22:31.100000,2024-05-02 16:51:22.500000,208.85666666666665
40,2024-05-02 16:51:29.666667,2024-05-02 17:14:51.466667,23.363333333333333
40,2024-05-02 17:14:57.300000,2024-05-03 13:59:15.166667,1244.2977777833332
40,2024-05-03 14:18:03.533333,2024-05-03 17:07:45.533333,169.7
40,2024-05-03 17:07:46.000000,2024-05-03 18:26:11.200000,78.42
40,2024-05-03 18:26:20.933333,2024-05-03 18:31:56.833333,5.598333333333333
40,2024-05-03 18:32:15.933333,2024-05-06 13:30:40.833333,4018.415
40,2024-05-06 13:31:00.700000,2024-05-06 14:01:22.433333,30.362222216666666
40,2024-05-06 14:01:37.133333,2024-05-06 14:23:15.500000,21.63944445
40,2024-05-06 14:23:24.833333,2024-05-06 15:40:51.733333,77.44833333333332
40,2024-05-06 15:41:10.166667,2024-05-06 15:43:47.700000,2.62555555
40,2024-05-06 15:43:48.566667,2024-05-06 16:34:27.966667,50.656666666666666
40,2024-05-06 16:34:40.900000,2024-05-06 16:41:52.800000,7.198333333333333
40,2024-05-06 16:42:03.666667,2024-05-06 16:49:09.633333,7.099444433333333
40,2024-05-06 16:49:20.433333,2024-05-06 17:01:37.066667,12.277222233333333
40,2024-05-06 17:01:49.000000,2024-05-06 19:21:07.733333,139.31222221666667
40,2024-05-08 13:28:23.633333,2024-05-08 13:28:24.133333,0.008333333333333333
40,2024-05-08 13:56:46.100000,2024-05-08 14:09:59.400000,13.221666666666666
40,2024-05-08 18:12:02.966667,2024-05-08 18:19:56.700000,7.89555555
40,2024-05-13 14:17:14.466667,2024-05-13 18:18:03.800000,240.8222222166667
40,2024-05-13 18:19:10.266667,2024-05-18 10:59:33.900000,6760.393888883334
40,2024-05-18 11:28:43.366667,2024-05-18 11:32:59.633333,4.2711111
40,2024-05-18 11:33:01.200000,2024-05-18 14:04:01.766667,151.00944445
40,2024-05-18 17:23:34.033333,2024-05-19 10:02:19.866667,998.7638889000001
40,2024-05-19 10:02:24.766667,2024-05-19 12:45:44.466667,163.32833333333335
40,2024-05-19 13:54:38.033333,2024-05-19 13:56:26.433333,1.8066666666666669
40,2024-05-19 13:57:23.866667,2024-05-19 14:02:04.266667,4.673333333333333
40,2024-05-19 14:02:35.366667,2024-05-19 14:17:51.833333,15.274444433333334
40,2024-05-19 14:18:50.433333,2024-05-19 15:46:27.466667,87.61722223333332
40,2024-05-20 14:42:43.900000,2024-05-20 15:01:22.800000,18.648333333333333
40,2024-05-20 16:03:50.833333,2024-05-20 17:49:21.866667,105.51722223333333
40,2024-05-20 17:49:52.833333,2024-05-21 09:31:24.933333,941.535
40,2024-05-21 18:42:22.133333,2024-05-22 12:22:06.966667,1059.7472222333333
40,2024-05-24 17:12:44.000000,2024-05-25 11:17:10.933333,1084.4488888833334
40,2024-05-30 08:31:53.466667,2024-05-30 08:41:27.466667,9.566666666666666
40,2024-05-30 08:41:39.533333,2024-05-30 08:43:49.033333,2.158333333333333
40,2024-05-30 08:43:51.066667,2024-05-30 08:43:52.633333,0.0261111
40,2024-05-30 08:43:56.700000,2024-05-30 09:31:40.433333,47.72888888333333
40,2024-05-30 09:33:20.766667,2024-05-30 09:33:36.800000,0.2672222166666666
40,2024-05-30 09:35:30.133333,2024-05-30 09:35:49.566667,0.3238889
40,2024-05-30 09:35:56.900000,2024-05-30 09:35:57.366667,0.007777783333333333
40,2024-05-30 09:44:31.566667,2024-05-30 09:44:50.000000,0.30722221666666666
40,2024-05-30 09:46:17.866667,2024-05-30 09:46:31.766667,0.23166666666666666
40,2024-05-30 09:48:28.233333,2024-05-30 09:48:28.733333,0.008333333333333333
40,2024-05-30 09:49:12.300000,2024-05-30 09:49:18.566667,0.10444445
40,2024-05-30 09:49:52.600000,2024-05-30 09:50:15.566667,0.38277778333333334
40,2024-05-30 09:50:46.300000,2024-05-30 09:51:54.533333,1.1372222166666668
40,2024-05-30 09:52:10.366667,2024-05-30 09:52:14.133333,0.06277776666666667
40,2024-05-30 09:52:16.266667,2024-05-30 09:52:16.766667,0.008333333333333333
40,2024-05-30 09:52:18.366667,2024-05-30 09:52:18.866667,0.008333333333333333
40,2024-05-30 09:52:27.333333,2024-05-30 09:52:27.833333,0.008333333333333333
40,2024-05-30 09:52:46.366667,2024-05-30 09:53:56.166667,1.1633333333333333
40,2024-05-30 09:54:03.400000,2024-05-30 09:54:04.233333,0.013888883333333333
40,2024-05-30 09:54:52.600000,2024-05-30 09:54:57.766667,0.08611111666666667
40,2024-05-30 09:54:58.800000,2024-05-30 09:55:05.233333,0.10722221666666668
40,2024-05-30 09:55:13.033333,2024-05-30 09:55:13.466667,0.007222233333333333
40,2024-05-30 09:55:22.400000,2024-05-30 09:55:37.466667,0.2511111166666667
40,2024-05-30 09:55:42.133333,2024-05-30 09:56:30.933333,0.8133333333333332
40,2024-05-30 09:56:36.800000,2024-05-30 09:56:36.933333,0.0022222166666666667
40,2024-05-30 09:56:37.466667,2024-05-30 09:56:37.466667,0.0
40,2024-05-30 09:56:37.800000,2024-05-30 09:56:38.166667,0.006111116666666667
40,2024-05-30 09:56:38.166667,2024-05-30 09:56:43.066667,0.08166666666666668
40,2024-05-30 09:56:49.100000,2024-05-30 09:56:49.200000,0.0016666666666666668
40,2024-05-30 09:56:50.166667,2024-05-30 09:56:50.166667,0.0
40,2024-05-30 09:56:51.733333,2024-05-30 09:56:52.166667,0.007222233333333333
40,2024-05-30 09:57:19.200000,2024-05-30 09:57:19.600000,0.006666666666666667
40,2024-05-30 09:58:37.566667,2024-05-30 10:56:27.300000,57.828888883333335
41,2024-04-23 15:53:20.166667,2024-04-23 17:26:24.133333,93.0661111
41,2024-04-29 16:45:00.700000,2024-04-29 17:23:05.933333,38.08722221666667
41,2024-04-29 17:23:07.600000,2024-04-29 17:24:36.566667,1.4827777833333333
41,2024-04-29 17:26:23.400000,2024-04-30 13:13:42.666667,1187.3211111166668
41,2024-04-30 13:14:11.300000,2024-04-30 13:20:08.533333,5.953888883333334
41,2024-04-30 13:21:13.566667,2024-04-30 13:21:17.200000,0.06055555
41,2024-04-30 13:21:25.066667,2024-04-30 13:28:09.733333,6.744444433333333
41,2024-04-30 13:28:52.000000,2024-04-30 13:48:05.966667,19.232777783333333
41,2024-04-30 13:51:15.633333,2024-04-30 13:57:57.566667,6.6988889
41,2024-04-30 14:00:58.166667,2024-04-30 14:07:08.033333,6.164444433333333
41,2024-04-30 14:10:39.066667,2024-04-30 14:17:16.133333,6.617777766666666
41,2024-04-30 14:20:18.433333,2024-04-30 14:25:52.700000,5.571111116666667
41,2024-04-30 14:28:04.366667,2024-04-30 14:31:00.733333,2.9394444333333336
41,2024-04-30 14:34:43.000000,2024-04-30 14:40:54.766667,6.196111116666667
41,2024-04-30 14:44:04.033333,2024-04-30 14:46:39.100000,2.58444445
41,2024-04-30 14:49:22.600000,2024-04-30 15:15:45.700000,26.384999999999998
41,2024-04-30 16:27:16.300000,2024-04-30 16:27:18.333333,0.03388888333333333
41,2024-05-02 16:01:21.133333,2024-05-02 16:04:22.366667,3.020555566666667
41,2024-05-02 16:12:29.900000,2024-05-02 16:28:39.766667,16.16444445
41,2024-05-02 16:28:47.533333,2024-05-02 16:28:50.333333,0.04666666666666666
41,2024-05-02 17:33:30.633333,2024-05-02 17:33:33.166667,0.04222223333333333
41,2024-05-02 17:34:09.000000,2024-05-02 17:36:30.333333,2.35555555
41,2024-05-02 17:37:26.133333,2024-05-02 17:37:29.333333,0.05333333333333334
41,2024-05-02 17:37:59.600000,2024-05-02 17:45:10.133333,7.17555555
41,2024-05-02 17:46:15.200000,2024-05-02 17:46:17.833333,0.04388888333333333
41,2024-05-02 17:46:48.233333,2024-05-02 17:55:01.633333,8.223333333333333
41,2024-05-02 17:56:00.333333,2024-05-02 17:56:03.466667,0.05222223333333333
41,2024-05-02 17:56:36.600000,2024-05-02 17:58:50.766667,2.2361111166666663
41,2024-05-02 17:58:58.233333,2024-05-02 17:59:00.733333,0.041666666666666664
41,2024-05-02 17:59:28.300000,2024-05-02 18:10:12.000000,10.728333333333333
41,2024-05-02 18:10:30.300000,2024-05-02 18:10:56.033333,0.42888888333333336
41,2024-05-02 18:11:32.766667,2024-05-02 18:11:35.066667,0.03833333333333333
41,2024-05-02 18:12:17.133333,2024-05-02 18:12:28.900000,0.19611111666666667
41,2024-05-02 18:12:49.933333,2024-05-02 18:14:51.700000,2.02944445
41,2024-05-02 18:19:08.600000,2024-05-02 18:21:06.533333,1.9655555500000002
41,2024-05-02 18:22:24.933333,2024-05-02 18:24:16.600000,1.8611111166666667
41,2024-05-02 18:35:18.366667,2024-05-02 18:47:08.733333,11.839444433333334
41,2024-05-02 18:49:38.533333,2024-05-02 19:01:03.500000,11.416111116666666
41,2024-05-02 19:04:20.666667,2024-05-02 19:05:58.233333,1.6261111
41,2024-05-02 19:09:50.400000,2024-05-02 19:23:23.266667,13.547777783333334
41,2024-05-02 19:25:49.066667,2024-05-02 19:26:13.800000,0.4122222166666667
41,2024-05-02 19:26:38.533333,2024-05-02 19:29:01.233333,2.378333333333333
41,2024-05-02 19:32:17.566667,2024-05-02 19:34:09.266667,1.8616666666666668
41,2024-05-02 19:37:04.466667,2024-05-02 19:38:57.266667,1.88
41,2024-05-03 08:01:46.200000,2024-05-03 09:23:04.533333,81.30555555
41,2024-05-03 09:24:25.666667,2024-05-03 09:27:20.666667,2.9166666666666665
41,2024-05-03 09:29:11.633333,2024-05-03 09:32:37.500000,3.4311111166666666
41,2024-05-03 09:36:01.766667,2024-05-03 10:00:09.000000,24.12055555
41,2024-05-03 10:00:14.833333,2024-05-03 10:00:17.833333,0.05
41,2024-05-03 10:00:54.200000,2024-05-03 10:01:40.066667,0.7644444499999999
41,2024-05-03 10:01:48.900000,2024-05-03 10:05:36.066667,3.7861111166666666
41,2024-05-03 10:05:41.933333,2024-05-03 10:05:44.966667,0.05055556666666667
41,2024-05-03 10:06:17.200000,2024-05-03 10:07:55.700000,1.6416666666666666
41,2024-05-03 10:08:00.200000,2024-05-03 10:08:02.866667,0.044444449999999996
41,2024-05-03 10:08:30.666667,2024-05-03 10:09:40.733333,1.1677777666666667
41,2024-05-03 10:09:46.400000,2024-05-03 10:09:49.233333,0.04722221666666667
41,2024-05-03 10:10:18.166667,2024-05-03 10:11:47.866667,1.495
41,2024-05-03 10:11:52.866667,2024-05-03 10:11:55.600000,0.04555555
41,2024-05-03 10:12:25.533333,2024-05-07 13:36:06.733333,5963.6866666666665
41,2024-05-07 16:18:33.133333,2024-05-07 16:18:37.866667,0.0788889
41,2024-05-07 16:18:44.966667,2024-05-07 16:20:01.733333,1.2794444333333332
41,2024-05-07 16:20:10.000000,2024-05-07 16:20:53.566667,0.7261111166666667
41,2024-05-07 16:21:02.733333,2024-05-07 16:22:22.033333,1.3216666666666665
41,2024-05-07 16:22:33.500000,2024-05-07 16:36:31.066667,13.959444450000001
41,2024-05-07 16:36:36.100000,2024-05-07 16:37:50.000000,1.2316666666666667
41,2024-05-07 16:38:01.766667,2024-05-07 16:47:37.733333,9.599444433333334
41,2024-05-07 16:47:49.333333,2024-05-07 16:51:48.433333,3.985
41,2024-05-07 16:51:57.966667,2024-05-07 16:54:00.866667,2.0483333333333333
41,2024-05-07 16:54:11.366667,2024-05-07 16:54:11.366667,0.0
41,2024-05-07 16:54:44.666667,2024-05-07 17:08:06.633333,13.366111100000001
41,2024-05-07 17:08:23.666667,2024-05-07 17:34:32.300000,26.143888883333332
41,2024-05-07 17:34:37.500000,2024-05-07 18:06:07.200000,31.495
41,2024-05-07 18:06:14.266667,2024-05-07 19:06:49.866667,60.593333333333334
41,2024-05-07 19:06:57.466667,2024-05-07 19:07:29.300000,0.53055555
41,2024-05-07 19:07:42.500000,2024-05-07 19:10:21.233333,2.6455555499999996
41,2024-05-07 19:10:27.566667,2024-05-07 19:11:45.366667,1.2966666666666666
41,2024-05-07 19:11:56.066667,2024-05-07 19:12:27.566667,0.525
41,2024-05-07 19:12:34.166667,2024-05-07 19:16:23.800000,3.8272222166666667
41,2024-05-07 19:16:30.000000,2024-05-07 19:18:22.266667,1.8711111166666667
41,2024-05-07 19:18:29.100000,2024-05-07 19:27:35.533333,9.107222216666665
41,2024-05-07 19:27:44.166667,2024-05-07 19:28:33.433333,0.8211111
41,2024-05-07 19:28:40.866667,2024-05-07 19:40:28.566667,11.795
41,2024-05-07 19:40:35.400000,2024-05-08 11:53:29.233333,972.8972222166667
41,2024-05-18 16:07:18.633333,2024-05-18 16:07:21.600000,0.04944445
41,2024-05-18 17:50:50.266667,2024-05-18 18:26:19.800000,35.49222221666666
41,2024-05-19 10:53:20.133333,2024-05-19 14:10:18.066667,196.96555556666667
41,2024-05-19 14:10:37.566667,2024-05-19 15:00:11.000000,49.557222216666666
41,2024-05-19 17:15:52.133333,2024-05-19 18:42:19.700000,86.45944445
41,2024-05-19 18:42:22.633333,2024-05-20 11:03:58.100000,981.5911111166666
41,2024-05-20 11:04:20.200000,2024-05-20 11:21:16.366667,16.936111116666666
41,2024-05-20 11:22:16.600000,2024-05-20 14:12:29.000000,170.20666666666665
41,2024-05-20 14:23:20.833333,2024-05-20 14:23:20.900000,0.0011111166666666666
41,2024-05-20 14:25:21.933333,2024-05-20 14:25:22.433333,0.008333333333333333
41,2024-05-20 15:28:37.800000,2024-05-20 16:08:30.833333,39.883888883333334
41,2024-05-21 10:36:51.933333,2024-05-21 10:36:52.433333,0.008333333333333333
41,2024-05-22 10:45:33.933333,2024-05-24 18:38:44.000000,3353.1677777833333
41,2024-05-24 18:39:03.666667,2024-05-24 18:52:56.200000,13.87555555
42,2024-04-23 15:57:31.733333,2024-04-29 16:35:01.166667,8677.490555566666
42,2024-04-29 16:35:17.633333,2024-04-29 16:47:40.066667,12.373888899999999
42,2024-04-29 17:16:00.533333,2024-04-29 20:09:08.266667,173.12888890000002
42,2024-04-29 20:09:15.966667,2024-04-29 20:09:18.333333,0.039444433333333334
42,2024-05-01 14:53:51.600000,2024-05-01 15:50:08.466667,56.281111116666665
42,2024-05-02 10:44:51.433333,2024-05-07 14:08:05.000000,7403.226111116667
42,2024-05-07 14:08:20.433333,2024-05-07 14:49:47.033333,41.443333333333335
42,2024-05-07 14:49:57.333333,2024-05-07 14:57:42.000000,7.7444444500000005
42,2024-05-07 15:17:47.100000,2024-05-07 15:19:26.066667,1.64944445
42,2024-05-07 15:20:38.233333,2024-05-07 16:17:57.200000,57.31611111666667
42,2024-05-07 16:18:11.633333,2024-05-07 16:35:41.500000,17.497777783333333
42,2024-05-07 16:35:56.600000,2024-05-07 16:41:00.666667,5.067777783333333
42,2024-05-07 16:41:36.033333,2024-05-07 18:11:34.400000,89.97277778333334
42,2024-05-07 18:11:47.900000,2024-05-07 19:06:40.866667,54.88277778333334
42,2024-05-07 19:06:48.100000,2024-05-07 19:15:27.466667,8.656111116666667
42,2024-05-07 19:15:40.200000,2024-05-07 19:33:10.166667,17.49944445
42,2024-05-07 19:33:40.833333,2024-05-07 19:36:47.466667,3.1105555666666667
42,2024-05-07 19:36:59.966667,2024-05-07 19:42:10.800000,5.180555549999999
42,2024-05-07 19:42:14.733333,2024-05-08 11:57:36.700000,975.3661111166667
42,2024-05-08 11:57:48.033333,2024-05-08 14:30:03.633333,152.26000000000002
42,2024-05-17 16:13:31.233333,2024-05-17 16:13:34.300000,0.051111116666666664
42,2024-05-17 16:13:42.400000,2024-05-18 16:46:59.466667,1473.2844444500001
42,2024-05-18 16:47:29.533333,2024-05-18 19:38:01.766667,170.53722223333335
42,2024-05-20 12:12:33.966667,2024-05-20 17:09:42.100000,297.13555555000005
43,2024-04-29 18:07:07.233333,2024-04-29 19:22:52.066667,75.74722223333333
43,2024-04-29 19:23:32.566667,2024-05-01 14:59:36.133333,2616.0594444333333
43,2024-05-02 12:40:04.100000,2024-05-02 13:11:59.633333,31.925555550000002
43,2024-05-02 13:13:24.433333,2024-05-02 13:41:48.800000,28.40611111666667
43,2024-05-02 13:43:25.733333,2024-05-02 13:59:20.166667,15.907222233333332
43,2024-05-02 14:00:42.300000,2024-05-02 14:39:13.566667,38.52111111666667
43,2024-05-02 14:45:32.900000,2024-05-03 13:51:33.500000,1386.01
43,2024-05-03 13:51:52.400000,2024-05-03 14:26:04.900000,34.208333333333336
43,2024-05-03 14:26:18.166667,2024-05-03 15:39:03.200000,72.75055555
43,2024-05-03 15:39:12.700000,2024-05-06 13:42:06.133333,4202.89055555
43,2024-05-06 13:42:26.833333,2024-05-06 14:57:33.266667,75.10722223333333
43,2024-05-06 14:57:48.400000,2024-05-06 15:00:48.566667,3.0027777833333333
43,2024-05-06 15:01:05.500000,2024-05-06 15:01:10.466667,0.08277778333333334
43,2024-05-06 15:23:48.666667,2024-05-06 15:43:53.366667,20.078333333333333
43,2024-05-06 15:44:03.766667,2024-05-06 15:49:05.133333,5.022777766666667
43,2024-05-06 15:49:16.633333,2024-05-06 15:51:50.133333,2.558333333333333
43,2024-05-06 15:52:08.333333,2024-05-06 16:46:59.833333,54.858333333333334
43,2024-05-06 16:47:21.600000,2024-05-06 17:37:11.200000,49.82666666666667
43,2024-05-06 17:37:19.233333,2024-05-06 18:10:08.100000,32.81444445
43,2024-05-06 18:12:09.100000,2024-05-07 12:59:47.633333,1127.6422222166666
43,2024-05-07 13:00:02.100000,2024-05-07 13:58:56.133333,58.90055555
43,2024-05-07 13:59:04.966667,2024-05-07 13:59:25.800000,0.34722221666666664
43,2024-05-07 14:00:01.500000,2024-05-07 14:43:20.433333,43.31555555
43,2024-05-07 14:43:25.566667,2024-05-07 14:55:42.466667,12.281666666666666
43,2024-05-07 14:56:05.033333,2024-05-07 16:23:27.166667,87.3688889
43,2024-05-07 16:24:56.700000,2024-05-07 16:25:27.500000,0.5133333333333333
43,2024-05-07 16:27:05.266667,2024-05-07 16:33:40.366667,6.585
43,2024-05-07 16:33:43.333333,2024-05-07 19:26:40.966667,172.96055556666667
43,2024-05-07 19:26:52.100000,2024-05-19 17:23:57.666667,17157.09277778333
43,2024-05-19 17:24:12.700000,2024-05-20 18:51:17.700000,1527.0833333333333
43,2024-05-20 18:52:29.666667,2024-05-21 16:49:41.633333,1317.1994444333332
43,2024-06-07 11:31:05.766667,2024-06-07 11:31:06.266667,0.008333333333333333
44,2024-04-29 16:36:05.166667,2024-04-29 16:36:05.633333,0.007777766666666667
44,2024-04-30 13:13:19.133333,2024-04-30 14:05:12.233333,51.885
44,2024-04-30 14:06:49.900000,2024-05-01 14:55:59.400000,1489.1583333333333
44,2024-05-01 14:57:42.100000,2024-05-01 14:58:21.666667,0.6594444500000001
44,2024-05-01 14:59:11.566667,2024-05-01 15:42:37.633333,43.43444443333333
44,2024-05-01 15:43:46.333333,2024-05-01 16:21:38.333333,37.86666666666667
44,2024-05-01 16:23:07.300000,2024-05-01 16:58:48.933333,35.69388888333334
44,2024-05-01 17:00:26.066667,2024-05-01 17:10:51.566667,10.425
44,2024-05-01 17:12:29.633333,2024-05-01 17:47:55.800000,35.436111116666666
44,2024-05-01 17:49:21.233333,2024-05-01 18:36:10.866667,46.82722223333334
44,2024-05-02 12:48:17.033333,2024-05-02 13:03:41.400000,15.406111116666667
44,2024-05-02 13:36:44.400000,2024-05-02 14:13:13.200000,36.480000000000004
44,2024-05-02 14:26:14.333333,2024-05-02 14:32:04.000000,5.8277777833333335
44,2024-05-02 14:33:19.266667,2024-05-02 14:38:18.500000,4.987222216666667
44,2024-05-02 14:41:56.966667,2024-05-02 14:50:19.666667,8.378333333333334
44,2024-05-02 16:23:09.033333,2024-05-02 16:33:56.000000,10.782777783333334
44,2024-05-02 16:35:11.466667,2024-05-02 17:36:18.200000,61.112222216666666
44,2024-05-02 17:37:24.033333,2024-05-02 18:55:21.966667,77.96555556666667
44,2024-05-02 18:56:57.966667,2024-05-03 09:21:13.300000,864.25555555
44,2024-05-03 09:21:36.766667,2024-05-03 10:13:05.100000,51.472222216666665
44,2024-05-03 10:14:02.500000,2024-05-03 14:35:54.766667,261.87111111666667
44,2024-05-03 14:36:25.966667,2024-05-03 14:45:27.233333,9.0211111
44,2024-05-03 14:51:08.633333,2024-05-03 15:16:35.733333,25.451666666666664
44,2024-05-03 15:16:49.266667,2024-05-03 15:23:06.500000,6.287222216666667
44,2024-05-03 15:26:33.800000,2024-05-03 15:33:02.866667,6.48444445
44,2024-05-03 15:33:14.300000,2024-05-03 15:39:16.766667,6.0411111166666664
44,2024-05-03 15:40:15.966667,2024-05-03 15:52:44.600000,12.477222216666666
44,2024-05-03 15:56:18.333333,2024-05-03 16:23:59.900000,27.692777783333334
44,2024-05-03 16:26:02.200000,2024-05-03 16:26:05.633333,0.05722221666666667
44,2024-05-03 16:26:06.833333,2024-05-03 16:26:09.566667,0.04555556666666667
44,2024-05-03 16:26:43.933333,2024-05-03 16:26:51.733333,0.13
44,2024-05-03 16:26:57.533333,2024-05-03 16:28:50.366667,1.8805555666666665
44,2024-05-03 16:29:23.966667,2024-05-03 16:29:52.000000,0.46722221666666663
44,2024-05-03 16:30:16.100000,2024-05-03 18:05:41.100000,95.41666666666667
44,2024-05-03 19:29:25.400000,2024-05-06 12:08:43.066667,3879.2944444500004
44,2024-05-06 13:10:40.466667,2024-05-06 13:42:47.833333,32.122777766666665
44,2024-05-06 13:44:31.166667,2024-05-06 15:34:05.300000,109.56888888333333
44,2024-05-06 15:35:04.500000,2024-05-06 15:43:28.566667,8.401111116666666
44,2024-05-06 15:43:45.300000,2024-05-06 15:45:18.733333,1.5572222166666667
44,2024-05-06 15:46:37.166667,2024-05-06 16:32:16.266667,45.651666666666664
44,2024-05-06 16:33:45.866667,2024-05-06 17:28:44.066667,54.97
44,2024-05-06 17:28:56.300000,2024-05-06 17:30:09.666667,1.2227777833333335
44,2024-05-06 17:30:23.300000,2024-05-06 17:31:17.066667,0.8961111166666667
44,2024-05-06 17:31:34.333333,2024-05-06 17:38:07.433333,6.551666666666667
44,2024-05-06 17:38:18.333333,2024-05-06 17:39:15.933333,0.9600000000000001
44,2024-05-06 17:39:28.966667,2024-05-06 17:40:51.266667,1.3716666666666666
44,2024-05-06 17:40:51.966667,2024-05-06 17:42:20.066667,1.4683333333333333
44,2024-05-06 17:42:36.833333,2024-05-06 18:43:20.533333,60.72833333333333
44,2024-05-06 18:55:15.266667,2024-05-06 18:55:21.533333,0.10444443333333334
44,2024-05-06 18:55:41.233333,2024-05-06 19:00:12.500000,4.521111116666666
44,2024-05-06 19:04:03.100000,2024-05-07 10:58:42.266667,954.6527777833332
44,2024-05-07 11:06:42.666667,2024-05-07 12:28:37.100000,81.90722221666667
44,2024-05-07 12:29:08.000000,2024-05-07 14:02:45.133333,93.61888888333333
44,2024-05-07 14:03:16.000000,2024-05-07 16:20:13.766667,136.96277778333334
44,2024-05-07 16:20:50.800000,2024-05-07 16:34:48.666667,13.96444445
44,2024-05-07 16:35:05.766667,2024-05-07 17:36:47.100000,61.688888883333334
44,2024-05-07 17:37:16.800000,2024-05-18 15:08:10.933333,15690.902222216666
44,2024-05-19 13:31:25.566667,2024-05-19 16:48:32.633333,197.11777776666668
44,2024-05-19 16:48:51.733333,2024-05-19 18:07:47.300000,78.92611111666666
44,2024-05-19 18:08:04.266667,2024-05-20 11:03:52.900000,1015.81055555
44,2024-05-20 11:04:41.600000,2024-05-20 12:52:41.000000,107.99
44,2024-05-20 14:40:45.466667,2024-05-20 14:40:45.966667,0.008333333333333333
44,2024-05-20 18:15:42.433333,2024-05-21 17:28:38.500000,1392.93444445
44,2024-05-28 15:52:04.866667,2024-05-28 15:52:05.366667,0.008333333333333333
45,2024-04-29 17:40:20.400000,2024-04-29 17:41:02.933333,0.7088888833333333
45,2024-04-29 17:48:31.033333,2024-05-01 14:54:15.500000,2705.7411111166666
45,2024-05-01 15:56:15.966667,2024-05-01 16:10:33.633333,14.294444433333332
45,2024-05-01 16:19:41.900000,2024-05-01 16:26:22.600000,6.678333333333333
45,2024-05-01 16:27:25.766667,2024-05-01 16:37:20.900000,9.918888883333333
45,2024-05-01 16:39:03.933333,2024-05-01 16:54:19.400000,15.257777783333333
45,2024-05-01 16:56:20.400000,2024-05-01 17:36:33.433333,40.21722221666666
45,2024-05-01 17:41:03.733333,2024-05-01 18:10:11.600000,29.131111116666666
45,2024-05-01 18:11:47.866667,2024-05-01 18:28:11.366667,16.391666666666666
45,2024-05-01 18:30:42.066667,2024-05-01 19:09:19.533333,38.62444443333333
45,2024-05-01 19:14:53.766667,2024-05-02 08:48:02.600000,813.1472222166667
45,2024-05-02 08:50:12.333333,2024-05-02 13:15:45.133333,265.5466666666667
45,2024-05-02 13:16:40.366667,2024-05-02 14:16:05.300000,59.41555555
45,2024-05-02 14:18:11.966667,2024-05-02 14:33:07.466667,14.925
45,2024-05-02 14:37:26.966667,2024-05-02 16:29:45.233333,112.30444443333334
45,2024-05-02 16:32:23.600000,2024-05-02 16:38:57.733333,6.568888883333333
45,2024-05-02 16:38:59.500000,2024-05-02 16:51:47.600000,12.801666666666668
45,2024-05-02 16:53:02.033333,2024-05-02 16:58:10.466667,5.1405555666666665
45,2024-05-02 16:59:12.433333,2024-05-02 18:09:35.300000,70.38111111666667
45,2024-05-02 18:10:44.666667,2024-05-02 18:23:46.800000,13.03555555
45,2024-05-02 18:25:09.166667,2024-05-02 18:41:04.200000,15.917222216666666
45,2024-05-02 18:43:29.000000,2024-05-03 09:02:49.833333,859.3472222166668
45,2024-05-03 09:06:02.633333,2024-05-03 12:16:13.400000,190.17944445
45,2024-05-03 12:18:03.666667,2024-05-03 12:36:59.933333,18.937777766666667
45,2024-05-03 12:38:20.366667,2024-05-03 13:03:46.666667,25.438333333333333
45,2024-05-03 13:12:54.266667,2024-05-03 13:12:56.500000,0.03722221666666667
45,2024-05-03 13:13:22.666667,2024-05-03 13:19:36.666667,6.233333333333333
45,2024-05-03 13:19:39.666667,2024-05-03 14:04:18.866667,44.65333333333333
45,2024-05-03 14:12:36.500000,2024-05-03 14:13:02.600000,0.435
45,2024-05-03 14:15:30.766667,2024-05-03 14:18:31.066667,3.0050000000000003
45,2024-05-03 14:19:20.833333,2024-05-03 14:22:42.800000,3.3661111166666666
45,2024-05-03 14:23:48.133333,2024-05-03 14:32:47.033333,8.981666666666666
45,2024-05-03 14:33:47.200000,2024-05-03 14:37:05.533333,3.3055555500000002
45,2024-05-03 14:57:37.833333,2024-05-03 15:13:09.000000,15.51944445
45,2024-05-03 15:13:52.633333,2024-05-03 15:17:25.033333,3.54
45,2024-05-03 15:17:59.233333,2024-05-03 15:19:38.566667,1.6555555666666666
45,2024-05-03 15:21:06.900000,2024-05-03 15:33:39.866667,12.549444450000001
45,2024-05-03 15:34:03.066667,2024-05-03 16:07:04.000000,33.01555555
45,2024-05-03 16:07:34.700000,2024-05-03 17:03:29.233333,55.90888888333333
45,2024-05-03 17:04:02.433333,2024-05-03 17:33:49.366667,29.782222233333336
45,2024-05-03 17:34:23.433333,2024-05-06 14:53:40.633333,4159.286666666667
45,2024-05-06 14:54:15.766667,2024-05-06 14:57:52.233333,3.6077777666666666
45,2024-05-06 14:59:37.566667,2024-05-06 15:23:51.700000,24.23555555
45,2024-05-06 15:24:37.766667,2024-05-06 15:26:16.533333,1.6461111
45,2024-05-06 15:29:09.433333,2024-05-06 15:49:19.833333,20.173333333333336
45,2024-05-06 15:50:44.933333,2024-05-06 16:01:00.433333,10.258333333333333
45,2024-05-06 16:02:12.500000,2024-05-06 16:04:26.066667,2.2261111166666665
45,2024-05-06 16:10:11.833333,2024-05-06 16:13:14.266667,3.040555566666667
45,2024-05-06 16:14:59.133333,2024-05-06 16:14:59.633333,0.008333333333333333
45,2024-05-06 16:15:05.000000,2024-05-06 16:19:45.966667,4.682777783333333
45,2024-05-06 16:40:54.833333,2024-05-06 16:46:00.200000,5.08944445
45,2024-05-06 16:47:44.500000,2024-05-06 16:49:00.300000,1.2633333333333332
45,2024-05-06 16:56:49.366667,2024-05-06 16:57:21.866667,0.5416666666666666
45,2024-05-06 16:57:54.166667,2024-05-06 17:17:52.500000,19.97222221666667
45,2024-05-06 17:20:17.900000,2024-05-06 17:28:35.500000,8.293333333333333
45,2024-05-06 17:28:39.166667,2024-05-06 17:43:59.100000,15.332222216666667
45,2024-05-06 17:44:26.733333,2024-05-06 17:59:04.133333,14.623333333333333
45,2024-05-06 17:59:32.400000,2024-05-07 11:51:52.600000,1072.3366666666666
45,2024-05-07 11:52:11.333333,2024-05-07 12:09:37.266667,17.432222233333334
45,2024-05-07 12:11:53.166667,2024-05-07 12:18:35.400000,6.703888883333334
45,2024-05-07 12:18:54.633333,2024-05-07 12:19:48.766667,0.9022222333333333
45,2024-05-07 12:20:01.866667,2024-05-07 12:24:07.866667,4.1
45,2024-05-07 12:27:32.233333,2024-05-07 12:27:38.800000,0.10944445
45,2024-05-07 12:27:47.266667,2024-05-07 12:34:01.100000,6.23055555
45,2024-05-07 12:35:07.133333,2024-05-07 12:53:13.300000,18.102777783333334
45,2024-05-07 12:56:53.866667,2024-05-07 13:01:09.333333,4.257777766666667
45,2024-05-07 13:01:17.466667,2024-05-07 13:37:45.500000,36.46722221666666
45,2024-05-07 13:43:31.033333,2024-05-07 13:43:31.033333,0.0
45,2024-05-07 13:43:31.033333,2024-05-07 13:43:42.000000,0.18277778333333333
45,2024-05-07 13:44:10.300000,2024-05-07 13:50:02.533333,5.870555550000001
45,2024-05-07 13:53:14.733333,2024-05-07 14:04:03.800000,10.817777783333334
45,2024-05-07 14:06:32.933333,2024-05-07 14:06:38.800000,0.09777778333333333
45,2024-05-07 14:07:07.233333,2024-05-07 14:25:29.166667,18.365555566666668
45,2024-05-07 14:28:16.100000,2024-05-07 15:20:57.533333,52.69055555
45,2024-05-07 15:29:02.833333,2024-05-17 13:56:10.100000,14307.121111116667
45,2024-05-17 14:21:31.766667,2024-05-18 13:19:54.333333,1378.3761111
45,2024-05-18 13:20:22.600000,2024-05-19 13:49:16.266667,1468.89444445
45,2024-05-19 13:49:30.766667,2024-05-19 15:55:10.833333,125.66777776666666
45,2024-05-19 15:55:41.500000,2024-05-20 14:12:30.633333,1336.8188888833333
46,2024-04-29 18:04:17.066667,2024-04-29 18:21:28.400000,17.188888883333334
46,2024-04-29 18:21:30.900000,2024-04-30 13:15:32.333333,1134.0238888833333
46,2024-04-30 13:16:03.566667,2024-04-30 13:34:02.233333,17.97777776666667
46,2024-04-30 13:34:02.866667,2024-04-30 14:08:10.100000,34.12055555
46,2024-04-30 14:10:56.833333,2024-04-30 15:51:24.200000,100.45611111666668
46,2024-04-30 15:51:54.800000,2024-05-01 15:58:30.733333,1446.5988888833333
46,2024-05-01 16:00:20.833333,2024-05-01 16:02:52.933333,2.5349999999999997
46,2024-05-01 16:04:12.966667,2024-05-01 16:14:51.466667,10.641666666666667
46,2024-05-01 16:16:15.733333,2024-05-01 16:29:22.166667,13.107222233333333
46,2024-05-01 16:44:14.966667,2024-05-01 17:02:42.533333,18.45944443333333
46,2024-05-01 17:08:21.666667,2024-05-01 17:16:40.500000,8.313888883333332
46,2024-05-01 17:17:40.766667,2024-05-01 17:27:46.966667,10.103333333333333
46,2024-05-01 17:29:23.166667,2024-05-01 17:43:36.866667,14.228333333333333
46,2024-05-01 17:45:24.300000,2024-05-01 17:51:37.900000,6.2266666666666675
46,2024-05-01 17:53:53.633333,2024-05-01 17:56:55.400000,3.02944445
46,2024-05-01 17:59:01.233333,2024-05-01 18:42:10.200000,43.149444450000004
46,2024-05-01 18:42:22.866667,2024-05-01 18:45:39.400000,3.27555555
46,2024-05-01 18:45:40.133333,2024-05-01 19:22:48.500000,37.13944445
46,2024-05-02 08:58:42.000000,2024-05-02 10:18:34.100000,79.86833333333334
46,2024-05-02 10:22:54.766667,2024-05-02 12:13:35.533333,110.67944443333334
46,2024-05-02 12:16:59.633333,2024-05-02 12:46:06.500000,29.11444445
46,2024-05-02 12:46:09.400000,2024-05-02 14:31:43.866667,105.57444445
46,2024-05-02 14:32:01.700000,2024-05-02 14:42:41.766667,10.667777783333333
46,2024-05-02 14:45:04.533333,2024-05-02 15:45:43.566667,60.65055556666667
46,2024-05-02 15:46:46.400000,2024-05-02 15:52:53.066667,6.111111116666667
46,2024-05-02 15:53:45.333333,2024-05-02 16:08:33.833333,14.808333333333334
46,2024-05-02 16:09:55.200000,2024-05-02 16:19:18.633333,9.390555549999998
46,2024-05-02 16:20:29.800000,2024-05-02 16:39:37.966667,19.136111116666665
46,2024-05-02 16:40:26.766667,2024-05-02 17:24:06.966667,43.669999999999995
46,2024-05-02 17:25:15.066667,2024-05-02 17:43:28.033333,18.2161111
46,2024-05-02 17:44:32.666667,2024-05-02 17:58:00.166667,13.458333333333334
46,2024-05-02 17:59:20.266667,2024-05-03 09:50:41.433333,951.3527777666666
46,2024-05-03 09:51:56.400000,2024-05-03 10:36:17.733333,44.35555555
46,2024-05-03 10:37:44.900000,2024-05-03 10:53:43.400000,15.975
46,2024-05-03 10:54:58.333333,2024-05-03 11:13:30.000000,18.52777778333333
46,2024-05-03 11:15:01.533333,2024-05-03 11:36:36.833333,21.58833333333333
46,2024-05-03 11:38:11.533333,2024-05-03 11:57:59.933333,19.80666666666667
46,2024-05-03 11:59:50.533333,2024-05-03 12:30:56.366667,31.097222233333333
46,2024-05-03 12:32:38.500000,2024-05-03 13:38:19.600000,65.685
46,2024-05-03 13:39:25.033333,2024-05-03 14:26:21.633333,46.943333333333335
46,2024-05-03 14:30:14.000000,2024-05-03 14:59:10.266667,28.937777783333335
46,2024-05-03 15:16:25.000000,2024-05-03 15:36:15.066667,19.83444445
46,2024-05-03 15:36:39.433333,2024-05-03 15:37:03.766667,0.4055555666666667
46,2024-05-03 15:37:18.200000,2024-05-03 16:10:14.933333,32.94555555
46,2024-05-03 16:11:54.300000,2024-05-03 16:43:08.566667,31.237777783333335
46,2024-05-03 16:44:37.033333,2024-05-03 17:07:28.400000,22.856111116666668
46,2024-05-03 17:07:54.900000,2024-05-03 17:10:15.033333,2.33555555
46,2024-05-03 17:12:02.233333,2024-05-03 17:37:26.100000,25.397777783333332
46,2024-05-03 17:37:57.666667,2024-05-03 17:39:27.100000,1.49055555
46,2024-05-03 17:40:37.533333,2024-05-03 19:25:01.200000,104.39444445000001
46,2024-05-03 19:25:03.300000,2024-05-03 19:28:15.966667,3.2111111166666664
46,2024-05-03 19:28:28.933333,2024-05-03 19:30:02.966667,1.5672222333333332
46,2024-05-03 19:30:03.466667,2024-05-06 15:01:48.533333,4051.7511111
46,2024-05-06 15:02:36.500000,2024-05-06 15:07:35.533333,4.983888883333334
46,2024-05-06 15:20:20.566667,2024-05-06 15:42:08.300000,21.79555555
46,2024-05-06 15:42:37.666667,2024-05-06 15:55:27.766667,12.835
46,2024-05-06 15:57:43.133333,2024-05-06 17:02:05.166667,64.36722223333334
46,2024-05-06 17:06:03.200000,2024-05-06 17:09:09.766667,3.10944445
46,2024-05-06 17:10:35.900000,2024-05-06 17:13:20.100000,2.7366666666666664
46,2024-05-06 17:14:32.533333,2024-05-06 17:28:14.966667,13.707222233333333
46,2024-05-06 17:28:32.300000,2024-05-06 17:32:49.333333,4.283888883333334
46,2024-05-06 17:32:53.666667,2024-05-06 17:33:24.900000,0.52055555
46,2024-05-06 17:35:49.033333,2024-05-06 17:39:48.466667,3.9905555666666666
46,2024-05-06 17:40:11.900000,2024-05-06 17:45:53.266667,5.68944445
46,2024-05-06 17:46:34.533333,2024-05-06 18:12:16.433333,25.698333333333334
46,2024-05-06 18:40:40.500000,2024-05-06 18:40:45.166667,0.07777778333333334
46,2024-05-06 18:48:12.866667,2024-05-07 11:21:57.433333,993.7427777666667
46,2024-05-07 11:22:14.166667,2024-05-07 12:05:29.066667,43.248333333333335
46,2024-05-07 12:05:41.333333,2024-05-07 12:17:56.166667,12.247222233333334
46,2024-05-07 12:19:17.766667,2024-05-07 12:24:57.000000,5.653888883333334
46,2024-05-07 12:25:06.966667,2024-05-07 12:31:27.900000,6.348888883333333
46,2024-05-07 12:32:03.233333,2024-05-07 12:32:28.900000,0.42777778333333333
46,2024-05-07 12:33:35.200000,2024-05-07 12:36:58.700000,3.3916666666666666
46,2024-05-07 12:37:45.933333,2024-05-07 12:42:41.466667,4.9255555666666675
46,2024-05-07 12:45:00.700000,2024-05-07 12:56:02.200000,11.025
46,2024-05-07 12:56:23.833333,2024-05-07 13:00:57.600000,4.562777783333333
46,2024-05-07 13:02:02.466667,2024-05-07 13:19:26.100000,17.393888883333332
46,2024-05-07 13:28:41.000000,2024-05-07 14:13:53.466667,45.207777783333334
46,2024-05-07 14:14:54.200000,2024-05-07 14:14:58.766667,0.07611111666666666
46,2024-05-07 14:15:38.700000,2024-05-07 14:31:38.566667,15.997777783333333
46,2024-05-07 14:47:23.600000,2024-05-07 14:56:29.400000,9.096666666666666
46,2024-05-07 14:57:21.333333,2024-05-07 14:59:48.200000,2.4477777833333336
46,2024-05-07 15:03:48.466667,2024-05-07 15:13:41.100000,9.877222216666667
46,2024-05-07 15:16:56.566667,2024-05-07 15:35:00.966667,18.073333333333334
46,2024-05-07 15:49:20.400000,2024-05-07 19:38:01.266667,228.68111111666667
46,2024-05-07 19:38:17.766667,2024-05-08 14:59:57.166667,1161.6566666666665
46,2024-05-19 17:29:43.866667,2024-05-19 18:38:19.933333,68.6011111
46,2024-05-19 18:38:35.366667,2024-05-19 19:28:03.866667,49.475
46,2024-05-19 19:28:05.000000,2024-05-20 14:00:01.433333,1111.94055555
46,2024-05-20 14:12:29.433333,2024-05-20 16:11:02.400000,118.54944445
46,2024-05-20 16:11:09.666667,2024-05-21 11:52:36.300000,1181.4438888833333
46,2024-05-21 11:52:40.900000,2024-05-21 14:05:03.433333,132.37555555
46,2024-05-23 16:39:45.233333,2024-05-24 18:55:46.766667,1576.0255555666668
46,2024-05-24 18:55:59.966667,2024-05-25 11:23:13.366667,987.2233333333334
47,2024-04-22 14:37:01.833333,2024-04-22 14:37:01.833333,0.0
47,2024-04-22 14:37:01.833333,2024-04-22 14:37:01.833333,0.0
47,2024-04-29 16:54:05.966667,2024-04-29 19:29:16.666667,155.17833333333334
47,2024-04-29 19:31:19.566667,2024-04-30 12:27:32.266667,1016.2116666666666
47,2024-04-30 12:28:02.733333,2024-04-30 12:32:04.333333,4.026666666666666
47,2024-04-30 12:33:52.633333,2024-04-30 12:40:49.433333,6.946666666666667
47,2024-04-30 14:29:33.666667,2024-04-30 14:40:31.200000,10.958888883333334
47,2024-04-30 14:43:51.533333,2024-04-30 15:05:58.800000,22.12111111666667
47,2024-04-30 15:06:21.700000,2024-05-01 14:54:30.800000,1428.1516666666669
47,2024-05-01 14:54:42.300000,2024-05-01 16:06:02.300000,71.33333333333333
47,2024-05-01 16:07:51.533333,2024-05-01 17:14:37.233333,66.76166666666667
47,2024-05-01 17:16:04.833333,2024-05-01 18:14:18.566667,58.2288889
47,2024-05-01 18:41:45.000000,2024-05-01 18:48:10.200000,6.42
47,2024-05-01 18:48:10.966667,2024-05-02 08:59:07.800000,850.9472222166667
47,2024-05-02 08:59:47.666667,2024-05-02 09:38:34.600000,38.78222221666667
47,2024-05-02 09:41:31.400000,2024-05-02 13:52:50.933333,251.32555555
47,2024-05-02 13:55:48.066667,2024-05-02 13:59:07.700000,3.3272222166666667
47,2024-05-02 13:59:17.633333,2024-05-02 14:45:23.400000,46.09611111666666
47,2024-05-02 16:33:45.166667,2024-05-02 17:11:09.433333,37.40444443333333
47,2024-05-02 17:12:28.333333,2024-05-02 17:35:39.466667,23.185555566666668
47,2024-05-02 17:36:06.400000,2024-05-02 17:55:03.566667,18.95277778333333
47,2024-05-02 17:55:45.100000,2024-05-02 17:57:20.566667,1.5911111166666667
47,2024-05-02 17:57:44.600000,2024-05-02 18:22:38.300000,24.895
47,2024-05-02 18:22:57.933333,2024-05-02 19:15:54.666667,52.94555556666667
47,2024-05-03 08:55:00.200000,2024-05-03 08:55:30.233333,0.50055555
47,2024-05-03 08:56:05.500000,2024-05-03 08:58:18.400000,2.2150000000000003
47,2024-05-03 08:58:21.266667,2024-05-03 08:59:03.966667,0.7116666666666667
47,2024-05-03 08:59:27.133333,2024-05-03 09:49:35.800000,50.14444445
47,2024-05-03 09:49:48.933333,2024-05-03 10:12:14.033333,22.418333333333333
47,2024-05-03 10:12:28.933333,2024-05-03 10:35:40.433333,23.191666666666666
47,2024-05-03 10:35:59.533333,2024-05-03 11:12:37.200000,36.627777783333336
47,2024-05-03 11:12:51.033333,2024-05-03 13:37:28.166667,144.6188889
47,2024-05-03 14:04:14.200000,2024-05-03 14:18:17.066667,14.047777783333334
47,2024-05-03 14:18:28.066667,2024-05-03 14:32:15.666667,13.793333333333333
47,2024-05-03 14:32:25.366667,2024-05-03 14:45:15.200000,12.830555550000001
47,2024-05-03 14:45:25.266667,2024-05-03 16:23:47.266667,98.36666666666666
47,2024-05-03 16:23:57.600000,2024-05-03 17:09:57.200000,45.99333333333333
47,2024-05-03 17:10:11.000000,2024-05-03 17:33:37.100000,23.435
47,2024-05-03 17:33:47.300000,2024-05-06 14:59:48.366667,4166.017777783333
47,2024-05-06 14:59:51.933333,2024-05-06 14:59:51.933333,0.0
47,2024-05-06 15:44:23.100000,2024-05-06 16:48:36.500000,64.22333333333333
47,2024-05-06 16:49:37.833333,2024-05-06 17:17:35.800000,27.966111116666664
47,2024-05-06 17:17:49.866667,2024-05-06 17:29:34.533333,11.744444433333333
47,2024-05-06 17:29:50.500000,2024-05-06 17:30:41.133333,0.8438888833333333
47,2024-05-06 17:30:50.566667,2024-05-06 17:38:44.266667,7.895
47,2024-05-06 17:38:55.500000,2024-05-06 17:38:58.266667,0.04611111666666667
47,2024-05-06 17:39:13.600000,2024-05-06 17:39:16.633333,0.05055555
47,2024-05-06 17:39:35.733333,2024-05-06 17:41:29.400000,1.8944444500000002
47,2024-05-06 17:41:40.266667,2024-05-06 18:09:49.100000,28.147222216666666
47,2024-05-07 14:02:37.033333,2024-05-07 14:54:58.100000,52.351111116666665
47,2024-05-07 14:59:45.233333,2024-05-07 15:34:39.800000,34.90944445
47,2024-05-07 15:34:56.733333,2024-05-07 16:21:48.766667,46.86722223333334
47,2024-05-07 16:22:19.233333,2024-05-07 17:10:02.266667,47.71722223333334
47,2024-05-07 17:47:38.433333,2024-05-07 18:06:52.833333,19.240000000000002
47,2024-05-07 19:17:36.766667,2024-05-07 19:41:58.633333,24.364444433333333
47,2024-05-07 19:42:07.200000,2024-05-18 18:21:57.933333,15759.84555555
47,2024-05-18 18:22:59.000000,2024-05-18 18:23:02.833333,0.06388888333333334
47,2024-05-19 11:44:11.533333,2024-05-23 16:34:14.466667,6050.0488889
47,2024-05-23 16:34:34.666667,2024-06-06 14:10:32.966667,20015.971666666668
48,2024-04-23 16:30:24.066667,2024-04-23 16:30:28.266667,0.07
48,2024-04-29 16:31:20.800000,2024-04-29 16:55:38.400000,24.293333333333333
48,2024-04-29 16:55:49.433333,2024-04-29 17:49:47.066667,53.96055556666667
48,2024-04-29 17:49:58.100000,2024-04-29 18:07:55.666667,17.95944445
48,2024-04-29 18:08:25.866667,2024-04-29 18:31:43.400000,23.29222221666667
48,2024-04-29 19:09:56.400000,2024-04-29 19:10:03.900000,0.125
48,2024-04-29 19:11:10.200000,2024-04-29 19:18:44.300000,7.568333333333333
48,2024-04-29 19:18:45.033333,2024-04-29 19:21:45.366667,3.0055555666666667
48,2024-04-29 19:27:04.133333,2024-04-29 19:27:41.866667,0.6288889
48,2024-04-29 19:29:29.800000,2024-04-29 19:31:23.533333,1.89555555
48,2024-04-29 19:32:51.466667,2024-04-29 19:33:01.433333,0.1661111
48,2024-04-29 19:33:52.233333,2024-04-29 19:37:32.733333,3.675
48,2024-04-29 19:37:42.466667,2024-04-30 12:26:48.333333,1009.0977777666667
48,2024-04-30 12:27:08.833333,2024-04-30 14:35:58.500000,128.82777778333335
48,2024-05-01 17:35:57.366667,2024-05-01 17:47:45.100000,11.79555555
48,2024-05-01 17:47:53.500000,2024-05-01 19:10:16.366667,82.38111111666667
48,2024-05-01 19:10:28.500000,2024-05-01 19:13:31.266667,3.046111116666667
48,2024-05-01 19:13:38.233333,2024-05-02 08:06:38.633333,773.0066666666667
48,2024-05-02 08:07:08.766667,2024-05-02 08:36:50.566667,29.696666666666665
48,2024-05-02 08:37:26.133333,2024-05-02 09:42:43.233333,65.285
48,2024-05-02 09:43:00.033333,2024-05-02 10:08:59.200000,25.986111116666667
48,2024-05-02 10:09:31.200000,2024-05-02 12:52:09.000000,162.63
48,2024-05-02 12:52:20.766667,2024-05-02 12:52:20.966667,0.0033333333333333335
48,2024-05-02 14:25:26.833333,2024-05-02 14:32:40.766667,7.232222233333333
48,2024-05-02 16:28:43.533333,2024-05-02 18:23:08.733333,114.42
48,2024-05-03 08:59:01.700000,2024-05-03 14:25:56.566667,326.91444444999996
48,2024-05-03 14:26:01.933333,2024-05-03 14:32:31.466667,6.492222233333334
48,2024-05-03 14:32:39.466667,2024-05-03 14:35:42.833333,3.0561111000000003
48,2024-05-03 14:35:52.533333,2024-05-06 15:52:40.866667,4396.805555566667
48,2024-05-06 15:53:08.300000,2024-05-06 17:31:57.033333,98.81222221666667
48,2024-05-06 17:32:11.166667,2024-05-06 17:41:09.033333,8.964444433333334
48,2024-05-06 17:41:26.833333,2024-05-06 19:20:26.966667,99.00222223333334
48,2024-05-06 19:20:30.033333,2024-05-07 12:26:31.700000,1026.0277777833332
48,2024-05-07 12:26:50.200000,2024-05-07 12:57:17.866667,30.461111116666665
48,2024-05-07 12:57:33.866667,2024-05-07 19:37:05.966667,399.53499999999997
48,2024-05-07 19:37:35.866667,2024-05-08 15:18:51.700000,1181.2638888833333
48,2024-05-13 14:14:57.766667,2024-05-18 11:40:25.800000,7045.467222216667
48,2024-05-18 11:40:34.533333,2024-05-19 14:09:28.900000,1588.9061111166666
48,2024-05-19 14:09:29.533333,2024-05-19 17:15:58.666667,186.48555556666668
48,2024-05-19 17:16:09.766667,2024-05-21 13:09:03.200000,2632.89055555
48,2024-05-22 14:24:25.700000,2024-05-22 14:24:26.200000,0.008333333333333333
48,2024-05-22 14:24:49.966667,2024-05-22 14:24:51.766667,0.030000000000000002
48,2024-05-22 14:24:53.833333,2024-05-22 14:24:54.333333,0.008333333333333333
48,2024-05-22 14:24:56.066667,2024-05-22 14:24:56.566667,0.008333333333333333
48,2024-05-22 14:24:57.333333,2024-05-22 14:24:57.833333,0.008333333333333333
49,2024-04-29 16:38:09.366667,2024-04-29 16:46:07.233333,7.964444433333333
49,2024-04-29 17:38:40.600000,2024-04-29 17:59:39.800000,20.986666666666668
49,2024-04-29 18:01:27.466667,2024-04-29 18:17:01.066667,15.56
49,2024-04-29 18:18:51.000000,2024-04-29 19:01:00.666667,42.16111111666667
49,2024-04-29 19:02:37.633333,2024-04-29 19:14:19.700000,11.701111116666668
49,2024-04-29 19:14:35.466667,2024-04-30 12:45:34.533333,1050.9844444333332
49,2024-04-30 12:50:14.333333,2024-04-30 12:51:06.400000,0.8677777833333333
49,2024-04-30 12:52:09.866667,2024-04-30 12:52:40.533333,0.5111111
49,2024-04-30 13:26:03.333333,2024-04-30 13:29:29.466667,3.4355555666666664
49,2024-04-30 13:33:16.000000,2024-04-30 13:34:28.433333,1.2072222166666668
49,2024-04-30 13:34:57.600000,2024-04-30 14:14:10.133333,39.20888888333333
49,2024-04-30 14:15:25.133333,2024-04-30 14:29:39.333333,14.236666666666668
49,2024-04-30 14:30:31.466667,2024-04-30 14:50:06.266667,19.58
49,2024-04-30 14:53:48.833333,2024-04-30 15:03:41.466667,9.877222233333333
49,2024-04-30 15:04:13.533333,2024-04-30 15:05:31.800000,1.3044444499999999
49,2024-04-30 15:05:55.400000,2024-04-30 15:06:26.900000,0.525
49,2024-04-30 15:07:38.633333,2024-04-30 15:10:21.433333,2.7133333333333334
49,2024-04-30 15:16:18.833333,2024-04-30 15:58:17.666667,41.980555566666666
49,2024-04-30 16:14:32.333333,2024-05-01 19:10:06.933333,1615.5766666666668
49,2024-05-01 19:10:13.566667,2024-05-02 16:18:48.433333,1268.5811111
49,2024-05-02 16:19:14.800000,2024-05-02 16:39:54.900000,20.668333333333333
49,2024-05-02 16:43:15.900000,2024-05-03 09:02:24.600000,979.145
49,2024-05-03 09:02:46.833333,2024-05-03 13:51:21.166667,288.5722222333333
49,2024-05-03 13:51:29.366667,2024-05-03 14:12:48.066667,21.311666666666667
49,2024-05-03 14:12:58.466667,2024-05-03 14:36:57.566667,23.985
49,2024-05-03 14:37:03.166667,2024-05-03 14:37:03.166667,0.0
49,2024-05-06 16:48:30.900000,2024-05-06 17:37:29.366667,48.97444445
49,2024-05-06 17:37:40.566667,2024-05-07 14:38:13.766667,1260.5533333333333
49,2024-05-07 19:31:51.066667,2024-05-08 13:39:57.000000,1088.0988888833333
49,2024-05-08 13:40:14.166667,2024-05-19 14:45:59.333333,15905.752777766667
49,2024-05-19 17:20:42.733333,2024-05-20 15:37:31.733333,1336.8166666666666
49,2024-05-20 15:38:12.900000,2024-05-23 15:45:16.833333,4327.06555555
49,2024-05-23 15:45:33.566667,2024-05-23 15:45:33.566667,0.0
50,2024-04-23 17:00:42.600000,2024-04-29 17:52:25.100000,8691.708333333334
50,2024-04-29 19:18:38.700000,2024-04-29 19:35:35.366667,16.94444445
50,2024-04-29 19:43:14.100000,2024-04-30 12:18:28.866667,995.2461111166667
50,2024-04-30 12:18:38.200000,2024-04-30 13:08:19.333333,49.685555550000004
50,2024-04-30 13:08:37.466667,2024-04-30 13:11:06.300000,2.48055555
50,2024-04-30 13:11:55.366667,2024-04-30 13:33:56.400000,22.017222216666667
50,2024-04-30 13:34:00.133333,2024-04-30 14:12:46.566667,38.773888899999996
50,2024-04-30 14:13:13.866667,2024-04-30 14:23:15.833333,10.032777766666667
50,2024-04-30 14:23:28.566667,2024-04-30 15:04:16.266667,40.794999999999995
50,2024-05-01 18:44:43.533333,2024-05-01 19:11:26.366667,26.713888899999997
50,2024-05-01 19:11:28.800000,2024-05-01 19:13:25.700000,1.9483333333333335
50,2024-05-01 19:13:29.366667,2024-05-02 14:46:55.866667,1173.4416666666666
50,2024-05-02 14:47:36.366667,2024-05-06 15:09:01.100000,5781.412222216666
50,2024-05-06 15:09:03.633333,2024-05-07 18:10:57.033333,1621.8899999999999
50,2024-05-07 18:11:00.533333,2024-05-08 11:31:12.133333,1040.1933333333334
50,2024-05-16 18:47:51.766667,2024-05-19 14:25:04.400000,4057.21055555
50,2024-05-19 14:25:26.833333,2024-05-19 15:41:02.866667,75.60055556666666
50,2024-05-19 15:53:37.433333,2024-05-20 11:53:42.633333,1200.0866666666666
50,2024-05-20 12:21:17.700000,2024-05-20 12:21:17.733333,0.00055555
50,2024-05-20 14:02:58.400000,2024-05-20 14:02:58.900000,0.008333333333333333
50,2024-05-20 15:47:11.800000,2024-05-20 15:47:12.300000,0.008333333333333333
50,2024-05-21 12:43:39.166667,2024-05-21 17:45:30.733333,301.8594444333333
50,2024-06-06 12:39:08.866667,2024-06-06 13:47:40.366667,68.525
50,2024-06-06 14:26:45.833333,2024-06-06 14:26:46.333333,0.008333333333333333
51,2024-04-23 16:38:08.633333,2024-04-23 16:39:42.766667,1.5688889000000001
51,2024-04-29 16:38:03.700000,2024-04-29 17:22:57.100000,44.89
51,2024-04-29 17:47:52.766667,2024-04-29 19:22:42.500000,94.82888888333333
51,2024-04-30 14:46:36.000000,2024-05-02 11:40:51.366667,2694.2561111166665
51,2024-05-17 14:22:28.733333,2024-05-17 14:34:38.133333,12.156666666666666
51,2024-05-17 14:34:44.533333,2024-05-17 14:34:47.200000,0.044444449999999996
51,2024-05-19 17:40:14.666667,2024-05-19 18:48:51.466667,68.61333333333333
51,2024-05-19 18:51:00.066667,2024-05-19 18:51:05.900000,0.09722221666666667
51,2024-05-19 19:48:07.333333,2024-05-20 11:55:02.900000,966.9261111166667
51,2024-05-20 12:12:00.133333,2024-05-20 12:27:15.000000,15.247777783333333
51,2024-05-20 12:56:17.466667,2024-05-20 12:56:21.400000,0.06555555
51,2024-05-20 12:57:06.266667,2024-05-20 16:34:44.533333,217.63777776666666
51,2024-05-20 16:35:22.433333,2024-05-20 18:39:22.833333,124.00666666666666
51,2024-05-22 10:48:35.833333,2024-05-24 19:16:14.466667,3387.6438889
52,2024-04-23 14:15:58.066667,2024-04-23 16:11:47.566667,115.825
52,2024-04-23 16:48:51.266667,2024-04-29 17:25:38.833333,8676.792777766666
52,2024-04-29 17:27:16.000000,2024-04-29 17:27:16.500000,0.008333333333333333
52,2024-04-29 17:33:21.000000,2024-04-29 18:34:17.433333,60.94055555
52,2024-04-29 18:50:23.866667,2024-04-29 19:24:09.500000,33.76055555
52,2024-04-29 19:25:47.766667,2024-04-29 19:37:10.866667,11.385
52,2024-04-30 12:45:24.366667,2024-05-01 18:24:21.000000,1778.9438888833333
52,2024-05-01 18:56:13.266667,2024-05-01 18:56:15.766667,0.041666666666666664
52,2024-05-02 10:44:24.833333,2024-05-02 13:43:56.900000,179.53444445
52,2024-05-02 14:32:49.000000,2024-05-07 13:53:39.333333,7160.838888883333
52,2024-05-07 14:34:00.700000,2024-05-07 14:56:07.866667,22.11944445
52,2024-05-07 14:56:37.066667,2024-05-07 14:56:39.900000,0.04722221666666667
52,2024-05-07 14:57:20.133333,2024-05-07 16:32:59.300000,95.65277778333333
52,2024-05-07 16:33:11.300000,2024-05-07 16:33:15.166667,0.06444445
52,2024-05-07 16:33:24.366667,2024-05-07 16:33:46.800000,0.37388888333333337
52,2024-05-07 16:33:51.800000,2024-05-07 16:34:21.166667,0.48944445
52,2024-05-07 16:34:45.033333,2024-05-07 16:38:11.033333,3.433333333333333
52,2024-05-07 16:39:08.533333,2024-05-07 16:41:46.766667,2.6372222333333335
52,2024-05-07 16:50:56.200000,2024-05-07 16:50:57.866667,0.02777778333333333
52,2024-05-07 16:53:57.566667,2024-05-07 17:07:42.133333,13.742777766666668
52,2024-05-07 17:08:03.266667,2024-05-07 17:34:42.033333,26.6461111
52,2024-05-07 18:06:03.966667,2024-05-07 18:55:07.533333,49.05944443333333
52,2024-05-07 18:56:14.466667,2024-05-07 18:57:14.033333,0.9927777666666666
52,2024-05-07 18:57:49.933333,2024-05-07 19:08:32.700000,10.712777783333333
52,2024-05-07 19:08:44.266667,2024-05-07 19:11:06.633333,2.3727777666666667
52,2024-05-07 19:11:41.766667,2024-05-07 19:14:31.700000,2.8322222166666666
52,2024-05-07 19:16:34.066667,2024-05-07 19:16:35.533333,0.024444433333333335
52,2024-05-07 19:35:37.600000,2024-05-08 14:55:06.533333,1159.4822222166665
52,2024-05-17 08:14:32.466667,2024-05-17 08:14:39.933333,0.12444443333333334
52,2024-05-17 08:14:40.900000,2024-05-17 08:15:06.300000,0.4233333333333333
52,2024-05-17 08:15:11.533333,2024-05-17 08:15:33.566667,0.3672222333333333
52,2024-05-17 08:16:14.433333,2024-05-17 14:26:36.166667,370.36222223333334
52,2024-05-17 14:26:58.533333,2024-05-17 15:34:19.966667,67.35722223333333
52,2024-05-17 15:34:22.400000,2024-05-19 12:46:45.533333,2712.38555555
52,2024-05-19 12:51:18.666667,2024-05-19 15:53:15.100000,181.94055555000003
52,2024-05-19 17:32:41.666667,2024-05-20 09:11:24.700000,938.7172222166666
52,2024-05-20 09:12:21.900000,2024-05-20 11:22:40.633333,130.31222221666667
52,2024-05-20 11:23:13.833333,2024-05-20 16:35:16.233333,312.04
52,2024-05-20 16:40:24.433333,2024-05-20 16:40:28.166667,0.062222233333333335
52,2024-05-20 16:41:40.700000,2024-05-20 16:52:17.533333,10.613888883333335
52,2024-05-20 16:57:36.833333,2024-05-21 17:30:06.866667,1472.500555566667
52,2024-05-21 17:30:28.933333,2024-05-21 17:30:29.433333,0.008333333333333333
52,2024-05-24 08:02:23.100000,2024-05-24 11:51:23.200000,229.00166666666667
52,2024-05-24 11:51:32.400000,2024-05-24 11:54:10.166667,2.6294444500000003
52,2024-05-24 11:54:21.000000,2024-05-24 19:01:55.100000,427.5683333333333
52,2024-05-24 19:02:07.500000,2024-05-24 19:07:02.600000,4.918333333333334
53,2024-04-22 15:43:48.866667,2024-04-22 15:43:49.366667,0.008333333333333333
53,2024-04-23 16:38:09.033333,2024-04-23 16:38:09.166667,0.0022222333333333333
53,2024-04-29 16:33:35.100000,2024-04-29 17:47:40.533333,74.09055555
53,2024-04-29 18:27:32.300000,2024-05-02 12:12:31.100000,3944.98
53,2024-05-02 12:12:31.533333,2024-05-02 13:48:04.600000,95.55111111666666
53,2024-05-02 14:43:45.366667,2024-05-02 15:53:57.066667,70.195
53,2024-05-02 15:54:28.600000,2024-05-02 16:25:01.933333,30.55555555
53,2024-05-03 09:39:23.233333,2024-05-03 10:12:57.600000,33.572777783333336
53,2024-05-03 14:06:16.600000,2024-05-03 14:41:36.133333,35.32555555
53,2024-05-06 14:58:55.166667,2024-05-06 14:58:55.666667,0.008333333333333333
53,2024-05-06 15:37:46.166667,2024-05-07 13:48:17.966667,1330.53
53,2024-05-07 13:48:30.933333,2024-05-07 14:00:16.500000,11.75944445
53,2024-05-07 14:00:38.200000,2024-05-07 14:04:56.566667,4.306111116666667
53,2024-05-07 14:05:29.800000,2024-05-07 14:08:34.500000,3.078333333333333
53,2024-05-07 14:08:42.566667,2024-05-07 14:15:49.600000,7.117222216666667
53,2024-05-07 14:43:13.300000,2024-05-07 14:49:14.333333,6.017222216666667
53,2024-05-07 14:49:26.766667,2024-05-07 14:50:20.500000,0.89555555
53,2024-05-07 14:50:42.233333,2024-05-07 15:08:50.133333,18.131666666666668
53,2024-05-07 16:25:25.366667,2024-05-07 16:35:08.266667,9.715
53,2024-05-07 16:35:20.733333,2024-05-07 16:45:39.000000,10.30444445
53,2024-05-07 16:46:38.166667,2024-05-07 18:03:41.300000,77.05222221666666
53,2024-05-07 18:04:05.800000,2024-05-07 18:09:07.700000,5.031666666666666
53,2024-05-07 18:09:34.700000,2024-05-07 18:10:46.733333,1.20055555
53,2024-05-07 19:07:24.000000,2024-05-07 19:09:59.700000,2.5949999999999998
53,2024-05-17 16:15:00.333333,2024-05-17 16:15:03.466667,0.05222223333333333
53,2024-05-17 16:38:00.900000,2024-05-17 16:38:01.400000,0.008333333333333333
53,2024-05-17 16:38:10.200000,2024-05-19 14:06:40.666667,2728.5077777833335
53,2024-05-19 14:08:00.166667,2024-05-19 18:37:53.600000,269.89055555
53,2024-05-19 18:37:59.633333,2024-05-20 09:15:48.233333,877.81
53,2024-05-20 09:16:37.900000,2024-05-20 10:05:24.266667,48.77277778333333
53,2024-05-20 18:05:47.833333,2024-05-20 18:13:23.000000,7.586111116666667
53,2024-05-20 19:20:39.366667,2024-05-20 19:20:42.166667,0.04666666666666666
53,2024-05-20 19:22:47.866667,2024-05-21 10:32:42.933333,909.9177777666666
53,2024-05-21 11:28:02.733333,2024-05-21 17:05:41.566667,337.6472222333333
53,2024-05-21 17:38:18.300000,2024-05-21 17:38:18.800000,0.008333333333333333
53,2024-05-22 14:52:38.133333,2024-05-22 16:46:23.266667,113.75222223333334
53,2024-05-22 16:46:54.466667,2024-05-23 10:24:00.266667,1057.0966666666668
53,2024-05-23 10:24:24.600000,2024-05-23 10:55:52.533333,31.465555549999998
53,2024-05-23 13:22:58.500000,2024-05-24 09:49:16.800000,1226.305
53,2024-05-24 09:49:22.566667,2024-05-24 09:50:21.466667,0.9816666666666667
53,2024-05-24 09:50:35.900000,2024-05-24 18:55:16.300000,544.6733333333334
53,2024-05-24 18:55:38.533333,2024-05-25 11:10:50.800000,975.2044444500001
53,2024-05-26 16:11:21.966667,2024-05-26 16:11:22.466667,0.008333333333333333
53,2024-05-29 10:48:11.133333,2024-06-06 12:39:07.533333,11630.94
54,2024-04-29 16:38:05.966667,2024-04-29 17:41:45.300000,63.65555555
54,2024-04-29 18:27:28.466667,2024-04-29 18:42:40.700000,15.203888883333333
54,2024-04-30 12:42:22.600000,2024-05-01 18:48:16.300000,1805.895
54,2024-05-01 18:48:41.800000,2024-05-02 11:11:17.233333,982.59055555
54,2024-05-02 14:45:35.066667,2024-05-02 14:45:35.566667,0.008333333333333333
54,2024-05-02 16:41:13.966667,2024-05-02 16:51:12.600000,9.977222216666666
54,2024-05-03 09:36:25.533333,2024-05-03 09:36:26.566667,0.017222233333333333
54,2024-05-03 09:37:41.566667,2024-05-03 13:51:56.500000,254.24888888333334
54,2024-05-06 14:55:53.966667,2024-05-06 15:13:22.166667,17.470000000000002
54,2024-05-06 15:47:05.433333,2024-05-06 15:47:06.633333,0.02
54,2024-05-06 15:47:35.000000,2024-05-06 16:24:08.966667,36.56611111666667
54,2024-05-06 16:24:31.100000,2024-05-07 11:45:51.800000,1161.345
54,2024-05-07 11:46:09.600000,2024-05-07 11:46:46.800000,0.62
54,2024-05-07 11:48:38.033333,2024-05-07 12:50:32.800000,61.91277778333333
54,2024-05-07 12:51:53.500000,2024-05-07 13:55:43.833333,63.83888888333333
54,2024-05-07 13:58:32.333333,2024-05-07 14:01:48.000000,3.2611111166666666
54,2024-05-07 14:02:00.700000,2024-05-07 14:03:27.633333,1.4488888833333333
54,2024-05-07 14:03:48.433333,2024-05-07 14:08:49.833333,5.0233333333333325
54,2024-05-07 14:09:01.466667,2024-05-07 14:16:59.033333,7.959444433333333
54,2024-05-07 14:20:24.266667,2024-05-07 14:57:22.266667,36.96666666666667
54,2024-05-07 14:57:39.733333,2024-05-07 18:04:08.200000,186.47444445000002
54,2024-05-07 19:09:32.766667,2024-05-07 19:09:34.100000,0.02222221666666667
54,2024-05-07 19:09:49.566667,2024-05-07 19:27:06.333333,17.27944443333333
54,2024-05-07 19:49:13.000000,2024-05-13 13:53:01.833333,8283.813888883333
54,2024-05-17 17:00:38.733333,2024-05-19 14:30:53.333333,2730.2433333333333
54,2024-05-19 14:31:17.033333,2024-05-19 15:47:39.266667,76.37055556666665
54,2024-05-19 15:53:04.166667,2024-05-19 18:33:21.066667,160.28166666666667
54,2024-05-19 18:33:23.766667,2024-05-20 10:27:29.633333,954.0977777666667
54,2024-05-20 14:30:52.600000,2024-05-20 14:46:23.833333,15.520555550000001
54,2024-05-20 14:46:26.966667,2024-05-20 17:10:17.600000,143.84388888333334
54,2024-05-20 18:23:27.333333,2024-05-20 18:33:33.766667,10.107222233333333
54,2024-05-20 18:48:34.966667,2024-05-21 10:05:13.666667,916.645
54,2024-05-21 10:07:32.433333,2024-05-21 10:23:54.733333,16.371666666666666
54,2024-05-21 10:40:10.533333,2024-05-22 13:39:42.066667,1619.5255555666668
54,2024-05-24 09:45:54.200000,2024-05-24 09:50:40.633333,4.773888883333333
54,2024-05-24 09:50:42.133333,2024-05-24 09:51:25.900000,0.72944445
54,2024-05-24 09:52:29.033333,2024-05-24 11:51:43.466667,119.24055556666667
54,2024-05-24 11:51:55.300000,2024-05-24 11:52:05.533333,0.17055555
54,2024-05-24 11:53:35.200000,2024-06-06 14:47:45.366667,18894.16944445
55,2024-04-23 16:30:32.300000,2024-04-29 16:47:27.633333,8656.922222216666
55,2024-04-29 16:47:35.400000,2024-04-29 16:47:41.666667,0.10444445
55,2024-04-29 17:26:27.833333,2024-04-29 17:27:17.166667,0.8222222333333333
55,2024-04-29 17:32:38.633333,2024-04-29 18:29:52.733333,57.235
55,2024-04-29 18:29:57.333333,2024-04-29 19:38:42.900000,68.75944445
55,2024-04-29 19:39:04.066667,2024-05-01 19:08:06.500000,2849.0405555499997
55,2024-05-01 19:09:46.533333,2024-05-02 08:08:52.000000,779.0911111166666
55,2024-05-02 08:09:14.200000,2024-05-02 09:12:41.533333,63.45555555
55,2024-05-02 09:15:21.400000,2024-05-02 11:40:57.566667,145.60277778333332
55,2024-05-02 11:44:10.933333,2024-05-02 12:05:07.500000,20.942777783333334
55,2024-05-02 12:05:08.033333,2024-05-02 14:26:28.533333,141.34166666666667
55,2024-05-02 14:27:19.133333,2024-05-02 16:12:11.066667,104.86555556666667
55,2024-05-02 16:24:59.100000,2024-05-02 18:19:07.200000,114.135
55,2024-05-02 19:19:45.400000,2024-05-02 19:19:46.566667,0.01944445
55,2024-05-02 19:50:32.133333,2024-05-02 19:50:33.466667,0.022222233333333334
55,2024-05-03 08:54:32.566667,2024-05-03 08:55:02.166667,0.49333333333333335
55,2024-05-03 08:55:27.666667,2024-05-03 09:39:31.700000,44.067222216666664
55,2024-05-03 13:52:25.400000,2024-05-03 14:12:38.133333,20.212222216666664
55,2024-05-03 19:24:50.733333,2024-05-03 19:25:10.466667,0.3288889
55,2024-05-03 19:25:17.633333,2024-05-03 19:27:24.400000,2.112777783333333
55,2024-05-03 19:27:55.333333,2024-05-06 13:06:40.166667,3938.747222233333
55,2024-05-06 13:12:56.700000,2024-05-06 13:12:58.766667,0.034444449999999995
55,2024-05-06 13:13:30.966667,2024-05-06 13:14:17.133333,0.7694444333333333
55,2024-05-06 13:42:02.533333,2024-05-06 15:00:42.933333,78.67333333333333
55,2024-05-06 15:01:22.033333,2024-05-06 15:05:22.700000,4.011111116666666
55,2024-05-06 16:46:57.633333,2024-05-06 18:23:37.066667,96.65722223333334
55,2024-05-06 18:24:05.100000,2024-05-07 12:17:04.433333,1072.9888888833334
55,2024-05-07 12:17:39.133333,2024-05-07 12:38:16.233333,20.618333333333332
55,2024-05-07 12:55:39.100000,2024-05-07 13:00:52.200000,5.218333333333334
55,2024-05-07 13:01:06.900000,2024-05-07 13:02:36.366667,1.4911111166666666
55,2024-05-07 13:02:44.666667,2024-05-07 13:03:18.133333,0.5577777666666667
55,2024-05-07 13:03:27.900000,2024-05-07 14:03:53.633333,60.428888883333336
55,2024-05-07 14:04:28.600000,2024-05-07 14:08:25.166667,3.9427777833333333
55,2024-05-07 14:08:32.733333,2024-05-07 18:08:13.366667,239.67722223333334
55,2024-05-07 18:08:31.100000,2024-05-07 18:12:34.933333,4.063888883333333
55,2024-05-07 18:12:41.800000,2024-05-08 12:48:30.733333,1115.81555555
55,2024-05-19 14:26:53.066667,2024-05-19 14:58:38.433333,31.7561111
55,2024-05-20 14:41:13.400000,2024-05-20 17:29:34.466667,168.35111111666666
55,2024-05-20 17:33:30.800000,2024-05-21 08:55:45.766667,922.24944445
55,2024-05-21 08:57:25.833333,2024-05-21 09:39:11.166667,41.755555566666665
55,2024-05-21 09:40:36.166667,2024-05-21 10:19:37.633333,39.02444443333333
55,2024-05-21 10:21:09.800000,2024-05-21 17:33:39.766667,432.49944445
55,2024-05-22 09:50:54.133333,2024-05-22 09:50:55.600000,0.02444445
55,2024-05-22 09:51:06.000000,2024-05-22 10:04:09.033333,13.05055555
55,2024-05-22 10:04:26.400000,2024-05-22 10:08:22.866667,3.941111116666667
55,2024-05-22 10:10:15.900000,2024-05-22 10:54:54.066667,44.63611111666667
55,2024-05-22 10:55:08.433333,2024-05-22 15:13:55.766667,258.7888889
55,2024-05-22 15:14:23.900000,2024-05-22 15:17:30.766667,3.11444445
55,2024-05-22 15:17:48.700000,2024-05-23 09:57:51.700000,1120.05
55,2024-05-23 10:11:22.500000,2024-05-23 10:36:15.800000,24.888333333333332
55,2024-05-23 11:29:02.900000,2024-05-23 17:43:00.500000,373.96
55,2024-05-23 17:43:09.233333,2024-05-24 08:02:29.866667,859.3438889
55,2024-05-24 08:02:36.666667,2024-05-24 08:11:12.633333,8.599444433333334
55,2024-05-24 08:11:22.033333,2024-05-24 09:44:52.333333,93.50500000000001
55,2024-05-24 09:44:59.733333,2024-05-24 10:56:02.666667,71.04888890000001
55,2024-05-24 11:30:23.100000,2024-05-24 11:53:50.000000,23.448333333333334
55,2024-05-24 11:53:59.200000,2024-05-24 19:00:04.633333,426.09055555000003
56,2024-04-23 13:10:44.933333,2024-04-23 14:48:06.233333,97.355
56,2024-04-29 16:36:43.000000,2024-04-29 16:52:40.666667,15.961111116666666
56,2024-04-29 17:03:54.300000,2024-04-29 17:03:54.800000,0.008333333333333333
56,2024-04-29 17:04:49.166667,2024-04-29 17:21:23.966667,16.58
56,2024-04-29 17:22:17.500000,2024-04-29 17:23:42.000000,1.4083333333333334
56,2024-04-29 17:29:57.866667,2024-04-29 17:42:09.866667,12.2
56,2024-04-29 17:47:42.766667,2024-04-29 17:47:43.266667,0.008333333333333333
56,2024-04-29 17:48:04.266667,2024-04-29 18:04:18.133333,16.2311111
56,2024-04-29 18:21:20.066667,2024-04-29 18:34:35.033333,13.249444433333334
56,2024-05-02 08:05:40.633333,2024-05-02 09:21:28.000000,75.78944445
56,2024-05-02 09:25:16.866667,2024-05-02 09:36:59.133333,11.704444433333332
56,2024-05-02 09:37:29.533333,2024-05-02 09:57:15.466667,19.765555566666666
56,2024-05-02 10:08:56.633333,2024-05-02 12:04:42.900000,115.77111111666666
56,2024-05-02 12:05:01.866667,2024-05-02 12:41:17.433333,36.259444433333336
56,2024-05-02 14:45:25.233333,2024-05-02 16:25:22.100000,99.94777778333334
56,2024-05-02 16:25:23.700000,2024-05-02 17:20:41.833333,55.30222221666667
56,2024-05-02 18:16:40.933333,2024-05-02 18:16:42.533333,0.02666666666666667
56,2024-05-03 08:58:06.266667,2024-05-03 08:58:14.633333,0.13944443333333334
56,2024-05-03 08:58:16.500000,2024-05-03 09:00:01.900000,1.7566666666666668
56,2024-05-03 09:00:20.866667,2024-05-03 11:38:12.566667,157.86166666666668
56,2024-05-03 12:32:31.100000,2024-05-03 12:32:32.200000,0.018333333333333333
56,2024-05-03 19:34:43.800000,2024-05-03 19:34:45.733333,0.032222216666666664
56,2024-05-06 14:55:01.633333,2024-05-06 14:57:56.900000,2.921111116666667
56,2024-05-06 15:09:27.200000,2024-05-06 15:37:51.166667,28.399444449999997
56,2024-05-06 15:38:03.766667,2024-05-06 15:39:49.166667,1.7566666666666668
56,2024-05-06 15:43:26.566667,2024-05-06 16:15:09.366667,31.71333333333333
56,2024-05-06 16:45:49.433333,2024-05-06 17:29:17.800000,43.47277778333333
56,2024-05-06 17:29:31.600000,2024-05-06 17:31:36.933333,2.0888888833333334
56,2024-05-06 17:33:07.866667,2024-05-06 17:58:04.600000,24.945555549999998
56,2024-05-06 17:58:11.666667,2024-05-06 17:58:19.300000,0.12722221666666667
56,2024-05-06 17:58:22.633333,2024-05-06 18:06:47.766667,8.4188889
56,2024-05-06 18:17:08.533333,2024-05-06 18:17:09.800000,0.021111116666666666
56,2024-05-06 18:18:05.200000,2024-05-06 18:24:07.266667,6.03444445
56,2024-05-06 18:47:42.033333,2024-05-06 19:33:39.600000,45.95944445
56,2024-05-07 11:46:16.300000,2024-05-07 11:46:17.566667,0.021111116666666666
56,2024-05-07 11:46:40.200000,2024-05-07 12:18:24.500000,31.738333333333333
56,2024-05-07 12:18:33.066667,2024-05-07 16:13:59.300000,235.43722221666667
56,2024-05-07 19:47:24.833333,2024-05-08 08:47:16.033333,779.8533333333332
56,2024-05-08 13:45:50.466667,2024-05-08 15:08:08.633333,82.30277776666667
56,2024-05-13 14:33:39.633333,2024-05-13 14:33:40.133333,0.008333333333333333
56,2024-05-18 13:19:28.100000,2024-05-18 13:19:31.600000,0.058333333333333334
56,2024-05-18 13:19:42.733333,2024-05-19 15:26:25.000000,1566.70444445
56,2024-05-19 15:46:20.933333,2024-05-19 16:58:11.900000,71.84944445
56,2024-05-19 16:58:53.333333,2024-05-19 17:24:17.666667,25.405555566666667
56,2024-05-19 17:24:48.733333,2024-05-20 11:12:26.100000,1067.6227777833333
56,2024-05-20 12:41:55.366667,2024-05-20 17:54:18.766667,312.39000000000004
56,2024-05-21 10:44:04.700000,2024-05-21 10:46:30.533333,2.4305555500000002
56,2024-05-21 10:48:17.666667,2024-05-21 11:12:35.366667,24.295
56,2024-05-21 11:15:23.500000,2024-05-22 09:43:20.966667,1347.9577777833333
56,2024-05-22 09:44:09.300000,2024-05-22 10:04:40.333333,20.517222216666667
56,2024-05-22 10:05:38.300000,2024-05-22 12:17:37.866667,131.99277778333334
56,2024-05-22 15:18:58.500000,2024-05-22 16:06:58.633333,48.002222216666674
56,2024-05-22 16:07:32.866667,2024-05-22 16:49:22.966667,41.835
56,2024-05-22 17:13:15.766667,2024-05-24 10:16:55.266667,2463.6583333333333
56,2024-05-24 10:17:02.533333,2024-05-24 10:40:09.266667,23.112222233333334
56,2024-05-24 10:40:16.733333,2024-05-24 14:05:17.200000,205.00777778333335
56,2024-05-24 14:05:22.833333,2024-05-24 14:05:37.266667,0.24055556666666666
57,2024-04-23 14:14:09.600000,2024-04-23 16:29:33.700000,135.40166666666667
57,2024-04-29 16:42:07.900000,2024-04-29 16:42:08.400000,0.008333333333333333
57,2024-04-29 16:44:14.966667,2024-04-29 16:47:21.000000,3.10055555
57,2024-04-29 16:50:29.433333,2024-04-29 16:50:29.933333,0.008333333333333333
57,2024-04-29 16:51:21.633333,2024-04-29 16:52:44.266667,1.3772222333333335
57,2024-04-29 16:58:37.066667,2024-04-29 17:33:19.233333,34.70277776666667
57,2024-04-29 17:33:24.466667,2024-04-29 17:49:31.366667,16.115
57,2024-04-29 17:53:00.900000,2024-04-29 17:59:17.200000,6.2716666666666665
57,2024-04-29 18:01:59.266667,2024-04-29 18:24:00.866667,22.026666666666664
57,2024-04-29 18:30:57.400000,2024-04-29 19:27:28.900000,56.525
57,2024-04-29 19:38:12.033333,2024-04-29 19:38:12.533333,0.008333333333333333
57,2024-04-29 19:38:51.666667,2024-04-30 12:40:45.200000,1021.8922222166667
57,2024-04-30 12:58:57.233333,2024-04-30 14:07:54.400000,68.95277778333335
57,2024-04-30 14:15:30.933333,2024-04-30 14:15:31.433333,0.008333333333333333
57,2024-04-30 15:04:14.833333,2024-05-01 16:02:14.500000,1497.99444445
57,2024-05-01 18:45:42.866667,2024-05-01 19:11:22.233333,25.656111099999997
57,2024-05-01 19:11:22.600000,2024-05-01 19:12:06.033333,0.7238888833333333
57,2024-05-01 19:12:25.133333,2024-05-01 19:44:03.266667,31.635555566666667
57,2024-05-02 09:33:35.000000,2024-05-02 09:37:53.200000,4.303333333333333
57,2024-05-02 09:38:10.200000,2024-05-02 09:41:33.833333,3.393888883333333
57,2024-05-02 09:41:49.400000,2024-05-02 09:51:28.100000,9.645000000000001
57,2024-05-02 09:52:30.933333,2024-05-02 09:53:15.466667,0.7422222333333333
57,2024-05-02 09:56:45.700000,2024-05-02 10:00:33.533333,3.797222216666667
57,2024-05-02 10:03:01.166667,2024-05-02 10:15:51.466667,12.838333333333333
57,2024-05-02 10:17:41.866667,2024-05-02 10:44:36.866667,26.916666666666668
57,2024-05-02 10:45:59.533333,2024-05-02 13:56:06.366667,190.1138889
57,2024-05-02 14:42:39.466667,2024-05-02 14:46:36.166667,3.945
57,2024-05-02 14:52:54.466667,2024-05-02 17:43:20.666667,170.43666666666667
57,2024-05-03 08:14:19.500000,2024-05-03 08:58:39.300000,44.330000000000005
57,2024-05-03 08:58:52.333333,2024-05-03 08:59:33.666667,0.6888889
57,2024-05-03 09:00:29.133333,2024-05-03 09:01:51.400000,1.3711111166666667
57,2024-05-03 09:02:22.200000,2024-05-03 11:33:42.133333,151.33222221666668
57,2024-05-03 14:07:25.900000,2024-05-03 15:32:59.566667,85.56111111666668
57,2024-05-03 17:32:37.800000,2024-05-03 17:32:39.166667,0.022777783333333336
57,2024-05-03 18:18:50.666667,2024-05-03 18:18:51.166667,0.008333333333333333
57,2024-05-03 18:40:30.833333,2024-05-03 18:40:32.633333,0.030000000000000002
57,2024-05-03 19:24:35.666667,2024-05-03 19:24:37.633333,0.032777766666666666
57,2024-05-03 19:24:42.933333,2024-05-03 19:26:15.400000,1.5411111166666667
57,2024-05-03 19:26:16.066667,2024-05-03 19:26:26.966667,0.18166666666666667
57,2024-05-03 19:27:13.033333,2024-05-06 13:13:53.666667,3946.6772222333334
57,2024-05-06 13:39:32.566667,2024-05-06 14:57:01.633333,77.48444443333332
57,2024-05-06 14:57:02.133333,2024-05-06 15:03:41.066667,6.6488889
57,2024-05-06 15:04:02.700000,2024-05-06 15:39:02.633333,34.99888888333333
57,2024-05-06 15:50:45.500000,2024-05-06 15:51:26.166667,0.6777777833333333
57,2024-05-06 15:51:47.866667,2024-05-06 16:30:50.100000,39.03722221666667
57,2024-05-06 16:46:04.300000,2024-05-06 16:56:02.866667,9.976111116666667
57,2024-05-06 16:56:04.166667,2024-05-06 16:56:59.333333,0.9194444333333334
57,2024-05-06 16:58:43.933333,2024-05-06 16:58:45.266667,0.022222233333333334
57,2024-05-06 17:17:58.533333,2024-05-06 17:17:59.700000,0.01944445
57,2024-05-06 17:19:57.233333,2024-05-06 17:29:00.666667,9.057222233333333
57,2024-05-06 17:29:15.433333,2024-05-06 17:36:51.766667,7.605555566666666
57,2024-05-06 17:37:00.266667,2024-05-06 17:37:46.966667,0.7783333333333334
57,2024-05-06 17:38:03.900000,2024-05-06 17:40:17.233333,2.2222222166666667
57,2024-05-06 17:40:48.700000,2024-05-06 17:41:42.800000,0.9016666666666667
57,2024-05-06 17:59:01.966667,2024-05-06 18:01:09.966667,2.1333333333333333
57,2024-05-06 18:06:17.400000,2024-05-06 18:07:16.833333,0.99055555
57,2024-05-06 18:18:24.000000,2024-05-06 18:18:25.100000,0.018333333333333333
57,2024-05-06 18:27:06.366667,2024-05-06 18:27:07.700000,0.02222221666666667
57,2024-05-06 19:13:29.600000,2024-05-06 19:13:31.033333,0.023888883333333333
57,2024-05-06 19:15:44.533333,2024-05-06 19:17:11.966667,1.4572222333333333
57,2024-05-06 19:21:03.433333,2024-05-06 19:44:25.000000,23.35944445
57,2024-05-07 12:20:19.366667,2024-05-07 12:20:20.800000,0.023888883333333333
57,2024-05-07 12:20:48.400000,2024-05-07 12:59:28.000000,38.66
57,2024-05-07 14:48:27.733333,2024-05-07 14:48:28.233333,0.008333333333333333
57,2024-05-07 19:48:21.833333,2024-05-19 17:29:32.533333,17141.178333333333
57,2024-05-20 10:10:50.500000,2024-05-20 14:40:58.866667,270.13944445
57,2024-05-20 16:50:59.966667,2024-05-21 08:21:02.333333,930.0394444333334
57,2024-05-21 08:22:12.600000,2024-05-21 08:45:30.066667,23.291111116666666
57,2024-05-21 08:46:13.366667,2024-05-21 18:47:47.200000,601.5638888833333
57,2024-05-21 19:07:00.766667,2024-05-22 13:55:12.166667,1128.1899999999998
57,2024-05-22 15:51:28.600000,2024-05-23 10:57:55.366667,1146.4461111166668
57,2024-05-23 11:04:14.566667,2024-05-23 11:29:08.066667,24.891666666666666
57,2024-05-23 14:42:28.233333,2024-05-23 16:19:59.600000,97.52277778333334
57,2024-05-23 16:41:21.733333,2024-05-23 17:35:53.500000,54.52944445
57,2024-05-23 17:43:30.400000,2024-05-23 17:45:49.633333,2.32055555
57,2024-05-24 10:06:09.500000,2024-05-24 10:13:43.900000,7.573333333333333
57,2024-05-24 10:16:05.800000,2024-05-24 10:54:00.666667,37.91444445
57,2024-05-24 10:59:57.433333,2024-05-24 11:05:27.866667,5.507222233333334
58,2024-04-23 13:34:29.133333,2024-04-23 13:34:29.633333,0.008333333333333333
58,2024-04-23 14:13:43.666667,2024-04-23 16:48:34.166667,154.84166666666667
58,2024-04-23 16:48:44.433333,2024-04-23 17:10:17.000000,21.542777783333335
58,2024-04-23 17:10:35.600000,2024-04-29 16:31:21.766667,8600.76944445
58,2024-04-29 16:37:11.233333,2024-04-29 16:37:20.300000,0.15111111666666668
58,2024-04-29 16:37:21.600000,2024-04-29 16:45:05.933333,7.738888883333333
58,2024-04-29 16:46:55.100000,2024-04-29 16:47:20.533333,0.42388888333333336
58,2024-04-29 16:56:36.500000,2024-04-29 17:13:37.533333,17.017222216666667
58,2024-04-29 17:18:28.000000,2024-04-29 18:08:48.733333,50.34555555
58,2024-04-29 18:13:23.233333,2024-04-29 18:33:49.300000,20.43444445
58,2024-04-29 19:13:40.333333,2024-04-30 12:42:54.900000,1049.2427777833334
58,2024-04-30 12:44:27.500000,2024-04-30 12:44:28.000000,0.008333333333333333
58,2024-04-30 13:09:06.933333,2024-04-30 13:17:24.200000,8.287777783333333
58,2024-04-30 13:17:35.033333,2024-04-30 13:18:51.233333,1.27
58,2024-04-30 13:46:26.500000,2024-04-30 14:23:30.300000,37.06333333333334
58,2024-04-30 14:25:29.800000,2024-04-30 15:04:31.266667,39.024444450000004
58,2024-04-30 15:28:30.366667,2024-04-30 15:50:28.300000,21.965555549999998
58,2024-04-30 15:52:52.600000,2024-04-30 15:59:43.033333,6.84055555
58,2024-04-30 15:59:47.466667,2024-05-01 16:12:45.033333,1452.9594444333334
58,2024-05-01 16:25:48.433333,2024-05-01 18:54:11.400000,148.38277778333335
58,2024-05-01 18:58:31.400000,2024-05-01 19:05:43.800000,7.206666666666666
58,2024-05-01 19:06:13.466667,2024-05-01 19:11:48.966667,5.591666666666667
58,2024-05-01 19:12:01.766667,2024-05-01 19:12:43.466667,0.6950000000000001
58,2024-05-01 19:13:00.033333,2024-05-02 08:02:29.533333,769.4916666666667
58,2024-05-02 08:02:54.133333,2024-05-02 08:07:25.100000,4.516111116666666
58,2024-05-02 08:08:17.800000,2024-05-02 08:08:21.933333,0.06888888333333335
58,2024-05-02 08:10:37.566667,2024-05-02 08:37:35.500000,26.965555549999998
58,2024-05-02 08:38:19.966667,2024-05-02 08:38:58.266667,0.6383333333333333
58,2024-05-02 08:41:55.733333,2024-05-02 08:54:11.633333,12.264999999999999
58,2024-05-02 08:57:33.966667,2024-05-02 09:34:01.966667,36.46666666666667
58,2024-05-02 09:34:41.533333,2024-05-02 09:34:42.333333,0.013333333333333334
58,2024-05-02 10:11:39.766667,2024-05-02 10:30:58.300000,19.308888883333335
58,2024-05-02 10:35:21.000000,2024-05-02 12:34:53.633333,119.54388888333332
58,2024-05-02 12:37:35.266667,2024-05-02 12:40:11.233333,2.5994444333333333
58,2024-05-02 14:41:30.233333,2024-05-02 14:43:18.333333,1.8016666666666665
58,2024-05-02 14:50:30.833333,2024-05-02 18:08:15.766667,197.7488889
58,2024-05-03 08:54:50.766667,2024-05-03 08:58:02.333333,3.1927777666666666
58,2024-05-03 08:58:03.633333,2024-05-03 08:58:54.533333,0.8483333333333333
58,2024-05-03 08:58:58.800000,2024-05-03 09:00:31.566667,1.5461111166666666
58,2024-05-03 09:00:50.666667,2024-05-03 12:03:26.900000,182.60388888333333
58,2024-05-03 19:24:53.633333,2024-05-03 19:27:57.733333,3.0683333333333334
58,2024-05-03 19:28:13.300000,2024-05-03 19:29:00.400000,0.785
58,2024-05-03 19:29:20.366667,2024-05-03 19:29:34.500000,0.23555555
58,2024-05-03 19:30:00.500000,2024-05-03 19:30:15.533333,0.25055555
58,2024-05-06 13:13:34.266667,2024-05-06 13:13:36.566667,0.03833333333333333
58,2024-05-06 13:13:45.233333,2024-05-06 15:02:28.233333,108.71666666666667
58,2024-05-06 15:03:02.366667,2024-05-06 15:40:45.166667,37.71333333333334
58,2024-05-06 15:41:03.133333,2024-05-06 15:41:06.866667,0.062222233333333335
58,2024-05-06 15:41:25.633333,2024-05-06 15:42:43.666667,1.3005555666666666
58,2024-05-06 16:33:59.733333,2024-05-06 16:34:23.900000,0.40277778333333336
58,2024-05-06 16:35:09.366667,2024-05-06 16:44:53.700000,9.738888883333335
58,2024-05-06 16:45:04.600000,2024-05-06 16:45:24.566667,0.33277778333333335
58,2024-05-06 16:45:30.866667,2024-05-06 16:46:09.100000,0.6372222166666667
58,2024-05-06 16:46:54.933333,2024-05-06 16:50:04.466667,3.1588889
58,2024-05-06 16:55:40.566667,2024-05-06 16:56:28.400000,0.7972222166666667
58,2024-05-06 17:16:15.433333,2024-05-06 17:21:53.233333,5.63
58,2024-05-06 17:25:35.400000,2024-05-06 17:28:08.200000,2.546666666666667
58,2024-05-06 17:28:20.366667,2024-05-06 17:29:53.333333,1.5494444333333335
58,2024-05-06 17:30:07.000000,2024-05-06 18:47:44.466667,77.62444445
58,2024-05-06 19:43:27.666667,2024-05-07 11:42:41.700000,959.2338888833333
58,2024-05-07 11:44:57.466667,2024-05-07 11:54:22.766667,9.421666666666665
58,2024-05-07 11:57:42.033333,2024-05-07 13:00:08.700000,62.44444445
58,2024-05-07 13:00:29.833333,2024-05-07 13:02:15.033333,1.7533333333333334
58,2024-05-07 13:02:34.200000,2024-05-07 19:13:30.733333,370.94222221666666
58,2024-05-08 13:47:46.433333,2024-05-18 14:28:37.700000,14440.85444445
58,2024-05-18 14:29:07.800000,2024-05-18 14:29:11.066667,0.05444445
58,2024-05-18 15:22:47.433333,2024-05-20 19:33:44.966667,3130.9588889
58,2024-05-20 19:36:20.966667,2024-05-21 09:02:19.766667,805.98
58,2024-05-21 10:17:19.466667,2024-05-21 12:27:20.800000,130.02222221666665
58,2024-05-21 19:03:29.033333,2024-05-22 08:14:35.800000,791.1127777833334
58,2024-05-22 08:16:15.233333,2024-05-22 09:42:46.033333,86.51333333333334
58,2024-05-22 09:43:12.600000,2024-05-22 11:27:16.066667,104.05777778333332
58,2024-05-22 11:27:37.500000,2024-05-22 12:51:02.433333,83.41555555
58,2024-05-22 13:41:59.866667,2024-05-22 13:42:01.366667,0.025
58,2024-05-22 13:42:56.200000,2024-05-22 13:42:57.533333,0.02222221666666667
58,2024-05-22 13:43:14.666667,2024-05-22 16:37:35.800000,174.35222221666666
58,2024-05-22 16:41:37.466667,2024-05-22 16:41:43.200000,0.09555555
58,2024-05-22 16:42:04.200000,2024-05-23 10:24:33.300000,1062.485
58,2024-05-23 10:35:15.600000,2024-05-23 10:36:41.866667,1.4377777833333334
58,2024-05-23 10:37:52.633333,2024-05-23 10:49:51.266667,11.977222233333332
58,2024-05-23 11:16:06.500000,2024-05-23 11:18:29.166667,2.3777777833333333
58,2024-05-23 11:20:38.733333,2024-05-23 11:23:26.033333,2.7883333333333336
58,2024-05-23 11:26:46.666667,2024-05-23 11:41:07.733333,14.3511111
58,2024-05-23 11:44:09.000000,2024-05-23 11:56:37.633333,12.477222216666666
58,2024-05-23 11:57:24.700000,2024-05-23 12:01:00.966667,3.6044444500000004
58,2024-05-23 12:15:10.733333,2024-05-23 12:17:09.933333,1.9866666666666668
58,2024-05-23 12:18:55.966667,2024-05-23 12:25:33.166667,6.62
58,2024-05-23 12:36:39.766667,2024-05-23 12:36:41.100000,0.02222221666666667
58,2024-05-23 12:55:31.266667,2024-05-23 13:01:38.066667,6.113333333333333
58,2024-05-23 15:46:20.933333,2024-05-23 15:46:22.000000,0.017777783333333335
58,2024-05-23 15:59:02.000000,2024-05-23 15:59:03.266667,0.021111116666666666
58,2024-05-23 16:00:41.966667,2024-05-23 16:55:46.600000,55.07722221666667
58,2024-05-23 16:59:03.600000,2024-05-24 08:44:53.966667,945.8394444500001
58,2024-05-24 09:42:55.833333,2024-05-24 09:46:31.433333,3.5933333333333333
58,2024-05-24 09:47:29.300000,2024-05-24 10:40:23.133333,52.89722221666667
58,2024-05-24 10:40:39.800000,2024-05-24 11:43:01.466667,62.36111111666666
58,2024-05-24 12:17:19.100000,2024-05-24 12:17:20.633333,0.025555549999999996
58,2024-05-24 12:17:48.933333,2024-05-24 12:30:04.800000,12.264444450000001
58,2024-05-24 12:52:59.766667,2024-05-24 13:42:54.400000,49.910555550000005
58,2024-05-24 13:43:17.566667,2024-05-24 14:09:42.700000,26.418888883333334
58,2024-05-24 14:11:13.700000,2024-05-24 14:33:24.266667,22.176111116666668
58,2024-05-24 14:33:53.500000,2024-05-24 14:34:05.466667,0.19944445
58,2024-05-24 14:37:20.700000,2024-05-24 14:43:20.900000,6.003333333333333
58,2024-05-24 14:45:54.966667,2024-05-24 15:51:56.733333,66.02944443333334
59,2024-04-23 13:34:22.033333,2024-04-23 16:28:58.200000,174.60277778333332
59,2024-04-23 16:28:58.200000,2024-04-23 16:38:46.000000,9.796666666666665
59,2024-04-29 16:36:56.133333,2024-04-29 17:00:51.933333,23.93
59,2024-04-29 17:01:07.933333,2024-04-29 17:01:08.433333,0.008333333333333333
59,2024-04-29 17:16:36.200000,2024-04-29 17:18:17.266667,1.68444445
59,2024-04-29 17:18:25.533333,2024-04-29 18:22:05.366667,63.663888899999996
59,2024-04-29 18:26:10.766667,2024-04-30 12:44:25.866667,1098.2516666666668
59,2024-04-30 13:11:03.500000,2024-04-30 13:13:22.800000,2.3216666666666668
59,2024-04-30 13:33:52.166667,2024-04-30 14:18:29.533333,44.622777766666665
59,2024-04-30 14:24:14.133333,2024-04-30 14:24:15.000000,0.01444445
59,2024-04-30 14:24:46.000000,2024-04-30 14:24:46.000000,0.0
59,2024-04-30 14:24:46.000000,2024-04-30 14:59:49.066667,35.05111111666667
59,2024-04-30 15:41:08.866667,2024-04-30 15:48:21.333333,7.207777766666666
59,2024-04-30 15:50:23.900000,2024-04-30 16:07:35.566667,17.19444445
59,2024-04-30 16:21:50.133333,2024-04-30 16:46:23.200000,24.551111116666668
59,2024-04-30 16:47:14.133333,2024-04-30 16:47:15.900000,0.02944445
59,2024-04-30 16:47:22.166667,2024-05-01 16:48:59.100000,1441.61555555
59,2024-05-01 16:52:00.633333,2024-05-01 17:25:48.833333,33.803333333333335
59,2024-05-01 17:45:44.200000,2024-05-01 17:53:10.633333,7.44055555
59,2024-05-01 18:19:39.966667,2024-05-01 18:43:46.333333,24.1061111
59,2024-05-01 18:43:47.333333,2024-05-01 19:04:44.433333,20.951666666666664
59,2024-05-01 19:05:40.800000,2024-05-01 19:06:20.266667,0.6577777833333334
59,2024-05-01 19:09:03.166667,2024-05-01 19:09:11.166667,0.13333333333333333
59,2024-05-01 19:09:43.266667,2024-05-01 19:09:51.200000,0.13222221666666667
59,2024-05-01 19:09:57.633333,2024-05-01 19:10:31.366667,0.5622222333333333
59,2024-05-01 19:10:43.866667,2024-05-01 19:11:01.633333,0.2961111
59,2024-05-01 19:11:19.966667,2024-05-01 19:12:27.166667,1.12
59,2024-05-01 19:12:41.133333,2024-05-01 19:13:40.266667,0.9855555666666667
59,2024-05-01 19:13:58.400000,2024-05-01 19:14:17.733333,0.32222221666666667
59,2024-05-01 19:14:40.000000,2024-05-01 19:14:45.300000,0.08833333333333333
59,2024-05-01 19:15:03.833333,2024-05-02 08:02:01.133333,766.955
59,2024-05-02 08:02:18.966667,2024-05-02 08:05:46.433333,3.4577777666666667
59,2024-05-02 08:06:36.566667,2024-05-02 08:58:45.166667,52.14333333333333
59,2024-05-02 08:59:00.833333,2024-05-02 09:37:32.433333,38.526666666666664
59,2024-05-02 09:37:50.866667,2024-05-02 14:28:13.366667,290.375
59,2024-05-02 14:28:42.433333,2024-05-02 14:48:53.600000,20.186111116666666
59,2024-05-02 14:49:19.500000,2024-05-02 18:27:39.466667,218.33277778333334
59,2024-05-03 13:04:18.233333,2024-05-03 13:04:20.366667,0.03555556666666667
59,2024-05-03 13:24:03.833333,2024-05-03 13:24:05.200000,0.022777783333333336
59,2024-05-03 14:36:56.700000,2024-05-03 14:36:56.833333,0.0022222166666666667
59,2024-05-03 18:06:34.033333,2024-05-03 18:06:35.300000,0.021111116666666666
59,2024-05-03 19:25:32.466667,2024-05-03 19:25:33.933333,0.024444433333333335
59,2024-05-06 14:56:41.466667,2024-05-06 14:59:53.766667,3.205
59,2024-05-06 15:00:20.033333,2024-05-06 15:44:25.433333,44.09
59,2024-05-06 15:44:28.533333,2024-05-06 15:44:31.833333,0.055
59,2024-05-06 15:45:22.133333,2024-05-06 15:48:14.133333,2.8666666666666667
59,2024-05-06 16:25:54.933333,2024-05-06 17:33:10.100000,67.25277778333333
59,2024-05-06 17:33:27.500000,2024-05-06 17:37:02.100000,3.5766666666666667
59,2024-05-19 14:45:56.233333,2024-05-19 14:59:16.466667,13.337222233333334
59,2024-05-20 10:14:18.033333,2024-05-20 14:12:49.033333,238.51666666666668
59,2024-05-20 14:16:36.333333,2024-05-20 14:46:45.500000,30.15277778333333
59,2024-05-20 18:25:43.033333,2024-05-20 18:25:45.200000,0.036111116666666665
59,2024-05-20 18:27:35.300000,2024-05-20 18:41:13.200000,13.631666666666666
59,2024-05-20 18:42:33.400000,2024-05-21 09:07:07.600000,864.5699999999999
59,2024-05-21 09:09:44.433333,2024-05-21 09:19:09.300000,9.41444445
59,2024-05-21 09:31:24.033333,2024-05-21 11:52:31.700000,141.12777778333333
59,2024-05-21 13:59:00.033333,2024-05-21 13:59:00.533333,0.008333333333333333
59,2024-05-21 14:34:05.366667,2024-05-21 17:21:07.400000,167.03388888333333
59,2024-05-21 17:22:20.000000,2024-05-21 17:59:14.500000,36.90833333333333
59,2024-05-21 18:00:28.200000,2024-05-21 18:48:38.133333,48.16555555
59,2024-05-21 19:33:38.500000,2024-05-21 19:45:27.366667,11.81444445
59,2024-05-21 19:47:16.000000,2024-05-21 19:54:15.766667,6.9961111166666665
59,2024-05-22 09:12:02.700000,2024-05-22 09:12:04.033333,0.02222221666666667
59,2024-05-22 09:12:45.166667,2024-05-22 09:12:48.300000,0.05222221666666667
59,2024-05-22 09:13:20.166667,2024-05-22 09:36:11.333333,22.85277776666667
59,2024-05-22 09:45:59.233333,2024-05-22 09:51:11.266667,5.200555566666667
59,2024-05-22 10:17:56.666667,2024-05-22 10:45:15.766667,27.31833333333333
59,2024-05-22 12:06:46.666667,2024-05-22 12:39:42.800000,32.93555555
59,2024-05-22 12:40:53.533333,2024-05-22 13:44:57.633333,64.06833333333333
59,2024-05-22 14:58:17.033333,2024-05-22 14:59:19.133333,1.035
59,2024-05-22 15:00:52.966667,2024-05-22 15:07:19.366667,6.4399999999999995
59,2024-05-22 15:53:45.933333,2024-05-22 15:53:47.466667,0.025555566666666665
59,2024-05-22 15:55:52.066667,2024-05-22 16:09:18.866667,13.446666666666665
59,2024-05-22 16:12:51.200000,2024-05-22 16:26:22.866667,13.527777783333333
59,2024-05-22 16:26:46.300000,2024-05-22 17:14:15.200000,47.48166666666667
59,2024-05-23 09:56:22.466667,2024-05-23 10:11:39.566667,15.285
59,2024-05-23 10:22:59.666667,2024-05-23 10:43:48.633333,20.8161111
59,2024-05-23 10:46:21.800000,2024-05-23 10:52:39.166667,6.28944445
59,2024-05-23 10:57:42.066667,2024-05-23 11:37:31.466667,39.82333333333334
59,2024-05-23 11:54:11.433333,2024-05-23 12:08:53.400000,14.69944445
59,2024-05-23 12:34:54.566667,2024-05-23 12:46:08.466667,11.231666666666666
59,2024-05-23 12:47:35.933333,2024-05-23 12:49:19.000000,1.7177777833333332
59,2024-05-23 16:49:36.233333,2024-05-23 16:49:37.633333,0.02333333333333333
59,2024-05-23 17:05:54.466667,2024-05-23 17:05:56.166667,0.028333333333333332
59,2024-05-23 17:06:12.433333,2024-05-23 17:08:41.533333,2.485
59,2024-05-23 17:11:42.100000,2024-05-23 17:24:24.200000,12.701666666666666
59,2024-05-23 18:34:50.633333,2024-05-23 18:34:52.000000,0.022777783333333336
59,2024-05-23 18:36:19.966667,2024-05-23 18:36:21.233333,0.0211111
59,2024-05-23 18:56:29.733333,2024-05-23 18:56:30.966667,0.020555566666666667
59,2024-05-23 19:00:39.700000,2024-05-23 19:06:43.466667,6.062777783333333
59,2024-05-23 19:10:31.600000,2024-05-23 19:10:33.000000,0.02333333333333333
59,2024-05-24 08:05:04.866667,2024-05-24 08:12:46.400000,7.692222216666667
59,2024-05-24 08:13:00.233333,2024-05-24 08:15:02.166667,2.0322222333333335
59,2024-05-24 08:15:13.566667,2024-05-24 08:23:38.933333,8.422777766666666
59,2024-05-24 08:40:14.400000,2024-05-24 08:40:15.733333,0.02222221666666667
59,2024-05-24 08:41:00.400000,2024-05-24 08:42:04.366667,1.0661111166666666
59,2024-05-24 08:59:55.133333,2024-05-24 08:59:56.600000,0.02444445
59,2024-05-24 09:13:11.200000,2024-05-24 09:13:12.500000,0.021666666666666667
59,2024-05-24 09:40:09.633333,2024-05-24 09:48:10.666667,8.017222233333333
59,2024-05-24 09:48:31.300000,2024-05-24 09:50:15.200000,1.7316666666666667
59,2024-05-24 09:50:28.066667,2024-05-24 09:53:11.033333,2.7161111
59,2024-05-24 09:53:24.200000,2024-05-24 09:57:53.433333,4.487222216666667
59,2024-05-24 09:58:50.833333,2024-05-24 10:07:00.766667,8.165555566666667
59,2024-05-24 10:07:42.400000,2024-05-24 10:08:13.900000,0.525
59,2024-05-24 10:09:56.866667,2024-05-24 10:17:06.666667,7.163333333333333
59,2024-05-24 10:17:17.966667,2024-05-24 10:20:33.200000,3.253888883333333
59,2024-05-24 10:21:35.566667,2024-05-24 10:23:02.433333,1.4477777666666667
59,2024-05-24 10:23:13.466667,2024-05-24 10:28:29.200000,5.262222216666667
59,2024-05-24 10:33:19.900000,2024-05-24 10:46:18.766667,12.981111116666666
59,2024-05-24 10:56:26.133333,2024-05-24 12:08:23.633333,71.95833333333333
59,2024-05-24 12:12:17.633333,2024-05-24 12:14:20.800000,2.0527777833333336
59,2024-05-24 12:25:06.133333,2024-05-24 12:25:07.333333,0.02
59,2024-05-24 12:25:34.333333,2024-05-24 12:26:14.600000,0.6711111166666667
59,2024-05-24 12:28:42.433333,2024-05-24 12:28:43.766667,0.022222233333333334
59,2024-05-24 12:29:55.433333,2024-05-24 12:35:28.566667,5.5522222333333335
59,2024-05-24 12:35:47.333333,2024-05-24 12:37:43.400000,1.93444445
59,2024-05-24 12:39:05.500000,2024-05-24 12:54:25.900000,15.34
59,2024-05-24 12:57:25.000000,2024-05-24 13:57:27.833333,60.04722221666667
59,2024-05-24 14:05:05.033333,2024-05-24 14:33:01.600000,27.942777783333334
59,2024-05-24 14:33:20.000000,2024-05-24 14:47:41.300000,14.354999999999999
59,2024-05-24 14:51:14.000000,2024-05-24 14:51:23.166667,0.15277778333333333
59,2024-05-24 14:51:45.866667,2024-05-24 15:13:09.166667,21.388333333333332
59,2024-05-24 15:15:03.033333,2024-05-24 15:17:34.200000,2.51944445
59,2024-05-24 15:18:58.966667,2024-05-24 15:24:43.766667,5.746666666666667
59,2024-05-24 15:33:03.866667,2024-05-24 15:33:05.533333,0.027777766666666665
59,2024-05-24 15:35:46.900000,2024-05-24 15:48:26.200000,12.655
59,2024-05-24 15:49:23.633333,2024-05-24 15:49:30.400000,0.11277778333333334
59,2024-05-24 15:50:08.100000,2024-05-24 16:02:24.700000,12.276666666666667
59,2024-05-24 16:03:50.433333,2024-05-24 16:05:32.600000,1.7027777833333333
59,2024-05-24 16:07:27.300000,2024-05-24 16:13:46.400000,6.318333333333333
59,2024-05-24 16:15:35.000000,2024-05-24 16:23:03.966667,7.482777783333333
59,2024-05-24 16:35:22.533333,2024-05-24 16:35:24.066667,0.025555566666666665
59,2024-05-24 16:38:01.333333,2024-05-24 16:40:47.533333,2.77
59,2024-05-24 16:47:33.200000,2024-05-24 17:01:49.133333,14.265555549999998
59,2024-05-24 17:06:29.966667,2024-05-24 17:15:36.866667,9.115
59,2024-05-24 18:06:05.700000,2024-05-24 18:06:07.166667,0.02444445
59,2024-05-24 18:19:56.300000,2024-05-24 18:34:45.466667,14.819444449999999
59,2024-05-24 18:41:03.066667,2024-05-24 18:41:50.700000,0.7938888833333333
59,2024-05-24 18:42:20.100000,2024-05-24 18:44:24.800000,2.0783333333333336
59,2024-05-24 19:06:58.566667,2024-05-24 19:13:30.633333,6.534444433333333
59,2024-05-25 13:28:27.433333,2024-05-25 13:28:27.933333,0.008333333333333333
59,2024-05-27 16:45:52.266667,2024-06-06 15:07:39.533333,14301.787777766667
59,2024-06-06 15:08:10.433333,2024-06-06 15:08:21.300000,0.18111111666666665
59,2024-06-06 15:08:30.400000,2024-06-06 15:08:30.900000,0.008333333333333333
59,2024-06-06 15:10:41.766667,2024-06-06 15:10:42.266667,0.008333333333333333
59,2024-06-06 15:11:19.866667,2024-06-06 15:11:20.366667,0.008333333333333333
59,2024-06-06 15:20:49.266667,2024-06-06 15:20:49.766667,0.008333333333333333
59,2024-06-06 15:21:33.466667,2024-06-06 15:21:33.966667,0.008333333333333333
59,2024-06-06 15:21:53.000000,2024-06-06 15:21:53.500000,0.008333333333333333
60,2024-04-22 17:41:23.366667,2024-04-22 17:41:26.233333,0.047777766666666666
60,2024-04-23 10:20:43.666667,2024-04-23 10:21:12.233333,0.4761111
60,2024-04-23 10:21:28.466667,2024-04-23 10:21:30.466667,0.03333333333333333
60,2024-04-23 10:21:35.500000,2024-04-23 11:54:48.366667,93.21444445
60,2024-04-23 11:55:02.666667,2024-04-23 11:55:12.133333,0.15777776666666668
60,2024-04-23 11:55:19.366667,2024-04-23 11:55:24.600000,0.08722221666666667
60,2024-04-23 11:55:44.866667,2024-04-23 11:55:52.566667,0.12833333333333333
60,2024-04-23 11:56:36.533333,2024-04-23 11:56:39.566667,0.05055556666666667
60,2024-04-23 11:59:33.866667,2024-04-23 16:57:28.533333,297.9111111
60,2024-04-23 16:57:29.633333,2024-04-23 16:57:31.733333,0.035
60,2024-04-23 16:57:44.500000,2024-04-23 16:57:47.766667,0.05444445
60,2024-04-23 17:06:27.766667,2024-04-23 17:09:21.766667,2.9
60,2024-04-23 17:10:02.600000,2024-04-23 17:12:02.866667,2.00444445
60,2024-04-23 17:12:03.800000,2024-04-23 17:24:24.966667,12.352777783333332
60,2024-04-23 17:24:40.000000,2024-04-23 17:24:43.866667,0.06444445
60,2024-04-28 20:13:08.433333,2024-04-29 16:44:17.033333,1231.1433333333334
60,2024-04-29 16:46:04.200000,2024-04-29 16:49:38.666667,3.57444445
60,2024-04-29 17:54:30.366667,2024-04-29 17:55:03.300000,0.5488888833333333
60,2024-04-29 17:55:33.300000,2024-04-29 18:16:43.433333,21.168888883333334
60,2024-04-29 18:18:48.300000,2024-04-29 18:27:03.300000,8.25
60,2024-04-29 19:20:22.466667,2024-04-30 14:25:27.666667,1145.0866666666666
60,2024-04-30 14:38:55.233333,2024-04-30 16:34:08.000000,115.21277778333334
60,2024-04-30 16:35:44.966667,2024-04-30 16:35:47.333333,0.039444433333333334
60,2024-04-30 20:14:43.033333,2024-04-30 20:14:43.533333,0.008333333333333333
60,2024-05-01 17:58:31.233333,2024-05-01 18:44:48.000000,46.27944445
60,2024-05-01 18:44:51.966667,2024-05-01 19:10:46.733333,25.912777766666668
60,2024-05-01 19:10:59.166667,2024-05-01 19:11:31.100000,0.5322222166666667
60,2024-05-01 19:11:46.200000,2024-05-01 19:13:02.333333,1.2688888833333332
60,2024-05-01 19:13:21.833333,2024-05-01 19:25:23.700000,12.031111116666667
60,2024-05-01 19:25:24.200000,2024-05-02 10:17:44.433333,892.3372222166666
60,2024-05-02 10:18:03.833333,2024-05-02 13:24:33.000000,186.48611111666665
60,2024-05-02 13:24:45.466667,2024-05-03 12:01:08.966667,1356.3916666666667
60,2024-05-03 12:01:12.966667,2024-05-06 15:53:09.200000,4551.937222216667
60,2024-05-06 15:54:16.533333,2024-05-06 15:54:17.633333,0.018333333333333333
60,2024-05-06 15:55:49.333333,2024-05-07 12:56:34.433333,1260.7516666666668
60,2024-05-07 12:56:54.400000,2024-05-07 12:57:00.633333,0.10388888333333333
60,2024-05-07 12:57:14.433333,2024-05-07 14:27:53.533333,90.65166666666667
60,2024-05-07 14:30:30.400000,2024-05-07 19:22:53.633333,292.38722221666666
60,2024-05-07 19:23:08.266667,2024-05-08 14:57:32.366667,1174.4016666666669
60,2024-05-17 16:01:09.366667,2024-05-17 16:01:11.800000,0.04055555
60,2024-05-17 16:01:46.866667,2024-05-19 13:44:22.000000,2742.58555555
60,2024-05-19 14:27:53.966667,2024-05-19 14:35:29.733333,7.5961111
60,2024-05-19 14:45:16.166667,2024-05-19 14:49:24.166667,4.133333333333334
60,2024-05-19 15:24:28.700000,2024-05-19 15:39:00.366667,14.527777783333333
60,2024-05-20 11:17:40.700000,2024-05-20 16:33:47.366667,316.1111111166667
60,2024-05-20 18:41:06.200000,2024-05-20 19:05:51.333333,24.752222216666667
60,2024-05-20 19:07:38.100000,2024-05-21 08:16:31.033333,788.8822222166667
60,2024-05-21 08:50:02.733333,2024-05-21 08:50:04.700000,0.03277778333333334
60,2024-05-21 08:52:02.500000,2024-05-21 12:11:46.100000,199.72666666666666
60,2024-05-21 12:13:35.733333,2024-05-21 12:15:22.533333,1.78
60,2024-05-21 12:17:31.633333,2024-05-21 12:19:13.300000,1.69444445
60,2024-05-21 12:20:41.266667,2024-05-21 12:31:15.133333,10.564444433333334
60,2024-05-21 12:33:04.733333,2024-05-21 12:38:07.566667,5.047222233333333
60,2024-05-21 12:39:26.233333,2024-05-21 12:44:19.100000,4.881111116666667
60,2024-05-21 12:46:34.566667,2024-05-21 12:48:05.500000,1.51555555
60,2024-05-21 13:00:17.766667,2024-05-21 14:22:48.400000,82.51055554999999
60,2024-05-21 16:47:21.900000,2024-05-21 17:01:50.800000,14.481666666666666
60,2024-05-21 17:30:01.700000,2024-05-21 17:30:02.200000,0.008333333333333333
60,2024-05-21 17:39:17.900000,2024-05-21 18:14:05.633333,34.79555555
60,2024-05-21 18:32:45.233333,2024-05-21 18:32:50.800000,0.09277778333333334
60,2024-05-21 18:38:33.700000,2024-05-21 18:38:35.033333,0.02222221666666667
60,2024-05-21 18:38:52.566667,2024-05-21 18:43:35.866667,4.721666666666667
60,2024-05-21 18:44:38.100000,2024-05-21 18:45:04.433333,0.4388888833333333
60,2024-05-21 18:57:13.866667,2024-05-21 18:57:14.766667,0.015000000000000001
60,2024-05-21 19:01:25.700000,2024-05-21 19:03:51.933333,2.4372222166666666
60,2024-05-21 19:04:31.800000,2024-05-21 19:15:41.566667,11.162777783333333
60,2024-05-21 19:21:17.800000,2024-05-21 19:21:19.033333,0.02055555
60,2024-05-22 08:16:39.633333,2024-05-22 08:16:41.033333,0.02333333333333333
60,2024-05-22 08:17:42.800000,2024-05-22 08:18:25.733333,0.7155555499999999
60,2024-05-22 08:20:59.533333,2024-05-22 08:32:36.766667,11.620555566666667
60,2024-05-22 09:19:59.533333,2024-05-22 10:23:58.000000,63.97444445
60,2024-05-22 10:25:06.000000,2024-05-22 10:38:59.633333,13.893888883333334
60,2024-05-22 10:50:12.600000,2024-05-22 12:54:41.000000,124.47333333333333
60,2024-05-22 13:22:20.166667,2024-05-22 13:33:20.033333,10.997777766666667
60,2024-05-22 13:39:27.266667,2024-05-22 15:01:16.566667,81.82166666666667
60,2024-05-22 15:19:19.966667,2024-05-22 16:22:18.200000,62.97055555
60,2024-05-22 16:22:37.900000,2024-05-22 16:23:01.266667,0.38944445
60,2024-05-22 16:23:21.766667,2024-05-22 16:29:48.700000,6.448888883333334
60,2024-05-22 16:38:11.000000,2024-05-22 16:38:27.300000,0.27166666666666667
60,2024-05-22 16:45:48.000000,2024-05-22 16:46:00.500000,0.20833333333333334
60,2024-05-23 09:48:51.700000,2024-05-23 09:48:52.166667,0.007777783333333333
60,2024-05-23 10:08:07.000000,2024-05-23 10:09:57.533333,1.8422222166666666
60,2024-05-23 10:26:02.100000,2024-05-23 10:50:52.300000,24.836666666666666
60,2024-05-23 10:51:50.500000,2024-05-23 10:59:31.166667,7.677777783333334
60,2024-05-23 11:00:35.666667,2024-05-23 11:44:10.066667,43.57333333333334
60,2024-05-23 13:46:10.233333,2024-05-23 13:46:11.800000,0.026111116666666667
60,2024-05-23 13:46:45.466667,2024-05-23 14:08:49.966667,22.075
60,2024-05-23 14:09:32.066667,2024-05-23 15:47:29.733333,97.9611111
60,2024-05-23 16:31:46.266667,2024-05-23 16:31:47.333333,0.01777776666666667
60,2024-05-23 16:31:56.766667,2024-05-23 16:47:56.900000,16.002222216666667
60,2024-05-23 16:48:11.000000,2024-05-23 16:55:42.366667,7.522777783333334
60,2024-05-23 17:05:28.100000,2024-05-23 17:06:52.700000,1.41
60,2024-05-23 17:08:32.333333,2024-05-23 17:35:04.566667,26.537222233333335
60,2024-05-23 17:35:19.266667,2024-05-23 17:45:24.066667,10.08
60,2024-05-23 17:45:44.533333,2024-05-23 18:46:26.466667,60.6988889
60,2024-05-23 18:49:53.800000,2024-05-23 18:49:55.033333,0.02055555
60,2024-05-23 18:54:34.766667,2024-05-23 18:54:36.133333,0.022777766666666664
60,2024-05-23 19:04:40.266667,2024-05-23 19:04:41.766667,0.025
60,2024-05-24 08:01:47.533333,2024-05-24 08:01:50.700000,0.052777783333333335
60,2024-05-24 08:02:06.933333,2024-05-24 08:02:16.833333,0.165
60,2024-05-24 08:02:22.433333,2024-05-24 08:02:34.300000,0.19777778333333332
60,2024-05-24 08:02:35.966667,2024-05-24 08:06:25.666667,3.828333333333333
60,2024-05-24 08:06:27.266667,2024-05-24 08:07:01.233333,0.5661111000000001
60,2024-05-24 08:07:11.666667,2024-05-24 08:07:18.833333,0.11944443333333334
60,2024-05-24 08:07:22.433333,2024-05-24 08:07:39.000000,0.27611111666666666
60,2024-05-24 08:07:39.500000,2024-05-24 08:08:00.700000,0.35333333333333333
60,2024-05-24 08:08:01.500000,2024-05-24 08:08:04.200000,0.045000000000000005
60,2024-05-24 10:02:38.466667,2024-05-24 10:10:39.166667,8.011666666666667
60,2024-05-24 10:10:49.333333,2024-05-24 10:12:52.466667,2.0522222333333335
60,2024-05-24 10:12:54.433333,2024-05-24 10:25:30.366667,12.598888899999999
60,2024-05-24 10:25:50.300000,2024-05-24 10:27:06.033333,1.2622222166666668
60,2024-05-24 13:42:59.400000,2024-05-24 13:43:00.666667,0.021111116666666666
60,2024-05-24 13:43:19.033333,2024-05-24 16:22:45.600000,159.44277778333333
60,2024-05-24 16:23:00.700000,2024-05-24 16:23:01.633333,0.01555555
60,2024-05-24 17:08:54.833333,2024-05-24 17:08:56.600000,0.02944445
60,2024-05-24 19:01:42.833333,2024-05-25 08:58:43.333333,837.0083333333333
60,2024-05-25 09:01:39.766667,2024-05-25 11:49:37.066667,167.95499999999998
60,2024-05-26 14:31:34.600000,2024-05-26 14:31:35.100000,0.008333333333333333
60,2024-05-26 17:45:46.266667,2024-05-26 17:45:47.766667,0.025
60,2024-05-27 14:06:19.100000,2024-05-27 17:38:15.600000,211.94166666666666
60,2024-05-28 09:33:43.866667,2024-05-28 09:33:44.400000,0.008888883333333332
60,2024-05-28 09:33:44.600000,2024-05-28 09:38:23.366667,4.646111116666666
60,2024-05-28 09:38:24.833333,2024-05-28 09:38:25.333333,0.008333333333333333
60,2024-05-28 09:38:25.866667,2024-05-28 09:38:26.366667,0.008333333333333333
60,2024-05-28 09:38:29.133333,2024-05-28 09:38:29.633333,0.008333333333333333
60,2024-05-28 09:38:36.033333,2024-05-28 09:39:01.966667,0.4322222333333333
60,2024-05-28 09:39:04.133333,2024-05-28 09:39:59.666667,0.9255555666666666
60,2024-05-28 09:40:01.000000,2024-05-28 09:40:56.700000,0.9283333333333333
60,2024-05-28 09:40:58.166667,2024-05-28 09:42:22.333333,1.4027777666666668
60,2024-05-28 09:42:26.166667,2024-05-28 09:43:30.700000,1.07555555
60,2024-05-28 09:43:32.400000,2024-05-28 09:44:16.933333,0.7422222166666667
60,2024-05-28 09:44:18.033333,2024-05-28 09:44:18.033333,0.0
60,2024-05-28 15:13:00.366667,2024-05-28 15:13:02.133333,0.029444433333333332
60,2024-05-29 10:21:40.933333,2024-05-29 10:22:50.266667,1.1555555666666666
60,2024-06-01 18:48:45.266667,2024-06-06 14:05:02.233333,6916.282777766667
60,2024-06-06 14:05:03.766667,2024-06-06 14:05:04.266667,0.008333333333333333
60,2024-06-06 14:05:33.066667,2024-06-06 14:05:33.566667,0.008333333333333333
60,2024-06-06 14:06:06.166667,2024-06-06 14:06:22.100000,0.26555555
60,2024-06-06 14:06:25.800000,2024-06-06 14:06:26.300000,0.008333333333333333
60,2024-06-06 14:53:23.300000,2024-06-06 15:05:39.200000,12.264999999999999
60,2024-06-06 15:06:21.900000,2024-06-06 15:10:33.333333,4.19055555
60,2024-06-06 15:10:37.933333,2024-06-06 15:10:38.433333,0.008333333333333333
60,2024-06-06 15:10:39.433333,2024-06-06 15:10:39.933333,0.008333333333333333
60,2024-06-06 15:10:55.633333,2024-06-06 15:10:56.133333,0.008333333333333333
60,2024-06-06 15:11:05.366667,2024-06-06 15:11:05.866667,0.008333333333333333
60,2024-06-06 15:11:28.266667,2024-06-06 15:11:28.766667,0.008333333333333333
60,2024-06-06 15:11:38.500000,2024-06-06 15:11:47.900000,0.15666666666666668
60,2024-06-06 15:12:06.100000,2024-06-06 15:12:06.600000,0.008333333333333333
60,2024-06-06 15:12:12.100000,2024-06-06 15:12:12.600000,0.008333333333333333
60,2024-06-06 15:18:08.033333,2024-06-06 15:18:08.533333,0.008333333333333333
60,2024-06-06 15:18:47.000000,2024-06-06 15:18:47.500000,0.008333333333333333
60,2024-06-06 15:23:05.766667,2024-06-06 15:23:06.266667,0.008333333333333333
60,2024-06-06 15:24:22.833333,2024-06-06 15:24:23.333333,0.008333333333333333
60,2024-06-06 15:24:24.800000,2024-06-06 15:24:25.300000,0.008333333333333333
