nest,exit_time,entry_time,duration_min
1,2024-05-19 13:34:56.333333,2024-05-19 13:43:27.266667,8.515555566666666
1,2024-05-19 13:43:39.600000,2024-05-19 13:55:15.166667,11.592777783333334
1,2024-05-19 14:00:28.600000,2024-05-19 14:02:15.200000,1.7766666666666666
1,2024-05-19 14:08:10.400000,2024-05-19 14:31:57.000000,23.776666666666664
1,2024-05-19 17:48:02.366667,2024-05-19 18:09:20.233333,21.297777766666663
1,2024-05-19 18:10:16.300000,2024-05-19 18:29:13.233333,18.948888883333332
1,2024-05-19 18:54:41.466667,2024-05-19 19:02:57.000000,8.258888883333334
1,2024-05-20 16:10:57.233333,2024-05-20 16:36:03.500000,25.104444450000003
2,2024-05-19 13:45:00.933333,2024-05-19 13:49:54.766667,4.897222233333333
2,2024-05-19 13:50:39.466667,2024-05-19 14:11:31.233333,20.862777766666667
2,2024-05-19 14:12:18.733333,2024-05-19 14:21:38.433333,9.328333333333337
2,2024-05-19 18:52:46.400000,2024-05-19 18:54:47.366667,2.0161111166666665
2,2024-05-19 18:57:53.466667,2024-05-19 19:00:40.100000,2.7772222166666665
2,2024-05-20 16:27:55.733333,2024-05-20 16:29:56.566667,2.0138889
2,2024-05-20 16:30:14.766667,2024-05-20 16:31:15.700000,1.01555555
2,2024-05-20 16:31:20.300000,2024-05-20 16:59:31.600000,28.188333333333333
2,2024-05-24 11:46:17.333333,2024-05-24 11:49:19.100000,3.02944445
2,2024-05-24 11:49:35.733333,2024-05-24 11:50:30.733333,0.9166666666666666
2,2024-05-24 11:50:38.000000,2024-05-24 11:51:17.500000,0.6583333333333333
2,2024-05-24 18:38:32.600000,2024-05-24 18:45:56.266667,7.39444445
3,2024-05-19 17:12:17.933333,2024-05-19 17:13:51.166667,1.5538889
3,2024-05-19 17:14:23.133333,2024-05-19 17:25:08.266667,10.752222233333333
3,2024-05-19 18:53:49.533333,2024-05-19 19:02:09.866667,8.338888899999999
3,2024-05-20 13:17:03.633333,2024-05-20 13:27:53.333333,10.828333333333337
3,2024-05-20 13:28:20.666667,2024-05-20 13:43:28.300000,15.127222216666668
3,2024-05-20 13:44:21.500000,2024-05-20 14:03:39.433333,19.298888883333333
3,2024-05-20 14:03:59.666667,2024-05-20 14:18:39.033333,14.6561111
3,2024-05-20 14:19:51.100000,2024-05-20 14:32:18.600000,12.458333333333334
3,2024-05-20 14:33:00.566667,2024-05-20 14:38:11.600000,5.183888883333334
3,2024-05-24 11:45:55.200000,2024-05-24 11:51:14.066667,5.31444445
4,2024-05-19 16:51:31.233333,2024-05-19 16:55:46.966667,4.2622222333333335
4,2024-05-19 16:57:28.966667,2024-05-19 17:25:48.033333,28.317777766666666
4,2024-05-19 18:53:35.066667,2024-05-19 19:03:11.866667,9.613333333333332
4,2024-05-24 18:53:47.166667,2024-05-24 19:01:01.133333,7.232777766666667
5,2024-05-19 16:45:37.700000,2024-05-19 16:59:26.400000,13.811666666666667
5,2024-05-19 18:39:41.166667,2024-05-19 18:49:31.366667,9.836666666666668
5,2024-05-24 18:19:24.700000,2024-05-24 18:39:39.866667,20.252777783333332
5,2024-05-24 18:39:51.166667,2024-05-24 18:53:36.700000,13.758888883333332
6,2024-05-19 18:40:36.300000,2024-05-19 18:53:37.833333,13.02555555
6,2024-05-20 13:23:06.700000,2024-05-20 13:28:36.433333,5.495555550000001
6,2024-05-20 15:31:05.633333,2024-05-20 15:32:30.800000,1.41944445
6,2024-06-04 11:40:51.233333,2024-06-04 12:03:46.166667,22.91555556666667
7,2024-05-19 14:21:42.166667,2024-05-19 14:32:06.766667,10.41
7,2024-05-19 15:40:05.933333,2024-05-19 16:08:29.466667,28.39222223333333
7,2024-05-20 09:17:30.500000,2024-05-20 09:24:58.666667,7.46944445
7,2024-05-20 09:26:00.933333,2024-05-20 09:39:32.033333,13.518333333333334
7,2024-05-20 10:25:16.566667,2024-05-20 10:29:29.833333,4.2211111
7,2024-05-20 10:29:35.100000,2024-05-20 10:55:29.100000,25.9
7,2024-05-20 14:35:50.500000,2024-05-20 15:04:12.800000,28.371666666666663
7,2024-05-20 16:08:20.066667,2024-05-20 16:18:11.166667,9.851666666666668
7,2024-05-20 16:19:30.166667,2024-05-20 16:21:28.500000,1.9722222166666663
7,2024-05-22 10:54:42.666667,2024-05-22 11:04:41.766667,9.985
8,2024-05-19 14:09:04.766667,2024-05-19 14:14:56.533333,5.8627777666666665
8,2024-05-19 15:55:39.433333,2024-05-19 16:09:21.433333,13.7
8,2024-05-19 16:50:57.033333,2024-05-19 16:59:18.666667,8.360555566666667
8,2024-05-19 17:43:54.600000,2024-05-19 18:07:50.266667,23.927777783333333
8,2024-05-19 19:00:19.133333,2024-05-19 19:02:49.200000,2.5011111166666664
8,2024-05-19 19:02:52.600000,2024-05-19 19:27:09.433333,24.28055555
8,2024-05-20 10:38:25.933333,2024-05-20 10:40:57.566667,2.527222233333333
8,2024-05-20 10:42:46.500000,2024-05-20 10:55:06.933333,12.34055555
8,2024-05-20 10:56:18.033333,2024-05-20 10:58:49.033333,2.5166666666666666
8,2024-05-20 10:59:33.133333,2024-05-20 11:05:25.366667,5.870555566666667
8,2024-05-20 11:06:44.933333,2024-05-20 11:09:13.233333,2.4716666666666667
8,2024-05-20 11:10:39.500000,2024-05-20 11:27:11.466667,16.532777783333334
8,2024-05-20 11:27:35.566667,2024-05-20 11:49:51.000000,22.257222216666666
8,2024-05-20 11:50:43.833333,2024-05-20 11:53:15.366667,2.5255555666666667
8,2024-05-20 11:54:30.366667,2024-05-20 12:13:03.966667,18.56
8,2024-05-20 12:19:34.766667,2024-05-20 12:37:55.333333,18.342777766666664
8,2024-05-20 12:40:46.133333,2024-05-20 12:58:17.800000,17.52777778333333
8,2024-05-20 12:58:51.000000,2024-05-20 13:03:27.700000,4.611666666666666
8,2024-05-20 13:06:34.166667,2024-05-20 13:10:08.133333,3.5661111
8,2024-05-20 13:47:51.966667,2024-05-20 13:50:32.100000,2.668888883333333
8,2024-05-20 13:52:16.900000,2024-05-20 14:01:07.900000,8.85
8,2024-05-20 14:09:38.966667,2024-05-20 14:24:29.466667,14.841666666666669
8,2024-05-20 14:28:03.200000,2024-05-20 14:41:11.566667,13.13944445
8,2024-05-20 14:46:38.900000,2024-05-20 14:51:25.600000,4.778333333333333
8,2024-05-20 14:52:05.566667,2024-05-20 14:57:16.600000,5.183888883333334
8,2024-05-20 14:58:41.900000,2024-05-20 15:27:55.466667,29.22611111666667
8,2024-05-20 16:43:41.933333,2024-05-20 16:51:29.000000,7.78444445
8,2024-05-20 16:52:44.800000,2024-05-20 17:10:02.466667,17.29444445
8,2024-05-21 08:09:54.633333,2024-05-21 08:35:08.966667,25.2388889
8,2024-05-21 08:35:26.533333,2024-05-21 08:50:06.366667,14.6638889
8,2024-05-23 12:15:25.866667,2024-05-23 12:43:22.933333,27.9511111
8,2024-05-24 18:05:38.433333,2024-05-24 18:07:06.600000,1.46944445
8,2024-05-24 18:07:12.833333,2024-05-24 18:13:06.533333,5.895
8,2024-05-24 18:39:35.933333,2024-05-24 18:53:31.300000,13.922777783333334
8,2024-05-24 18:53:34.266667,2024-05-24 18:57:05.933333,3.5277777666666665
8,2024-05-25 11:26:40.000000,2024-05-25 11:35:01.866667,8.36444445
8,2024-05-25 13:00:59.666667,2024-05-25 13:09:12.233333,8.209444433333333
8,2024-05-26 17:34:44.400000,2024-05-26 17:38:36.366667,3.866111116666666
8,2024-05-26 17:40:11.500000,2024-05-26 17:48:44.566667,8.551111116666668
8,2024-05-26 17:49:22.266667,2024-05-26 17:51:39.433333,2.2861111
8,2024-05-26 17:52:26.966667,2024-05-26 17:54:09.233333,1.7044444333333333
8,2024-06-06 14:33:05.400000,2024-06-06 14:45:30.233333,12.413888883333334
9,2024-05-19 15:25:13.933333,2024-05-19 15:28:35.966667,3.3672222333333335
9,2024-05-19 15:29:40.366667,2024-05-19 15:37:04.000000,7.393888883333333
9,2024-05-19 15:37:22.566667,2024-05-19 15:51:18.266667,13.928333333333336
9,2024-05-19 17:01:19.966667,2024-05-19 17:29:22.400000,28.04055555
9,2024-05-19 17:29:24.600000,2024-05-19 17:45:49.333333,16.412222216666667
9,2024-05-19 18:35:50.666667,2024-05-19 18:38:28.000000,2.6222222166666667
9,2024-05-19 18:44:58.166667,2024-05-19 18:54:42.700000,9.742222216666669
9,2024-05-19 18:56:26.700000,2024-05-19 19:02:15.533333,5.813888883333333
9,2024-05-19 19:04:36.400000,2024-05-19 19:14:27.900000,9.858333333333333
9,2024-05-19 19:16:15.966667,2024-05-19 19:26:41.200000,10.42055555
9,2024-05-20 09:58:35.366667,2024-05-20 10:03:17.033333,4.6944444333333335
9,2024-05-20 10:04:46.100000,2024-05-20 10:13:51.866667,9.096111116666666
9,2024-05-20 10:16:23.466667,2024-05-20 10:19:21.166667,2.9616666666666664
9,2024-05-20 10:20:15.133333,2024-05-20 10:46:19.200000,26.067777783333337
9,2024-05-20 11:20:49.366667,2024-05-20 11:23:38.366667,2.816666666666667
9,2024-05-20 11:25:04.200000,2024-05-20 11:26:55.766667,1.85944445
9,2024-05-20 11:28:22.966667,2024-05-20 11:37:41.666667,9.311666666666667
9,2024-05-20 11:40:07.233333,2024-05-20 11:42:58.266667,2.8505555666666664
9,2024-05-20 11:45:17.133333,2024-05-20 11:56:54.033333,11.615
9,2024-05-20 11:58:56.200000,2024-05-20 12:01:55.700000,2.9916666666666667
9,2024-05-20 12:04:26.300000,2024-05-20 12:07:25.866667,2.992777783333333
9,2024-05-20 12:11:55.566667,2024-05-20 12:17:56.800000,6.02055555
9,2024-05-20 13:06:08.600000,2024-05-20 13:13:13.400000,7.08
9,2024-05-20 13:14:34.133333,2024-05-20 13:18:46.400000,4.20444445
9,2024-05-20 13:19:02.400000,2024-05-20 13:23:13.033333,4.177222216666666
9,2024-05-20 13:31:29.200000,2024-05-20 13:35:44.400000,4.253333333333333
9,2024-05-20 13:36:05.200000,2024-05-20 13:45:07.800000,9.043333333333331
9,2024-05-20 13:47:06.466667,2024-05-20 14:16:19.866667,29.223333333333336
9,2024-05-20 14:18:10.466667,2024-05-20 14:24:47.266667,6.613333333333333
9,2024-05-20 14:25:12.233333,2024-05-20 14:29:43.933333,4.528333333333333
9,2024-05-20 14:31:38.866667,2024-05-20 14:34:26.166667,2.7883333333333336
9,2024-05-20 15:17:04.766667,2024-05-20 15:33:34.866667,16.50166666666667
9,2024-05-20 15:35:01.266667,2024-05-20 15:43:10.400000,8.152222216666667
9,2024-05-20 15:53:17.566667,2024-05-20 16:08:36.000000,15.307222216666666
9,2024-05-20 16:13:10.800000,2024-05-20 16:24:59.033333,11.803888883333334
9,2024-05-20 16:27:20.766667,2024-05-20 16:34:03.400000,6.71055555
9,2024-05-20 16:35:21.900000,2024-05-20 16:38:15.533333,2.893888883333333
9,2024-05-20 17:20:54.833333,2024-05-20 17:38:47.900000,17.88444445
9,2024-05-20 18:11:53.800000,2024-05-20 18:23:46.500000,11.878333333333334
9,2024-05-20 18:24:52.366667,2024-05-20 18:36:04.033333,11.194444433333333
9,2024-05-20 18:36:17.966667,2024-05-20 18:38:09.633333,1.8611111
9,2024-05-20 18:40:33.200000,2024-05-20 18:41:40.600000,1.1233333333333335
9,2024-05-20 18:42:13.000000,2024-05-20 18:43:50.666667,1.6277777833333331
9,2024-05-20 18:46:15.866667,2024-05-20 18:47:42.466667,1.4433333333333331
9,2024-05-20 18:51:04.900000,2024-05-20 18:53:01.000000,1.935
9,2024-05-20 18:55:03.700000,2024-05-20 18:57:32.233333,2.47555555
9,2024-05-20 18:58:47.933333,2024-05-20 19:06:43.266667,7.922222233333333
9,2024-05-20 19:08:49.300000,2024-05-20 19:25:11.466667,16.36944445
9,2024-05-20 19:25:40.400000,2024-05-20 19:29:16.833333,3.6072222166666665
9,2024-05-23 11:30:31.733333,2024-05-23 11:56:52.033333,26.33833333333333
9,2024-05-23 11:57:04.000000,2024-05-23 12:03:01.133333,5.952222216666667
9,2024-05-23 12:03:15.666667,2024-05-23 12:17:58.700000,14.717222216666666
9,2024-05-23 12:21:21.433333,2024-05-23 12:26:11.700000,4.837777783333333
9,2024-05-23 12:27:33.000000,2024-05-23 12:53:39.300000,26.105
9,2024-05-23 12:54:59.033333,2024-05-23 12:56:38.500000,1.6577777833333334
9,2024-05-23 12:57:12.933333,2024-05-23 12:59:41.066667,2.4688889
9,2024-05-23 13:04:00.133333,2024-05-23 13:07:04.300000,3.06944445
9,2024-05-23 13:11:52.933333,2024-05-23 13:12:52.433333,0.9916666666666668
9,2024-05-23 13:13:12.133333,2024-05-23 13:15:03.100000,1.84944445
9,2024-05-23 13:25:53.933333,2024-05-23 13:43:04.600000,17.177777783333333
9,2024-05-23 13:44:20.633333,2024-05-23 14:02:01.133333,17.675
9,2024-05-23 14:50:02.666667,2024-05-23 15:16:39.833333,26.619444433333335
9,2024-05-23 16:22:27.233333,2024-05-23 16:38:30.166667,16.048888899999998
9,2024-05-23 16:58:46.166667,2024-05-23 17:16:13.600000,17.457222216666665
9,2024-05-23 18:38:03.533333,2024-05-23 18:51:11.133333,13.126666666666669
9,2024-05-23 18:52:22.166667,2024-05-23 19:04:22.400000,12.003888883333332
9,2024-05-24 09:19:52.300000,2024-05-24 09:32:29.533333,12.62055555
9,2024-05-24 13:09:36.733333,2024-05-24 13:11:30.900000,1.9027777833333337
9,2024-05-24 13:17:49.466667,2024-05-24 13:27:43.666667,9.903333333333334
9,2024-05-25 11:17:40.633333,2024-05-25 11:18:24.233333,0.7266666666666667
9,2024-05-25 11:20:11.733333,2024-05-25 11:30:08.266667,9.942222233333332
9,2024-05-25 11:31:08.666667,2024-05-25 11:32:09.433333,1.0127777666666666
9,2024-05-25 11:37:37.900000,2024-05-25 11:43:39.633333,6.028888883333334
9,2024-05-25 11:47:21.533333,2024-05-25 11:53:04.666667,5.7188889
9,2024-05-25 12:49:50.066667,2024-05-25 12:58:31.366667,8.688333333333333
9,2024-05-25 12:58:48.200000,2024-05-25 12:59:41.700000,0.8916666666666667
9,2024-05-25 13:14:14.933333,2024-05-25 13:18:38.300000,4.38944445
9,2024-05-25 13:27:12.866667,2024-05-25 13:37:44.700000,10.53055555
9,2024-05-25 13:38:50.566667,2024-05-25 14:02:13.166667,23.376666666666665
9,2024-05-25 14:03:27.100000,2024-05-25 14:08:45.066667,5.299444449999999
9,2024-05-25 14:09:04.600000,2024-05-25 14:15:54.933333,6.8388888833333334
9,2024-05-25 14:19:02.066667,2024-05-25 14:32:32.433333,13.5061111
9,2024-05-25 14:37:53.100000,2024-05-25 14:38:25.266667,0.5361111166666667
9,2024-05-25 17:05:46.266667,2024-05-25 17:07:19.333333,1.5511111
9,2024-05-25 17:20:26.433333,2024-05-25 17:25:27.100000,5.011111116666667
9,2024-05-25 17:30:37.666667,2024-05-25 17:31:57.566667,1.3316666666666668
9,2024-05-26 11:14:24.466667,2024-05-26 11:25:36.300000,11.197222216666669
9,2024-05-26 13:13:42.633333,2024-05-26 13:39:10.200000,25.45944445
9,2024-05-26 13:58:16.666667,2024-05-26 14:07:44.566667,9.465
9,2024-05-26 14:47:05.900000,2024-05-26 14:57:07.633333,10.028888883333334
9,2024-05-26 15:03:31.000000,2024-05-26 15:07:02.000000,3.5166666666666666
9,2024-05-26 15:10:02.800000,2024-05-26 15:12:46.666667,2.731111116666667
9,2024-05-26 15:20:24.233333,2024-05-26 15:36:10.333333,15.768333333333334
9,2024-05-26 15:45:25.266667,2024-05-26 16:09:59.700000,24.573888883333332
9,2024-05-26 16:36:56.200000,2024-05-26 16:38:48.166667,1.8661111166666664
9,2024-05-26 16:47:34.133333,2024-05-26 16:51:16.200000,3.7011111166666666
9,2024-05-26 17:27:55.300000,2024-05-26 17:30:19.800000,2.408333333333333
9,2024-05-26 17:33:21.466667,2024-05-26 17:34:48.433333,1.4494444333333334
9,2024-05-26 17:37:16.133333,2024-05-26 17:42:54.733333,5.6433333333333335
9,2024-05-26 17:43:50.700000,2024-05-26 17:44:53.800000,1.0516666666666667
9,2024-05-26 17:45:26.833333,2024-05-26 17:46:19.866667,0.8838889000000001
9,2024-05-26 17:48:22.533333,2024-05-26 17:49:26.700000,1.06944445
9,2024-05-26 17:51:33.666667,2024-05-26 17:52:57.033333,1.3894444333333331
9,2024-05-26 17:54:05.133333,2024-05-26 18:00:49.400000,6.737777783333333
9,2024-05-26 18:04:46.433333,2024-05-26 18:14:51.366667,10.082222233333331
9,2024-05-26 18:49:38.166667,2024-05-26 19:03:31.766667,13.893333333333334
9,2024-05-26 19:13:31.500000,2024-05-26 19:17:44.166667,4.211111116666666
9,2024-05-27 08:32:01.533333,2024-05-27 08:32:39.366667,0.6305555666666667
9,2024-05-27 08:33:31.433333,2024-05-27 08:40:21.266667,6.830555566666666
9,2024-05-27 08:40:58.466667,2024-05-27 08:44:04.500000,3.10055555
9,2024-05-27 08:44:41.866667,2024-05-27 08:45:31.933333,0.8344444333333333
9,2024-05-27 08:46:30.833333,2024-05-27 08:49:56.333333,3.425
9,2024-05-27 11:59:00.000000,2024-05-27 12:08:37.833333,9.63055555
9,2024-05-27 12:09:17.966667,2024-05-27 12:11:20.500000,2.0422222166666666
9,2024-05-27 12:15:18.200000,2024-05-27 12:18:01.766667,2.7261111166666665
9,2024-05-27 12:19:07.733333,2024-05-27 12:21:29.700000,2.366111116666666
9,2024-05-27 12:22:29.266667,2024-05-27 12:28:04.566667,5.588333333333334
9,2024-05-27 12:29:12.333333,2024-05-27 12:30:37.300000,1.416111116666667
9,2024-05-27 14:39:50.200000,2024-05-27 14:53:45.033333,13.913888883333334
10,2024-05-19 14:02:55.533333,2024-05-19 14:29:17.466667,26.365555566666668
10,2024-05-19 17:52:51.433333,2024-05-19 18:10:58.166667,18.112222233333338
10,2024-05-19 19:00:22.200000,2024-05-19 19:07:44.233333,7.367222216666667
10,2024-05-19 19:08:57.833333,2024-05-19 19:32:56.700000,23.981111116666668
10,2024-05-20 10:18:57.266667,2024-05-20 10:21:13.766667,2.275
10,2024-05-20 10:22:01.800000,2024-05-20 10:31:21.700000,9.331666666666669
10,2024-05-20 11:13:35.800000,2024-05-20 11:15:34.166667,1.9727777833333335
10,2024-05-20 11:53:24.133333,2024-05-20 12:21:20.866667,27.945555566666663
10,2024-05-20 12:22:25.866667,2024-05-20 12:24:40.000000,2.23555555
10,2024-05-20 12:25:25.633333,2024-05-20 12:30:25.333333,4.995
10,2024-05-20 12:31:21.700000,2024-05-20 12:37:03.533333,5.697222216666666
10,2024-05-20 12:38:34.900000,2024-05-20 12:45:46.766667,7.197777783333334
10,2024-05-20 13:18:38.000000,2024-05-20 13:19:17.600000,0.66
10,2024-05-20 13:21:10.700000,2024-05-20 13:24:54.900000,3.7366666666666664
10,2024-05-20 13:25:53.466667,2024-05-20 13:26:29.233333,0.5961111
10,2024-05-20 13:33:56.600000,2024-05-20 13:35:03.266667,1.1111111166666667
10,2024-05-20 13:35:35.433333,2024-05-20 13:36:13.966667,0.6422222333333333
10,2024-05-20 13:36:34.833333,2024-05-20 13:41:23.033333,4.803333333333333
10,2024-05-20 13:42:59.733333,2024-05-20 13:47:24.466667,4.412222233333334
10,2024-05-20 13:47:41.366667,2024-05-20 13:59:36.766667,11.923333333333334
10,2024-05-20 14:01:02.666667,2024-05-20 14:05:31.966667,4.488333333333333
10,2024-05-20 14:07:06.700000,2024-05-20 14:10:23.800000,3.2849999999999997
10,2024-05-20 14:12:45.566667,2024-05-20 14:15:42.866667,2.955
10,2024-05-20 14:16:14.733333,2024-05-20 14:19:59.600000,3.7477777833333334
10,2024-05-20 14:21:15.133333,2024-05-20 14:25:18.766667,4.060555566666666
10,2024-05-20 14:26:02.066667,2024-05-20 14:31:44.566667,5.708333333333333
10,2024-05-20 14:33:37.633333,2024-05-20 14:35:05.066667,1.4572222333333331
10,2024-05-20 14:36:23.033333,2024-05-20 14:38:06.633333,1.7266666666666666
10,2024-05-20 14:42:49.933333,2024-05-20 14:45:42.200000,2.871111116666667
10,2024-05-20 14:50:31.133333,2024-05-20 14:51:07.266667,0.6022222333333332
10,2024-05-20 14:53:30.133333,2024-05-20 14:54:52.500000,1.3727777833333334
10,2024-05-20 14:57:31.100000,2024-05-20 14:59:23.966667,1.8811111166666667
10,2024-05-20 15:03:37.500000,2024-05-20 15:07:30.100000,3.8766666666666665
10,2024-05-20 15:08:19.000000,2024-05-20 15:20:22.966667,12.066111116666669
10,2024-05-20 15:21:43.166667,2024-05-20 15:28:44.100000,7.01555555
10,2024-05-20 15:28:49.933333,2024-05-20 15:33:19.700000,4.4961111166666665
10,2024-05-20 15:34:34.366667,2024-05-20 15:39:21.800000,4.79055555
10,2024-05-20 15:40:34.233333,2024-05-20 15:44:37.433333,4.053333333333333
10,2024-05-20 15:45:42.933333,2024-05-20 15:51:53.100000,6.16944445
10,2024-05-20 15:53:06.133333,2024-05-20 15:57:47.733333,4.693333333333333
10,2024-05-20 16:03:57.166667,2024-05-20 16:09:11.633333,5.2411110999999995
10,2024-05-20 16:10:33.366667,2024-05-20 16:15:49.766667,5.2733333333333325
10,2024-05-20 16:23:03.033333,2024-05-20 16:27:08.900000,4.097777783333333
10,2024-05-20 16:28:27.933333,2024-05-20 16:32:34.366667,4.107222233333333
10,2024-05-20 16:34:04.833333,2024-05-20 16:37:23.433333,3.31
10,2024-05-20 16:37:26.866667,2024-05-20 16:43:08.000000,5.68555555
10,2024-05-20 16:45:07.233333,2024-05-20 16:48:50.300000,3.717777783333333
10,2024-05-20 17:09:13.833333,2024-05-20 17:12:39.066667,3.4205555666666667
10,2024-05-20 17:13:58.566667,2024-05-20 17:18:33.266667,4.578333333333333
10,2024-05-20 17:19:55.733333,2024-05-20 17:21:34.666667,1.6488889
10,2024-05-20 17:25:54.933333,2024-05-20 17:28:07.633333,2.2116666666666664
10,2024-05-20 17:31:04.566667,2024-05-20 17:31:44.433333,0.6644444333333334
10,2024-05-20 17:33:14.200000,2024-05-20 17:38:45.266667,5.517777783333333
10,2024-05-20 17:39:43.533333,2024-05-20 17:42:43.266667,2.995555566666667
10,2024-05-20 17:43:54.833333,2024-05-20 17:45:53.133333,1.971666666666667
10,2024-05-20 17:46:48.066667,2024-05-20 17:48:42.100000,1.90055555
10,2024-05-20 17:58:08.766667,2024-05-20 17:59:57.200000,1.8072222166666667
10,2024-05-20 18:03:10.400000,2024-05-20 18:04:57.600000,1.7866666666666666
10,2024-05-20 18:09:19.666667,2024-05-20 18:12:32.133333,3.2077777666666667
10,2024-05-20 18:14:34.333333,2024-05-20 18:17:33.100000,2.9794444500000004
10,2024-05-20 18:17:54.066667,2024-05-20 18:19:05.400000,1.188888883333333
10,2024-05-20 18:26:03.100000,2024-05-20 18:37:46.433333,11.722222216666667
10,2024-05-20 18:42:56.633333,2024-05-20 18:45:49.533333,2.881666666666667
10,2024-05-20 18:46:58.366667,2024-05-20 18:49:08.333333,2.1661111
10,2024-05-20 18:50:35.033333,2024-05-20 18:53:54.100000,3.3177777833333333
10,2024-05-20 18:55:16.933333,2024-05-20 18:59:04.733333,3.796666666666667
10,2024-05-20 19:02:04.833333,2024-05-20 19:04:25.800000,2.34944445
10,2024-05-20 19:05:33.200000,2024-05-20 19:09:15.466667,3.70444445
10,2024-05-20 19:10:24.866667,2024-05-20 19:14:14.766667,3.8316666666666666
10,2024-05-20 19:15:27.000000,2024-05-20 19:17:00.400000,1.5566666666666669
10,2024-05-20 19:20:09.200000,2024-05-20 19:25:44.666667,5.591111116666666
10,2024-05-20 19:27:05.466667,2024-05-20 19:31:35.666667,4.503333333333333
10,2024-05-20 19:32:53.833333,2024-05-20 19:36:42.966667,3.8188889
10,2024-05-20 19:38:02.966667,2024-05-20 19:39:13.733333,1.1794444333333334
10,2024-05-20 19:41:21.600000,2024-05-20 19:43:13.833333,1.87055555
10,2024-05-20 19:44:41.033333,2024-05-20 19:48:04.433333,3.39
10,2024-05-21 08:40:59.400000,2024-05-21 08:46:43.833333,5.74055555
10,2024-05-21 08:58:09.133333,2024-05-21 09:03:53.700000,5.7427777833333336
10,2024-05-21 09:11:40.233333,2024-05-21 09:18:49.566667,7.155555566666666
10,2024-05-21 09:19:48.933333,2024-05-21 09:26:24.166667,6.587222233333334
10,2024-05-21 09:27:25.600000,2024-05-21 09:29:15.533333,1.8322222166666668
10,2024-05-21 09:30:30.800000,2024-05-21 09:34:53.600000,4.38
10,2024-05-21 09:35:33.000000,2024-05-21 09:37:33.133333,2.0022222166666666
10,2024-05-21 09:47:11.233333,2024-05-21 09:49:39.700000,2.47444445
10,2024-05-21 09:54:21.633333,2024-05-21 09:56:18.466667,1.947222233333333
10,2024-05-21 09:57:45.666667,2024-05-21 09:59:51.833333,2.1027777666666667
10,2024-05-21 10:00:54.166667,2024-05-21 10:04:01.300000,3.1188888833333333
10,2024-05-21 10:05:33.066667,2024-05-21 10:09:15.833333,3.7127777666666666
10,2024-05-21 10:10:36.133333,2024-05-21 10:13:24.700000,2.80944445
10,2024-05-21 10:17:07.666667,2024-05-21 10:22:19.966667,5.205
10,2024-05-21 10:30:05.833333,2024-05-21 10:32:01.766667,1.9322222333333336
10,2024-05-21 10:33:27.600000,2024-05-21 10:36:12.066667,2.741111116666666
10,2024-05-21 10:41:30.466667,2024-05-21 10:44:03.333333,2.547777766666667
10,2024-05-21 10:44:33.366667,2024-05-21 10:51:28.300000,6.91555555
10,2024-05-21 10:52:42.833333,2024-05-21 11:09:30.500000,16.79444445
10,2024-05-21 11:10:41.200000,2024-05-21 11:15:23.066667,4.697777783333334
10,2024-05-21 11:16:34.566667,2024-05-21 11:24:38.500000,8.065555550000001
10,2024-05-21 11:25:50.100000,2024-05-21 11:32:40.466667,6.83944445
10,2024-05-21 11:43:11.033333,2024-05-21 11:50:40.100000,7.48444445
10,2024-05-21 11:51:40.100000,2024-05-21 11:54:30.433333,2.8388888833333334
10,2024-05-21 11:55:06.800000,2024-05-21 12:07:16.600000,12.163333333333332
10,2024-05-21 12:08:28.066667,2024-05-21 12:16:51.366667,8.388333333333334
10,2024-05-21 12:18:11.700000,2024-05-21 12:21:58.700000,3.783333333333333
10,2024-05-21 12:22:38.866667,2024-05-21 12:30:55.666667,8.28
10,2024-05-21 12:32:11.333333,2024-05-21 12:37:55.766667,5.740555566666667
10,2024-05-21 12:38:52.600000,2024-05-21 12:43:53.566667,5.016111116666666
10,2024-05-21 12:44:54.700000,2024-05-21 12:48:10.433333,3.2622222166666663
10,2024-05-21 12:48:51.233333,2024-05-21 12:54:10.933333,5.328333333333333
10,2024-05-21 12:55:14.366667,2024-05-21 13:01:27.033333,6.2111111
10,2024-05-21 13:08:58.333333,2024-05-21 13:10:59.300000,2.0161111166666665
10,2024-05-21 13:11:55.166667,2024-05-21 13:13:40.033333,1.7477777666666665
10,2024-05-21 13:14:32.366667,2024-05-21 13:16:20.133333,1.7961111
10,2024-05-21 13:17:26.266667,2024-05-21 13:18:52.666667,1.4400000000000002
10,2024-05-21 13:19:51.700000,2024-05-21 13:21:56.966667,2.0877777833333333
10,2024-05-21 13:24:20.300000,2024-05-21 13:26:04.033333,1.7288888833333331
10,2024-05-21 13:28:01.766667,2024-05-21 13:29:26.933333,1.4194444333333334
10,2024-05-21 13:31:13.466667,2024-05-21 13:32:48.266667,1.5799999999999998
10,2024-05-21 13:34:38.233333,2024-05-21 13:36:38.333333,2.0016666666666665
10,2024-05-21 13:43:51.600000,2024-05-21 13:45:50.233333,1.9772222166666664
10,2024-05-21 13:48:14.200000,2024-05-21 13:50:18.666667,2.07444445
10,2024-05-21 13:55:40.800000,2024-05-21 13:59:49.766667,4.14944445
10,2024-05-21 14:07:57.600000,2024-05-21 14:19:17.866667,11.337777783333332
10,2024-05-21 14:20:19.300000,2024-05-21 14:25:41.033333,5.362222216666667
10,2024-05-21 14:26:44.033333,2024-05-21 14:31:25.700000,4.694444450000001
10,2024-05-21 14:32:20.666667,2024-05-21 14:38:12.566667,5.864999999999999
10,2024-05-21 14:47:31.266667,2024-05-21 14:51:26.300000,3.9172222166666666
10,2024-05-21 14:52:14.366667,2024-05-21 14:58:48.366667,6.566666666666666
10,2024-05-21 16:41:19.100000,2024-05-21 16:41:51.366667,0.5377777833333333
10,2024-05-21 16:44:20.633333,2024-05-21 16:46:29.133333,2.1416666666666666
10,2024-05-21 16:47:23.700000,2024-05-21 16:49:02.100000,1.64
10,2024-05-21 16:50:11.866667,2024-05-21 16:52:46.800000,2.582222216666666
10,2024-05-21 16:53:39.033333,2024-05-21 16:55:14.800000,1.5961111166666666
10,2024-05-21 16:56:00.600000,2024-05-21 17:05:14.800000,9.236666666666668
10,2024-05-21 17:07:55.766667,2024-05-21 17:11:13.300000,3.2922222166666666
10,2024-05-21 17:13:07.500000,2024-05-21 17:15:44.033333,2.6088888833333335
10,2024-05-21 17:16:57.300000,2024-05-21 17:24:33.633333,7.60555555
10,2024-05-21 17:30:04.800000,2024-05-21 17:35:18.166667,5.222777783333333
10,2024-05-21 17:35:58.333333,2024-05-21 17:39:56.900000,3.9761111166666665
10,2024-05-21 17:40:59.933333,2024-05-21 17:49:31.366667,8.5238889
10,2024-05-21 17:50:43.933333,2024-05-21 17:53:48.866667,3.0822222333333333
10,2024-05-21 17:54:35.300000,2024-05-21 18:03:08.066667,8.546111116666667
10,2024-05-21 18:04:10.733333,2024-05-21 18:26:47.966667,22.620555566666667
10,2024-05-21 18:36:07.733333,2024-05-21 18:45:37.666667,9.4988889
10,2024-05-21 18:46:41.466667,2024-05-21 18:56:06.200000,9.412222216666668
10,2024-05-21 18:57:21.300000,2024-05-21 19:08:19.233333,10.96555555
10,2024-05-21 19:09:36.233333,2024-05-21 19:18:25.600000,8.822777783333333
10,2024-05-21 19:19:44.766667,2024-05-21 19:28:40.300000,8.92555555
10,2024-05-21 19:29:56.533333,2024-05-21 19:40:08.833333,10.205
10,2024-05-21 19:41:37.433333,2024-05-21 19:51:23.500000,9.767777783333337
10,2024-05-22 08:17:45.400000,2024-05-22 08:29:44.933333,11.992222216666669
10,2024-05-22 08:32:23.366667,2024-05-22 08:35:20.833333,2.9577777666666667
10,2024-05-22 08:35:29.600000,2024-05-22 08:38:51.433333,3.363888883333334
10,2024-05-22 08:39:00.400000,2024-05-22 08:45:32.933333,6.5422222166666675
10,2024-05-22 08:46:25.800000,2024-05-22 08:50:37.000000,4.1866666666666665
10,2024-05-22 08:52:16.333333,2024-05-22 08:55:20.200000,3.0644444500000003
10,2024-05-22 08:56:04.366667,2024-05-22 08:57:40.833333,1.6077777666666668
10,2024-05-22 08:58:29.166667,2024-05-22 09:00:53.433333,2.404444433333333
10,2024-05-22 09:01:33.966667,2024-05-22 09:03:56.533333,2.3761111
10,2024-05-22 09:04:43.000000,2024-05-22 09:07:23.266667,2.671111116666667
10,2024-05-22 09:08:20.500000,2024-05-22 09:10:57.066667,2.60944445
10,2024-05-22 09:14:25.866667,2024-05-22 09:15:13.333333,0.7911111000000001
10,2024-05-22 09:15:51.066667,2024-05-22 09:18:44.233333,2.8861111
10,2024-05-22 09:20:53.166667,2024-05-22 09:21:31.033333,0.6311111
10,2024-05-22 09:22:33.800000,2024-05-22 09:24:34.633333,2.0138888833333333
10,2024-05-22 09:27:52.600000,2024-05-22 09:28:36.800000,0.7366666666666667
10,2024-05-22 09:31:17.966667,2024-05-22 09:34:37.800000,3.33055555
10,2024-05-22 09:37:37.733333,2024-05-22 09:40:07.533333,2.496666666666667
10,2024-05-22 09:41:45.200000,2024-05-22 09:47:23.833333,5.643888883333333
10,2024-05-22 09:48:55.966667,2024-05-22 09:50:48.500000,1.87555555
10,2024-05-22 09:53:11.366667,2024-05-22 09:55:26.566667,2.253333333333333
10,2024-05-22 09:58:38.233333,2024-05-22 10:01:14.533333,2.605
10,2024-05-22 10:02:54.566667,2024-05-22 10:04:52.433333,1.9644444333333333
10,2024-05-22 10:08:08.666667,2024-05-22 10:13:49.566667,5.681666666666667
10,2024-05-22 10:16:57.933333,2024-05-22 10:17:27.966667,0.5005555666666667
10,2024-05-22 10:20:10.833333,2024-05-22 10:26:25.700000,6.2477777833333334
10,2024-05-22 10:26:54.833333,2024-05-22 10:46:07.033333,19.203333333333333
10,2024-05-22 10:47:16.433333,2024-05-22 10:54:29.466667,7.217222233333334
10,2024-05-22 10:55:31.133333,2024-05-22 11:04:39.300000,9.136111116666664
10,2024-05-22 11:05:40.366667,2024-05-22 11:12:24.900000,6.742222216666667
10,2024-05-22 11:13:35.400000,2024-05-22 11:28:50.500000,15.251666666666669
10,2024-05-22 11:29:48.833333,2024-05-22 11:40:17.400000,10.476111116666669
10,2024-05-22 11:41:13.700000,2024-05-22 12:00:01.400000,18.795
10,2024-05-22 12:01:13.433333,2024-05-22 12:08:35.200000,7.362777783333333
10,2024-05-22 12:09:28.066667,2024-05-22 12:17:37.500000,8.157222216666666
10,2024-05-22 12:18:54.266667,2024-05-22 12:32:30.900000,13.61055555
10,2024-05-22 12:33:35.066667,2024-05-22 12:47:43.800000,14.14555555
10,2024-05-22 12:49:16.766667,2024-05-22 12:58:04.833333,8.801111100000002
10,2024-05-22 13:00:42.000000,2024-05-22 13:07:37.900000,6.931666666666667
10,2024-05-22 13:08:25.800000,2024-05-22 13:10:27.500000,2.0283333333333333
10,2024-05-22 13:11:11.200000,2024-05-22 13:13:00.500000,1.8216666666666663
10,2024-05-22 13:13:59.333333,2024-05-22 13:15:57.566667,1.9705555666666668
10,2024-05-22 13:17:03.633333,2024-05-22 13:18:51.733333,1.8016666666666663
10,2024-05-22 13:20:39.000000,2024-05-22 13:22:34.433333,1.9238888833333336
10,2024-05-22 13:25:43.933333,2024-05-22 13:29:16.300000,3.53944445
10,2024-05-22 13:33:45.600000,2024-05-22 13:37:41.533333,3.9322222166666663
10,2024-05-22 13:39:12.900000,2024-05-22 13:41:58.866667,2.7661111166666665
10,2024-05-22 13:45:30.566667,2024-05-22 13:49:59.366667,4.48
10,2024-05-22 14:47:03.933333,2024-05-22 15:11:22.400000,24.307777783333332
10,2024-05-22 15:15:17.600000,2024-05-22 15:17:43.600000,2.433333333333333
10,2024-05-22 15:18:13.033333,2024-05-22 15:21:21.100000,3.1344444499999997
10,2024-05-22 15:22:01.000000,2024-05-22 15:24:40.300000,2.655
10,2024-05-22 15:25:19.400000,2024-05-22 15:27:32.033333,2.21055555
10,2024-05-22 15:28:27.800000,2024-05-22 15:30:04.066667,1.60444445
10,2024-05-22 15:31:19.766667,2024-05-22 15:33:33.900000,2.23555555
10,2024-05-22 15:35:46.100000,2024-05-22 15:37:31.533333,1.757222216666667
10,2024-05-22 15:39:56.500000,2024-05-22 15:42:20.666667,2.4027777833333333
10,2024-05-22 15:46:10.066667,2024-05-22 15:48:53.666667,2.7266666666666666
10,2024-05-22 15:56:59.533333,2024-05-22 16:07:21.633333,10.368333333333334
10,2024-05-22 16:22:11.400000,2024-05-22 16:37:29.966667,15.30944445
10,2024-05-22 16:38:25.400000,2024-05-22 16:39:59.666667,1.5711111166666667
10,2024-05-23 11:29:14.600000,2024-05-23 11:29:59.733333,0.7522222166666667
10,2024-05-23 11:52:46.866667,2024-05-23 12:08:16.200000,15.488888883333336
10,2024-05-23 12:08:42.433333,2024-05-23 12:15:31.700000,6.821111116666667
10,2024-05-23 12:15:42.633333,2024-05-23 12:25:39.833333,9.953333333333337
10,2024-05-23 12:26:02.366667,2024-05-23 12:31:12.333333,5.166111099999999
10,2024-05-23 12:31:54.700000,2024-05-23 12:41:11.733333,9.283888883333333
10,2024-05-23 12:41:32.166667,2024-05-23 12:46:38.800000,5.11055555
10,2024-05-23 12:47:08.300000,2024-05-23 12:52:50.133333,5.697222216666666
10,2024-06-06 14:22:30.633333,2024-06-06 14:30:57.400000,8.446111116666666
10,2024-06-06 14:31:14.533333,2024-06-06 14:34:39.933333,3.4233333333333333
10,2024-06-06 14:37:00.533333,2024-06-06 14:37:41.200000,0.6777777833333333
11,2024-05-18 11:34:42.433333,2024-05-18 11:42:36.033333,7.893333333333333
11,2024-05-20 10:15:44.766667,2024-05-20 10:23:56.266667,8.191666666666666
11,2024-05-20 16:14:48.400000,2024-05-20 16:34:13.066667,19.411111116666667
11,2024-05-20 16:34:34.566667,2024-05-20 16:59:55.700000,25.352222216666668
11,2024-05-24 10:27:23.200000,2024-05-24 10:54:46.666667,27.391111116666664
11,2024-05-24 18:42:12.533333,2024-05-24 18:46:10.966667,3.9738889
12,2024-05-19 15:39:21.700000,2024-05-19 15:46:46.433333,7.412222216666667
12,2024-05-20 16:07:51.533333,2024-05-20 16:13:02.200000,5.177777783333334
13,2024-05-17 13:37:09.700000,2024-05-17 13:54:52.733333,17.717222216666666
14,2024-05-20 15:23:27.566667,2024-05-20 15:50:25.666667,26.96833333333333
14,2024-05-24 18:39:29.033333,2024-05-24 18:43:19.466667,3.840555566666666
14,2024-05-24 18:45:08.266667,2024-05-24 18:56:16.200000,11.132222216666666
14,2024-05-24 18:56:34.366667,2024-05-24 18:57:40.233333,1.0977777666666666
14,2024-05-24 18:58:26.233333,2024-05-24 19:01:07.566667,2.6888889
14,2024-06-06 14:41:42.633333,2024-06-06 15:11:26.633333,29.733333333333334
15,2024-05-20 16:02:59.900000,2024-05-20 16:08:21.600000,5.361666666666666
15,2024-05-20 16:08:25.300000,2024-05-20 16:08:57.066667,0.52944445
15,2024-05-24 18:37:51.833333,2024-05-24 18:45:43.600000,7.862777783333333
15,2024-06-06 14:49:45.133333,2024-06-06 14:51:44.133333,1.9833333333333336
16,2024-05-20 16:12:42.966667,2024-05-20 16:32:32.133333,19.819444433333334
16,2024-05-20 16:33:12.266667,2024-05-20 16:42:49.200000,9.61555555
16,2024-05-21 15:56:52.066667,2024-05-21 16:16:29.433333,19.622777766666665
16,2024-05-24 18:54:58.300000,2024-05-24 18:59:14.466667,4.26944445
16,2024-05-24 18:59:53.266667,2024-05-24 19:02:48.900000,2.9272222166666664
16,2024-05-24 19:03:41.433333,2024-05-24 19:04:11.766667,0.5055555666666667
16,2024-05-30 10:33:17.333333,2024-05-30 10:34:00.300000,0.7161111166666667
16,2024-05-31 09:44:48.900000,2024-05-31 09:47:00.566667,2.19444445
16,2024-05-31 09:48:41.266667,2024-05-31 09:50:02.666667,1.356666666666667
16,2024-05-31 09:50:54.666667,2024-05-31 09:52:17.966667,1.3883333333333332
16,2024-05-31 09:54:54.833333,2024-05-31 09:56:04.566667,1.1622222333333334
16,2024-05-31 10:01:40.400000,2024-05-31 10:06:35.600000,4.92
16,2024-06-06 14:09:17.133333,2024-06-06 14:19:31.133333,10.233333333333333
16,2024-06-06 14:28:59.400000,2024-06-06 14:54:20.100000,25.345
17,2024-05-20 13:46:31.700000,2024-05-20 14:07:18.600000,20.78166666666667
17,2024-05-20 14:08:33.133333,2024-05-20 14:26:43.133333,18.166666666666668
17,2024-05-20 14:28:46.300000,2024-05-20 14:31:32.133333,2.7638888833333337
17,2024-05-20 14:34:07.600000,2024-05-20 14:36:01.200000,1.893333333333333
17,2024-05-20 16:50:42.800000,2024-05-20 17:10:59.666667,20.28111111666667
17,2024-05-21 08:39:28.200000,2024-05-21 08:55:18.033333,15.83055555
17,2024-05-21 10:31:40.633333,2024-05-21 10:37:56.166667,6.2588889000000005
17,2024-05-21 10:39:11.966667,2024-05-21 11:00:20.666667,21.145
17,2024-05-21 15:40:37.700000,2024-05-21 15:57:00.033333,16.372222216666668
17,2024-05-21 15:59:04.033333,2024-05-21 16:24:53.066667,25.817222233333332
17,2024-05-21 16:26:22.666667,2024-05-21 16:38:52.000000,12.488888883333336
17,2024-05-21 16:39:54.933333,2024-05-21 16:47:14.900000,7.3327777833333325
17,2024-05-21 16:48:08.766667,2024-05-21 17:07:24.866667,19.26833333333333
17,2024-05-21 17:08:26.766667,2024-05-21 17:14:45.500000,6.312222216666667
17,2024-05-21 17:16:15.000000,2024-05-21 17:22:38.266667,6.387777783333333
17,2024-05-24 17:55:51.466667,2024-05-24 18:20:29.866667,24.64
17,2024-05-28 17:13:57.100000,2024-05-28 17:14:31.266667,0.56944445
17,2024-05-31 09:45:37.833333,2024-05-31 09:46:22.200000,0.73944445
18,2024-05-19 14:11:07.200000,2024-05-19 14:20:06.033333,8.98055555
18,2024-05-20 13:09:23.933333,2024-05-20 13:11:44.533333,2.3433333333333333
18,2024-05-20 16:36:32.333333,2024-05-20 16:38:44.233333,2.1983333333333333
18,2024-05-20 18:28:06.600000,2024-05-20 18:40:36.266667,12.49444445
18,2024-05-21 08:13:00.066667,2024-05-21 08:18:19.733333,5.327777766666667
18,2024-05-21 08:19:56.400000,2024-05-21 08:43:17.233333,23.34722221666667
18,2024-05-21 13:46:05.333333,2024-05-21 13:50:43.500000,4.636111116666667
18,2024-05-21 13:52:01.433333,2024-05-21 14:06:23.233333,14.363333333333332
18,2024-05-21 17:30:55.300000,2024-05-21 17:46:46.633333,15.85555555
18,2024-05-21 17:48:09.100000,2024-05-21 18:17:30.500000,29.35666666666667
18,2024-05-21 18:18:03.166667,2024-05-21 18:29:02.300000,10.98555555
18,2024-05-22 09:53:06.266667,2024-05-22 10:04:41.400000,11.58555555
18,2024-05-22 10:06:07.766667,2024-05-22 10:25:18.833333,19.184444433333333
18,2024-05-22 10:26:36.133333,2024-05-22 10:28:55.966667,2.330555566666667
18,2024-05-22 10:29:50.200000,2024-05-22 10:31:33.100000,1.715
18,2024-05-22 12:35:57.700000,2024-05-22 12:54:35.900000,18.636666666666667
18,2024-05-22 12:55:03.066667,2024-05-22 13:01:18.133333,6.2511111
18,2024-05-22 13:01:26.600000,2024-05-22 13:07:47.166667,6.342777783333333
18,2024-05-22 18:00:51.933333,2024-05-22 18:06:35.300000,5.722777783333333
18,2024-05-22 18:06:40.500000,2024-05-22 18:15:34.933333,8.907222216666666
18,2024-05-24 11:51:07.833333,2024-05-24 12:07:39.200000,16.522777783333332
18,2024-05-24 17:57:12.900000,2024-05-24 18:06:52.966667,9.667777783333332
18,2024-05-24 18:06:58.033333,2024-05-24 18:20:20.733333,13.378333333333334
18,2024-05-24 18:20:21.866667,2024-05-24 18:34:13.366667,13.858333333333333
18,2024-05-27 14:55:08.033333,2024-05-27 15:01:08.766667,6.0122222333333335
18,2024-05-27 15:02:55.900000,2024-05-27 15:05:00.366667,2.07444445
18,2024-05-27 15:06:33.933333,2024-05-27 15:08:43.233333,2.155
18,2024-05-27 15:17:39.233333,2024-05-27 15:33:12.266667,15.550555566666668
18,2024-05-27 17:29:40.466667,2024-05-27 17:50:58.666667,21.303333333333335
18,2024-05-28 13:50:48.700000,2024-05-28 14:06:31.900000,15.72
18,2024-05-28 14:06:59.166667,2024-05-28 14:32:11.500000,25.20555555
18,2024-05-29 15:33:51.366667,2024-05-29 15:42:37.133333,8.762777766666666
18,2024-05-29 16:42:48.800000,2024-05-29 16:47:32.933333,4.73555555
18,2024-05-30 09:47:33.600000,2024-05-30 09:54:06.700000,6.551666666666667
18,2024-05-30 12:04:08.300000,2024-05-30 12:32:45.066667,28.612777783333335
18,2024-05-30 14:53:00.733333,2024-05-30 15:10:59.666667,17.982222233333335
18,2024-05-30 16:06:38.200000,2024-05-30 16:19:14.433333,12.603888883333331
18,2024-05-30 17:49:05.566667,2024-05-30 18:08:26.733333,19.35277776666667
18,2024-06-06 14:40:17.533333,2024-06-06 14:42:07.133333,1.8266666666666669
18,2024-06-06 14:45:27.133333,2024-06-06 14:46:49.000000,1.36444445
19,2024-05-20 13:38:31.066667,2024-05-20 13:55:09.300000,16.637222216666668
19,2024-05-20 13:56:12.466667,2024-05-20 14:14:23.400000,18.182222216666663
19,2024-05-20 14:16:06.900000,2024-05-20 14:22:44.333333,6.623888883333334
19,2024-05-20 14:25:04.666667,2024-05-20 14:31:23.200000,6.308888883333334
19,2024-05-20 14:31:44.966667,2024-05-20 14:54:49.066667,23.06833333333333
19,2024-05-20 16:33:44.066667,2024-05-20 16:36:54.766667,3.1783333333333332
19,2024-05-20 16:37:13.566667,2024-05-20 16:52:12.300000,14.978888883333331
19,2024-05-20 16:53:44.400000,2024-05-20 17:02:03.533333,8.318888883333333
19,2024-05-20 17:04:44.333333,2024-05-20 17:14:32.466667,9.802222233333334
19,2024-05-20 19:17:26.233333,2024-05-20 19:18:06.166667,0.6655555666666667
19,2024-05-21 08:43:01.166667,2024-05-21 09:03:04.700000,20.058888883333335
19,2024-05-21 09:04:17.166667,2024-05-21 09:15:43.000000,11.43055555
19,2024-05-21 09:17:14.566667,2024-05-21 09:34:42.333333,17.462777766666665
19,2024-05-21 10:02:07.133333,2024-05-21 10:11:23.000000,9.26444445
19,2024-05-21 10:50:15.300000,2024-05-21 11:17:45.933333,27.51055555
19,2024-05-21 11:19:19.100000,2024-05-21 11:39:30.533333,20.19055555
19,2024-05-21 11:40:57.500000,2024-05-21 12:06:11.500000,25.233333333333334
19,2024-05-21 12:07:36.900000,2024-05-21 12:18:18.133333,10.687222216666669
19,2024-05-21 12:19:35.766667,2024-05-21 12:27:46.933333,8.1861111
19,2024-05-21 12:29:02.300000,2024-05-21 12:31:46.133333,2.73055555
19,2024-05-21 12:32:48.666667,2024-05-21 12:40:32.100000,7.723888883333333
19,2024-05-21 12:41:05.133333,2024-05-21 13:07:24.866667,26.3288889
19,2024-05-21 13:07:42.033333,2024-05-21 13:25:32.200000,17.836111116666665
19,2024-05-21 13:58:59.733333,2024-05-21 14:17:05.666667,18.0988889
19,2024-05-21 14:18:37.033333,2024-05-21 14:28:15.533333,9.641666666666667
19,2024-05-21 17:37:20.466667,2024-05-21 18:03:37.033333,26.2761111
19,2024-05-21 18:04:27.966667,2024-05-21 18:06:14.933333,1.7827777666666669
19,2024-05-21 18:59:03.633333,2024-05-21 19:16:33.966667,17.505555566666665
19,2024-05-21 19:19:18.300000,2024-05-21 19:45:44.333333,26.433888883333335
19,2024-05-22 10:15:50.366667,2024-05-22 10:17:31.100000,1.6788888833333333
19,2024-05-22 10:18:23.400000,2024-05-22 10:22:49.433333,4.433888883333334
19,2024-05-22 10:23:43.800000,2024-05-22 10:45:20.033333,21.603888883333333
19,2024-05-22 15:45:57.600000,2024-05-22 16:14:22.633333,28.41722221666667
19,2024-05-22 16:14:29.333333,2024-05-22 16:19:11.766667,4.707222233333334
19,2024-05-22 18:00:18.933333,2024-05-22 18:06:46.300000,6.4561111166666665
19,2024-05-24 10:17:34.900000,2024-05-24 10:29:03.266667,11.472777783333331
19,2024-05-24 10:29:07.700000,2024-05-24 10:30:22.033333,1.2388888833333334
19,2024-05-24 10:30:26.333333,2024-05-24 10:33:04.333333,2.6333333333333333
19,2024-05-24 12:08:43.833333,2024-05-24 12:18:50.866667,10.117222233333331
19,2024-05-24 17:56:29.633333,2024-05-24 18:19:27.200000,22.95944445
19,2024-05-24 18:36:45.766667,2024-05-24 18:40:08.800000,3.383888883333334
19,2024-06-06 14:34:50.166667,2024-06-06 14:46:45.166667,11.916666666666666
19,2024-06-06 14:47:45.900000,2024-06-06 15:03:38.233333,15.872222216666668
20,2024-05-19 17:10:40.100000,2024-05-19 17:26:46.333333,16.103888883333333
20,2024-05-20 12:03:49.800000,2024-05-20 12:08:41.400000,4.86
20,2024-05-20 12:10:08.333333,2024-05-20 12:12:11.133333,2.0466666666666664
20,2024-05-20 12:13:51.333333,2024-05-20 12:31:09.366667,17.300555566666667
20,2024-05-20 12:34:19.600000,2024-05-20 12:34:53.200000,0.56
20,2024-05-20 12:37:58.266667,2024-05-20 12:39:54.533333,1.937777766666667
20,2024-05-20 12:55:10.000000,2024-05-20 13:16:03.566667,20.892777783333333
20,2024-05-20 13:18:48.033333,2024-05-20 13:20:40.366667,1.8722222333333332
20,2024-05-20 13:22:52.466667,2024-05-20 13:25:04.133333,2.194444433333333
20,2024-05-20 13:27:33.333333,2024-05-20 13:29:12.033333,1.645
20,2024-05-20 13:31:53.566667,2024-05-20 13:33:55.800000,2.0372222166666667
20,2024-05-20 13:37:29.200000,2024-05-20 13:40:24.766667,2.9261111166666667
20,2024-05-20 13:42:51.000000,2024-05-20 13:49:26.766667,6.596111116666666
20,2024-05-20 13:51:10.033333,2024-05-20 13:58:19.600000,7.15944445
20,2024-05-20 14:00:16.666667,2024-05-20 14:17:51.933333,17.587777766666665
20,2024-05-21 11:29:15.366667,2024-05-21 11:42:28.833333,13.224444433333334
20,2024-05-21 12:38:40.633333,2024-05-21 12:41:19.833333,2.6533333333333333
20,2024-05-21 12:41:40.733333,2024-05-21 12:43:38.933333,1.97
20,2024-05-21 12:44:32.566667,2024-05-21 12:46:10.733333,1.6361111000000002
20,2024-05-21 12:47:16.166667,2024-05-21 12:49:27.833333,2.194444433333333
20,2024-05-21 16:36:59.200000,2024-05-21 17:02:33.600000,25.573333333333338
20,2024-05-21 17:03:49.000000,2024-05-21 17:05:37.133333,1.8022222166666664
20,2024-05-21 17:05:52.033333,2024-05-21 17:12:53.000000,7.016111116666666
20,2024-05-21 18:01:35.166667,2024-05-21 18:08:47.400000,7.203888883333334
20,2024-05-21 18:11:43.533333,2024-05-21 18:24:48.433333,13.081666666666669
20,2024-05-21 18:26:53.800000,2024-05-21 18:31:31.966667,4.636111116666667
20,2024-05-21 18:33:11.200000,2024-05-21 18:34:56.266667,1.7511111166666666
20,2024-05-21 18:38:02.300000,2024-05-21 18:39:42.733333,1.6738888833333334
20,2024-05-21 18:41:47.933333,2024-05-21 18:45:12.433333,3.408333333333333
20,2024-05-21 18:46:12.566667,2024-05-21 19:07:07.933333,20.922777766666663
20,2024-05-21 19:08:51.766667,2024-05-21 19:24:48.633333,15.947777766666666
20,2024-05-21 19:26:31.533333,2024-05-21 19:36:54.533333,10.383333333333333
20,2024-05-22 08:12:11.466667,2024-05-22 08:21:31.633333,9.3361111
20,2024-05-22 08:22:45.800000,2024-05-22 08:36:08.333333,13.37555555
20,2024-05-22 08:37:28.333333,2024-05-22 08:48:57.733333,11.49
20,2024-05-22 08:50:08.300000,2024-05-22 09:17:54.000000,27.761666666666667
20,2024-05-22 09:19:04.366667,2024-05-22 09:29:26.133333,10.362777766666666
20,2024-05-22 09:30:40.433333,2024-05-22 09:42:53.933333,12.225
20,2024-05-22 09:44:07.033333,2024-05-22 10:11:25.466667,27.307222233333334
20,2024-05-22 10:13:21.400000,2024-05-22 10:20:15.566667,6.902777783333334
20,2024-05-22 10:21:14.833333,2024-05-22 10:38:18.500000,17.061111116666666
20,2024-05-22 10:38:59.266667,2024-05-22 10:40:50.000000,1.84555555
20,2024-05-22 10:41:33.533333,2024-05-22 10:43:02.833333,1.4883333333333333
20,2024-05-22 10:43:56.666667,2024-05-22 10:53:38.600000,9.698888883333332
20,2024-05-22 10:56:25.533333,2024-05-22 10:57:45.333333,1.3299999999999998
20,2024-05-22 11:01:21.900000,2024-05-22 11:02:43.766667,1.36444445
20,2024-05-22 11:04:57.366667,2024-05-22 11:06:23.500000,1.43555555
20,2024-05-22 11:08:43.466667,2024-05-22 11:10:10.166667,1.445
20,2024-05-22 11:15:42.133333,2024-05-22 11:28:37.700000,12.926111116666668
20,2024-05-22 11:29:18.800000,2024-05-22 11:42:28.666667,13.16444445
20,2024-05-22 11:43:48.066667,2024-05-22 11:48:58.633333,5.1761111
20,2024-05-22 11:50:22.100000,2024-05-22 11:57:44.700000,7.376666666666667
20,2024-05-22 11:58:46.066667,2024-05-22 12:05:12.133333,6.434444433333334
20,2024-05-22 12:06:34.100000,2024-05-22 12:13:56.400000,7.371666666666667
20,2024-05-22 12:15:05.733333,2024-05-22 12:20:06.366667,5.010555566666667
20,2024-05-22 12:21:22.233333,2024-05-22 12:28:34.033333,7.196666666666667
20,2024-05-22 12:29:31.600000,2024-05-22 12:36:03.066667,6.52444445
20,2024-05-22 12:37:28.300000,2024-05-22 12:48:17.000000,10.811666666666667
20,2024-05-22 12:49:21.533333,2024-05-22 12:55:08.433333,5.781666666666666
20,2024-05-22 12:56:36.666667,2024-05-22 13:01:30.166667,4.891666666666667
20,2024-05-22 13:02:32.100000,2024-05-22 13:08:06.300000,5.569999999999999
20,2024-05-22 13:09:28.133333,2024-05-22 13:20:43.033333,11.248333333333331
20,2024-05-22 13:21:49.333333,2024-05-22 13:29:57.900000,8.142777783333333
20,2024-05-22 14:42:41.500000,2024-05-22 14:47:37.866667,4.93944445
20,2024-05-22 14:48:34.900000,2024-05-22 15:05:57.966667,17.38444445
20,2024-05-22 15:25:07.033333,2024-05-22 15:46:03.633333,20.94333333333333
20,2024-05-22 15:48:17.833333,2024-05-22 16:03:33.333333,15.258333333333333
20,2024-05-22 16:05:35.700000,2024-05-22 16:09:53.366667,4.29444445
20,2024-05-22 16:11:18.366667,2024-05-22 16:14:32.466667,3.235
20,2024-05-22 16:15:26.133333,2024-05-22 16:19:20.600000,3.907777783333333
20,2024-05-22 16:20:09.033333,2024-05-22 16:22:16.133333,2.118333333333333
20,2024-05-22 16:23:13.466667,2024-05-22 16:25:52.000000,2.6422222166666667
20,2024-05-22 16:26:43.200000,2024-05-22 16:29:34.933333,2.8622222166666664
20,2024-05-22 16:31:06.966667,2024-05-22 16:33:31.300000,2.4055555500000003
20,2024-05-22 16:36:18.666667,2024-05-22 16:38:30.100000,2.19055555
20,2024-05-22 16:41:20.066667,2024-05-22 16:46:04.866667,4.746666666666667
20,2024-05-22 16:51:32.566667,2024-05-22 16:53:32.766667,2.0033333333333334
20,2024-05-22 16:57:35.733333,2024-05-22 17:00:12.433333,2.6116666666666664
20,2024-05-22 17:04:49.866667,2024-05-22 17:09:24.866667,4.583333333333333
20,2024-05-22 17:14:18.233333,2024-05-22 17:17:11.466667,2.8872222333333335
20,2024-05-22 17:19:37.400000,2024-05-22 17:22:33.700000,2.9383333333333335
20,2024-05-22 17:25:04.300000,2024-05-22 17:27:25.266667,2.34944445
20,2024-05-22 17:28:51.700000,2024-05-22 17:30:51.066667,1.98944445
20,2024-05-22 17:36:42.066667,2024-05-22 17:38:32.833333,1.8461111
20,2024-05-22 17:41:50.666667,2024-05-22 17:45:35.700000,3.75055555
20,2024-05-22 17:51:57.966667,2024-05-22 18:00:58.066667,9.001666666666667
20,2024-05-22 18:04:37.733333,2024-05-22 18:10:38.266667,6.0088889000000005
20,2024-05-22 18:13:34.266667,2024-05-22 18:15:45.333333,2.1844444333333333
20,2024-05-22 18:18:04.733333,2024-05-22 18:20:23.266667,2.3088889
20,2024-05-22 18:22:23.066667,2024-05-22 18:24:10.466667,1.79
20,2024-05-22 18:32:10.166667,2024-05-22 18:56:59.100000,24.81555555
20,2024-05-23 10:33:58.300000,2024-05-23 10:50:48.933333,16.84388888333333
20,2024-05-23 10:51:52.566667,2024-05-23 10:55:00.266667,3.128333333333333
20,2024-05-23 10:55:50.966667,2024-05-23 10:58:58.700000,3.128888883333333
20,2024-05-23 11:02:54.400000,2024-05-23 11:04:38.633333,1.7372222166666669
20,2024-05-23 11:07:02.233333,2024-05-23 11:29:55.800000,22.892777783333333
20,2024-05-23 11:29:57.833333,2024-05-23 11:31:14.866667,1.2838889
20,2024-05-23 11:32:20.266667,2024-05-23 11:33:25.333333,1.0844444333333334
20,2024-05-23 11:34:02.233333,2024-05-23 11:57:36.933333,23.578333333333333
20,2024-05-23 12:00:14.900000,2024-05-23 12:23:54.400000,23.658333333333335
20,2024-05-23 12:57:31.166667,2024-05-23 13:14:45.266667,17.235
20,2024-05-23 13:16:16.833333,2024-05-23 13:40:25.700000,24.147777783333332
20,2024-05-23 13:42:04.466667,2024-05-23 13:59:23.700000,17.320555549999998
20,2024-05-23 14:01:15.666667,2024-05-23 14:20:34.700000,19.317222216666668
20,2024-05-23 14:22:05.200000,2024-05-23 14:36:31.100000,14.431666666666668
20,2024-05-23 14:38:16.000000,2024-05-23 14:58:41.766667,20.42944445
20,2024-05-23 15:00:34.766667,2024-05-23 15:19:11.466667,18.611666666666668
20,2024-05-23 15:40:49.466667,2024-05-23 16:00:42.466667,19.883333333333333
20,2024-05-23 16:02:21.266667,2024-05-23 16:20:43.300000,18.36722221666667
20,2024-05-23 16:22:32.833333,2024-05-23 16:31:08.566667,8.595555566666667
20,2024-05-23 16:32:19.266667,2024-05-23 16:47:46.266667,15.45
20,2024-05-24 08:24:14.466667,2024-05-24 08:26:40.566667,2.435
20,2024-05-24 08:26:56.433333,2024-05-24 08:36:27.133333,9.511666666666668
20,2024-05-24 08:37:10.066667,2024-05-24 08:43:23.133333,6.217777766666667
20,2024-05-24 08:43:51.133333,2024-05-24 09:02:48.433333,18.955
20,2024-05-24 09:04:08.466667,2024-05-24 09:05:25.333333,1.2811111
20,2024-05-24 09:05:39.000000,2024-05-24 09:10:23.066667,4.73444445
20,2024-05-24 09:10:36.266667,2024-05-24 09:23:24.933333,12.8111111
20,2024-05-24 09:24:52.200000,2024-05-24 09:47:34.133333,22.698888883333332
20,2024-05-24 09:49:19.133333,2024-05-24 09:53:41.333333,4.37
20,2024-05-24 09:54:37.700000,2024-05-24 09:56:53.733333,2.2672222166666667
20,2024-05-24 09:57:06.033333,2024-05-24 10:02:31.966667,5.432222233333333
20,2024-05-24 10:03:17.766667,2024-05-24 10:17:38.300000,14.342222216666666
20,2024-05-24 10:18:47.700000,2024-05-24 10:19:58.700000,1.1833333333333331
20,2024-05-24 10:22:04.700000,2024-05-24 10:22:59.133333,0.9072222166666666
20,2024-05-24 10:23:12.133333,2024-05-24 10:27:37.900000,4.42944445
20,2024-05-24 10:28:30.866667,2024-05-24 10:29:12.766667,0.6983333333333334
20,2024-05-24 10:29:31.366667,2024-05-24 10:30:43.000000,1.1938888833333332
20,2024-05-24 10:30:58.100000,2024-05-24 10:31:34.433333,0.60555555
20,2024-05-24 10:31:57.266667,2024-05-24 10:37:06.033333,5.1461111
20,2024-05-24 10:51:00.200000,2024-05-24 11:08:28.033333,17.463888883333333
20,2024-05-24 11:09:47.566667,2024-05-24 11:26:22.600000,16.583888883333334
20,2024-05-24 11:27:51.300000,2024-05-24 11:42:06.066667,14.246111116666668
20,2024-05-24 11:43:40.000000,2024-05-24 11:44:59.633333,1.3272222166666665
20,2024-05-24 11:46:04.233333,2024-05-24 12:03:38.366667,17.5688889
20,2024-05-24 12:05:06.200000,2024-05-24 12:06:10.300000,1.0683333333333331
20,2024-05-24 12:06:46.233333,2024-05-24 12:14:04.600000,7.306111116666667
20,2024-05-24 12:14:50.533333,2024-05-24 12:19:29.166667,4.643888899999999
20,2024-05-24 12:20:26.800000,2024-05-24 12:22:50.900000,2.4016666666666664
20,2024-05-24 12:23:53.666667,2024-05-24 12:26:53.166667,2.9916666666666667
20,2024-05-24 12:27:44.100000,2024-05-24 12:29:37.566667,1.8911111166666668
20,2024-05-24 12:30:33.233333,2024-05-24 12:32:22.900000,1.8277777833333333
20,2024-05-24 12:36:49.000000,2024-05-24 12:38:47.466667,1.97444445
20,2024-05-24 12:50:24.700000,2024-05-24 12:52:11.433333,1.7788888833333334
20,2024-05-24 12:54:04.400000,2024-05-24 12:57:22.400000,3.3
20,2024-05-24 13:02:07.000000,2024-05-24 13:04:12.900000,2.0983333333333336
20,2024-05-24 13:08:04.600000,2024-05-24 13:11:04.733333,3.0022222166666666
20,2024-05-24 13:12:36.900000,2024-05-24 13:14:51.366667,2.241111116666666
20,2024-05-24 13:16:12.900000,2024-05-24 13:18:32.100000,2.32
20,2024-05-24 13:20:35.600000,2024-05-24 13:22:50.100000,2.2416666666666667
20,2024-05-24 13:28:01.900000,2024-05-24 13:28:45.600000,0.7283333333333334
20,2024-05-24 13:29:03.166667,2024-05-24 13:31:03.166667,2.0
20,2024-05-24 13:32:41.666667,2024-05-24 13:34:59.300000,2.293888883333333
20,2024-05-24 13:41:15.133333,2024-05-24 13:42:58.300000,1.71944445
20,2024-05-24 13:53:01.300000,2024-05-24 14:05:49.933333,12.81055555
20,2024-05-24 14:07:19.400000,2024-05-24 14:22:45.133333,15.428888883333334
20,2024-05-24 14:25:10.566667,2024-05-24 14:37:01.700000,11.852222216666666
20,2024-05-24 14:38:25.133333,2024-05-24 14:57:00.466667,18.588888899999997
20,2024-05-24 15:31:43.466667,2024-05-24 15:56:18.633333,24.5861111
20,2024-05-24 16:31:57.333333,2024-05-24 16:32:47.733333,0.84
20,2024-05-24 16:33:16.000000,2024-05-24 16:35:47.133333,2.518888883333333
20,2024-05-24 16:36:24.133333,2024-05-24 16:53:05.966667,16.697222233333335
20,2024-05-24 16:56:23.866667,2024-05-24 16:56:54.866667,0.5166666666666667
20,2024-05-24 16:59:28.100000,2024-05-24 17:00:04.400000,0.605
20,2024-05-24 17:02:20.733333,2024-05-24 17:03:39.366667,1.3105555666666668
20,2024-05-24 17:08:53.600000,2024-05-24 17:09:36.233333,0.71055555
20,2024-05-24 17:10:31.600000,2024-05-24 17:31:41.800000,21.17
20,2024-05-24 17:33:47.566667,2024-05-24 17:34:21.733333,0.5694444333333333
20,2024-05-24 17:35:28.666667,2024-05-24 18:01:50.333333,26.3611111
20,2024-05-24 18:02:51.533333,2024-05-24 18:21:40.800000,18.821111116666668
20,2024-05-24 18:26:56.966667,2024-05-24 18:27:53.600000,0.9438888833333332
20,2024-05-24 18:42:55.400000,2024-05-24 18:45:21.833333,2.44055555
20,2024-05-24 18:45:37.100000,2024-05-24 18:58:56.033333,13.31555555
20,2024-05-24 18:59:10.400000,2024-05-24 19:04:05.733333,4.9222222166666665
20,2024-05-24 19:04:07.333333,2024-05-24 19:12:12.300000,8.082777783333333
20,2024-05-25 09:13:53.733333,2024-05-25 09:14:29.200000,0.5911111166666667
20,2024-05-25 09:14:43.300000,2024-05-25 09:15:30.100000,0.7799999999999999
20,2024-05-25 09:16:40.900000,2024-05-25 09:19:06.866667,2.4327777833333335
20,2024-05-25 09:19:18.833333,2024-05-25 09:20:59.433333,1.6766666666666663
20,2024-05-25 09:21:11.066667,2024-05-25 09:27:12.966667,6.031666666666666
20,2024-05-25 09:27:27.766667,2024-05-25 09:37:56.066667,10.471666666666666
20,2024-05-25 09:39:01.900000,2024-05-25 10:08:03.333333,29.02388888333333
20,2024-05-25 10:08:55.733333,2024-05-25 10:11:15.100000,2.3227777833333336
20,2024-05-25 10:14:14.966667,2024-05-25 10:15:10.466667,0.925
20,2024-05-25 10:15:32.800000,2024-05-25 10:16:54.466667,1.3611111166666667
20,2024-05-25 10:17:10.833333,2024-05-25 10:18:01.266667,0.8405555666666668
20,2024-05-25 10:18:25.733333,2024-05-25 10:19:13.733333,0.8
20,2024-05-25 11:07:40.233333,2024-05-25 11:08:53.133333,1.215
20,2024-05-25 11:09:06.433333,2024-05-25 11:11:46.866667,2.6738889
20,2024-05-25 11:12:44.933333,2024-05-25 11:15:12.766667,2.4638889
20,2024-05-25 11:21:17.466667,2024-05-25 11:24:58.700000,3.6872222166666666
20,2024-05-25 11:25:14.700000,2024-05-25 11:26:52.866667,1.6361111166666666
20,2024-05-25 11:28:07.433333,2024-05-25 11:30:22.166667,2.245555566666667
20,2024-05-25 11:33:29.833333,2024-05-25 11:34:16.700000,0.7811111166666667
20,2024-05-25 11:34:30.000000,2024-05-25 11:35:59.066667,1.48444445
20,2024-05-25 11:37:32.133333,2024-05-25 11:42:01.866667,4.495555566666667
20,2024-05-25 11:45:15.366667,2024-05-25 11:47:37.200000,2.363888883333334
20,2024-05-25 11:52:15.700000,2024-05-25 11:54:22.000000,2.105
20,2024-05-25 11:57:10.666667,2024-05-25 11:59:44.400000,2.5622222166666666
20,2024-05-25 12:03:29.966667,2024-05-25 12:11:36.133333,8.102777766666668
20,2024-05-25 12:19:49.600000,2024-05-25 12:22:02.266667,2.2111111166666664
20,2024-05-25 12:25:01.033333,2024-05-25 12:27:18.533333,2.2916666666666665
20,2024-05-25 12:30:45.700000,2024-05-25 12:33:15.733333,2.50055555
20,2024-05-25 12:38:16.066667,2024-05-25 12:40:57.433333,2.6894444333333336
20,2024-05-25 12:42:18.033333,2024-05-25 12:44:04.300000,1.7711111166666669
20,2024-05-25 12:46:14.900000,2024-05-25 12:48:37.666667,2.3794444500000003
20,2024-05-25 12:50:26.766667,2024-05-25 12:52:10.633333,1.7311111
20,2024-05-25 12:56:05.900000,2024-05-25 12:59:13.766667,3.1311111166666667
20,2024-05-25 13:00:50.200000,2024-05-25 13:03:04.333333,2.23555555
20,2024-05-25 13:06:15.666667,2024-05-25 13:07:14.466667,0.98
20,2024-05-25 13:11:05.100000,2024-05-25 13:26:45.200000,15.668333333333331
20,2024-05-25 13:28:26.633333,2024-05-25 13:44:30.833333,16.07
20,2024-05-25 13:48:12.766667,2024-05-25 14:08:10.300000,19.958888883333337
20,2024-05-25 14:11:01.133333,2024-05-25 14:33:42.166667,22.6838889
20,2024-05-26 12:12:23.600000,2024-05-26 12:13:13.233333,0.8272222166666666
20,2024-05-26 12:44:47.133333,2024-05-26 13:08:51.566667,24.0738889
20,2024-05-26 13:09:10.200000,2024-05-26 13:23:03.566667,13.88944445
20,2024-05-26 13:24:37.400000,2024-05-26 13:50:50.366667,26.216111116666664
20,2024-05-26 13:51:56.433333,2024-05-26 14:14:43.100000,22.77777778333333
20,2024-05-26 14:16:02.566667,2024-05-26 14:31:36.333333,15.562777766666668
20,2024-05-26 15:41:33.566667,2024-05-26 16:07:39.400000,26.09722221666667
20,2024-05-26 16:08:59.433333,2024-05-26 16:11:40.600000,2.6861111166666665
20,2024-05-26 16:11:56.666667,2024-05-26 16:31:33.066667,19.60666666666667
20,2024-05-26 16:35:14.200000,2024-05-26 16:36:31.900000,1.2950000000000002
20,2024-05-27 13:58:07.000000,2024-05-27 14:18:09.166667,20.036111116666667
20,2024-05-27 14:25:52.466667,2024-05-27 14:27:16.366667,1.3983333333333334
20,2024-05-27 15:09:04.466667,2024-05-27 15:14:30.333333,5.4311111
20,2024-05-27 15:14:42.466667,2024-05-27 15:23:32.900000,8.84055555
20,2024-05-27 15:24:14.400000,2024-05-27 15:30:52.733333,6.638888883333333
20,2024-05-27 15:31:53.400000,2024-05-27 15:53:04.166667,21.17944445
20,2024-05-27 15:54:04.066667,2024-05-27 16:17:43.466667,23.65666666666667
20,2024-05-27 16:18:56.133333,2024-05-27 16:24:36.800000,5.677777783333334
20,2024-05-27 16:25:50.833333,2024-05-27 16:26:26.700000,0.5977777833333333
20,2024-05-27 16:28:08.933333,2024-05-27 16:28:58.700000,0.82944445
20,2024-05-27 16:29:15.333333,2024-05-27 16:34:27.800000,5.2077777833333325
20,2024-05-27 16:35:22.833333,2024-05-27 16:38:29.266667,3.1072222333333333
20,2024-05-27 16:39:37.800000,2024-05-27 16:42:44.100000,3.105
20,2024-05-27 16:43:44.933333,2024-05-27 16:47:06.200000,3.3544444500000004
20,2024-05-27 16:48:09.633333,2024-05-27 16:51:45.400000,3.596111116666667
20,2024-05-27 16:52:48.633333,2024-05-27 16:56:01.900000,3.221111116666667
20,2024-05-27 16:59:05.766667,2024-05-27 17:03:09.600000,4.063888883333333
20,2024-05-27 17:07:55.200000,2024-05-27 17:12:05.266667,4.167777783333333
20,2024-05-27 17:16:47.800000,2024-05-27 17:20:26.466667,3.64444445
20,2024-05-27 17:26:15.400000,2024-05-27 17:31:59.100000,5.7283333333333335
20,2024-05-27 17:38:14.400000,2024-05-27 17:40:58.966667,2.742777783333333
20,2024-05-27 17:49:02.233333,2024-05-27 17:53:06.433333,4.069999999999999
20,2024-05-27 17:57:24.533333,2024-05-27 18:00:19.466667,2.915555566666667
20,2024-05-27 18:09:32.500000,2024-05-27 18:14:36.666667,5.069444450000001
20,2024-05-27 18:20:01.966667,2024-05-27 18:22:23.233333,2.354444433333333
20,2024-05-27 18:23:28.500000,2024-05-27 18:26:10.866667,2.706111116666667
20,2024-05-27 18:37:17.466667,2024-05-27 18:40:21.633333,3.069444433333333
20,2024-05-27 18:46:25.733333,2024-05-27 18:56:37.366667,10.1938889
20,2024-05-27 19:18:21.266667,2024-05-27 19:24:47.933333,6.4444444333333335
20,2024-05-28 08:40:52.566667,2024-05-28 08:42:25.400000,1.5472222166666667
20,2024-06-06 14:48:00.200000,2024-06-06 14:49:14.533333,1.2388888833333334
21,2024-05-18 10:18:39.800000,2024-05-18 10:28:23.366667,9.726111116666669
21,2024-05-19 17:22:23.733333,2024-05-19 17:25:02.300000,2.6427777833333335
21,2024-05-20 11:19:52.433333,2024-05-20 11:22:41.866667,2.8238889
21,2024-05-20 14:22:41.233333,2024-05-20 14:40:47.133333,18.098333333333336
21,2024-05-20 14:40:51.900000,2024-05-20 14:41:28.000000,0.6016666666666667
21,2024-05-20 17:45:44.300000,2024-05-20 18:12:37.800000,26.891666666666666
21,2024-05-25 12:31:00.800000,2024-05-25 12:53:40.000000,22.653333333333332
21,2024-05-25 13:33:56.166667,2024-05-25 13:36:52.766667,2.943333333333334
21,2024-05-25 13:37:01.900000,2024-05-25 13:40:16.000000,3.235
21,2024-05-25 13:40:24.166667,2024-05-25 14:06:35.000000,26.18055555
21,2024-05-25 16:03:08.900000,2024-05-25 16:30:27.866667,27.316111116666665
21,2024-05-25 16:30:37.933333,2024-05-25 16:50:08.666667,19.512222233333333
21,2024-05-26 12:45:13.466667,2024-05-26 12:54:48.466667,9.583333333333334
21,2024-05-26 12:54:57.333333,2024-05-26 13:17:52.966667,22.927222233333335
21,2024-05-26 14:08:17.933333,2024-05-26 14:31:40.666667,23.3788889
21,2024-05-26 14:31:46.166667,2024-05-26 14:54:09.833333,22.394444433333337
21,2024-05-26 14:54:14.600000,2024-05-26 15:00:15.500000,6.015
21,2024-05-26 15:36:06.066667,2024-05-26 16:01:29.900000,25.397222216666663
21,2024-05-26 16:01:35.666667,2024-05-26 16:11:23.833333,9.802777766666669
21,2024-05-26 16:11:28.766667,2024-05-26 16:14:02.566667,2.5633333333333335
21,2024-05-26 16:14:07.266667,2024-05-26 16:17:38.066667,3.5133333333333336
21,2024-05-26 16:17:45.333333,2024-05-26 16:28:43.233333,10.965
21,2024-05-26 16:28:48.733333,2024-05-26 16:37:32.666667,8.732222233333333
21,2024-05-26 16:37:37.600000,2024-05-26 16:55:34.300000,17.945
21,2024-05-26 16:55:40.233333,2024-05-26 16:58:18.566667,2.6388889
21,2024-05-28 09:31:03.866667,2024-05-28 09:38:24.333333,7.3411111
22,2024-05-19 14:11:27.600000,2024-05-19 14:33:22.333333,21.912222216666667
22,2024-05-24 19:09:15.300000,2024-05-24 19:10:33.800000,1.3083333333333331
22,2024-05-24 19:11:41.466667,2024-05-24 19:13:27.666667,1.77
22,2024-05-24 19:14:33.500000,2024-05-24 19:16:10.100000,1.61
22,2024-05-24 19:17:17.333333,2024-05-24 19:19:06.400000,1.8177777833333333
22,2024-05-24 19:22:22.733333,2024-05-24 19:24:07.866667,1.7522222333333335
22,2024-05-24 19:25:52.466667,2024-05-24 19:27:38.700000,1.77055555
22,2024-05-24 19:29:23.233333,2024-05-24 19:31:00.700000,1.62444445
22,2024-05-24 19:32:39.533333,2024-05-24 19:34:18.933333,1.6566666666666667
22,2024-05-24 19:36:12.933333,2024-05-24 19:37:51.333333,1.64
22,2024-05-24 19:39:12.666667,2024-05-24 19:50:12.433333,10.9961111
22,2024-05-24 19:52:30.133333,2024-05-24 19:54:09.600000,1.6577777833333334
22,2024-05-24 19:56:30.200000,2024-05-24 19:58:21.366667,1.8527777833333336
22,2024-05-25 08:35:19.233333,2024-05-25 08:45:34.400000,10.252777783333332
22,2024-05-25 08:46:38.966667,2024-05-25 09:09:52.233333,23.2211111
22,2024-05-25 09:11:22.900000,2024-05-25 09:34:55.033333,23.53555555
22,2024-05-25 09:36:50.233333,2024-05-25 09:53:02.266667,16.200555566666665
22,2024-05-25 09:54:36.333333,2024-05-25 10:13:33.100000,18.946111116666668
22,2024-05-25 10:15:16.533333,2024-05-25 10:31:07.633333,15.851666666666668
22,2024-05-25 10:31:45.966667,2024-05-25 10:36:40.633333,4.9111111
22,2024-05-25 10:59:14.333333,2024-05-25 11:18:45.500000,19.51944445
22,2024-05-25 11:20:44.900000,2024-05-25 11:41:34.533333,20.827222216666662
22,2024-05-25 11:43:43.566667,2024-05-25 11:48:41.966667,4.973333333333333
22,2024-05-25 11:49:51.100000,2024-05-25 12:05:21.166667,15.501111116666667
22,2024-05-25 12:07:51.033333,2024-05-25 12:12:00.166667,4.152222233333333
22,2024-05-25 12:13:37.700000,2024-05-25 12:31:04.266667,17.442777783333334
22,2024-05-25 12:33:26.300000,2024-05-25 12:53:48.533333,20.37055555
22,2024-05-25 12:56:31.466667,2024-05-25 13:17:45.800000,21.238888883333335
22,2024-05-25 13:20:11.933333,2024-05-25 13:20:46.000000,0.5677777833333334
22,2024-05-25 13:26:13.200000,2024-05-25 13:28:07.733333,1.9088888833333333
22,2024-05-25 13:29:20.900000,2024-05-25 13:31:06.633333,1.7622222166666668
22,2024-05-25 13:35:06.666667,2024-05-25 13:37:05.133333,1.9744444333333333
22,2024-05-25 13:38:22.766667,2024-05-25 13:40:26.233333,2.057777766666667
22,2024-05-25 13:49:48.466667,2024-05-25 14:06:43.866667,16.923333333333332
22,2024-05-25 14:07:41.966667,2024-05-25 14:16:06.500000,8.408888883333335
22,2024-05-25 15:43:04.466667,2024-05-25 15:44:04.566667,1.0016666666666667
22,2024-05-25 15:44:24.533333,2024-05-25 16:03:12.266667,18.795555566666668
22,2024-05-25 16:05:04.700000,2024-05-25 16:30:40.800000,25.601666666666667
22,2024-05-25 16:32:41.866667,2024-05-25 16:50:17.166667,17.58833333333333
22,2024-05-25 16:52:35.133333,2024-05-25 17:07:58.033333,15.381666666666666
22,2024-05-26 12:18:12.533333,2024-05-26 12:22:02.833333,3.838333333333334
22,2024-05-26 12:22:16.200000,2024-05-26 12:45:39.400000,23.386666666666667
22,2024-05-26 12:46:35.366667,2024-05-26 12:55:03.533333,8.469444433333333
22,2024-05-26 12:56:02.000000,2024-05-26 13:18:00.000000,21.966666666666665
22,2024-05-26 13:19:15.833333,2024-05-26 13:40:01.700000,20.76444445
22,2024-05-26 13:41:18.300000,2024-05-26 13:48:06.933333,6.81055555
22,2024-05-26 13:48:54.033333,2024-05-26 14:08:22.800000,19.479444450000003
22,2024-05-26 14:10:05.766667,2024-05-26 14:31:49.166667,21.723333333333336
22,2024-05-26 15:38:25.266667,2024-05-26 16:01:38.100000,23.213888883333333
22,2024-05-26 16:03:06.233333,2024-05-26 16:11:31.300000,8.417777783333333
22,2024-05-26 16:13:09.233333,2024-05-26 16:14:11.233333,1.0333333333333334
22,2024-05-26 16:18:05.866667,2024-05-26 16:19:59.066667,1.8866666666666667
22,2024-05-26 16:20:58.433333,2024-05-26 16:22:45.600000,1.7861111166666668
22,2024-05-26 16:23:55.333333,2024-05-26 16:25:44.800000,1.82444445
22,2024-05-26 16:26:49.966667,2024-05-26 16:28:53.000000,2.05055555
22,2024-05-26 16:32:56.566667,2024-05-26 16:37:39.766667,4.72
22,2024-05-26 16:42:04.933333,2024-05-26 16:43:49.533333,1.7433333333333332
22,2024-05-26 16:47:30.733333,2024-05-26 16:49:13.366667,1.7105555666666667
22,2024-05-26 16:50:48.533333,2024-05-26 16:52:29.700000,1.686111116666667
22,2024-05-26 16:53:43.566667,2024-05-26 16:55:42.666667,1.985
22,2024-05-26 16:56:43.700000,2024-05-26 16:58:25.600000,1.6983333333333337
22,2024-05-26 16:59:26.633333,2024-05-26 17:01:15.500000,1.81444445
22,2024-05-26 17:02:12.433333,2024-05-26 17:04:03.866667,1.8572222333333337
22,2024-05-26 17:05:03.533333,2024-05-26 17:06:54.800000,1.85444445
22,2024-05-26 17:09:00.300000,2024-05-26 17:10:51.066667,1.8461111166666664
22,2024-05-26 17:13:41.833333,2024-05-26 17:15:22.233333,1.6733333333333331
22,2024-05-26 17:19:20.500000,2024-05-26 17:20:56.333333,1.5972222166666663
22,2024-05-26 17:25:21.466667,2024-05-26 17:27:15.400000,1.8988888833333335
22,2024-05-26 17:28:23.500000,2024-05-26 17:30:12.233333,1.8122222166666664
22,2024-05-26 17:31:34.566667,2024-05-26 17:33:33.366667,1.98
22,2024-05-26 17:35:39.233333,2024-05-26 17:37:29.233333,1.8333333333333333
22,2024-05-26 17:39:09.466667,2024-05-26 17:41:02.366667,1.8816666666666668
22,2024-05-26 17:42:42.566667,2024-05-26 17:44:35.600000,1.8838888833333336
22,2024-05-26 17:45:08.433333,2024-05-26 17:47:02.266667,1.8972222333333333
22,2024-05-26 17:48:58.233333,2024-05-26 17:50:48.300000,1.83444445
22,2024-05-26 17:53:06.366667,2024-05-26 17:54:50.033333,1.7277777666666667
22,2024-05-26 17:57:35.200000,2024-05-26 18:04:25.166667,6.8327777833333325
22,2024-05-26 18:08:10.600000,2024-05-26 18:09:46.066667,1.5911111166666667
22,2024-05-26 18:12:51.766667,2024-05-26 18:14:34.866667,1.7183333333333333
22,2024-05-26 18:21:38.366667,2024-05-26 18:32:59.400000,11.35055555
22,2024-05-26 18:34:22.000000,2024-05-26 18:58:07.300000,23.755
22,2024-05-26 18:59:58.933333,2024-05-26 19:15:25.900000,15.44944445
22,2024-05-26 19:17:59.233333,2024-05-26 19:33:44.433333,15.753333333333334
22,2024-05-26 19:35:22.200000,2024-05-26 19:45:39.333333,10.28555555
22,2024-05-27 12:57:45.133333,2024-05-27 12:59:37.266667,1.8688889
22,2024-05-27 13:30:03.500000,2024-05-27 13:31:24.400000,1.3483333333333334
22,2024-05-27 13:32:23.966667,2024-05-27 13:34:00.266667,1.605
22,2024-05-27 14:11:53.733333,2024-05-27 14:24:01.933333,12.136666666666668
22,2024-05-27 14:25:57.700000,2024-05-27 14:31:22.300000,5.41
22,2024-05-27 14:34:43.033333,2024-05-27 14:43:01.700000,8.311111116666668
22,2024-05-27 15:35:04.200000,2024-05-27 15:42:48.600000,7.739999999999999
22,2024-05-27 15:44:02.466667,2024-05-27 16:05:47.266667,21.746666666666663
22,2024-05-27 16:07:20.000000,2024-05-27 16:15:08.566667,7.80944445
22,2024-05-27 16:16:01.733333,2024-05-27 16:36:27.400000,20.427777783333333
22,2024-05-27 17:04:02.466667,2024-05-27 17:10:08.633333,6.102777766666667
22,2024-05-27 17:21:44.500000,2024-05-27 17:23:40.966667,1.9411111166666664
22,2024-05-27 17:25:26.833333,2024-05-27 17:27:16.300000,1.82444445
22,2024-05-27 17:28:04.433333,2024-05-27 17:30:22.833333,2.306666666666666
22,2024-05-27 17:31:22.133333,2024-05-27 17:33:23.466667,2.0222222333333333
22,2024-05-27 17:34:35.833333,2024-05-27 17:36:47.100000,2.1877777833333334
22,2024-05-27 17:39:12.866667,2024-05-27 17:41:03.733333,1.8477777666666664
22,2024-05-27 17:46:59.566667,2024-05-27 17:48:38.766667,1.653333333333333
22,2024-05-27 17:50:08.700000,2024-05-27 17:55:06.633333,4.96555555
22,2024-05-27 18:00:52.400000,2024-05-27 18:05:59.166667,5.112777783333333
22,2024-05-27 18:05:59.166667,2024-05-27 18:07:43.700000,1.7422222166666663
22,2024-05-27 18:10:39.033333,2024-05-27 18:12:25.866667,1.7805555666666666
22,2024-05-27 18:15:57.100000,2024-05-27 18:27:51.900000,11.913333333333332
22,2024-05-27 18:42:45.100000,2024-05-27 18:51:35.233333,8.83555555
22,2024-05-27 18:53:01.866667,2024-05-27 19:05:53.533333,12.8611111
22,2024-05-27 19:07:07.966667,2024-05-27 19:18:51.700000,11.728888883333331
22,2024-05-27 19:20:01.866667,2024-05-27 19:30:18.700000,10.28055555
22,2024-05-27 19:31:40.233333,2024-05-27 19:40:59.200000,9.316111116666669
22,2024-05-28 08:56:40.600000,2024-05-28 09:21:57.833333,25.287222216666667
22,2024-05-28 09:23:34.066667,2024-05-28 09:24:56.900000,1.38055555
22,2024-05-28 09:27:10.700000,2024-05-28 09:31:06.233333,3.92555555
22,2024-05-28 09:32:13.733333,2024-05-28 09:35:00.133333,2.7733333333333334
22,2024-05-28 09:36:17.133333,2024-05-28 09:38:34.500000,2.28944445
22,2024-05-28 09:39:48.700000,2024-05-28 09:42:15.033333,2.4388888833333335
22,2024-05-28 09:47:45.500000,2024-05-28 09:48:29.300000,0.73
22,2024-05-28 09:50:37.233333,2024-05-28 09:53:05.466667,2.470555566666667
22,2024-05-28 09:55:37.533333,2024-05-28 09:58:10.266667,2.5455555666666667
22,2024-05-28 09:59:42.266667,2024-05-28 10:01:45.300000,2.05055555
22,2024-05-28 10:07:55.466667,2024-05-28 10:12:27.466667,4.533333333333333
22,2024-05-28 10:13:22.900000,2024-05-28 10:22:12.766667,8.831111116666667
22,2024-05-28 10:24:18.033333,2024-05-28 10:31:44.366667,7.438888899999999
22,2024-05-28 10:33:41.266667,2024-05-28 10:54:32.033333,20.8461111
22,2024-05-28 10:56:05.633333,2024-05-28 11:13:12.666667,17.117222233333333
22,2024-05-28 11:15:00.033333,2024-05-28 11:25:30.366667,10.505555566666668
22,2024-05-28 11:27:16.533333,2024-05-28 11:37:24.733333,10.136666666666668
22,2024-05-28 11:38:58.733333,2024-05-28 12:06:01.000000,27.037777783333336
23,2024-05-23 17:30:36.533333,2024-05-23 17:59:37.400000,29.01444445
23,2024-05-24 08:10:03.500000,2024-05-24 08:21:43.000000,11.658333333333331
23,2024-05-24 11:08:29.766667,2024-05-24 11:13:33.733333,5.0661111
23,2024-05-24 15:31:14.800000,2024-05-24 15:51:20.833333,20.100555550000003
23,2024-06-06 14:53:22.666667,2024-06-06 15:08:31.300000,15.143888883333334
23,2024-06-06 15:13:26.366667,2024-06-06 15:22:52.700000,9.438888883333334
23,2024-06-06 15:24:15.333333,2024-06-06 15:30:26.933333,6.193333333333333
24,2024-05-22 08:24:42.733333,2024-05-22 08:25:32.266667,0.8255555666666666
24,2024-05-24 15:25:14.566667,2024-05-24 15:32:53.500000,7.648888883333333
24,2024-05-24 16:33:25.833333,2024-05-24 16:37:56.466667,4.510555566666667
24,2024-06-06 14:59:50.833333,2024-06-06 15:00:49.666667,0.9805555666666668
24,2024-06-06 15:11:23.000000,2024-06-06 15:13:13.966667,1.84944445
24,2024-06-06 15:26:39.166667,2024-06-06 15:27:21.766667,0.7100000000000001
24,2024-06-06 15:30:55.900000,2024-06-06 15:31:28.966667,0.5511111166666667
25,2024-05-20 18:41:49.433333,2024-05-20 18:49:16.933333,7.458333333333333
25,2024-05-20 18:49:39.666667,2024-05-20 18:50:57.533333,1.2977777666666666
25,2024-05-21 14:08:35.666667,2024-05-21 14:26:51.566667,18.265
25,2024-05-22 08:32:15.866667,2024-05-22 08:50:57.533333,18.694444433333334
25,2024-05-22 08:51:56.766667,2024-05-22 08:56:07.400000,4.177222216666666
25,2024-05-22 08:57:19.700000,2024-05-22 09:11:27.266667,14.126111116666667
25,2024-05-23 17:30:11.933333,2024-05-23 17:40:09.033333,9.951666666666666
25,2024-05-23 17:40:25.300000,2024-05-23 17:43:55.133333,3.4972222166666667
25,2024-05-23 17:44:09.700000,2024-05-23 18:05:11.300000,21.026666666666664
25,2024-05-24 08:29:15.800000,2024-05-24 08:51:09.500000,21.895
25,2024-05-24 11:17:48.200000,2024-05-24 11:30:43.966667,12.92944445
25,2024-05-24 13:17:00.200000,2024-05-24 13:43:51.033333,26.84722221666667
25,2024-05-24 15:45:10.066667,2024-05-24 16:03:08.133333,17.967777766666664
25,2024-06-06 14:58:48.466667,2024-06-06 15:00:18.900000,1.507222216666667
25,2024-06-06 15:11:28.566667,2024-06-06 15:12:39.366667,1.18
25,2024-06-06 15:17:43.733333,2024-06-06 15:25:47.066667,8.055555566666666
26,2024-05-21 08:17:15.566667,2024-05-21 08:30:55.300000,13.662222216666668
26,2024-05-21 08:32:09.633333,2024-05-21 08:39:35.433333,7.430000000000001
26,2024-05-21 10:43:55.800000,2024-05-21 11:08:12.266667,24.274444449999997
26,2024-05-21 11:45:30.433333,2024-05-21 11:53:12.166667,7.695555566666667
26,2024-05-21 11:55:06.166667,2024-05-21 11:57:17.733333,2.1927777666666666
26,2024-05-21 13:13:54.300000,2024-05-21 13:20:46.233333,6.86555555
26,2024-05-21 13:23:21.800000,2024-05-21 13:45:15.500000,21.895
26,2024-05-21 13:47:29.933333,2024-05-21 14:05:04.333333,17.573333333333334
26,2024-05-21 14:05:21.200000,2024-05-21 14:10:33.966667,5.212777783333333
26,2024-05-21 14:11:27.066667,2024-05-21 14:14:08.000000,2.6822222166666667
26,2024-05-21 14:14:59.233333,2024-05-21 14:29:29.766667,14.5088889
26,2024-05-21 14:30:31.233333,2024-05-21 14:32:17.733333,1.775
26,2024-05-21 16:58:26.933333,2024-05-21 17:08:32.000000,10.08444445
26,2024-05-21 17:09:03.733333,2024-05-21 17:10:17.600000,1.2311111166666668
26,2024-05-21 17:11:50.466667,2024-05-21 17:18:43.100000,6.8772222166666666
26,2024-05-21 19:40:59.366667,2024-05-21 19:58:26.866667,17.458333333333332
26,2024-05-22 08:08:39.466667,2024-05-22 08:21:16.233333,12.612777766666666
26,2024-05-22 09:05:42.733333,2024-05-22 09:14:23.933333,8.686666666666667
26,2024-05-22 09:14:45.866667,2024-05-22 09:15:30.233333,0.7394444333333333
26,2024-05-22 10:40:08.233333,2024-05-22 10:51:18.700000,11.17444445
26,2024-05-22 10:51:50.033333,2024-05-22 11:19:16.666667,27.4438889
26,2024-05-22 11:21:19.233333,2024-05-22 11:21:53.466667,0.5705555666666666
26,2024-05-23 13:14:02.233333,2024-05-23 13:29:59.666667,15.957222233333331
26,2024-05-23 14:35:14.166667,2024-05-23 14:54:36.266667,19.368333333333332
26,2024-05-23 15:21:10.166667,2024-05-23 15:51:03.733333,29.892777766666665
26,2024-05-23 15:52:08.000000,2024-05-23 16:03:13.133333,11.08555555
26,2024-05-24 08:12:50.033333,2024-05-24 08:21:46.833333,8.946666666666665
26,2024-05-24 09:29:59.366667,2024-05-24 09:44:02.200000,14.047222216666666
26,2024-05-24 09:44:16.600000,2024-05-24 09:47:39.000000,3.3733333333333335
26,2024-05-24 11:07:30.933333,2024-05-24 11:13:36.333333,6.09
26,2024-05-24 13:39:12.066667,2024-05-24 13:41:04.866667,1.88
26,2024-05-24 13:41:55.133333,2024-05-24 14:09:27.566667,27.54055556666667
26,2024-05-24 14:10:39.166667,2024-05-24 14:15:29.700000,4.842222216666667
26,2024-05-24 14:48:43.566667,2024-05-24 14:57:27.266667,8.728333333333333
26,2024-05-24 15:18:53.933333,2024-05-24 15:35:03.266667,16.155555566666667
26,2024-05-24 15:35:21.500000,2024-05-24 15:53:31.833333,18.17222221666667
26,2024-06-06 14:09:35.266667,2024-06-06 14:11:07.333333,1.5344444333333334
26,2024-06-06 14:44:27.833333,2024-06-06 14:49:42.366667,5.242222233333334
26,2024-06-06 15:08:01.633333,2024-06-06 15:09:03.266667,1.0272222333333334
26,2024-06-06 15:18:56.200000,2024-06-06 15:19:33.400000,0.62
26,2024-06-06 15:36:58.866667,2024-06-06 15:50:39.733333,13.6811111
27,2024-05-21 08:09:11.200000,2024-05-21 08:35:29.566667,26.306111116666667
27,2024-05-21 08:36:56.466667,2024-05-21 08:47:24.900000,10.473888883333332
27,2024-05-21 08:48:21.066667,2024-05-21 08:53:48.800000,5.4622222166666665
27,2024-05-21 08:54:54.433333,2024-05-21 08:58:38.366667,3.7322222333333337
27,2024-05-21 09:14:30.933333,2024-05-21 09:35:01.633333,20.511666666666667
27,2024-05-21 09:35:50.666667,2024-05-21 09:37:40.100000,1.823888883333333
27,2024-05-21 17:31:21.666667,2024-05-21 17:44:45.233333,13.392777766666669
27,2024-05-21 18:56:31.233333,2024-05-21 18:58:49.500000,2.30444445
27,2024-05-21 19:06:34.233333,2024-05-21 19:09:02.233333,2.466666666666667
27,2024-05-21 19:10:25.933333,2024-05-21 19:32:50.166667,22.4038889
27,2024-05-21 19:33:35.500000,2024-05-21 19:37:05.666667,3.5027777833333333
27,2024-05-21 19:38:40.933333,2024-05-21 19:41:42.033333,3.018333333333333
27,2024-05-21 19:42:01.333333,2024-05-21 19:56:43.766667,14.707222233333331
27,2024-05-22 08:44:41.300000,2024-05-22 09:03:13.500000,18.53666666666667
27,2024-05-22 09:03:24.866667,2024-05-22 09:08:24.200000,4.988888883333333
27,2024-05-22 12:08:26.466667,2024-05-22 12:12:51.000000,4.408888883333334
27,2024-05-22 12:14:55.966667,2024-05-22 12:21:07.166667,6.1866666666666665
27,2024-05-22 15:18:34.033333,2024-05-22 15:23:29.966667,4.932222233333333
27,2024-05-23 11:16:33.166667,2024-05-23 11:42:27.033333,25.897777766666664
27,2024-05-23 13:58:53.333333,2024-05-23 14:17:00.266667,18.115555566666668
27,2024-05-23 15:46:49.466667,2024-05-23 15:49:04.566667,2.2516666666666665
27,2024-05-23 15:52:36.800000,2024-05-23 16:03:47.233333,11.173888883333332
27,2024-05-23 16:04:11.833333,2024-05-23 16:14:24.400000,10.20944445
27,2024-05-24 08:02:07.533333,2024-05-24 08:10:09.400000,8.031111116666667
27,2024-05-24 08:11:11.900000,2024-05-24 08:14:07.766667,2.9311111166666666
27,2024-05-24 08:14:24.866667,2024-05-24 08:15:04.666667,0.6633333333333333
27,2024-05-24 08:15:20.066667,2024-05-24 08:22:57.866667,7.63
27,2024-05-24 09:29:03.600000,2024-05-24 09:36:26.933333,7.388888883333333
27,2024-05-24 09:37:42.766667,2024-05-24 09:39:33.766667,1.85
27,2024-05-24 09:40:49.300000,2024-05-24 09:48:50.166667,8.014444450000001
27,2024-05-24 10:51:09.366667,2024-05-24 11:17:54.166667,26.746666666666663
27,2024-05-24 11:18:05.266667,2024-05-24 11:44:48.900000,26.727222216666668
27,2024-05-24 11:45:58.733333,2024-05-24 11:50:19.933333,4.3533333333333335
27,2024-05-24 12:28:49.533333,2024-05-24 12:39:43.966667,10.907222233333332
27,2024-05-24 12:56:46.433333,2024-05-24 13:13:20.266667,16.563888900000002
27,2024-05-24 13:14:13.000000,2024-05-24 13:21:36.533333,7.392222216666667
27,2024-05-24 13:22:58.333333,2024-05-24 13:27:01.866667,4.0588889
27,2024-05-24 15:27:05.966667,2024-05-24 15:38:56.533333,11.842777766666668
27,2024-05-24 15:39:34.866667,2024-05-24 15:40:55.900000,1.35055555
27,2024-05-24 16:05:37.200000,2024-05-24 16:16:55.500000,11.305
27,2024-06-06 14:20:00.766667,2024-06-06 14:29:13.133333,9.2061111
27,2024-06-06 14:29:26.566667,2024-06-06 14:30:22.400000,0.93055555
28,2024-05-21 09:02:42.800000,2024-05-21 09:04:29.633333,1.78055555
28,2024-05-21 09:05:27.833333,2024-05-21 09:07:01.366667,1.5588889
28,2024-05-21 09:11:06.766667,2024-05-21 09:18:55.100000,7.805555549999999
28,2024-05-21 09:20:20.966667,2024-05-21 09:24:27.600000,4.11055555
28,2024-05-21 09:25:23.766667,2024-05-21 09:30:38.766667,5.25
28,2024-05-21 09:32:57.933333,2024-05-21 09:40:38.633333,7.678333333333333
28,2024-05-21 11:18:40.066667,2024-05-21 11:25:26.833333,6.7794444333333335
28,2024-05-21 12:03:42.700000,2024-05-21 12:10:14.366667,6.527777783333334
28,2024-05-21 12:53:09.666667,2024-05-21 13:00:28.633333,7.3161111
28,2024-05-21 15:33:32.000000,2024-05-21 15:40:08.600000,6.61
28,2024-05-21 15:41:50.233333,2024-05-21 15:47:14.133333,5.3983333333333325
28,2024-05-21 16:26:21.933333,2024-05-21 16:33:57.133333,7.586666666666667
28,2024-05-21 16:35:44.466667,2024-05-21 16:58:40.966667,22.941666666666663
28,2024-05-21 17:38:07.700000,2024-05-21 17:45:49.300000,7.693333333333333
28,2024-05-21 17:48:00.200000,2024-05-21 18:08:39.633333,20.657222216666664
28,2024-05-21 18:10:39.800000,2024-05-21 18:32:56.300000,22.275
28,2024-05-21 18:34:52.000000,2024-05-21 18:54:16.233333,19.40388888333333
28,2024-05-21 18:54:56.000000,2024-05-21 19:01:53.066667,6.951111116666667
28,2024-05-21 19:02:31.166667,2024-05-21 19:18:49.633333,16.307777766666668
28,2024-05-21 19:19:20.833333,2024-05-21 19:20:11.366667,0.8422222333333332
28,2024-05-21 19:21:39.466667,2024-05-21 19:47:15.633333,25.60277776666667
28,2024-05-22 08:48:28.300000,2024-05-22 09:02:01.900000,13.56
28,2024-05-22 09:02:38.433333,2024-05-22 09:26:39.533333,24.01833333333333
28,2024-05-22 09:27:45.600000,2024-05-22 09:35:16.166667,7.50944445
28,2024-05-22 09:36:56.533333,2024-05-22 09:50:56.766667,14.0038889
28,2024-05-22 09:52:48.466667,2024-05-22 10:06:11.266667,13.38
28,2024-05-22 10:08:11.933333,2024-05-22 10:29:33.700000,21.362777783333335
28,2024-05-22 10:31:21.933333,2024-05-22 10:52:36.833333,21.248333333333335
28,2024-05-22 10:55:19.800000,2024-05-22 11:03:24.766667,8.082777783333333
28,2024-05-22 11:42:58.000000,2024-05-22 11:55:22.433333,12.407222216666666
28,2024-05-22 11:55:58.366667,2024-05-22 12:25:16.400000,29.30055555
28,2024-05-22 13:42:50.566667,2024-05-22 13:52:18.000000,9.457222216666668
28,2024-05-23 15:37:13.800000,2024-05-23 15:52:51.433333,15.627222216666668
28,2024-05-23 15:53:15.233333,2024-05-23 15:57:37.700000,4.3744444499999995
28,2024-05-23 15:57:48.933333,2024-05-23 16:01:11.833333,3.381666666666667
28,2024-05-23 16:01:27.266667,2024-05-23 16:13:17.400000,11.83555555
28,2024-05-23 16:13:52.966667,2024-05-23 16:32:05.466667,18.208333333333332
28,2024-05-23 17:14:33.133333,2024-05-23 17:30:43.166667,16.167222233333334
28,2024-05-23 17:36:13.533333,2024-05-23 17:37:18.200000,1.0777777833333333
28,2024-05-23 17:39:35.133333,2024-05-23 17:57:43.933333,18.146666666666665
28,2024-05-23 17:59:26.633333,2024-05-23 18:02:21.466667,2.9138889000000003
28,2024-05-23 18:03:21.633333,2024-05-23 18:06:26.600000,3.0827777833333334
28,2024-05-23 18:06:38.066667,2024-05-23 18:28:03.466667,21.423333333333336
28,2024-05-23 18:29:48.600000,2024-05-23 18:30:22.366667,0.5627777833333333
28,2024-05-23 18:33:59.833333,2024-05-23 18:39:09.666667,5.1638889
28,2024-05-23 18:40:52.966667,2024-05-23 19:10:16.633333,29.394444433333337
28,2024-05-23 19:13:41.866667,2024-05-23 19:16:19.900000,2.633888883333334
28,2024-05-23 19:18:22.333333,2024-05-23 19:35:13.833333,16.858333333333334
28,2024-05-23 19:35:56.700000,2024-05-23 19:36:33.000000,0.605
28,2024-05-24 08:29:46.766667,2024-05-24 08:31:07.333333,1.3427777666666667
28,2024-05-24 08:31:23.266667,2024-05-24 08:33:15.666667,1.8733333333333335
28,2024-05-24 08:33:42.866667,2024-05-24 08:51:21.666667,17.646666666666665
28,2024-05-24 09:33:26.233333,2024-05-24 09:45:19.300000,11.88444445
28,2024-05-24 09:45:57.100000,2024-05-24 09:52:19.133333,6.367222216666667
28,2024-05-24 10:44:03.466667,2024-05-24 10:44:34.566667,0.5183333333333333
28,2024-05-24 10:44:51.400000,2024-05-24 10:58:02.066667,13.177777783333331
28,2024-05-24 10:58:14.600000,2024-05-24 11:08:31.966667,10.28944445
28,2024-05-24 11:09:07.066667,2024-05-24 11:22:28.033333,13.349444433333334
28,2024-05-24 12:17:19.866667,2024-05-24 12:37:00.633333,19.679444433333337
28,2024-05-24 12:37:58.000000,2024-05-24 12:50:01.700000,12.061666666666667
28,2024-05-24 14:34:05.033333,2024-05-24 14:48:51.100000,14.767777783333337
28,2024-05-24 16:45:25.100000,2024-05-24 16:47:05.833333,1.6788888833333333
28,2024-05-24 16:47:47.900000,2024-05-24 16:52:16.066667,4.46944445
28,2024-05-24 16:52:39.600000,2024-05-24 17:02:49.033333,10.157222216666666
28,2024-05-24 17:03:15.600000,2024-05-24 17:05:15.633333,2.00055555
28,2024-05-24 17:05:52.166667,2024-05-24 17:13:11.200000,7.317222216666667
28,2024-06-06 14:07:29.400000,2024-06-06 14:19:02.866667,11.557777783333334
28,2024-06-06 14:19:56.800000,2024-06-06 14:26:38.300000,6.691666666666666
28,2024-06-06 14:27:17.633333,2024-06-06 14:43:47.266667,16.493888899999998
29,2024-05-19 14:08:23.566667,2024-05-19 14:31:30.033333,23.10777776666667
29,2024-05-19 14:32:07.800000,2024-05-19 14:43:01.266667,10.891111116666668
29,2024-05-21 08:45:04.200000,2024-05-21 08:50:20.966667,5.27944445
29,2024-05-21 08:51:24.766667,2024-05-21 09:15:56.700000,24.532222216666664
29,2024-05-21 12:28:46.700000,2024-05-21 12:34:27.933333,5.687222216666667
29,2024-05-21 12:36:31.433333,2024-05-21 12:42:56.666667,6.420555566666667
29,2024-05-21 13:35:30.533333,2024-05-21 13:55:46.500000,20.266111116666664
29,2024-05-21 18:50:53.600000,2024-05-21 18:51:45.900000,0.8716666666666666
29,2024-05-21 18:52:00.800000,2024-05-21 18:56:45.400000,4.743333333333334
29,2024-05-21 18:57:03.866667,2024-05-21 19:16:05.366667,19.025
29,2024-05-21 19:17:11.666667,2024-05-21 19:33:45.200000,16.55888888333333
29,2024-05-21 19:34:19.633333,2024-05-21 19:44:53.966667,10.572222233333331
29,2024-05-22 08:20:40.166667,2024-05-22 08:27:29.100000,6.81555555
29,2024-05-22 08:27:46.633333,2024-05-22 08:40:33.433333,12.78
29,2024-05-22 08:41:37.333333,2024-05-22 08:49:10.133333,7.546666666666667
29,2024-05-22 08:49:21.266667,2024-05-22 08:59:25.066667,10.063333333333333
29,2024-05-22 09:00:22.333333,2024-05-22 09:06:27.166667,6.080555566666666
29,2024-05-22 11:34:19.600000,2024-05-22 11:49:30.366667,15.17944445
29,2024-05-22 11:50:40.900000,2024-05-22 11:52:50.100000,2.1533333333333333
29,2024-05-22 11:55:09.200000,2024-05-22 11:56:15.733333,1.1088888833333332
29,2024-05-22 11:56:30.333333,2024-05-22 12:08:37.866667,12.125555566666666
29,2024-05-22 12:08:53.366667,2024-05-22 12:15:09.600000,6.27055555
29,2024-05-22 12:15:32.000000,2024-05-22 12:16:58.800000,1.4466666666666663
29,2024-05-22 12:19:20.966667,2024-05-22 12:45:13.566667,25.876666666666665
29,2024-05-22 12:47:02.466667,2024-05-22 13:00:41.166667,13.645
29,2024-05-22 13:02:29.066667,2024-05-22 13:08:57.533333,6.474444433333333
29,2024-05-22 13:11:03.466667,2024-05-22 13:31:43.600000,20.668888883333334
29,2024-05-22 13:33:35.133333,2024-05-22 13:49:16.566667,15.690555566666664
29,2024-05-22 15:43:33.900000,2024-05-22 16:05:43.666667,22.162777783333336
29,2024-05-23 10:49:20.100000,2024-05-23 10:51:19.666667,1.992777783333333
29,2024-05-23 11:04:13.300000,2024-05-23 11:21:17.900000,17.076666666666664
29,2024-05-23 11:31:01.533333,2024-05-23 11:43:57.933333,12.94
29,2024-05-23 12:42:33.400000,2024-05-23 12:45:10.366667,2.616111116666666
29,2024-05-23 12:45:47.933333,2024-05-23 12:59:01.533333,13.226666666666668
29,2024-05-23 13:00:29.366667,2024-05-23 13:14:15.100000,13.762222216666666
29,2024-05-23 13:15:39.200000,2024-05-23 13:31:35.000000,15.93
29,2024-05-23 14:05:21.200000,2024-05-23 14:22:19.800000,16.976666666666667
29,2024-05-23 15:56:59.300000,2024-05-23 16:00:27.700000,3.4733333333333336
29,2024-05-23 16:00:55.933333,2024-05-23 16:19:26.366667,18.507222233333337
29,2024-05-23 17:43:28.533333,2024-05-23 17:44:41.300000,1.2127777833333333
29,2024-05-23 17:44:54.100000,2024-05-23 17:55:27.300000,10.553333333333336
29,2024-05-23 17:56:24.733333,2024-05-23 18:05:31.400000,9.111111116666669
29,2024-05-23 18:05:59.866667,2024-05-23 18:08:18.033333,2.3027777666666664
29,2024-05-23 18:08:52.800000,2024-05-23 18:09:33.033333,0.67055555
29,2024-05-23 19:30:56.333333,2024-05-23 19:37:08.433333,6.201666666666667
29,2024-05-23 19:37:27.866667,2024-05-23 19:45:20.966667,7.885000000000001
29,2024-05-24 08:03:51.700000,2024-05-24 08:06:25.033333,2.55555555
29,2024-05-24 08:20:03.300000,2024-05-24 08:48:37.266667,28.566111116666665
29,2024-05-24 08:49:36.700000,2024-05-24 08:53:41.966667,4.087777783333333
29,2024-05-24 08:53:56.066667,2024-05-24 09:02:38.800000,8.712222216666667
29,2024-05-24 09:02:40.100000,2024-05-24 09:07:07.233333,4.452222216666667
29,2024-05-24 09:07:43.833333,2024-05-24 09:08:43.600000,0.9961111166666666
29,2024-05-24 09:09:58.833333,2024-05-24 09:13:55.633333,3.946666666666667
29,2024-05-24 09:14:38.900000,2024-05-24 09:30:28.733333,15.83055555
29,2024-05-24 09:31:25.700000,2024-05-24 09:33:52.233333,2.4422222166666665
29,2024-05-24 09:36:19.033333,2024-05-24 09:42:50.400000,6.522777783333334
29,2024-05-24 09:43:32.266667,2024-05-24 09:44:36.500000,1.07055555
29,2024-05-24 09:51:02.333333,2024-05-24 09:51:49.100000,0.77944445
29,2024-05-24 10:54:37.533333,2024-05-24 10:56:38.800000,2.0211111166666664
29,2024-05-24 10:57:54.533333,2024-05-24 11:00:22.733333,2.47
29,2024-05-24 11:01:43.633333,2024-05-24 11:06:18.966667,4.5888889
29,2024-05-24 11:06:42.900000,2024-05-24 11:07:46.000000,1.0516666666666667
29,2024-05-24 11:08:12.033333,2024-05-24 11:10:42.400000,2.5061111166666667
29,2024-05-24 11:12:00.533333,2024-05-24 11:33:18.500000,21.29944445
29,2024-05-24 11:34:19.233333,2024-05-24 11:35:50.733333,1.525
29,2024-05-24 11:43:15.266667,2024-05-24 11:47:30.100000,4.247222216666667
29,2024-05-24 11:50:06.700000,2024-05-24 12:11:51.333333,21.743888883333337
29,2024-05-24 12:14:39.266667,2024-05-24 12:19:02.933333,4.394444433333334
29,2024-05-24 12:26:24.200000,2024-05-24 12:26:56.200000,0.5333333333333333
29,2024-05-24 12:28:02.366667,2024-05-24 12:28:56.566667,0.9033333333333334
29,2024-05-24 12:29:16.233333,2024-05-24 12:30:52.500000,1.60444445
29,2024-05-24 12:31:55.433333,2024-05-24 12:52:53.766667,20.972222233333333
29,2024-05-24 12:53:55.666667,2024-05-24 12:58:21.066667,4.423333333333333
29,2024-05-24 12:59:17.066667,2024-05-24 13:00:56.266667,1.653333333333333
29,2024-05-24 13:02:23.233333,2024-05-24 13:03:57.633333,1.5733333333333337
29,2024-05-24 13:05:28.366667,2024-05-24 13:07:08.366667,1.6666666666666667
29,2024-05-24 13:09:09.733333,2024-05-24 13:30:15.133333,21.09
29,2024-05-24 13:33:03.933333,2024-05-24 13:34:40.800000,1.61444445
29,2024-05-24 18:04:15.500000,2024-05-24 18:11:15.866667,7.006111116666667
29,2024-05-24 18:12:33.033333,2024-05-24 18:34:47.900000,22.247777783333333
30,2024-05-19 15:22:23.433333,2024-05-19 15:49:25.700000,27.037777783333336
30,2024-05-21 18:51:37.900000,2024-05-21 18:55:25.833333,3.7988888833333334
30,2024-05-22 12:02:15.766667,2024-05-22 12:06:52.566667,4.613333333333333
30,2024-05-22 12:07:05.733333,2024-05-22 12:12:23.366667,5.2938889
30,2024-05-22 12:12:48.633333,2024-05-22 12:20:55.033333,8.106666666666666
30,2024-05-23 13:14:16.266667,2024-05-23 13:40:05.500000,25.82055555
30,2024-05-23 13:40:15.866667,2024-05-23 14:03:21.333333,23.0911111
30,2024-05-23 16:14:21.733333,2024-05-23 16:18:58.533333,4.613333333333333
30,2024-05-23 16:19:06.166667,2024-05-23 16:35:14.433333,16.137777766666666
30,2024-05-23 18:02:19.200000,2024-05-23 18:08:12.700000,5.891666666666667
30,2024-05-23 19:10:13.866667,2024-05-23 19:28:05.266667,17.85666666666667
30,2024-05-24 08:43:19.733333,2024-05-24 09:02:43.166667,19.390555566666663
30,2024-05-24 09:02:45.566667,2024-05-24 09:29:05.733333,26.3361111
30,2024-05-24 09:29:17.233333,2024-05-24 09:52:16.533333,22.988333333333333
30,2024-06-06 14:41:32.200000,2024-06-06 14:42:12.566667,0.6727777833333334
31,2024-05-19 10:48:39.133333,2024-05-19 10:56:00.966667,7.3638889
33,2024-05-19 16:08:05.166667,2024-05-19 16:29:46.466667,21.688333333333333
34,2024-05-20 10:23:52.633333,2024-05-20 10:28:24.066667,4.5238889
34,2024-05-24 18:55:11.500000,2024-05-24 19:07:11.333333,11.997222216666668
36,2024-05-20 18:20:29.433333,2024-05-20 18:31:21.433333,10.866666666666667
40,2024-05-18 11:28:43.366667,2024-05-18 11:32:59.633333,4.2711111
40,2024-05-19 13:54:38.033333,2024-05-19 13:56:26.433333,1.8066666666666669
40,2024-05-19 13:57:23.866667,2024-05-19 14:02:04.266667,4.673333333333333
40,2024-05-19 14:02:35.366667,2024-05-19 14:17:51.833333,15.274444433333334
40,2024-05-20 14:42:43.900000,2024-05-20 15:01:22.800000,18.648333333333333
40,2024-05-30 08:31:53.466667,2024-05-30 08:41:27.466667,9.566666666666666
40,2024-05-30 08:41:39.533333,2024-05-30 08:43:49.033333,2.158333333333333
40,2024-05-30 09:50:46.300000,2024-05-30 09:51:54.533333,1.1372222166666668
40,2024-05-30 09:52:46.366667,2024-05-30 09:53:56.166667,1.163333333333333
40,2024-05-30 09:55:42.133333,2024-05-30 09:56:30.933333,0.8133333333333332
41,2024-05-20 11:04:20.200000,2024-05-20 11:21:16.366667,16.936111116666666
41,2024-05-24 18:39:03.666667,2024-05-24 18:52:56.200000,13.87555555
51,2024-05-17 14:22:28.733333,2024-05-17 14:34:38.133333,12.156666666666666
51,2024-05-20 12:12:00.133333,2024-05-20 12:27:15.000000,15.247777783333332
52,2024-05-20 16:41:40.700000,2024-05-20 16:52:17.533333,10.613888883333336
52,2024-05-24 11:51:32.400000,2024-05-24 11:54:10.166667,2.6294444500000003
52,2024-05-24 19:02:07.500000,2024-05-24 19:07:02.600000,4.918333333333334
53,2024-05-20 18:05:47.833333,2024-05-20 18:13:23.000000,7.586111116666667
53,2024-05-24 09:49:22.566667,2024-05-24 09:50:21.466667,0.9816666666666668
54,2024-05-20 14:30:52.600000,2024-05-20 14:46:23.833333,15.52055555
54,2024-05-20 18:23:27.333333,2024-05-20 18:33:33.766667,10.107222233333331
54,2024-05-21 10:07:32.433333,2024-05-21 10:23:54.733333,16.371666666666666
54,2024-05-24 09:45:54.200000,2024-05-24 09:50:40.633333,4.773888883333333
54,2024-05-24 09:50:42.133333,2024-05-24 09:51:25.900000,0.72944445
55,2024-05-22 09:51:06.000000,2024-05-22 10:04:09.033333,13.05055555
55,2024-05-22 10:04:26.400000,2024-05-22 10:08:22.866667,3.941111116666667
55,2024-05-22 15:14:23.900000,2024-05-22 15:17:30.766667,3.11444445
55,2024-05-23 10:11:22.500000,2024-05-23 10:36:15.800000,24.888333333333332
55,2024-05-24 08:02:36.666667,2024-05-24 08:11:12.633333,8.599444433333334
55,2024-05-24 11:30:23.100000,2024-05-24 11:53:50.000000,23.448333333333338
56,2024-05-19 16:58:53.333333,2024-05-19 17:24:17.666667,25.405555566666667
56,2024-05-21 10:44:04.700000,2024-05-21 10:46:30.533333,2.43055555
56,2024-05-21 10:48:17.666667,2024-05-21 11:12:35.366667,24.295
56,2024-05-22 09:44:09.300000,2024-05-22 10:04:40.333333,20.517222216666667
56,2024-05-24 10:17:02.533333,2024-05-24 10:40:09.266667,23.112222233333338
57,2024-05-21 08:22:12.600000,2024-05-21 08:45:30.066667,23.291111116666663
57,2024-05-23 11:04:14.566667,2024-05-23 11:29:08.066667,24.891666666666666
57,2024-05-23 17:43:30.400000,2024-05-23 17:45:49.633333,2.32055555
57,2024-05-24 10:06:09.500000,2024-05-24 10:13:43.900000,7.573333333333333
57,2024-05-24 10:59:57.433333,2024-05-24 11:05:27.866667,5.507222233333334
58,2024-05-23 10:35:15.600000,2024-05-23 10:36:41.866667,1.4377777833333334
58,2024-05-23 10:37:52.633333,2024-05-23 10:49:51.266667,11.977222233333332
58,2024-05-23 11:16:06.500000,2024-05-23 11:18:29.166667,2.3777777833333333
58,2024-05-23 11:20:38.733333,2024-05-23 11:23:26.033333,2.7883333333333336
58,2024-05-23 11:26:46.666667,2024-05-23 11:41:07.733333,14.3511111
58,2024-05-23 11:44:09.000000,2024-05-23 11:56:37.633333,12.477222216666666
58,2024-05-23 11:57:24.700000,2024-05-23 12:01:00.966667,3.60444445
58,2024-05-23 12:15:10.733333,2024-05-23 12:17:09.933333,1.9866666666666668
58,2024-05-23 12:18:55.966667,2024-05-23 12:25:33.166667,6.62
58,2024-05-23 12:55:31.266667,2024-05-23 13:01:38.066667,6.113333333333333
58,2024-05-24 09:42:55.833333,2024-05-24 09:46:31.433333,3.5933333333333333
58,2024-05-24 12:17:48.933333,2024-05-24 12:30:04.800000,12.26444445
58,2024-05-24 13:43:17.566667,2024-05-24 14:09:42.700000,26.418888883333334
58,2024-05-24 14:11:13.700000,2024-05-24 14:33:24.266667,22.176111116666668
58,2024-05-24 14:37:20.700000,2024-05-24 14:43:20.900000,6.003333333333333
59,2024-05-19 14:45:56.233333,2024-05-19 14:59:16.466667,13.337222233333334
59,2024-05-20 18:27:35.300000,2024-05-20 18:41:13.200000,13.631666666666666
59,2024-05-21 09:09:44.433333,2024-05-21 09:19:09.300000,9.41444445
59,2024-05-21 19:33:38.500000,2024-05-21 19:45:27.366667,11.81444445
59,2024-05-21 19:47:16.000000,2024-05-21 19:54:15.766667,6.9961111166666665
59,2024-05-22 09:13:20.166667,2024-05-22 09:36:11.333333,22.85277776666667
59,2024-05-22 09:45:59.233333,2024-05-22 09:51:11.266667,5.200555566666667
59,2024-05-22 10:17:56.666667,2024-05-22 10:45:15.766667,27.31833333333333
59,2024-05-22 14:58:17.033333,2024-05-22 14:59:19.133333,1.035
59,2024-05-22 15:00:52.966667,2024-05-22 15:07:19.366667,6.4399999999999995
59,2024-05-22 15:55:52.066667,2024-05-22 16:09:18.866667,13.446666666666664
59,2024-05-22 16:12:51.200000,2024-05-22 16:26:22.866667,13.527777783333333
59,2024-05-23 09:56:22.466667,2024-05-23 10:11:39.566667,15.285
59,2024-05-23 10:22:59.666667,2024-05-23 10:43:48.633333,20.8161111
59,2024-05-23 10:46:21.800000,2024-05-23 10:52:39.166667,6.28944445
59,2024-05-23 11:54:11.433333,2024-05-23 12:08:53.400000,14.69944445
59,2024-05-23 12:34:54.566667,2024-05-23 12:46:08.466667,11.231666666666666
59,2024-05-23 12:47:35.933333,2024-05-23 12:49:19.000000,1.7177777833333332
59,2024-05-23 17:06:12.433333,2024-05-23 17:08:41.533333,2.485
59,2024-05-23 17:11:42.100000,2024-05-23 17:24:24.200000,12.701666666666666
59,2024-05-23 19:00:39.700000,2024-05-23 19:06:43.466667,6.062777783333333
59,2024-05-24 08:05:04.866667,2024-05-24 08:12:46.400000,7.692222216666667
59,2024-05-24 08:13:00.233333,2024-05-24 08:15:02.166667,2.0322222333333335
59,2024-05-24 08:15:13.566667,2024-05-24 08:23:38.933333,8.422777766666666
59,2024-05-24 08:41:00.400000,2024-05-24 08:42:04.366667,1.0661111166666666
59,2024-05-24 09:40:09.633333,2024-05-24 09:48:10.666667,8.017222233333333
59,2024-05-24 09:48:31.300000,2024-05-24 09:50:15.200000,1.731666666666667
59,2024-05-24 09:50:28.066667,2024-05-24 09:53:11.033333,2.7161111
59,2024-05-24 09:53:24.200000,2024-05-24 09:57:53.433333,4.487222216666667
59,2024-05-24 09:58:50.833333,2024-05-24 10:07:00.766667,8.165555566666667
59,2024-05-24 10:07:42.400000,2024-05-24 10:08:13.900000,0.525
59,2024-05-24 10:09:56.866667,2024-05-24 10:17:06.666667,7.163333333333333
59,2024-05-24 10:17:17.966667,2024-05-24 10:20:33.200000,3.253888883333333
59,2024-05-24 10:21:35.566667,2024-05-24 10:23:02.433333,1.447777766666667
59,2024-05-24 10:23:13.466667,2024-05-24 10:28:29.200000,5.262222216666667
59,2024-05-24 10:33:19.900000,2024-05-24 10:46:18.766667,12.981111116666666
59,2024-05-24 12:12:17.633333,2024-05-24 12:14:20.800000,2.0527777833333336
59,2024-05-24 12:25:34.333333,2024-05-24 12:26:14.600000,0.6711111166666667
59,2024-05-24 12:29:55.433333,2024-05-24 12:35:28.566667,5.5522222333333335
59,2024-05-24 12:35:47.333333,2024-05-24 12:37:43.400000,1.93444445
59,2024-05-24 12:39:05.500000,2024-05-24 12:54:25.900000,15.34
59,2024-05-24 14:05:05.033333,2024-05-24 14:33:01.600000,27.942777783333337
59,2024-05-24 14:33:20.000000,2024-05-24 14:47:41.300000,14.355
59,2024-05-24 14:51:45.866667,2024-05-24 15:13:09.166667,21.388333333333332
59,2024-05-24 15:15:03.033333,2024-05-24 15:17:34.200000,2.51944445
59,2024-05-24 15:18:58.966667,2024-05-24 15:24:43.766667,5.746666666666667
59,2024-05-24 15:35:46.900000,2024-05-24 15:48:26.200000,12.655
59,2024-05-24 15:50:08.100000,2024-05-24 16:02:24.700000,12.276666666666667
59,2024-05-24 16:03:50.433333,2024-05-24 16:05:32.600000,1.7027777833333333
59,2024-05-24 16:07:27.300000,2024-05-24 16:13:46.400000,6.318333333333333
59,2024-05-24 16:15:35.000000,2024-05-24 16:23:03.966667,7.482777783333333
59,2024-05-24 16:38:01.333333,2024-05-24 16:40:47.533333,2.77
59,2024-05-24 16:47:33.200000,2024-05-24 17:01:49.133333,14.265555549999998
59,2024-05-24 17:06:29.966667,2024-05-24 17:15:36.866667,9.115
59,2024-05-24 18:19:56.300000,2024-05-24 18:34:45.466667,14.81944445
59,2024-05-24 18:41:03.066667,2024-05-24 18:41:50.700000,0.7938888833333333
59,2024-05-24 18:42:20.100000,2024-05-24 18:44:24.800000,2.0783333333333336
59,2024-05-24 19:06:58.566667,2024-05-24 19:13:30.633333,6.534444433333333
60,2024-05-19 14:27:53.966667,2024-05-19 14:35:29.733333,7.5961111
60,2024-05-19 14:45:16.166667,2024-05-19 14:49:24.166667,4.133333333333334
60,2024-05-19 15:24:28.700000,2024-05-19 15:39:00.366667,14.527777783333333
60,2024-05-20 18:41:06.200000,2024-05-20 19:05:51.333333,24.752222216666667
60,2024-05-21 12:13:35.733333,2024-05-21 12:15:22.533333,1.78
60,2024-05-21 12:17:31.633333,2024-05-21 12:19:13.300000,1.69444445
60,2024-05-21 12:20:41.266667,2024-05-21 12:31:15.133333,10.564444433333334
60,2024-05-21 12:33:04.733333,2024-05-21 12:38:07.566667,5.047222233333333
60,2024-05-21 12:39:26.233333,2024-05-21 12:44:19.100000,4.881111116666667
60,2024-05-21 12:46:34.566667,2024-05-21 12:48:05.500000,1.51555555
60,2024-05-21 16:47:21.900000,2024-05-21 17:01:50.800000,14.481666666666666
60,2024-05-21 18:38:52.566667,2024-05-21 18:43:35.866667,4.721666666666667
60,2024-05-21 19:01:25.700000,2024-05-21 19:03:51.933333,2.4372222166666666
60,2024-05-21 19:04:31.800000,2024-05-21 19:15:41.566667,11.162777783333333
60,2024-05-22 08:17:42.800000,2024-05-22 08:18:25.733333,0.7155555499999999
60,2024-05-22 08:20:59.533333,2024-05-22 08:32:36.766667,11.620555566666669
60,2024-05-22 10:25:06.000000,2024-05-22 10:38:59.633333,13.893888883333334
60,2024-05-22 13:22:20.166667,2024-05-22 13:33:20.033333,10.997777766666667
60,2024-05-22 16:23:21.766667,2024-05-22 16:29:48.700000,6.448888883333334
60,2024-05-23 10:08:07.000000,2024-05-23 10:09:57.533333,1.8422222166666664
60,2024-05-23 10:26:02.100000,2024-05-23 10:50:52.300000,24.836666666666662
60,2024-05-23 10:51:50.500000,2024-05-23 10:59:31.166667,7.677777783333334
60,2024-05-23 13:46:45.466667,2024-05-23 14:08:49.966667,22.075
60,2024-05-23 16:31:56.766667,2024-05-23 16:47:56.900000,16.002222216666667
60,2024-05-23 16:48:11.000000,2024-05-23 16:55:42.366667,7.522777783333334
60,2024-05-23 17:05:28.100000,2024-05-23 17:06:52.700000,1.41
60,2024-05-23 17:08:32.333333,2024-05-23 17:35:04.566667,26.537222233333335
60,2024-05-23 17:35:19.266667,2024-05-23 17:45:24.066667,10.08
60,2024-05-24 08:02:35.966667,2024-05-24 08:06:25.666667,3.828333333333333
60,2024-05-24 08:06:27.266667,2024-05-24 08:07:01.233333,0.5661111000000001
60,2024-05-24 10:02:38.466667,2024-05-24 10:10:39.166667,8.011666666666667
60,2024-05-24 10:10:49.333333,2024-05-24 10:12:52.466667,2.0522222333333335
60,2024-05-24 10:12:54.433333,2024-05-24 10:25:30.366667,12.5988889
60,2024-05-24 10:25:50.300000,2024-05-24 10:27:06.033333,1.2622222166666668
60,2024-05-28 09:33:44.600000,2024-05-28 09:38:23.366667,4.646111116666666
60,2024-05-28 09:39:04.133333,2024-05-28 09:39:59.666667,0.9255555666666666
60,2024-05-28 09:40:01.000000,2024-05-28 09:40:56.700000,0.9283333333333332
60,2024-05-28 09:40:58.166667,2024-05-28 09:42:22.333333,1.4027777666666668
60,2024-05-28 09:42:26.166667,2024-05-28 09:43:30.700000,1.07555555
60,2024-05-28 09:43:32.400000,2024-05-28 09:44:16.933333,0.7422222166666667
60,2024-05-29 10:21:40.933333,2024-05-29 10:22:50.266667,1.1555555666666666
60,2024-06-06 14:53:23.300000,2024-06-06 15:05:39.200000,12.265
60,2024-06-06 15:06:21.900000,2024-06-06 15:10:33.333333,4.19055555
