nest,exit_time,entry_time,duration_min
1,2024-04-29 17:04:51.133333,2024-04-29 17:13:28.133333,8.616666666666667
1,2024-04-29 17:13:30.500000,2024-04-29 17:38:10.433333,24.66555555
1,2024-04-29 18:19:25.333333,2024-04-29 18:22:45.433333,3.335
1,2024-04-30 12:45:10.300000,2024-04-30 13:01:10.466667,16.002777783333332
1,2024-04-30 13:01:11.633333,2024-04-30 13:10:14.900000,9.05444445
1,2024-05-01 15:48:49.700000,2024-05-01 15:58:05.466667,9.262777783333332
1,2024-05-01 16:43:46.966667,2024-05-01 16:45:27.366667,1.6733333333333331
1,2024-05-01 17:10:37.200000,2024-05-01 17:14:58.666667,4.357777783333333
1,2024-05-01 17:16:37.766667,2024-05-01 17:23:41.933333,7.0694444333333335
1,2024-05-01 17:24:58.233333,2024-05-01 17:27:01.666667,2.0572222333333334
1,2024-05-01 17:51:22.233333,2024-05-01 17:53:54.366667,2.5355555666666665
1,2024-05-01 18:47:08.800000,2024-05-01 18:49:02.833333,1.90055555
1,2024-05-01 18:50:43.133333,2024-05-01 18:59:44.000000,9.01444445
1,2024-05-01 19:00:44.633333,2024-05-01 19:02:41.500000,1.9477777833333336
1,2024-05-01 19:04:36.400000,2024-05-01 19:06:29.300000,1.8816666666666668
1,2024-05-01 19:08:08.900000,2024-05-01 19:09:49.366667,1.67444445
1,2024-05-01 19:15:58.100000,2024-05-01 19:17:39.933333,1.6972222166666666
1,2024-05-01 19:20:15.033333,2024-05-01 19:29:51.066667,9.600555566666666
1,2024-05-01 19:31:58.933333,2024-05-01 19:34:23.966667,2.4172222333333333
1,2024-05-01 19:36:34.866667,2024-05-01 19:38:53.733333,2.3144444333333336
1,2024-05-01 19:39:55.633333,2024-05-01 19:49:46.133333,9.841666666666669
1,2024-05-02 08:40:56.233333,2024-05-02 08:53:13.166667,12.282222233333332
1,2024-05-02 08:54:39.566667,2024-05-02 09:01:13.600000,6.567222216666667
1,2024-05-02 09:02:06.500000,2024-05-02 09:14:16.100000,12.16
1,2024-05-02 09:15:21.300000,2024-05-02 09:26:48.733333,11.457222216666668
1,2024-05-02 09:27:57.333333,2024-05-02 09:32:10.933333,4.226666666666667
1,2024-05-02 09:33:01.066667,2024-05-02 09:45:28.900000,12.463888883333334
1,2024-05-02 09:46:45.466667,2024-05-02 10:02:05.200000,15.328888883333333
1,2024-05-02 10:03:16.133333,2024-05-02 10:13:39.066667,10.382222233333332
1,2024-05-02 10:14:44.566667,2024-05-02 10:43:50.833333,29.104444433333335
1,2024-05-02 10:45:10.966667,2024-05-02 10:55:21.500000,10.17555555
1,2024-05-02 10:56:35.700000,2024-05-02 11:08:35.633333,11.998888883333333
1,2024-05-02 11:09:50.866667,2024-05-02 11:21:24.333333,11.557777766666668
1,2024-05-02 11:22:40.700000,2024-05-02 11:34:45.233333,12.07555555
1,2024-05-02 11:36:04.100000,2024-05-02 12:03:53.500000,27.823333333333338
1,2024-05-02 12:05:49.000000,2024-05-02 12:08:29.200000,2.67
1,2024-05-02 12:09:18.733333,2024-05-02 12:14:23.466667,5.0788889
1,2024-05-02 12:15:26.633333,2024-05-02 12:17:12.466667,1.7638889
1,2024-05-02 12:21:30.233333,2024-05-02 12:24:17.533333,2.7883333333333336
1,2024-05-02 12:25:29.866667,2024-05-02 12:26:56.666667,1.4466666666666663
1,2024-05-02 12:27:44.700000,2024-05-02 12:29:15.766667,1.5177777833333332
1,2024-05-02 12:30:07.366667,2024-05-02 12:31:45.633333,1.6377777666666666
1,2024-05-02 12:32:39.066667,2024-05-02 12:34:16.466667,1.6233333333333335
1,2024-05-02 12:37:13.566667,2024-05-02 12:43:11.966667,5.973333333333333
1,2024-05-02 12:45:07.133333,2024-05-02 12:48:19.200000,3.2011111166666666
1,2024-05-02 12:50:37.000000,2024-05-02 12:55:38.100000,5.0183333333333335
1,2024-05-02 12:57:01.033333,2024-05-02 12:58:37.700000,1.6111111166666667
1,2024-05-02 13:09:20.466667,2024-05-02 13:10:20.666667,1.0033333333333334
1,2024-05-02 13:10:44.033333,2024-05-02 13:13:52.766667,3.145555566666667
1,2024-05-02 13:14:15.133333,2024-05-02 13:16:03.933333,1.8133333333333332
1,2024-05-02 13:17:44.833333,2024-05-02 13:27:17.366667,9.542222233333332
1,2024-05-02 13:29:14.700000,2024-05-02 13:34:25.966667,5.187777783333333
1,2024-05-02 13:48:23.933333,2024-05-02 13:55:50.233333,7.438333333333333
1,2024-05-02 15:53:48.866667,2024-05-02 15:57:37.933333,3.8177777666666666
1,2024-05-02 16:12:12.566667,2024-05-02 16:14:10.100000,1.958888883333333
1,2024-05-02 16:20:15.766667,2024-05-02 16:21:49.333333,1.5594444333333333
1,2024-05-02 16:27:11.133333,2024-05-02 16:28:42.766667,1.5272222333333334
1,2024-05-02 16:30:52.033333,2024-05-02 16:32:58.100000,2.1011111166666665
1,2024-05-02 16:39:28.800000,2024-05-02 16:41:07.833333,1.65055555
1,2024-05-02 16:43:10.566667,2024-05-02 16:44:50.700000,1.6688888833333333
1,2024-05-02 16:46:19.133333,2024-05-02 16:50:54.966667,4.597222233333333
1,2024-05-02 16:56:04.300000,2024-05-02 17:01:32.766667,5.474444449999999
1,2024-05-02 17:01:34.766667,2024-05-02 17:02:44.466667,1.1616666666666666
1,2024-05-02 17:04:08.566667,2024-05-02 17:09:22.500000,5.232222216666667
1,2024-05-02 17:10:42.466667,2024-05-02 17:24:30.066667,13.793333333333331
1,2024-05-02 17:25:36.400000,2024-05-02 17:33:44.333333,8.132222216666667
1,2024-05-02 17:35:01.333333,2024-05-02 18:02:34.266667,27.5488889
1,2024-05-02 18:03:54.000000,2024-05-02 18:07:43.533333,3.82555555
1,2024-05-02 18:20:41.966667,2024-05-02 18:29:40.033333,8.967777766666668
1,2024-05-02 18:30:40.433333,2024-05-02 18:34:56.033333,4.26
1,2024-05-02 18:35:53.333333,2024-05-02 18:51:12.200000,15.31444445
1,2024-05-02 18:52:20.200000,2024-05-02 19:06:15.466667,13.921111116666667
1,2024-05-02 19:07:52.300000,2024-05-02 19:25:24.100000,17.529999999999998
1,2024-05-02 19:27:03.366667,2024-05-02 19:39:48.866667,12.758333333333333
1,2024-05-02 19:41:58.033333,2024-05-02 19:44:06.866667,2.1472222333333333
1,2024-05-02 19:45:49.933333,2024-05-02 19:55:20.366667,9.507222233333332
1,2024-05-03 08:32:34.866667,2024-05-03 08:33:13.200000,0.6388888833333334
1,2024-05-03 09:19:04.500000,2024-05-03 09:45:15.800000,26.188333333333333
1,2024-05-03 09:46:31.933333,2024-05-03 09:48:35.733333,2.0633333333333335
1,2024-05-03 09:49:19.333333,2024-05-03 10:19:12.800000,29.891111116666664
1,2024-05-03 10:20:21.966667,2024-05-03 10:29:41.733333,9.329444433333332
1,2024-05-03 10:30:54.366667,2024-05-03 10:41:47.566667,10.886666666666668
1,2024-05-03 10:43:01.266667,2024-05-03 10:57:51.700000,14.84055555
1,2024-05-03 10:59:03.733333,2024-05-03 10:59:52.400000,0.8111111166666666
1,2024-05-03 11:01:01.233333,2024-05-03 11:04:33.733333,3.5416666666666665
1,2024-05-03 11:05:31.666667,2024-05-03 11:08:08.733333,2.617777766666667
1,2024-05-03 11:09:06.800000,2024-05-03 11:12:05.233333,2.9738888833333332
1,2024-05-03 11:13:03.833333,2024-05-03 11:15:38.400000,2.5761111166666666
1,2024-05-03 11:16:43.333333,2024-05-03 11:19:50.600000,3.121111116666667
1,2024-05-03 11:21:02.066667,2024-05-03 11:26:13.866667,5.196666666666667
1,2024-05-03 11:27:35.433333,2024-05-03 11:29:38.866667,2.0572222333333334
1,2024-05-03 11:31:39.633333,2024-05-03 11:33:42.766667,2.0522222333333335
1,2024-05-03 11:35:44.500000,2024-05-03 11:39:05.300000,3.3466666666666667
1,2024-05-03 11:40:38.066667,2024-05-03 11:46:58.133333,6.334444433333333
1,2024-05-03 11:48:27.033333,2024-05-03 11:50:34.633333,2.1266666666666665
1,2024-05-03 11:51:31.133333,2024-05-03 11:53:36.666667,2.092222233333333
1,2024-05-03 11:54:39.133333,2024-05-03 11:56:24.433333,1.755
1,2024-05-03 11:57:59.033333,2024-05-03 11:59:43.766667,1.745555566666667
1,2024-05-03 12:00:33.666667,2024-05-03 12:02:42.366667,2.145
1,2024-05-03 12:04:20.200000,2024-05-03 12:06:05.133333,1.7488888833333334
1,2024-05-03 12:07:58.733333,2024-05-03 12:12:59.733333,5.016666666666667
1,2024-05-03 12:14:25.466667,2024-05-03 12:16:37.466667,2.2
1,2024-05-03 12:17:46.666667,2024-05-03 12:19:35.533333,1.8144444333333332
1,2024-05-03 12:21:51.766667,2024-05-03 12:23:40.066667,1.805
1,2024-05-03 12:25:16.733333,2024-05-03 12:29:59.766667,4.717222233333334
1,2024-05-03 12:35:11.233333,2024-05-03 12:41:31.200000,6.3327777833333325
1,2024-05-03 12:42:17.200000,2024-05-03 12:53:04.733333,10.792222216666666
1,2024-05-03 12:54:48.733333,2024-05-03 13:05:21.933333,10.553333333333336
1,2024-05-03 13:06:36.400000,2024-05-03 13:18:25.600000,11.82
1,2024-05-03 13:19:26.366667,2024-05-03 13:29:17.566667,9.853333333333332
1,2024-05-03 13:30:39.000000,2024-05-03 13:33:31.600000,2.8766666666666665
1,2024-05-03 13:34:26.666667,2024-05-03 13:43:03.166667,8.608333333333333
1,2024-05-03 13:44:28.666667,2024-05-03 13:52:42.433333,8.229444433333333
1,2024-05-03 13:54:15.233333,2024-05-03 14:06:30.500000,12.25444445
1,2024-05-03 14:08:01.933333,2024-05-03 14:17:12.200000,9.171111116666667
1,2024-05-03 14:17:32.200000,2024-05-03 14:18:45.133333,1.2155555500000002
1,2024-05-03 14:20:06.833333,2024-05-03 14:30:51.966667,10.752222233333333
1,2024-05-03 14:31:34.766667,2024-05-03 14:34:08.166667,2.556666666666666
1,2024-05-03 14:34:09.866667,2024-05-03 14:38:01.033333,3.8527777666666663
1,2024-05-03 14:38:43.666667,2024-05-03 14:47:49.900000,9.103888883333331
1,2024-05-03 14:56:19.566667,2024-05-03 15:06:36.833333,10.287777766666666
1,2024-05-03 15:07:07.666667,2024-05-03 15:07:42.966667,0.5883333333333333
1,2024-05-03 15:11:50.666667,2024-05-03 15:21:26.533333,9.597777766666669
1,2024-05-03 15:22:27.866667,2024-05-03 15:31:46.300000,9.307222216666666
1,2024-05-03 15:44:48.600000,2024-05-03 15:46:26.200000,1.6266666666666665
1,2024-05-03 15:47:58.500000,2024-05-03 15:49:42.600000,1.735
1,2024-05-03 15:50:02.933333,2024-05-03 15:50:47.233333,0.7383333333333333
1,2024-05-03 15:54:15.566667,2024-05-03 15:58:56.766667,4.6866666666666665
1,2024-05-03 16:21:05.933333,2024-05-03 16:23:08.433333,2.0416666666666665
1,2024-05-03 16:24:08.300000,2024-05-03 16:26:04.533333,1.9372222166666664
1,2024-05-03 16:26:58.033333,2024-05-03 16:28:49.233333,1.8533333333333333
1,2024-05-03 16:29:50.033333,2024-05-03 16:31:41.700000,1.8611111166666667
1,2024-05-03 16:32:41.600000,2024-05-03 16:34:36.733333,1.9188888833333333
1,2024-05-03 16:35:45.466667,2024-05-03 16:37:09.233333,1.3961111
1,2024-05-03 16:41:05.066667,2024-05-03 16:41:35.166667,0.5016666666666667
1,2024-05-03 16:42:19.733333,2024-05-03 16:44:31.033333,2.1883333333333335
1,2024-05-03 16:45:43.900000,2024-05-03 16:47:54.433333,2.17555555
1,2024-05-03 16:50:02.066667,2024-05-03 16:54:00.066667,3.966666666666667
1,2024-05-03 16:56:21.600000,2024-05-03 17:03:41.400000,7.33
1,2024-05-03 17:05:45.166667,2024-05-03 17:08:41.866667,2.945
1,2024-05-03 17:10:10.366667,2024-05-03 17:11:56.300000,1.76555555
1,2024-05-03 17:16:24.733333,2024-05-03 17:18:12.833333,1.8016666666666663
1,2024-05-03 17:20:11.433333,2024-05-03 17:21:59.500000,1.801111116666667
1,2024-05-03 17:23:33.900000,2024-05-03 17:25:25.766667,1.86444445
1,2024-05-03 17:26:35.566667,2024-05-03 17:28:27.266667,1.8616666666666668
1,2024-05-03 17:31:01.966667,2024-05-03 17:33:18.133333,2.2694444333333332
1,2024-05-03 17:38:16.700000,2024-05-03 17:42:11.333333,3.91055555
1,2024-05-03 17:45:12.600000,2024-05-03 17:45:48.166667,0.5927777833333334
1,2024-05-03 17:49:19.366667,2024-05-03 17:59:17.166667,9.963333333333331
1,2024-05-03 18:00:42.100000,2024-05-03 18:05:58.700000,5.276666666666667
1,2024-05-03 18:07:56.533333,2024-05-03 18:16:33.266667,8.612222233333334
1,2024-05-03 18:18:34.033333,2024-05-03 18:29:03.200000,10.486111116666669
1,2024-05-03 18:33:40.966667,2024-05-03 18:38:36.500000,4.92555555
1,2024-05-03 18:40:05.066667,2024-05-03 18:54:25.366667,14.338333333333331
1,2024-05-06 12:51:36.600000,2024-05-06 13:16:17.466667,24.681111116666667
1,2024-05-06 14:43:31.666667,2024-05-06 15:13:16.133333,29.7411111
1,2024-05-06 15:18:26.800000,2024-05-06 15:31:53.266667,13.441111116666669
1,2024-05-06 15:33:18.366667,2024-05-06 15:49:07.366667,15.816666666666666
1,2024-05-06 15:50:38.700000,2024-05-06 16:07:37.266667,16.97611111666667
1,2024-05-06 16:09:00.133333,2024-05-06 16:11:29.200000,2.48444445
1,2024-05-06 16:12:14.500000,2024-05-06 16:26:30.700000,14.27
1,2024-05-06 16:28:14.200000,2024-05-06 16:41:32.366667,13.302777783333331
1,2024-05-06 16:42:36.733333,2024-05-06 16:57:26.166667,14.823888899999998
1,2024-05-06 16:58:51.566667,2024-05-06 17:00:54.133333,2.0427777666666667
1,2024-05-06 17:01:31.733333,2024-05-06 17:16:17.100000,14.756111116666666
1,2024-05-06 17:17:46.433333,2024-05-06 17:19:43.566667,1.9522222333333337
1,2024-05-06 17:20:22.800000,2024-05-06 17:34:06.033333,13.72055555
1,2024-05-06 17:35:43.333333,2024-05-06 17:53:59.066667,18.262222233333333
1,2024-05-06 17:55:54.466667,2024-05-06 18:10:47.633333,14.8861111
1,2024-05-06 18:13:02.366667,2024-05-06 18:17:08.633333,4.104444433333333
1,2024-05-06 18:17:59.200000,2024-05-06 18:20:54.100000,2.915
1,2024-05-06 18:21:59.333333,2024-05-06 18:24:25.166667,2.430555566666667
1,2024-05-06 18:25:32.800000,2024-05-06 18:28:34.000000,3.02
1,2024-05-06 18:29:47.933333,2024-05-06 18:40:44.100000,10.936111116666666
1,2024-05-06 18:41:43.633333,2024-05-06 18:45:08.666667,3.4172222333333333
1,2024-05-06 18:46:13.933333,2024-05-06 18:48:38.533333,2.4099999999999997
1,2024-05-06 18:49:44.566667,2024-05-06 18:53:21.000000,3.6072222166666665
1,2024-05-06 19:01:13.200000,2024-05-06 19:04:04.200000,2.85
1,2024-05-06 19:07:16.200000,2024-05-06 19:09:36.600000,2.3400000000000003
1,2024-05-06 19:13:28.833333,2024-05-06 19:28:20.433333,14.86
1,2024-05-06 19:31:22.300000,2024-05-06 19:35:50.933333,4.477222216666666
1,2024-05-06 19:38:30.200000,2024-05-06 19:42:44.766667,4.2427777833333336
1,2024-05-06 19:45:27.000000,2024-05-06 19:48:58.466667,3.52444445
1,2024-05-07 12:23:13.533333,2024-05-07 12:25:10.200000,1.94444445
1,2024-05-07 12:25:46.166667,2024-05-07 12:27:58.966667,2.213333333333334
1,2024-05-07 12:28:33.266667,2024-05-07 12:34:44.166667,6.181666666666667
1,2024-05-07 13:12:19.833333,2024-05-07 13:13:13.133333,0.8883333333333333
1,2024-05-07 13:13:30.666667,2024-05-07 13:25:28.366667,11.961666666666668
1,2024-05-07 13:25:42.333333,2024-05-07 13:27:32.900000,1.8427777833333332
1,2024-05-07 13:27:39.166667,2024-05-07 13:36:57.566667,9.306666666666668
1,2024-05-07 13:37:16.066667,2024-05-07 13:49:42.500000,12.44055555
1,2024-05-07 13:49:45.333333,2024-05-07 13:52:51.600000,3.1044444500000004
1,2024-05-07 13:55:07.933333,2024-05-07 13:57:17.966667,2.1672222333333333
1,2024-05-07 13:58:36.966667,2024-05-07 14:03:42.333333,5.089444433333333
1,2024-05-07 14:05:16.400000,2024-05-07 14:08:46.266667,3.4977777833333334
1,2024-05-07 14:10:04.533333,2024-05-07 14:13:17.700000,3.2194444499999997
1,2024-05-07 14:14:33.600000,2024-05-07 14:31:18.700000,16.75166666666667
1,2024-05-07 14:33:29.100000,2024-05-07 14:36:42.000000,3.2150000000000003
1,2024-05-07 14:38:30.966667,2024-05-07 14:40:38.400000,2.1238888833333336
1,2024-05-07 14:41:31.666667,2024-05-07 14:44:52.166667,3.341666666666667
1,2024-05-07 14:53:17.100000,2024-05-07 14:55:37.933333,2.3472222166666667
1,2024-05-07 14:57:27.366667,2024-05-07 14:59:32.666667,2.088333333333334
1,2024-05-07 15:05:13.533333,2024-05-07 15:09:54.066667,4.6755555666666675
1,2024-05-07 15:10:29.533333,2024-05-07 15:20:25.400000,9.931111116666669
1,2024-05-07 15:20:30.133333,2024-05-07 15:24:35.733333,4.093333333333333
1,2024-05-07 15:27:01.933333,2024-05-07 15:27:55.533333,0.8933333333333333
1,2024-05-07 15:27:58.566667,2024-05-07 15:40:29.700000,12.518888883333334
1,2024-05-07 15:41:55.600000,2024-05-07 15:59:24.033333,17.473888883333334
1,2024-05-07 15:59:30.500000,2024-05-07 16:07:09.633333,7.652222216666667
1,2024-05-07 16:08:56.533333,2024-05-07 16:10:47.533333,1.85
1,2024-05-07 16:11:41.666667,2024-05-07 16:26:38.066667,14.94
1,2024-05-07 16:28:30.200000,2024-05-07 16:31:23.333333,2.88555555
1,2024-05-07 17:34:31.833333,2024-05-07 17:35:39.833333,1.1333333333333333
1,2024-05-07 17:36:04.866667,2024-05-07 17:54:09.466667,18.076666666666664
1,2024-05-07 18:08:08.700000,2024-05-07 18:31:33.266667,23.40944445
1,2024-05-07 18:36:03.933333,2024-05-07 18:39:04.233333,3.0050000000000003
1,2024-05-07 18:41:30.766667,2024-05-07 19:01:17.366667,19.776666666666664
1,2024-05-07 19:32:17.466667,2024-05-07 19:35:44.666667,3.453333333333333
1,2024-05-07 19:35:54.100000,2024-05-07 19:38:46.833333,2.878888883333333
1,2024-05-07 19:39:21.500000,2024-05-07 19:42:25.800000,3.0716666666666668
1,2024-05-08 08:48:39.866667,2024-05-08 09:17:59.600000,29.32888888333333
1,2024-05-08 11:25:45.833333,2024-05-08 11:37:15.900000,11.501111116666667
1,2024-05-08 11:39:03.166667,2024-05-08 11:47:03.266667,8.001666666666667
1,2024-05-08 11:48:43.733333,2024-05-08 11:57:51.866667,9.135555566666666
1,2024-05-08 11:59:04.133333,2024-05-08 12:11:51.600000,12.791111116666666
1,2024-05-08 12:16:17.333333,2024-05-08 12:21:39.366667,5.367222233333334
1,2024-05-08 12:22:00.766667,2024-05-08 12:39:35.100000,17.572222216666667
1,2024-05-08 12:40:48.866667,2024-05-08 12:47:48.200000,6.988888883333333
1,2024-05-08 12:48:18.366667,2024-05-08 12:50:32.800000,2.2405555500000003
1,2024-05-08 12:52:17.566667,2024-05-08 13:00:47.000000,8.49055555
1,2024-05-08 13:01:52.566667,2024-05-08 13:02:31.666667,0.6516666666666667
1,2024-05-08 13:04:27.933333,2024-05-08 13:08:04.033333,3.6016666666666666
1,2024-05-08 13:11:09.466667,2024-05-08 13:12:44.600000,1.5855555499999998
1,2024-05-08 13:13:30.000000,2024-05-08 13:16:34.100000,3.068333333333334
1,2024-05-08 13:16:58.333333,2024-05-08 13:17:35.800000,0.62444445
1,2024-05-08 13:22:11.200000,2024-05-08 13:22:44.000000,0.5466666666666666
1,2024-05-08 13:23:02.133333,2024-05-08 13:25:04.966667,2.047222233333333
1,2024-05-08 13:25:42.266667,2024-05-08 13:27:08.100000,1.43055555
1,2024-05-08 13:28:22.633333,2024-05-08 13:33:13.066667,4.840555566666667
1,2024-05-08 13:39:32.333333,2024-05-08 13:41:30.533333,1.97
1,2024-05-08 13:44:39.533333,2024-05-08 13:45:25.666667,0.7688889
1,2024-05-08 13:52:24.900000,2024-05-08 14:02:12.800000,9.798333333333334
1,2024-05-08 14:02:14.100000,2024-05-08 14:20:46.366667,18.537777783333336
1,2024-05-12 18:02:30.500000,2024-05-12 18:08:19.366667,5.81444445
1,2024-05-13 11:22:58.233333,2024-05-13 11:38:42.100000,15.731111116666666
1,2024-05-13 11:40:45.166667,2024-05-13 12:08:32.133333,27.782777766666666
1,2024-05-13 12:10:42.700000,2024-05-13 12:21:10.633333,10.46555555
1,2024-05-13 12:23:10.433333,2024-05-13 12:32:18.333333,9.131666666666666
1,2024-05-13 12:34:13.300000,2024-05-13 12:44:08.366667,9.917777783333332
1,2024-05-13 12:46:13.866667,2024-05-13 12:53:51.833333,7.632777766666666
1,2024-05-13 12:55:56.433333,2024-05-13 13:03:11.066667,7.2438889
1,2024-05-13 13:03:52.800000,2024-05-13 13:04:36.900000,0.735
1,2024-05-13 13:05:53.700000,2024-05-13 13:08:31.166667,2.62444445
1,2024-05-13 13:10:22.400000,2024-05-13 13:13:41.433333,3.3172222166666665
1,2024-05-13 13:15:18.533333,2024-05-13 13:19:00.266667,3.695555566666667
1,2024-05-13 13:20:55.800000,2024-05-13 13:23:46.333333,2.842222216666667
1,2024-05-13 13:29:52.833333,2024-05-13 13:38:00.666667,8.130555566666667
1,2024-05-13 13:41:36.500000,2024-05-13 13:47:38.100000,6.026666666666667
1,2024-05-13 13:49:47.933333,2024-05-13 13:53:04.000000,3.2677777833333335
1,2024-05-13 13:56:19.766667,2024-05-13 14:00:13.566667,3.896666666666667
1,2024-05-13 14:03:59.133333,2024-05-13 14:09:05.433333,5.105
1,2024-05-13 14:32:06.700000,2024-05-13 14:37:35.100000,5.473333333333333
1,2024-05-13 14:47:19.800000,2024-05-13 14:57:10.933333,9.852222216666666
1,2024-05-13 14:58:51.833333,2024-05-13 15:03:42.033333,4.836666666666667
2,2024-04-29 16:58:47.633333,2024-04-29 17:06:34.266667,7.777222233333333
2,2024-04-29 17:49:33.766667,2024-04-29 18:07:42.166667,18.14
2,2024-04-30 16:33:04.133333,2024-04-30 16:38:27.066667,5.382222233333334
2,2024-05-01 16:40:29.566667,2024-05-01 17:03:45.233333,23.2611111
2,2024-05-01 17:35:06.633333,2024-05-01 17:37:10.933333,2.0716666666666668
2,2024-05-01 17:38:17.533333,2024-05-01 17:49:47.666667,11.502222233333333
2,2024-05-01 17:52:58.900000,2024-05-01 17:54:28.166667,1.4877777833333332
2,2024-05-01 17:55:21.433333,2024-05-01 17:57:22.866667,2.0238889
2,2024-05-01 17:58:54.433333,2024-05-01 18:10:22.800000,11.472777783333331
2,2024-05-01 18:11:21.066667,2024-05-01 18:19:30.666667,8.16
2,2024-05-01 18:21:31.733333,2024-05-01 18:26:06.833333,4.585
2,2024-05-01 18:27:22.733333,2024-05-01 18:41:25.666667,14.0488889
2,2024-05-01 18:42:38.500000,2024-05-01 18:52:45.100000,10.11
2,2024-05-01 18:54:16.466667,2024-05-01 18:55:21.633333,1.0861111
2,2024-05-01 18:56:33.733333,2024-05-01 19:25:33.100000,28.98944445
2,2024-05-02 08:17:22.033333,2024-05-02 08:27:04.200000,9.702777783333334
2,2024-05-02 11:49:40.600000,2024-05-02 12:12:43.700000,23.051666666666662
2,2024-05-02 12:13:00.700000,2024-05-02 12:19:54.266667,6.892777783333333
2,2024-05-02 13:10:07.833333,2024-05-02 13:12:14.733333,2.115
2,2024-05-03 11:04:27.433333,2024-05-03 11:15:15.100000,10.79444445
2,2024-05-03 15:07:09.700000,2024-05-03 15:10:29.233333,3.32555555
2,2024-05-03 15:11:58.466667,2024-05-03 15:14:39.433333,2.682777766666667
2,2024-05-03 15:18:34.633333,2024-05-03 15:20:07.766667,1.552222233333333
2,2024-05-03 15:52:18.300000,2024-05-03 15:54:19.533333,2.02055555
2,2024-05-03 16:10:09.800000,2024-05-03 16:17:00.333333,6.842222216666667
2,2024-05-07 13:35:30.366667,2024-05-07 13:36:31.266667,1.015
2,2024-05-07 14:08:41.033333,2024-05-07 14:26:07.500000,17.441111116666665
2,2024-05-07 14:27:25.933333,2024-05-07 14:39:34.433333,12.141666666666667
2,2024-05-07 14:40:48.033333,2024-05-07 14:43:49.666667,3.027222233333333
2,2024-05-07 14:44:43.600000,2024-05-07 14:51:20.800000,6.62
2,2024-05-07 14:52:53.333333,2024-05-07 14:55:45.300000,2.866111116666666
2,2024-05-07 14:56:03.033333,2024-05-07 14:57:29.700000,1.44444445
2,2024-05-07 14:58:50.400000,2024-05-07 15:02:16.533333,3.4355555499999997
2,2024-05-07 15:03:49.000000,2024-05-07 15:05:59.433333,2.1738888833333334
2,2024-05-07 15:06:57.166667,2024-05-07 15:07:56.500000,0.9888888833333334
2,2024-05-07 15:08:33.433333,2024-05-07 15:20:33.700000,12.00444445
2,2024-05-07 15:22:33.200000,2024-05-07 15:28:01.966667,5.47944445
2,2024-05-07 15:29:20.466667,2024-05-07 15:32:50.833333,3.5061111
2,2024-05-07 15:34:15.966667,2024-05-07 15:41:18.100000,7.03555555
2,2024-05-07 15:41:53.033333,2024-05-07 15:50:57.533333,9.075
2,2024-05-07 15:51:31.066667,2024-05-07 15:56:58.433333,5.4561111
2,2024-05-07 15:57:35.333333,2024-05-07 15:59:34.433333,1.985
2,2024-05-07 16:00:06.500000,2024-05-07 16:10:13.666667,10.11944445
2,2024-05-07 16:11:44.433333,2024-05-07 16:31:21.533333,19.618333333333332
2,2024-05-07 16:33:00.133333,2024-05-07 16:34:59.833333,1.995
2,2024-05-07 16:35:41.600000,2024-05-07 16:45:38.766667,9.952777783333334
2,2024-05-07 16:46:57.033333,2024-05-07 17:09:24.766667,22.462222233333332
2,2024-05-07 17:10:24.100000,2024-05-07 17:10:58.733333,0.5772222166666666
2,2024-05-07 17:11:18.366667,2024-05-07 17:14:05.133333,2.779444433333333
2,2024-05-07 17:15:37.866667,2024-05-07 17:16:09.900000,0.5338888833333333
2,2024-05-07 19:31:44.333333,2024-05-07 19:42:19.600000,10.587777783333332
2,2024-05-08 09:41:07.433333,2024-05-08 10:03:50.866667,22.7238889
2,2024-05-08 11:11:57.300000,2024-05-08 11:14:44.633333,2.7888888833333336
2,2024-05-08 11:15:03.133333,2024-05-08 11:15:35.333333,0.5366666666666667
2,2024-05-08 11:15:35.333333,2024-05-08 11:26:03.000000,10.461111116666666
2,2024-05-08 11:26:13.833333,2024-05-08 11:27:23.366667,1.1588889
2,2024-05-08 11:27:44.900000,2024-05-08 11:34:21.633333,6.612222216666667
3,2024-05-03 14:47:38.566667,2024-05-03 15:13:03.966667,25.423333333333336
3,2024-05-03 15:14:20.733333,2024-05-03 15:18:59.466667,4.645555566666667
3,2024-05-07 14:32:01.433333,2024-05-07 14:54:21.733333,22.33833333333333
3,2024-05-07 15:46:13.700000,2024-05-07 15:54:05.900000,7.87
3,2024-05-07 15:54:56.033333,2024-05-07 16:01:21.133333,6.418333333333334
3,2024-05-07 16:13:59.533333,2024-05-07 16:25:17.866667,11.305555566666667
3,2024-05-07 16:25:56.066667,2024-05-07 16:50:04.733333,24.144444433333337
3,2024-05-07 16:51:24.066667,2024-05-07 17:00:34.633333,9.176111100000002
3,2024-05-08 10:36:43.166667,2024-05-08 10:41:29.300000,4.768888883333333
3,2024-05-08 10:42:41.600000,2024-05-08 10:44:46.433333,2.08055555
3,2024-05-08 10:45:23.933333,2024-05-08 10:52:04.833333,6.681666666666667
3,2024-05-08 10:52:14.766667,2024-05-08 10:55:45.033333,3.504444433333333
3,2024-05-08 10:55:47.000000,2024-05-08 10:58:47.033333,3.00055555
3,2024-05-08 10:59:10.266667,2024-05-08 11:01:32.266667,2.3666666666666667
3,2024-05-08 11:02:05.866667,2024-05-08 11:07:55.033333,5.8194444333333335
3,2024-05-08 11:09:14.733333,2024-05-08 11:17:57.200000,8.707777783333334
3,2024-05-08 11:19:03.466667,2024-05-08 11:23:13.966667,4.175
3,2024-05-08 11:31:06.300000,2024-05-08 11:46:55.700000,15.823333333333332
4,2024-04-29 17:20:21.300000,2024-04-29 17:22:10.800000,1.825
4,2024-05-07 17:09:02.533333,2024-05-07 17:17:16.500000,8.232777783333333
4,2024-05-08 10:44:10.300000,2024-05-08 10:53:58.533333,9.803888883333334
4,2024-05-08 10:59:28.700000,2024-05-08 11:04:39.400000,5.178333333333333
4,2024-05-08 11:44:22.233333,2024-05-08 11:46:26.366667,2.0688889
4,2024-05-08 11:46:31.166667,2024-05-08 11:49:18.233333,2.784444433333334
4,2024-05-08 11:49:54.333333,2024-05-08 11:55:00.933333,5.11
5,2024-04-30 13:00:10.166667,2024-04-30 13:07:27.333333,7.2861111
5,2024-04-30 13:07:29.266667,2024-04-30 13:09:22.233333,1.8827777666666667
5,2024-05-01 18:30:01.333333,2024-05-01 18:44:59.400000,14.967777783333334
5,2024-05-02 16:26:20.600000,2024-05-02 16:27:27.866667,1.1211111166666667
5,2024-05-03 15:51:36.866667,2024-05-03 16:10:41.266667,19.073333333333338
5,2024-05-07 11:52:24.500000,2024-05-07 12:18:04.400000,25.665000000000003
5,2024-05-07 12:18:18.233333,2024-05-07 12:24:24.400000,6.102777783333334
5,2024-05-08 10:03:46.533333,2024-05-08 10:31:07.500000,27.34944445
5,2024-05-08 10:31:37.033333,2024-05-08 10:37:25.500000,5.807777783333333
5,2024-05-08 10:37:36.766667,2024-05-08 10:38:24.933333,0.8027777666666667
5,2024-05-08 10:40:19.933333,2024-05-08 10:46:57.733333,6.63
5,2024-05-08 11:25:08.133333,2024-05-08 11:48:25.233333,23.285
5,2024-05-08 11:49:11.766667,2024-05-08 12:04:02.200000,14.84055555
5,2024-05-08 12:04:34.133333,2024-05-08 12:16:40.166667,12.100555566666666
6,2024-04-30 13:06:57.866667,2024-04-30 13:09:13.600000,2.2622222166666663
6,2024-05-07 15:01:18.333333,2024-05-07 15:23:39.133333,22.346666666666668
6,2024-05-08 11:05:29.733333,2024-05-08 11:06:50.733333,1.35
6,2024-05-08 12:45:50.466667,2024-05-08 12:48:34.000000,2.72555555
6,2024-05-08 12:49:03.900000,2024-05-08 13:01:37.966667,12.567777783333334
6,2024-05-08 13:04:05.000000,2024-05-08 13:11:36.233333,7.52055555
6,2024-05-08 13:12:27.266667,2024-05-08 13:14:43.366667,2.268333333333333
6,2024-05-08 13:15:35.900000,2024-05-08 13:25:59.166667,10.387777783333332
7,2024-04-29 18:36:30.066667,2024-04-29 18:39:53.166667,3.385
7,2024-05-07 12:19:45.166667,2024-05-07 12:20:52.466667,1.1216666666666666
7,2024-05-08 13:57:14.400000,2024-05-08 14:00:27.900000,3.225
7,2024-05-08 14:00:28.600000,2024-05-08 14:10:19.500000,9.848333333333333
8,2024-05-03 16:23:01.400000,2024-05-03 16:37:49.833333,14.807222216666666
8,2024-05-07 15:15:21.800000,2024-05-07 15:44:58.033333,29.603888883333333
8,2024-05-08 13:19:20.266667,2024-05-08 13:48:17.766667,28.958333333333332
8,2024-05-08 14:58:28.366667,2024-05-08 15:01:22.166667,2.896666666666667
9,2024-05-08 15:14:50.200000,2024-05-08 15:20:11.766667,5.35944445
9,2024-05-08 15:20:15.266667,2024-05-08 15:28:28.600000,8.222222216666667
10,2024-04-29 17:25:07.466667,2024-04-29 17:46:17.100000,21.16055555
11,2024-04-29 17:58:51.800000,2024-04-29 18:09:29.133333,10.622222216666668
11,2024-04-29 18:53:30.800000,2024-04-29 19:11:40.433333,18.16055555
11,2024-04-29 19:14:10.966667,2024-04-29 19:36:10.433333,21.9911111
11,2024-05-01 17:43:09.133333,2024-05-01 17:47:07.533333,3.9733333333333336
11,2024-05-01 17:48:10.400000,2024-05-01 18:02:35.866667,14.42444445
11,2024-05-01 18:39:09.200000,2024-05-01 18:48:50.033333,9.68055555
11,2024-05-02 08:07:30.866667,2024-05-02 08:09:58.300000,2.457222216666666
11,2024-05-02 08:11:30.233333,2024-05-02 08:14:53.766667,3.3922222333333334
11,2024-05-02 08:17:35.533333,2024-05-02 08:20:27.733333,2.8699999999999997
11,2024-05-02 08:22:11.566667,2024-05-02 08:26:11.233333,3.9944444333333338
11,2024-05-02 08:26:50.933333,2024-05-02 08:28:27.366667,1.6072222333333337
11,2024-05-02 08:29:37.066667,2024-05-02 08:46:31.600000,16.908888883333333
11,2024-05-02 08:47:49.033333,2024-05-02 08:53:21.500000,5.5411111166666664
11,2024-05-02 08:55:09.866667,2024-05-02 09:07:22.300000,12.207222216666668
11,2024-05-02 09:09:27.500000,2024-05-02 09:14:04.633333,4.618888883333333
11,2024-05-02 09:15:27.366667,2024-05-02 09:21:19.233333,5.864444433333333
11,2024-05-02 09:22:32.200000,2024-05-02 09:23:57.366667,1.41944445
11,2024-05-02 09:24:46.800000,2024-05-02 09:35:58.833333,11.20055555
11,2024-05-02 09:37:50.033333,2024-05-02 09:45:40.033333,7.833333333333333
11,2024-05-02 09:47:16.766667,2024-05-02 09:58:10.700000,10.898888883333331
11,2024-05-02 09:59:49.366667,2024-05-02 10:11:21.766667,11.54
11,2024-05-02 10:12:57.800000,2024-05-02 10:22:08.966667,9.186111116666666
11,2024-05-02 10:23:42.733333,2024-05-02 10:36:43.933333,13.02
11,2024-05-02 10:38:01.533333,2024-05-02 10:46:10.000000,8.141111116666666
11,2024-05-02 10:47:41.066667,2024-05-02 10:53:18.366667,5.621666666666667
11,2024-05-02 10:54:35.300000,2024-05-02 11:02:08.266667,7.549444449999999
11,2024-05-02 11:03:25.200000,2024-05-02 11:05:18.766667,1.8927777833333332
11,2024-05-02 11:06:03.466667,2024-05-02 11:12:31.300000,6.4638888833333334
11,2024-05-02 11:14:05.300000,2024-05-02 11:22:01.466667,7.936111116666667
11,2024-05-02 11:24:32.866667,2024-05-02 11:31:04.466667,6.526666666666667
11,2024-05-02 11:32:27.766667,2024-05-02 11:39:10.833333,6.717777766666667
11,2024-05-02 11:40:34.233333,2024-05-02 11:47:33.233333,6.983333333333333
11,2024-05-02 11:49:00.266667,2024-05-02 12:07:45.966667,18.761666666666667
11,2024-05-02 12:09:52.500000,2024-05-02 12:11:56.800000,2.0716666666666668
11,2024-05-02 12:13:11.833333,2024-05-02 12:15:01.466667,1.8272222333333337
11,2024-05-02 12:15:58.166667,2024-05-02 12:18:44.333333,2.7694444333333332
11,2024-05-02 12:35:24.433333,2024-05-02 12:39:45.000000,4.342777783333333
11,2024-05-02 12:40:42.300000,2024-05-02 12:47:37.266667,6.9161111166666664
11,2024-05-02 12:48:55.800000,2024-05-02 12:53:40.700000,4.748333333333333
11,2024-05-02 12:54:35.733333,2024-05-02 13:10:03.766667,15.467222233333333
11,2024-05-02 13:10:28.600000,2024-05-02 13:12:25.466667,1.9477777833333336
11,2024-05-02 13:12:42.100000,2024-05-02 13:15:21.900000,2.6633333333333336
11,2024-05-02 13:16:00.100000,2024-05-02 13:23:19.500000,7.323333333333333
11,2024-05-02 13:24:51.733333,2024-05-02 13:27:12.966667,2.3538889000000003
11,2024-05-02 13:28:45.666667,2024-05-02 13:36:05.700000,7.333888883333334
11,2024-05-02 13:36:59.833333,2024-05-02 13:40:23.200000,3.38944445
11,2024-05-02 13:41:42.800000,2024-05-02 13:43:51.100000,2.1383333333333336
11,2024-05-02 13:46:56.300000,2024-05-02 13:48:56.866667,2.0094444499999997
11,2024-05-02 13:50:35.466667,2024-05-02 13:57:12.866667,6.623333333333333
11,2024-05-02 13:59:43.600000,2024-05-02 14:11:05.633333,11.367222216666669
11,2024-05-02 14:12:09.066667,2024-05-02 14:39:23.866667,27.246666666666663
11,2024-05-02 14:40:21.900000,2024-05-02 14:48:14.066667,7.86944445
11,2024-05-02 15:46:13.666667,2024-05-02 15:55:35.866667,9.37
11,2024-05-02 15:56:27.333333,2024-05-02 16:05:54.466667,9.452222233333334
11,2024-05-02 16:06:59.766667,2024-05-02 16:24:35.100000,17.588888883333333
11,2024-05-02 16:25:41.133333,2024-05-02 16:30:14.033333,4.548333333333333
11,2024-05-02 16:31:02.800000,2024-05-02 16:36:13.066667,5.171111116666666
11,2024-05-02 16:37:03.033333,2024-05-02 16:44:01.600000,6.976111116666667
11,2024-05-02 16:44:54.800000,2024-05-02 16:52:44.766667,7.8327777833333325
11,2024-05-02 16:53:38.366667,2024-05-02 17:01:36.933333,7.9761111
11,2024-05-02 17:02:30.766667,2024-05-02 17:10:07.200000,7.607222216666667
11,2024-05-02 17:11:04.833333,2024-05-02 17:18:41.233333,7.606666666666667
11,2024-05-02 17:19:41.733333,2024-05-02 17:26:18.033333,6.605
11,2024-05-02 17:27:12.433333,2024-05-02 17:30:20.800000,3.13944445
11,2024-05-02 17:30:56.366667,2024-05-02 17:40:01.966667,9.093333333333334
11,2024-05-02 17:41:00.333333,2024-05-02 17:48:59.200000,7.981111116666667
11,2024-05-02 17:49:54.433333,2024-05-02 18:03:45.833333,13.856666666666666
11,2024-05-02 18:04:42.800000,2024-05-02 18:12:33.866667,7.851111116666667
11,2024-05-02 18:13:34.033333,2024-05-02 18:31:26.933333,17.881666666666668
11,2024-05-02 18:32:30.800000,2024-05-02 18:33:31.866667,1.0177777833333337
11,2024-05-02 18:33:55.800000,2024-05-02 18:36:10.166667,2.23944445
11,2024-05-02 18:38:15.633333,2024-05-02 18:45:43.833333,7.47
11,2024-05-02 18:47:18.666667,2024-05-02 18:51:26.500000,4.13055555
11,2024-05-02 18:54:07.533333,2024-05-02 19:09:08.700000,15.01944445
11,2024-05-02 19:10:51.133333,2024-05-02 19:12:19.366667,1.4705555666666668
11,2024-05-02 19:12:57.866667,2024-05-02 19:22:22.600000,9.412222216666668
11,2024-05-02 19:35:32.566667,2024-05-02 19:45:02.833333,9.504444433333331
11,2024-05-02 19:46:16.133333,2024-05-02 19:54:26.633333,8.175
11,2024-05-02 19:55:51.433333,2024-05-02 19:57:06.566667,1.2522222333333335
11,2024-05-03 08:32:35.400000,2024-05-03 08:33:15.700000,0.6716666666666666
11,2024-05-03 08:33:36.766667,2024-05-03 08:35:31.766667,1.9166666666666667
11,2024-05-03 08:36:18.566667,2024-05-03 08:48:24.066667,12.091666666666669
11,2024-05-03 08:49:52.000000,2024-05-03 08:59:34.866667,9.71444445
11,2024-05-03 09:00:56.866667,2024-05-03 09:16:03.466667,15.11
11,2024-05-03 09:17:06.033333,2024-05-03 09:18:04.933333,0.9816666666666668
11,2024-05-03 09:20:25.466667,2024-05-03 09:29:59.733333,9.5711111
11,2024-05-03 09:30:45.766667,2024-05-03 09:35:31.433333,4.7611111
11,2024-05-03 09:35:56.900000,2024-05-03 09:38:06.600000,2.161666666666666
11,2024-05-03 09:39:06.400000,2024-05-03 09:41:38.466667,2.53444445
11,2024-05-03 09:42:28.033333,2024-05-03 09:44:52.833333,2.4133333333333336
11,2024-05-03 09:46:09.266667,2024-05-03 09:49:06.533333,2.9544444333333333
11,2024-05-03 09:50:06.566667,2024-05-03 09:58:15.633333,8.1511111
11,2024-05-03 09:59:12.600000,2024-05-03 10:01:08.566667,1.9327777833333333
11,2024-05-03 10:03:41.500000,2024-05-03 10:05:53.766667,2.20444445
11,2024-05-03 10:08:23.900000,2024-05-03 10:16:23.866667,7.99944445
11,2024-05-03 10:18:16.433333,2024-05-03 10:20:42.200000,2.42944445
11,2024-05-03 10:22:30.600000,2024-05-03 10:24:53.533333,2.382222216666667
11,2024-05-03 10:27:08.700000,2024-05-03 10:31:52.200000,4.725
11,2024-05-03 10:35:02.400000,2024-05-03 10:37:31.566667,2.4861111166666663
11,2024-05-03 10:38:08.566667,2024-05-03 10:44:21.633333,6.217777766666667
11,2024-05-03 10:45:26.800000,2024-05-03 10:52:19.366667,6.876111116666666
11,2024-05-03 10:53:44.800000,2024-05-03 11:01:46.200000,8.023333333333333
11,2024-05-03 11:02:53.333333,2024-05-03 11:10:20.200000,7.447777783333334
11,2024-05-03 11:11:22.100000,2024-05-03 11:19:30.433333,8.138888883333333
11,2024-05-03 11:20:40.400000,2024-05-03 11:31:23.033333,10.71055555
11,2024-05-03 11:32:37.533333,2024-05-03 11:34:34.833333,1.955
11,2024-05-03 11:35:26.200000,2024-05-03 11:44:31.666667,9.091111116666667
11,2024-05-03 11:45:47.233333,2024-05-03 11:56:45.266667,10.967222233333333
11,2024-05-03 11:58:00.166667,2024-05-03 12:05:33.833333,7.561111100000001
11,2024-05-03 12:06:50.000000,2024-05-03 12:15:11.000000,8.35
11,2024-05-03 12:16:33.966667,2024-05-03 12:28:53.733333,12.329444433333332
11,2024-05-03 12:29:32.733333,2024-05-03 12:37:33.400000,8.011111116666667
11,2024-05-03 12:39:18.066667,2024-05-03 12:48:34.900000,9.28055555
11,2024-05-03 12:50:03.266667,2024-05-03 12:58:21.833333,8.309444433333333
11,2024-05-03 12:59:46.000000,2024-05-03 13:12:41.700000,12.928333333333336
11,2024-05-03 13:14:01.066667,2024-05-03 13:25:49.933333,11.814444433333334
11,2024-05-03 13:27:09.333333,2024-05-03 13:27:50.566667,0.6872222333333333
11,2024-05-03 13:29:20.000000,2024-05-03 13:32:32.900000,3.2150000000000003
11,2024-05-03 13:33:18.966667,2024-05-03 13:35:28.033333,2.1511111
11,2024-05-03 13:36:23.433333,2024-05-03 13:38:20.400000,1.94944445
11,2024-05-03 13:39:22.366667,2024-05-03 13:41:15.200000,1.88055555
11,2024-05-03 13:42:03.200000,2024-05-03 13:46:57.200000,4.9
11,2024-05-03 13:49:06.433333,2024-05-03 13:50:56.266667,1.8305555666666664
11,2024-05-03 13:51:57.333333,2024-05-03 13:53:43.566667,1.7705555666666666
11,2024-05-03 13:54:58.733333,2024-05-03 13:56:53.000000,1.90444445
11,2024-05-03 13:59:13.366667,2024-05-03 14:01:17.833333,2.0744444333333334
11,2024-05-03 14:04:23.366667,2024-05-03 14:08:22.700000,3.988888883333334
11,2024-05-03 14:10:10.666667,2024-05-03 14:10:50.066667,0.6566666666666666
11,2024-05-03 14:11:43.266667,2024-05-03 14:12:15.400000,0.53555555
11,2024-05-03 14:17:05.700000,2024-05-03 14:17:48.666667,0.7161111166666667
11,2024-05-03 14:17:52.133333,2024-05-03 14:20:54.000000,3.0311111166666667
11,2024-05-03 14:24:04.066667,2024-05-03 14:31:02.400000,6.972222216666666
11,2024-05-03 14:44:33.033333,2024-05-03 14:51:47.266667,7.237222233333333
11,2024-05-03 14:54:39.800000,2024-05-03 14:56:12.600000,1.5466666666666666
11,2024-05-03 14:56:39.133333,2024-05-03 14:57:17.866667,0.6455555666666667
11,2024-05-03 15:07:22.333333,2024-05-03 15:09:55.766667,2.5572222333333334
11,2024-05-03 15:10:18.533333,2024-05-03 15:12:42.533333,2.4
11,2024-05-03 15:12:45.633333,2024-05-03 15:13:21.500000,0.5977777833333333
11,2024-05-03 15:15:27.033333,2024-05-03 15:23:44.833333,8.296666666666667
11,2024-05-03 15:25:25.766667,2024-05-03 15:30:06.200000,4.673888883333333
11,2024-05-03 15:31:55.866667,2024-05-03 15:34:23.133333,2.4544444333333333
11,2024-05-03 15:38:29.433333,2024-05-03 15:43:17.200000,4.796111116666666
11,2024-05-03 15:52:27.766667,2024-05-03 15:54:48.200000,2.34055555
11,2024-05-03 16:00:43.300000,2024-05-03 16:05:20.400000,4.618333333333334
11,2024-05-03 16:06:09.733333,2024-05-03 16:13:04.833333,6.918333333333334
11,2024-05-03 16:14:25.666667,2024-05-03 16:17:45.700000,3.333888883333333
11,2024-05-03 16:18:37.433333,2024-05-03 16:26:50.533333,8.218333333333334
11,2024-05-03 16:28:10.500000,2024-05-03 16:37:33.900000,9.39
11,2024-05-03 16:44:43.300000,2024-05-03 17:01:27.800000,16.741666666666667
11,2024-05-03 17:02:39.300000,2024-05-03 17:13:09.700000,10.506666666666666
11,2024-05-03 17:14:31.133333,2024-05-03 17:19:04.966667,4.563888899999999
11,2024-05-03 17:31:45.566667,2024-05-03 17:35:38.433333,3.8811111
11,2024-05-03 17:36:48.833333,2024-05-03 17:49:56.300000,13.12444445
11,2024-05-03 17:51:32.866667,2024-05-03 17:55:38.800000,4.098888883333333
11,2024-05-03 17:56:03.933333,2024-05-03 18:04:42.866667,8.6488889
11,2024-05-03 18:06:07.633333,2024-05-03 18:10:45.700000,4.63444445
11,2024-05-03 18:12:01.166667,2024-05-03 18:22:51.900000,10.84555555
11,2024-05-03 18:24:32.766667,2024-05-03 18:35:15.733333,10.7161111
11,2024-05-03 18:51:54.900000,2024-05-03 19:04:20.900000,12.433333333333334
11,2024-05-03 19:06:32.266667,2024-05-03 19:16:48.400000,10.268888883333334
11,2024-05-03 19:18:46.333333,2024-05-03 19:29:43.966667,10.960555566666669
11,2024-05-03 19:32:38.900000,2024-05-03 19:40:28.866667,7.8327777833333325
11,2024-05-06 13:40:32.800000,2024-05-06 14:00:53.900000,20.351666666666667
11,2024-05-06 15:00:29.266667,2024-05-06 15:09:27.133333,8.964444433333334
11,2024-05-06 15:24:36.866667,2024-05-06 15:26:35.766667,1.981666666666667
11,2024-05-06 15:27:22.133333,2024-05-06 15:29:47.600000,2.42444445
11,2024-05-06 15:30:40.933333,2024-05-06 15:32:51.500000,2.1761111166666667
11,2024-05-06 15:33:57.566667,2024-05-06 15:40:42.166667,6.743333333333334
11,2024-05-06 15:41:37.700000,2024-05-06 15:43:50.400000,2.2116666666666664
11,2024-05-06 15:44:42.333333,2024-05-06 15:47:32.200000,2.831111116666667
11,2024-05-06 15:49:21.066667,2024-05-06 15:52:28.566667,3.125
11,2024-05-06 15:56:22.366667,2024-05-06 16:09:05.433333,12.717777766666668
11,2024-05-06 16:13:54.900000,2024-05-06 16:16:05.533333,2.1772222166666664
11,2024-05-06 16:17:25.266667,2024-05-06 16:19:40.933333,2.2611111
11,2024-05-06 16:20:35.166667,2024-05-06 16:23:13.933333,2.6461110999999997
11,2024-05-06 16:23:59.566667,2024-05-06 16:24:35.333333,0.5961111
11,2024-05-06 16:27:49.266667,2024-05-06 16:33:37.066667,5.796666666666667
11,2024-05-06 16:34:34.700000,2024-05-06 16:36:28.900000,1.903333333333333
11,2024-05-06 16:38:21.833333,2024-05-06 16:40:58.866667,2.6172222333333335
11,2024-05-06 16:42:49.400000,2024-05-06 16:45:32.600000,2.72
11,2024-05-06 16:48:52.800000,2024-05-06 16:51:14.300000,2.3583333333333334
11,2024-05-06 16:54:05.766667,2024-05-06 17:00:13.900000,6.13555555
11,2024-05-06 17:02:23.433333,2024-05-06 17:04:38.033333,2.243333333333333
11,2024-05-06 17:06:45.866667,2024-05-06 17:09:14.166667,2.4716666666666667
11,2024-05-06 17:10:25.166667,2024-05-06 17:12:52.833333,2.4611110999999997
11,2024-05-06 17:14:28.266667,2024-05-06 17:16:19.700000,1.8572222166666668
11,2024-05-06 17:17:35.900000,2024-05-06 17:21:32.200000,3.9383333333333335
11,2024-05-06 17:22:47.500000,2024-05-06 17:25:32.200000,2.7449999999999997
11,2024-05-06 17:28:54.033333,2024-05-06 17:31:09.933333,2.265
11,2024-05-06 17:34:28.833333,2024-05-06 17:36:46.066667,2.2872222333333334
11,2024-05-06 17:38:33.466667,2024-05-06 17:41:11.266667,2.6300000000000003
11,2024-05-06 17:47:14.466667,2024-05-06 17:49:27.033333,2.209444433333333
11,2024-05-06 17:49:51.733333,2024-05-06 17:54:07.666667,4.2655555666666665
11,2024-05-06 17:55:23.533333,2024-05-06 17:56:58.100000,1.5761111166666666
11,2024-05-06 17:57:54.066667,2024-05-06 18:05:05.300000,7.187222216666667
11,2024-05-06 18:06:32.433333,2024-05-06 18:13:57.633333,7.42
11,2024-05-06 18:15:25.333333,2024-05-06 18:17:33.333333,2.1333333333333333
11,2024-05-06 18:18:07.400000,2024-05-06 18:26:14.500000,8.118333333333334
11,2024-05-06 18:27:51.766667,2024-05-06 18:35:51.166667,7.989999999999999
11,2024-05-06 18:37:27.566667,2024-05-06 18:39:47.500000,2.332222216666666
11,2024-05-06 18:40:41.000000,2024-05-06 18:48:57.666667,8.277777783333333
11,2024-05-06 18:50:45.533333,2024-05-06 18:59:15.133333,8.493333333333334
11,2024-05-06 19:01:20.266667,2024-05-06 19:21:33.133333,20.21444443333333
11,2024-05-07 12:15:15.166667,2024-05-07 12:38:10.700000,22.92555555
11,2024-05-07 12:39:35.566667,2024-05-07 12:47:33.366667,7.963333333333334
11,2024-05-07 12:49:02.300000,2024-05-07 13:00:20.500000,11.303333333333336
11,2024-05-07 13:01:49.533333,2024-05-07 13:13:30.100000,11.676111116666668
11,2024-05-07 14:32:01.733333,2024-05-07 14:57:46.333333,25.743333333333332
11,2024-05-07 14:59:23.066667,2024-05-07 15:06:47.633333,7.409444433333333
11,2024-05-07 15:43:38.500000,2024-05-07 15:58:28.133333,14.827222216666666
11,2024-05-07 16:00:25.066667,2024-05-07 16:01:40.000000,1.2488888833333334
11,2024-05-07 16:03:16.666667,2024-05-07 16:06:42.733333,3.4344444333333333
11,2024-05-07 16:07:40.933333,2024-05-07 16:10:23.000000,2.7011111166666666
11,2024-05-07 16:11:25.466667,2024-05-07 16:16:49.700000,5.403888883333334
11,2024-05-07 16:18:15.866667,2024-05-07 16:20:37.233333,2.3561111
11,2024-05-07 16:21:53.700000,2024-05-07 16:23:14.033333,1.3388888833333332
11,2024-05-07 16:23:21.366667,2024-05-07 16:25:21.700000,2.00555555
11,2024-05-07 16:26:41.800000,2024-05-07 16:31:47.600000,5.096666666666667
11,2024-05-07 16:39:37.400000,2024-05-07 16:41:57.633333,2.3372222166666665
11,2024-05-07 16:45:28.066667,2024-05-07 16:52:43.666667,7.260000000000001
11,2024-05-07 16:56:44.666667,2024-05-07 16:59:24.966667,2.671666666666667
11,2024-05-07 17:04:07.800000,2024-05-07 17:06:51.600000,2.73
11,2024-05-07 17:14:43.733333,2024-05-07 17:18:15.266667,3.5255555666666667
11,2024-05-07 17:25:58.400000,2024-05-07 17:36:08.033333,10.16055555
11,2024-05-07 17:39:31.633333,2024-05-07 17:42:11.700000,2.667777783333334
11,2024-05-07 17:44:19.366667,2024-05-07 17:47:40.900000,3.3588888833333335
11,2024-05-07 17:49:29.866667,2024-05-07 17:53:05.666667,3.5966666666666667
11,2024-05-07 18:12:19.133333,2024-05-07 18:17:55.833333,5.611666666666666
11,2024-05-07 18:20:29.966667,2024-05-07 18:24:40.666667,4.178333333333333
11,2024-05-07 18:28:07.300000,2024-05-07 18:46:10.000000,18.045
11,2024-05-07 18:48:35.700000,2024-05-07 18:51:31.433333,2.9288888833333333
11,2024-05-07 18:54:38.633333,2024-05-07 18:57:40.666667,3.0338889
11,2024-05-07 19:10:09.866667,2024-05-07 19:21:09.700000,10.997222216666668
11,2024-05-07 19:26:48.566667,2024-05-07 19:31:04.466667,4.265
11,2024-05-08 12:50:29.566667,2024-05-08 12:55:22.433333,4.8811111
11,2024-05-08 12:56:34.000000,2024-05-08 13:09:55.766667,13.362777783333334
11,2024-05-08 13:11:31.133333,2024-05-08 13:13:40.900000,2.1627777833333335
11,2024-05-08 13:16:36.100000,2024-05-08 13:18:47.500000,2.19
11,2024-05-08 13:18:48.600000,2024-05-08 13:22:40.500000,3.865
11,2024-05-08 13:22:41.900000,2024-05-08 13:39:08.566667,16.44444445
11,2024-05-08 13:50:47.333333,2024-05-08 13:52:11.500000,1.4027777833333337
12,2024-04-29 16:42:34.833333,2024-04-29 16:52:59.200000,10.406111116666668
12,2024-04-29 16:53:23.233333,2024-04-29 16:54:53.100000,1.4977777833333334
12,2024-04-29 16:55:06.666667,2024-04-29 17:02:59.533333,7.8811111
12,2024-04-29 17:03:48.100000,2024-04-29 17:14:01.233333,10.218888883333332
12,2024-04-29 17:14:50.533333,2024-04-29 17:31:30.066667,16.6588889
12,2024-04-29 17:32:52.366667,2024-04-29 17:48:08.100000,15.262222216666666
12,2024-04-29 17:49:18.933333,2024-04-29 18:00:54.833333,11.598333333333333
12,2024-04-29 18:00:56.100000,2024-04-29 18:11:29.433333,10.55555555
12,2024-04-29 18:13:13.233333,2024-04-29 18:19:18.333333,6.085
12,2024-04-29 18:19:20.133333,2024-04-29 18:21:40.200000,2.33444445
12,2024-04-29 18:23:08.666667,2024-04-29 18:43:24.400000,20.262222216666665
12,2024-04-29 18:46:29.566667,2024-04-29 18:57:59.866667,11.505
12,2024-04-29 18:58:55.233333,2024-04-29 19:01:57.466667,3.0372222333333334
12,2024-04-30 13:28:11.200000,2024-04-30 13:47:09.066667,18.96444445
12,2024-04-30 14:52:52.533333,2024-04-30 15:14:16.400000,21.397777783333332
12,2024-04-30 15:14:59.800000,2024-04-30 15:18:39.966667,3.66944445
12,2024-04-30 15:26:27.266667,2024-04-30 15:33:12.133333,6.747777766666667
12,2024-04-30 15:37:50.033333,2024-04-30 15:48:44.866667,10.9138889
12,2024-05-01 18:04:33.300000,2024-05-01 18:05:07.533333,0.57055555
12,2024-05-01 18:41:29.233333,2024-05-01 18:50:21.966667,8.8788889
12,2024-05-01 18:50:23.133333,2024-05-01 19:04:56.966667,14.5638889
12,2024-05-01 19:05:43.000000,2024-05-01 19:11:41.933333,5.982222216666667
12,2024-05-01 19:13:09.266667,2024-05-01 19:20:27.800000,7.308888883333334
12,2024-05-01 19:21:53.833333,2024-05-01 19:32:50.400000,10.942777783333334
12,2024-05-01 19:33:54.966667,2024-05-01 19:45:19.466667,11.408333333333331
12,2024-05-01 19:46:23.500000,2024-05-01 19:49:12.200000,2.8116666666666665
12,2024-05-02 08:06:10.566667,2024-05-02 08:14:35.733333,8.419444433333334
12,2024-05-02 08:14:46.800000,2024-05-02 08:28:23.700000,13.615
12,2024-05-02 08:28:24.900000,2024-05-02 08:51:48.666667,23.396111116666667
12,2024-05-02 08:54:15.500000,2024-05-02 08:58:05.100000,3.826666666666666
12,2024-05-02 09:00:05.133333,2024-05-02 09:07:18.300000,7.21944445
12,2024-05-02 09:07:20.466667,2024-05-02 09:16:24.600000,9.068888883333331
12,2024-05-02 09:16:43.533333,2024-05-02 09:28:58.866667,12.255555566666668
12,2024-05-02 10:26:19.000000,2024-05-02 10:46:07.533333,19.808888883333335
12,2024-05-02 10:53:23.966667,2024-05-02 10:55:47.800000,2.397222216666667
12,2024-05-02 12:22:38.766667,2024-05-02 12:31:46.866667,9.135
12,2024-05-02 12:32:27.666667,2024-05-02 12:36:42.766667,4.251666666666667
12,2024-05-02 12:36:58.500000,2024-05-02 12:39:39.633333,2.6855555499999997
12,2024-05-02 12:41:16.866667,2024-05-02 12:57:04.566667,15.795
12,2024-05-02 17:43:29.700000,2024-05-02 17:51:59.133333,8.49055555
12,2024-05-02 17:52:29.700000,2024-05-02 17:59:49.233333,7.325555550000001
12,2024-05-02 18:01:46.900000,2024-05-02 18:25:39.933333,23.883888883333334
12,2024-05-02 18:27:38.400000,2024-05-02 18:39:33.833333,11.923888883333332
12,2024-05-02 18:39:47.900000,2024-05-02 18:42:27.900000,2.6666666666666665
12,2024-05-02 18:43:49.566667,2024-05-02 18:54:08.566667,10.316666666666666
12,2024-05-02 19:01:43.533333,2024-05-02 19:03:36.966667,1.890555566666667
12,2024-05-02 19:44:53.166667,2024-05-02 19:47:32.566667,2.6566666666666667
12,2024-05-02 19:47:56.766667,2024-05-02 19:56:29.900000,8.552222216666667
12,2024-05-03 09:15:02.833333,2024-05-03 09:24:29.966667,9.452222233333334
12,2024-05-03 09:25:32.266667,2024-05-03 09:33:47.033333,8.2461111
12,2024-05-03 09:34:22.233333,2024-05-03 09:55:18.633333,20.94
12,2024-05-03 12:37:31.033333,2024-05-03 12:48:28.366667,10.955555566666668
12,2024-05-03 12:48:32.533333,2024-05-03 13:06:17.600000,17.751111116666667
12,2024-05-03 13:08:22.633333,2024-05-03 13:12:36.966667,4.2388889
12,2024-05-03 13:12:39.433333,2024-05-03 13:27:45.633333,15.103333333333332
12,2024-05-03 13:27:48.866667,2024-05-03 13:32:25.700000,4.613888883333333
12,2024-05-03 13:32:31.100000,2024-05-03 13:33:56.133333,1.4172222166666666
12,2024-05-03 13:34:14.433333,2024-05-03 13:47:17.533333,13.051666666666668
12,2024-05-03 13:47:19.233333,2024-05-03 13:50:52.400000,3.552777783333333
12,2024-05-03 13:50:54.300000,2024-05-03 13:56:49.133333,5.913888883333333
12,2024-05-03 13:56:51.166667,2024-05-03 14:05:48.733333,8.959444433333335
12,2024-05-03 14:06:41.200000,2024-05-03 14:16:31.233333,9.833888883333334
12,2024-05-03 14:16:51.500000,2024-05-03 14:17:34.766667,0.7211111166666666
12,2024-05-03 14:17:35.666667,2024-05-03 14:44:36.900000,27.020555549999997
12,2024-05-03 14:51:30.833333,2024-05-03 14:54:27.200000,2.9394444500000003
12,2024-05-03 16:43:43.866667,2024-05-03 17:01:21.633333,17.629444433333333
12,2024-05-03 17:01:25.700000,2024-05-03 17:20:11.900000,18.77
12,2024-05-06 16:28:25.666667,2024-05-06 16:29:51.166667,1.425
12,2024-05-07 10:44:39.533333,2024-05-07 10:45:39.766667,1.0038889
12,2024-05-07 11:44:31.200000,2024-05-07 12:06:07.966667,21.612777783333335
12,2024-05-07 12:06:41.666667,2024-05-07 12:24:14.200000,17.54222221666667
12,2024-05-07 15:44:18.133333,2024-05-07 15:47:32.500000,3.23944445
12,2024-05-07 15:48:55.166667,2024-05-07 15:51:23.300000,2.4688888833333333
12,2024-05-07 15:52:55.166667,2024-05-07 15:55:17.366667,2.3699999999999997
12,2024-05-07 15:57:08.200000,2024-05-07 16:05:21.066667,8.21444445
12,2024-05-07 16:07:32.533333,2024-05-07 16:12:24.400000,4.86444445
12,2024-05-07 16:15:32.466667,2024-05-07 16:17:51.566667,2.318333333333334
12,2024-05-07 16:21:11.166667,2024-05-07 16:31:12.700000,10.02555555
12,2024-05-07 17:26:52.166667,2024-05-07 17:29:44.100000,2.8655555500000003
12,2024-05-07 17:30:36.633333,2024-05-07 17:33:12.566667,2.5988889
12,2024-05-07 17:34:00.700000,2024-05-07 17:52:13.100000,18.206666666666667
12,2024-05-07 17:52:15.133333,2024-05-07 18:09:59.100000,17.732777783333333
12,2024-05-07 18:20:28.866667,2024-05-07 18:37:52.433333,17.392777766666665
12,2024-05-07 19:19:22.500000,2024-05-07 19:28:41.700000,9.32
13,2024-04-29 16:34:37.700000,2024-04-29 16:42:35.600000,7.965
13,2024-04-29 16:56:58.933333,2024-04-29 17:16:37.933333,19.65
13,2024-04-29 18:02:50.200000,2024-04-29 18:07:59.300000,5.151666666666667
13,2024-04-29 18:09:03.000000,2024-04-29 18:09:49.266667,0.7711111166666667
13,2024-04-29 18:10:09.233333,2024-04-29 18:11:07.700000,0.97444445
13,2024-04-29 18:12:11.233333,2024-04-29 18:14:05.433333,1.903333333333333
13,2024-04-29 18:15:19.666667,2024-04-29 18:27:43.333333,12.394444433333332
13,2024-04-29 18:27:49.100000,2024-04-29 18:37:24.866667,9.596111116666666
13,2024-04-29 18:38:36.433333,2024-04-29 18:40:13.866667,1.6238889
13,2024-04-29 18:42:51.933333,2024-04-29 18:59:37.866667,16.765555566666666
13,2024-04-29 18:59:57.600000,2024-04-29 19:05:57.900000,6.005
13,2024-04-29 19:06:39.433333,2024-04-29 19:19:28.800000,12.822777783333333
13,2024-04-29 19:20:37.833333,2024-04-29 19:22:25.333333,1.7916666666666667
13,2024-04-29 19:24:01.500000,2024-04-29 19:25:21.633333,1.3355555499999998
13,2024-04-30 12:39:20.233333,2024-04-30 12:46:30.366667,7.1688889
13,2024-04-30 12:47:32.633333,2024-04-30 12:57:01.600000,9.482777783333336
13,2024-04-30 12:58:31.600000,2024-04-30 13:01:13.900000,2.705
13,2024-04-30 13:01:15.866667,2024-04-30 13:06:04.700000,4.813888883333333
13,2024-04-30 13:07:50.400000,2024-04-30 13:16:18.033333,8.46055555
13,2024-04-30 13:35:24.833333,2024-04-30 13:55:13.033333,19.803333333333335
13,2024-04-30 13:56:43.466667,2024-04-30 13:58:45.933333,2.0411111
13,2024-04-30 14:25:16.066667,2024-04-30 14:46:01.400000,20.75555555
13,2024-04-30 14:48:31.000000,2024-04-30 15:00:37.266667,12.10444445
13,2024-04-30 15:01:58.366667,2024-04-30 15:03:59.900000,2.02555555
13,2024-04-30 15:46:14.800000,2024-04-30 15:52:28.966667,6.236111116666667
13,2024-04-30 15:55:52.000000,2024-04-30 16:07:45.400000,11.89
13,2024-05-01 16:32:57.133333,2024-05-01 16:59:55.433333,26.971666666666668
13,2024-05-01 18:09:09.033333,2024-05-01 18:23:26.533333,14.291666666666666
13,2024-05-01 18:24:19.533333,2024-05-01 18:35:23.366667,11.0638889
13,2024-05-01 18:35:33.033333,2024-05-01 18:37:21.933333,1.815
13,2024-05-01 18:37:42.800000,2024-05-01 18:46:15.000000,8.536666666666667
13,2024-05-01 18:46:16.033333,2024-05-01 18:50:12.933333,3.9483333333333337
13,2024-05-01 18:50:13.500000,2024-05-01 18:51:51.233333,1.6288888833333333
13,2024-05-01 18:53:03.133333,2024-05-01 18:55:22.033333,2.315
13,2024-05-02 08:03:14.466667,2024-05-02 08:25:29.300000,22.247222216666668
13,2024-05-02 08:27:10.900000,2024-05-02 08:38:16.300000,11.09
13,2024-05-02 09:12:14.866667,2024-05-02 09:35:20.533333,23.094444433333333
13,2024-05-02 09:35:55.433333,2024-05-02 09:58:05.500000,22.167777783333335
13,2024-05-02 09:58:27.133333,2024-05-02 10:23:42.066667,25.2488889
13,2024-05-02 10:23:58.500000,2024-05-02 10:47:17.566667,23.317777783333337
13,2024-05-02 10:48:19.266667,2024-05-02 10:53:39.666667,5.34
13,2024-05-02 11:21:55.400000,2024-05-02 11:43:47.266667,21.86444445
13,2024-05-02 11:44:11.533333,2024-05-02 11:59:16.966667,15.090555566666666
13,2024-05-02 11:59:29.566667,2024-05-02 12:00:07.200000,0.6272222166666667
13,2024-05-02 12:21:36.033333,2024-05-02 12:25:16.666667,3.677222233333333
13,2024-05-02 12:26:37.866667,2024-05-02 12:34:40.133333,8.037777766666666
13,2024-05-02 12:36:32.666667,2024-05-02 12:44:34.666667,8.033333333333333
13,2024-05-02 12:45:20.400000,2024-05-02 12:56:59.266667,11.647777783333334
13,2024-05-02 12:58:25.233333,2024-05-02 12:59:50.133333,1.415
13,2024-05-02 17:05:43.600000,2024-05-02 17:29:06.900000,23.388333333333332
13,2024-05-02 17:41:19.333333,2024-05-02 17:52:58.033333,11.645
13,2024-05-02 17:54:19.700000,2024-05-02 17:55:50.500000,1.5133333333333332
13,2024-05-02 17:55:51.266667,2024-05-02 18:24:11.600000,28.338888883333333
13,2024-05-02 18:25:07.566667,2024-05-02 18:30:28.333333,5.3461111
13,2024-05-02 18:30:52.466667,2024-05-02 18:32:39.200000,1.7788888833333334
13,2024-05-02 19:11:50.466667,2024-05-02 19:35:08.300000,23.29722221666667
13,2024-05-02 19:36:49.833333,2024-05-02 19:38:50.900000,2.0177777833333335
13,2024-05-02 19:42:33.866667,2024-05-02 19:57:44.033333,15.169444433333332
13,2024-05-03 10:15:01.400000,2024-05-03 10:15:52.466667,0.8511111166666667
13,2024-05-03 10:16:24.300000,2024-05-03 10:26:58.566667,10.571111116666666
13,2024-05-03 10:27:13.500000,2024-05-03 10:29:59.733333,2.7705555499999996
13,2024-05-03 11:19:27.800000,2024-05-03 11:44:22.533333,24.912222216666667
13,2024-05-03 11:44:28.366667,2024-05-03 12:03:37.466667,19.151666666666664
13,2024-05-03 12:04:12.100000,2024-05-03 12:05:21.800000,1.1616666666666666
13,2024-05-03 12:06:40.700000,2024-05-03 12:21:10.366667,14.49444445
13,2024-05-03 12:22:23.500000,2024-05-03 12:24:36.166667,2.2111111166666664
13,2024-05-03 12:25:39.300000,2024-05-03 12:28:46.333333,3.1172222166666668
13,2024-05-03 12:28:51.133333,2024-05-03 12:33:31.166667,4.667222233333334
13,2024-05-03 12:34:42.066667,2024-05-03 12:37:03.433333,2.3561111
13,2024-05-03 12:38:44.133333,2024-05-03 12:40:56.233333,2.2016666666666667
13,2024-05-03 12:42:37.333333,2024-05-03 12:52:01.500000,9.402777783333333
13,2024-05-03 12:52:19.200000,2024-05-03 12:58:16.400000,5.953333333333333
13,2024-05-03 12:58:19.333333,2024-05-03 13:13:30.700000,15.18944445
13,2024-05-03 13:15:09.900000,2024-05-03 13:17:09.033333,1.98555555
13,2024-05-03 13:19:34.833333,2024-05-03 13:24:47.866667,5.217222233333334
13,2024-05-03 13:25:47.566667,2024-05-03 13:36:38.500000,10.848888883333332
13,2024-05-03 13:40:27.766667,2024-05-03 13:47:38.433333,7.177777766666667
13,2024-05-03 13:47:39.800000,2024-05-03 13:59:18.100000,11.638333333333332
13,2024-05-03 14:42:42.733333,2024-05-03 14:45:50.866667,3.1355555666666666
13,2024-05-03 14:47:06.400000,2024-05-03 14:48:27.366667,1.34944445
13,2024-05-03 15:03:25.166667,2024-05-03 15:10:58.466667,7.555000000000001
13,2024-05-03 15:11:29.066667,2024-05-03 15:12:38.166667,1.1516666666666666
13,2024-05-03 15:12:40.300000,2024-05-03 15:22:58.866667,10.30944445
13,2024-05-06 13:23:20.700000,2024-05-06 13:45:48.300000,22.459999999999997
13,2024-05-06 16:01:41.266667,2024-05-06 16:20:54.833333,19.2261111
13,2024-05-06 16:22:03.533333,2024-05-06 16:24:47.766667,2.7372222333333336
13,2024-05-06 19:26:14.966667,2024-05-06 19:40:28.233333,14.2211111
13,2024-05-06 19:40:59.400000,2024-05-06 19:48:10.433333,7.183888883333334
13,2024-05-07 10:52:27.900000,2024-05-07 10:56:30.066667,4.0361111166666666
13,2024-05-07 10:58:13.266667,2024-05-07 11:02:02.633333,3.822777766666667
13,2024-05-07 11:03:43.433333,2024-05-07 11:12:30.533333,8.785
13,2024-05-07 11:14:00.400000,2024-05-07 11:38:57.433333,24.95055555
13,2024-05-07 11:40:55.966667,2024-05-07 12:00:01.566667,19.09333333333333
13,2024-05-07 12:00:17.066667,2024-05-07 12:07:27.766667,7.178333333333333
13,2024-05-07 12:09:54.766667,2024-05-07 12:14:01.033333,4.104444433333333
13,2024-05-07 12:18:34.366667,2024-05-07 12:20:07.233333,1.5477777666666666
13,2024-05-07 13:33:07.233333,2024-05-07 13:36:55.766667,3.8088889
13,2024-05-07 13:41:35.800000,2024-05-07 13:48:01.100000,6.421666666666667
13,2024-05-07 13:50:42.466667,2024-05-07 13:55:42.133333,4.994444433333333
13,2024-05-07 14:08:27.466667,2024-05-07 14:26:14.200000,17.77888888333333
13,2024-05-07 14:29:41.633333,2024-05-07 14:31:56.366667,2.245555566666667
13,2024-05-07 15:26:34.400000,2024-05-07 15:34:40.933333,8.108888883333334
13,2024-05-07 15:38:16.333333,2024-05-07 15:41:03.533333,2.786666666666666
13,2024-05-07 16:40:10.766667,2024-05-07 16:43:03.533333,2.879444433333333
13,2024-05-07 16:50:01.000000,2024-05-07 17:03:44.633333,13.727222216666666
13,2024-05-07 17:10:31.700000,2024-05-07 17:20:11.666667,9.666111116666666
13,2024-05-07 17:23:46.633333,2024-05-07 17:48:26.566667,24.66555556666667
13,2024-05-07 17:48:29.100000,2024-05-07 17:54:24.133333,5.9172222166666675
13,2024-05-07 17:55:20.433333,2024-05-07 18:02:28.666667,7.1372222333333335
13,2024-05-07 18:02:31.333333,2024-05-07 18:11:05.500000,8.569444449999999
13,2024-05-07 18:40:08.133333,2024-05-07 18:42:20.700000,2.20944445
13,2024-05-07 18:45:22.433333,2024-05-07 18:47:29.200000,2.112777783333333
14,2024-04-29 16:33:31.700000,2024-04-29 16:53:06.966667,19.587777783333333
14,2024-04-29 16:54:45.533333,2024-04-29 16:58:55.000000,4.157777783333334
14,2024-04-29 16:59:17.866667,2024-04-29 17:03:29.233333,4.189444433333334
14,2024-04-29 17:16:29.300000,2024-04-29 17:32:59.633333,16.50555555
14,2024-04-29 17:33:38.166667,2024-04-29 17:38:06.900000,4.478888883333334
14,2024-04-29 17:38:51.166667,2024-04-29 17:39:22.066667,0.515
14,2024-04-29 17:40:12.333333,2024-04-29 17:51:11.400000,10.984444450000002
14,2024-04-29 17:51:43.366667,2024-04-29 18:00:46.633333,9.054444433333334
14,2024-04-29 18:00:49.400000,2024-04-29 18:04:36.566667,3.7861111166666666
14,2024-04-29 18:05:51.300000,2024-04-29 18:07:20.566667,1.4877777833333332
14,2024-04-29 18:07:23.533333,2024-04-29 18:09:46.233333,2.378333333333333
14,2024-04-29 18:09:47.866667,2024-04-29 18:13:21.933333,3.5677777666666666
14,2024-04-29 18:14:44.700000,2024-04-29 18:16:58.666667,2.2327777833333333
14,2024-04-29 18:18:41.666667,2024-04-29 18:20:43.666667,2.033333333333333
14,2024-04-29 18:22:22.100000,2024-04-29 18:29:59.666667,7.626111116666666
14,2024-04-29 18:30:12.133333,2024-04-29 18:34:53.500000,4.68944445
14,2024-04-29 18:35:38.966667,2024-04-29 18:53:37.400000,17.973888883333334
14,2024-04-29 18:56:29.466667,2024-04-29 18:59:04.400000,2.582222216666666
14,2024-04-29 18:59:24.566667,2024-04-29 19:04:25.100000,5.008888883333333
14,2024-04-29 19:05:35.000000,2024-04-29 19:08:39.833333,3.08055555
14,2024-04-29 19:09:52.900000,2024-04-29 19:15:50.333333,5.957222216666667
14,2024-04-29 19:17:09.233333,2024-04-29 19:37:06.433333,19.953333333333333
14,2024-04-30 12:27:32.966667,2024-04-30 12:42:28.466667,14.925
14,2024-04-30 12:44:53.800000,2024-04-30 12:52:07.266667,7.224444449999999
14,2024-04-30 13:11:36.833333,2024-04-30 13:37:45.200000,26.13944445
14,2024-04-30 13:48:23.600000,2024-04-30 13:51:31.366667,3.1294444500000003
14,2024-04-30 13:53:05.900000,2024-04-30 14:06:12.966667,13.117777783333334
14,2024-04-30 14:07:43.933333,2024-04-30 14:13:50.066667,6.102222233333333
14,2024-04-30 14:16:04.566667,2024-04-30 14:18:25.400000,2.3472222166666667
14,2024-04-30 14:23:29.133333,2024-04-30 14:32:42.300000,9.21944445
14,2024-04-30 14:34:15.900000,2024-04-30 14:35:33.566667,1.29444445
14,2024-04-30 14:36:43.766667,2024-04-30 14:55:13.500000,18.49555555
14,2024-04-30 14:58:02.800000,2024-04-30 15:09:05.433333,11.043888883333333
14,2024-04-30 15:11:33.266667,2024-04-30 15:32:35.300000,21.033888883333336
14,2024-04-30 15:33:38.966667,2024-04-30 15:35:53.633333,2.2444444333333333
14,2024-04-30 15:36:22.466667,2024-04-30 15:38:53.666667,2.52
14,2024-04-30 15:40:34.066667,2024-04-30 16:00:31.066667,19.95
14,2024-05-01 14:37:36.766667,2024-05-01 14:39:10.266667,1.5583333333333331
14,2024-05-01 17:38:13.933333,2024-05-01 18:02:30.833333,24.28166666666667
14,2024-05-01 18:04:05.533333,2024-05-01 18:05:15.033333,1.1583333333333334
14,2024-05-01 18:06:56.600000,2024-05-01 18:09:28.333333,2.528888883333333
14,2024-05-01 18:11:55.400000,2024-05-01 18:29:29.866667,17.574444449999998
14,2024-05-01 18:30:18.300000,2024-05-01 18:37:48.966667,7.511111116666667
14,2024-05-01 18:43:29.166667,2024-05-01 18:44:06.533333,0.6227777666666667
14,2024-05-01 18:44:39.000000,2024-05-01 18:48:01.800000,3.3800000000000003
14,2024-05-01 19:26:01.466667,2024-05-01 19:36:16.633333,10.252777766666666
14,2024-05-02 08:06:14.300000,2024-05-02 08:20:22.500000,14.136666666666668
14,2024-05-02 08:20:25.033333,2024-05-02 08:21:12.266667,0.7872222333333333
14,2024-05-02 09:13:08.166667,2024-05-02 09:20:06.100000,6.96555555
14,2024-05-02 11:58:30.500000,2024-05-02 12:18:50.533333,20.333888883333337
14,2024-05-02 12:19:47.633333,2024-05-02 12:24:12.800000,4.41944445
14,2024-05-02 12:24:41.333333,2024-05-02 12:35:56.633333,11.255
14,2024-05-02 12:39:07.633333,2024-05-02 12:53:11.633333,14.066666666666666
14,2024-05-02 12:53:33.933333,2024-05-02 12:56:18.466667,2.7422222333333335
14,2024-05-02 12:56:48.100000,2024-05-02 13:03:25.666667,6.626111116666666
14,2024-05-02 13:04:30.500000,2024-05-02 13:12:49.466667,8.316111116666667
14,2024-05-02 13:13:27.300000,2024-05-02 13:16:03.133333,2.5972222166666667
14,2024-05-02 14:03:24.733333,2024-05-02 14:07:18.066667,3.8888889
14,2024-05-02 14:11:19.766667,2024-05-02 14:30:55.733333,19.599444433333336
14,2024-05-02 14:31:26.733333,2024-05-02 14:37:23.066667,5.938888899999999
14,2024-05-02 14:38:35.500000,2024-05-02 14:41:32.066667,2.9427777833333333
14,2024-05-02 17:52:00.533333,2024-05-02 18:10:03.966667,18.057222233333334
14,2024-05-02 18:16:32.766667,2024-05-02 18:31:22.500000,14.828888883333333
14,2024-05-03 12:15:08.466667,2024-05-03 12:28:34.300000,13.43055555
14,2024-05-03 13:04:24.500000,2024-05-03 13:21:43.500000,17.316666666666666
14,2024-05-03 13:23:00.366667,2024-05-03 13:29:43.033333,6.7111111
14,2024-05-03 13:31:21.366667,2024-05-03 13:51:17.733333,19.939444433333332
14,2024-05-03 13:52:56.266667,2024-05-03 14:05:12.166667,12.265
14,2024-05-03 14:07:13.666667,2024-05-03 14:33:15.833333,26.036111100000003
14,2024-05-03 14:33:28.566667,2024-05-03 14:35:19.500000,1.8488888833333337
14,2024-05-03 15:55:08.500000,2024-05-03 15:56:53.000000,1.7416666666666667
14,2024-05-03 15:57:21.433333,2024-05-03 15:59:04.333333,1.715
14,2024-05-03 16:00:40.300000,2024-05-03 16:03:36.833333,2.9422222166666665
14,2024-05-03 17:30:36.666667,2024-05-03 17:50:18.166667,19.691666666666663
14,2024-05-03 17:52:37.833333,2024-05-03 17:58:11.333333,5.558333333333334
14,2024-05-03 17:59:21.100000,2024-05-03 18:26:28.200000,27.118333333333332
14,2024-05-03 18:28:50.233333,2024-05-03 18:44:10.633333,15.34
14,2024-05-06 19:20:39.166667,2024-05-06 19:26:32.066667,5.881666666666666
14,2024-05-07 10:32:21.133333,2024-05-07 10:48:44.866667,16.395555566666665
14,2024-05-07 10:49:03.633333,2024-05-07 11:06:54.600000,17.84944445
14,2024-05-07 11:08:08.300000,2024-05-07 11:20:10.966667,12.04444445
14,2024-05-07 11:21:53.133333,2024-05-07 11:30:04.466667,8.1888889
14,2024-05-07 13:25:25.500000,2024-05-07 13:33:49.066667,8.392777783333333
14,2024-05-07 13:34:01.166667,2024-05-07 14:00:05.100000,26.06555555
14,2024-05-07 14:00:22.266667,2024-05-07 14:02:12.200000,1.8322222166666668
14,2024-05-07 14:03:14.466667,2024-05-07 14:23:11.600000,19.952222216666662
14,2024-05-07 16:28:19.833333,2024-05-07 16:41:45.266667,13.4238889
14,2024-05-07 17:17:33.200000,2024-05-07 17:36:23.766667,18.842777783333336
14,2024-05-07 17:37:21.333333,2024-05-07 17:39:56.066667,2.5788889000000004
14,2024-05-07 17:40:41.233333,2024-05-07 18:10:30.900000,29.82777778333333
14,2024-05-07 18:10:43.800000,2024-05-07 18:30:35.866667,19.867777783333334
15,2024-04-29 16:47:19.666667,2024-04-29 17:04:53.900000,17.570555549999998
15,2024-04-29 17:25:59.566667,2024-04-29 17:33:40.133333,7.6761111
15,2024-04-29 17:37:45.233333,2024-04-29 17:53:39.000000,15.896111116666669
15,2024-04-29 18:06:32.700000,2024-04-29 18:36:05.233333,29.54222221666667
15,2024-04-29 18:43:03.633333,2024-04-29 19:01:54.666667,18.850555566666667
15,2024-04-29 19:01:55.466667,2024-04-29 19:04:18.033333,2.3761111
15,2024-04-29 19:04:19.733333,2024-04-29 19:26:04.933333,21.753333333333337
15,2024-04-30 11:59:08.500000,2024-04-30 12:18:24.700000,19.27
15,2024-04-30 12:20:07.666667,2024-04-30 12:46:10.866667,26.053333333333335
15,2024-04-30 12:46:11.533333,2024-04-30 13:01:23.933333,15.206666666666669
15,2024-04-30 13:02:45.800000,2024-04-30 13:16:57.000000,14.186666666666667
15,2024-04-30 15:27:24.133333,2024-04-30 15:29:00.800000,1.6111111166666667
15,2024-05-01 16:09:50.600000,2024-05-01 16:17:12.166667,7.35944445
15,2024-05-01 16:46:11.733333,2024-05-01 16:53:59.933333,7.803333333333333
15,2024-05-01 16:55:18.400000,2024-05-01 17:02:31.600000,7.22
15,2024-05-01 17:02:53.833333,2024-05-01 17:11:24.000000,8.502777783333334
15,2024-05-01 17:12:25.533333,2024-05-01 17:16:59.166667,4.560555566666666
15,2024-05-01 17:40:29.200000,2024-05-01 18:07:19.500000,26.83833333333333
15,2024-05-01 18:08:29.833333,2024-05-01 18:15:44.533333,7.245
15,2024-05-01 18:16:08.900000,2024-05-01 18:24:58.933333,8.833888883333334
15,2024-05-01 18:26:43.533333,2024-05-01 18:29:02.466667,2.3155555666666667
15,2024-05-01 18:36:32.366667,2024-05-01 18:45:33.633333,9.0211111
15,2024-05-01 18:45:34.833333,2024-05-01 19:05:33.933333,19.985
15,2024-05-03 14:15:58.166667,2024-05-03 14:34:36.766667,18.64333333333333
15,2024-05-03 14:34:55.033333,2024-05-03 14:37:21.833333,2.4466666666666668
15,2024-05-03 15:22:36.133333,2024-05-03 15:24:46.300000,2.16944445
15,2024-05-03 15:41:38.600000,2024-05-03 16:10:48.500000,29.165000000000003
15,2024-05-03 16:11:10.200000,2024-05-03 16:24:53.866667,13.727777783333332
15,2024-05-06 17:08:16.700000,2024-05-06 17:21:26.233333,13.158888883333333
15,2024-05-06 17:56:45.033333,2024-05-06 18:04:03.733333,7.311666666666667
15,2024-05-06 19:44:15.500000,2024-05-06 19:49:23.500000,5.133333333333334
15,2024-05-07 09:00:55.666667,2024-05-07 09:01:45.133333,0.8244444333333334
15,2024-05-07 09:01:59.200000,2024-05-07 09:02:32.833333,0.56055555
15,2024-05-07 09:02:33.566667,2024-05-07 09:03:19.766667,0.77
15,2024-05-08 08:56:42.866667,2024-05-08 09:11:19.300000,14.607222216666663
15,2024-05-08 10:06:31.300000,2024-05-08 10:33:53.400000,27.368333333333332
15,2024-05-08 11:36:47.966667,2024-05-08 12:06:44.833333,29.947777766666665
15,2024-05-08 12:07:22.000000,2024-05-08 12:09:53.433333,2.5238888833333335
16,2024-04-29 16:36:11.600000,2024-04-29 16:39:56.900000,3.755
16,2024-04-29 16:59:00.133333,2024-04-29 16:59:49.633333,0.825
16,2024-04-29 17:08:50.066667,2024-04-29 17:14:45.066667,5.916666666666667
16,2024-04-29 17:14:53.933333,2024-04-29 17:21:13.233333,6.321666666666667
16,2024-04-29 17:22:46.533333,2024-04-29 17:25:20.066667,2.5588889
16,2024-04-29 17:31:26.233333,2024-04-29 17:35:44.000000,4.296111116666666
16,2024-04-29 17:36:43.566667,2024-04-29 17:39:30.866667,2.7883333333333336
16,2024-04-29 17:41:25.866667,2024-04-29 17:51:08.133333,9.704444433333332
16,2024-04-29 18:05:29.366667,2024-04-29 18:07:17.200000,1.7972222166666667
16,2024-04-29 18:07:18.966667,2024-04-29 18:20:23.100000,13.068888883333331
16,2024-04-29 18:22:23.433333,2024-04-29 18:28:03.766667,5.672222233333333
16,2024-04-29 18:29:38.000000,2024-04-29 18:35:24.300000,5.7716666666666665
16,2024-04-29 18:35:34.833333,2024-04-29 18:37:54.800000,2.3327777833333334
16,2024-04-30 12:16:11.200000,2024-04-30 12:30:45.333333,14.568888883333331
16,2024-04-30 12:30:47.866667,2024-04-30 12:38:04.233333,7.272777766666667
16,2024-04-30 12:39:55.366667,2024-04-30 13:02:22.600000,22.45388888333333
16,2024-04-30 13:02:41.500000,2024-04-30 13:05:34.066667,2.8761111166666664
16,2024-04-30 13:05:59.366667,2024-04-30 13:06:40.533333,0.6861111
16,2024-04-30 14:19:25.766667,2024-04-30 14:26:03.766667,6.633333333333334
16,2024-04-30 14:26:05.266667,2024-04-30 14:28:11.266667,2.1
16,2024-04-30 15:19:20.433333,2024-04-30 15:27:46.800000,8.43944445
16,2024-04-30 15:28:49.033333,2024-04-30 15:41:50.400000,13.022777783333334
16,2024-04-30 15:44:55.366667,2024-04-30 15:54:03.133333,9.129444433333331
16,2024-04-30 16:01:06.100000,2024-04-30 16:05:19.300000,4.22
16,2024-05-01 16:27:09.266667,2024-05-01 16:29:45.033333,2.5961111
16,2024-05-01 16:30:47.866667,2024-05-01 17:00:06.466667,29.31
16,2024-05-01 17:11:15.200000,2024-05-01 17:23:39.533333,12.40555555
16,2024-05-01 17:23:54.233333,2024-05-01 17:25:26.433333,1.5366666666666666
16,2024-05-01 17:26:41.766667,2024-05-01 17:28:11.633333,1.4977777666666665
16,2024-05-01 17:31:59.366667,2024-05-01 17:33:28.866667,1.4916666666666667
16,2024-05-01 17:36:37.466667,2024-05-01 17:38:17.000000,1.6588888833333333
16,2024-05-01 17:38:39.500000,2024-05-01 17:40:40.133333,2.01055555
16,2024-05-01 17:42:05.400000,2024-05-01 17:47:54.700000,5.821666666666667
16,2024-05-01 17:48:52.833333,2024-05-01 17:56:07.566667,7.245555566666667
16,2024-05-01 18:00:56.266667,2024-05-01 18:07:15.966667,6.328333333333333
16,2024-05-01 18:07:59.766667,2024-05-01 18:08:42.766667,0.7166666666666667
16,2024-05-01 18:11:04.533333,2024-05-01 18:15:00.500000,3.9327777833333335
16,2024-05-02 08:57:14.233333,2024-05-02 08:59:54.100000,2.66444445
16,2024-05-02 09:00:14.700000,2024-05-02 09:14:07.300000,13.876666666666669
16,2024-05-02 09:14:45.633333,2024-05-02 09:22:44.866667,7.987222233333333
16,2024-05-02 09:23:14.666667,2024-05-02 09:33:35.833333,10.352777766666666
16,2024-05-02 09:34:04.333333,2024-05-02 09:52:43.966667,18.66055556666667
16,2024-05-02 09:55:09.533333,2024-05-02 10:01:21.333333,6.196666666666667
16,2024-05-02 10:02:36.233333,2024-05-02 10:20:42.800000,18.10944445
16,2024-05-02 10:22:47.833333,2024-05-02 10:27:03.166667,4.255555566666667
16,2024-05-02 19:34:09.800000,2024-05-02 19:43:13.100000,9.055
16,2024-05-03 10:56:49.700000,2024-05-03 10:58:47.400000,1.961666666666667
16,2024-05-03 10:59:08.900000,2024-05-03 11:21:07.300000,21.973333333333336
16,2024-05-03 11:22:14.000000,2024-05-03 11:27:02.600000,4.8100000000000005
16,2024-05-03 11:46:28.333333,2024-05-03 11:48:07.133333,1.6466666666666667
16,2024-05-03 11:48:23.633333,2024-05-03 12:13:44.233333,25.34333333333333
16,2024-05-03 12:48:21.200000,2024-05-03 13:10:03.066667,21.697777783333333
16,2024-05-03 13:57:06.700000,2024-05-03 14:22:39.466667,25.54611111666667
16,2024-05-03 14:48:13.066667,2024-05-03 15:04:04.900000,15.863888883333336
16,2024-05-03 16:33:33.200000,2024-05-03 16:44:55.700000,11.375
16,2024-05-03 16:47:01.866667,2024-05-03 17:10:41.866667,23.666666666666668
16,2024-05-03 17:11:47.000000,2024-05-03 17:15:44.333333,3.95555555
16,2024-05-06 19:10:57.300000,2024-05-06 19:20:02.733333,9.09055555
16,2024-05-06 19:20:21.733333,2024-05-06 19:28:29.133333,8.123333333333333
16,2024-05-07 12:18:02.133333,2024-05-07 12:18:57.700000,0.9261111166666668
16,2024-05-07 12:19:18.866667,2024-05-07 12:26:00.566667,6.694999999999999
16,2024-05-07 12:27:06.633333,2024-05-07 12:44:14.433333,17.13
16,2024-05-07 13:53:29.900000,2024-05-07 14:16:48.233333,23.30555555
16,2024-05-07 14:17:53.300000,2024-05-07 14:44:20.866667,26.45944445
16,2024-05-08 09:16:55.966667,2024-05-08 09:20:50.300000,3.90555555
16,2024-05-08 09:22:02.200000,2024-05-08 09:24:42.100000,2.665
16,2024-05-08 09:26:11.733333,2024-05-08 09:34:29.600000,8.297777783333334
16,2024-05-08 09:39:05.866667,2024-05-08 10:08:38.066667,29.53666666666667
16,2024-05-08 12:20:28.900000,2024-05-08 12:28:52.300000,8.389999999999999
16,2024-05-08 12:29:24.566667,2024-05-08 12:32:03.266667,2.645
17,2024-04-29 16:43:19.766667,2024-04-29 16:51:37.133333,8.289444433333333
17,2024-04-29 16:53:03.966667,2024-04-29 16:57:09.866667,4.098333333333334
17,2024-04-29 16:59:14.200000,2024-04-29 17:00:46.933333,1.54555555
17,2024-04-29 17:09:19.666667,2024-04-29 17:15:34.666667,6.25
17,2024-04-29 17:15:36.733333,2024-04-29 17:20:05.800000,4.48444445
17,2024-04-29 17:22:20.700000,2024-04-29 17:28:16.700000,5.933333333333334
17,2024-04-29 17:29:38.300000,2024-04-29 17:38:28.966667,8.84444445
17,2024-04-29 17:43:13.166667,2024-04-29 17:44:59.733333,1.7761111
17,2024-04-29 17:46:15.066667,2024-04-29 17:52:12.300000,5.953888883333334
17,2024-04-29 17:53:46.033333,2024-04-29 18:15:31.800000,21.762777783333338
17,2024-04-29 18:37:22.266667,2024-04-29 18:46:15.766667,8.891666666666667
17,2024-04-29 18:47:38.866667,2024-04-29 18:55:43.233333,8.072777766666666
17,2024-04-29 18:57:57.433333,2024-04-29 19:11:54.133333,13.945
17,2024-04-29 19:14:08.366667,2024-04-29 19:16:22.133333,2.229444433333333
17,2024-04-29 19:19:15.933333,2024-04-29 19:39:02.066667,19.7688889
17,2024-05-02 16:37:15.033333,2024-05-02 16:37:57.500000,0.7077777833333333
17,2024-05-02 16:37:58.166667,2024-05-02 16:38:41.833333,0.7277777666666666
17,2024-05-02 17:04:27.333333,2024-05-02 17:05:00.333333,0.55
17,2024-05-02 17:12:59.533333,2024-05-02 17:14:20.500000,1.34944445
17,2024-05-02 18:18:49.166667,2024-05-02 18:41:05.266667,22.26833333333333
18,2024-04-29 16:37:25.866667,2024-04-29 16:44:00.400000,6.575555550000001
18,2024-04-29 16:47:32.833333,2024-04-29 16:55:04.800000,7.532777783333333
18,2024-04-29 16:56:09.600000,2024-04-29 17:11:23.200000,15.226666666666668
18,2024-04-29 17:12:49.900000,2024-04-29 17:24:35.633333,11.762222216666666
18,2024-04-29 17:25:40.100000,2024-04-29 17:31:09.600000,5.491666666666666
18,2024-04-29 17:32:09.000000,2024-04-29 17:47:59.633333,15.843888883333332
18,2024-04-29 17:51:34.066667,2024-04-29 17:59:04.266667,7.503333333333333
18,2024-04-29 18:01:32.933333,2024-04-29 18:05:31.933333,3.9833333333333334
18,2024-04-29 18:07:35.733333,2024-04-29 18:25:08.366667,17.543888900000002
18,2024-04-29 18:27:32.400000,2024-04-29 18:30:32.033333,2.9938888833333333
18,2024-04-29 19:18:41.466667,2024-04-29 19:22:18.866667,3.6233333333333335
18,2024-04-29 19:24:54.633333,2024-04-29 19:39:46.233333,14.86
18,2024-04-30 12:13:40.900000,2024-04-30 12:17:28.700000,3.796666666666667
19,2024-04-29 16:41:38.233333,2024-04-29 16:52:48.733333,11.175
19,2024-04-29 18:14:53.866667,2024-04-29 18:22:32.600000,7.64555555
19,2024-04-29 18:24:08.766667,2024-04-29 18:34:26.633333,10.297777766666666
19,2024-04-29 18:42:17.933333,2024-04-29 18:42:57.700000,0.6627777833333333
19,2024-04-29 18:44:44.166667,2024-04-29 18:46:32.066667,1.7983333333333331
19,2024-04-29 18:48:41.133333,2024-04-29 19:07:41.966667,19.0138889
19,2024-04-29 19:10:17.133333,2024-04-29 19:19:23.866667,9.112222233333334
19,2024-04-29 19:20:31.933333,2024-04-29 19:30:55.533333,10.393333333333334
19,2024-04-29 19:38:03.700000,2024-04-29 19:40:25.166667,2.3577777833333333
19,2024-04-29 19:41:21.833333,2024-04-29 20:05:51.166667,24.4888889
20,2024-04-23 16:44:32.033333,2024-04-23 17:01:06.200000,16.56944445
20,2024-04-29 16:39:25.466667,2024-04-29 16:43:49.766667,4.405
20,2024-04-29 16:56:32.066667,2024-04-29 17:13:13.433333,16.689444433333332
20,2024-04-29 18:50:12.433333,2024-04-29 19:14:39.433333,24.45
20,2024-04-29 19:15:49.833333,2024-04-29 19:25:52.766667,10.0488889
20,2024-04-29 19:46:20.266667,2024-04-29 20:14:59.700000,28.657222216666664
20,2024-04-30 12:40:30.466667,2024-04-30 12:45:36.200000,5.09555555
20,2024-04-30 15:13:47.333333,2024-04-30 15:43:35.333333,29.8
20,2024-04-30 15:43:54.133333,2024-04-30 15:55:16.600000,11.37444445
20,2024-05-02 10:39:54.433333,2024-05-02 10:46:47.233333,6.88
21,2024-04-29 17:47:38.466667,2024-04-29 18:00:43.766667,13.088333333333331
21,2024-04-29 18:08:50.233333,2024-04-29 18:13:27.066667,4.6138889
21,2024-04-29 18:35:21.400000,2024-04-29 18:36:22.133333,1.0122222166666668
21,2024-05-01 17:42:17.900000,2024-05-01 17:48:18.566667,6.011111116666667
21,2024-05-02 16:45:36.433333,2024-05-02 16:56:20.800000,10.73944445
21,2024-05-02 17:01:49.400000,2024-05-02 17:14:25.800000,12.606666666666666
21,2024-05-02 17:15:59.666667,2024-05-02 17:23:53.633333,7.899444433333333
21,2024-05-02 17:26:55.366667,2024-05-02 17:27:34.266667,0.6483333333333333
21,2024-05-02 17:27:51.766667,2024-05-02 17:31:27.800000,3.60055555
21,2024-05-02 17:31:55.866667,2024-05-02 17:36:27.500000,4.527222216666667
21,2024-05-02 17:37:26.333333,2024-05-02 17:39:15.500000,1.81944445
21,2024-05-02 17:40:18.466667,2024-05-02 17:42:13.733333,1.9211111
21,2024-05-02 17:44:28.200000,2024-05-02 17:58:17.000000,13.813333333333333
21,2024-05-02 18:05:06.866667,2024-05-02 18:16:39.800000,11.548888883333332
21,2024-05-02 18:28:52.600000,2024-05-02 18:39:14.900000,10.371666666666666
21,2024-05-02 18:40:12.900000,2024-05-02 18:44:44.600000,4.528333333333333
21,2024-05-02 18:45:28.466667,2024-05-02 18:49:13.233333,3.7461111
21,2024-05-02 18:50:03.500000,2024-05-02 18:52:23.033333,2.32555555
21,2024-05-02 18:53:04.633333,2024-05-02 18:55:12.900000,2.1377777833333336
21,2024-05-02 18:55:52.666667,2024-05-02 19:23:42.866667,27.836666666666662
21,2024-05-02 19:24:58.200000,2024-05-02 19:26:59.000000,2.013333333333333
21,2024-05-02 19:27:52.700000,2024-05-02 19:34:17.233333,6.408888883333334
21,2024-05-03 10:04:06.166667,2024-05-03 10:06:40.333333,2.569444433333333
21,2024-05-03 10:07:35.366667,2024-05-03 10:10:18.900000,2.72555555
21,2024-05-03 10:11:05.466667,2024-05-03 10:19:50.100000,8.743888883333334
21,2024-05-03 10:22:58.200000,2024-05-03 10:47:21.966667,24.396111116666667
21,2024-05-03 12:31:24.366667,2024-05-03 12:31:57.700000,0.55555555
21,2024-05-03 12:32:59.333333,2024-05-03 12:37:07.933333,4.1433333333333335
21,2024-05-03 12:38:13.433333,2024-05-03 12:38:51.833333,0.64
21,2024-05-03 12:39:15.700000,2024-05-03 12:46:33.100000,7.29
21,2024-05-03 12:46:56.233333,2024-05-03 12:50:09.800000,3.2261111166666665
21,2024-05-03 13:11:21.300000,2024-05-03 13:16:29.833333,5.142222216666667
21,2024-05-03 13:17:52.566667,2024-05-03 13:20:29.766667,2.6199999999999997
21,2024-05-03 13:22:18.600000,2024-05-03 13:24:55.566667,2.616111116666666
21,2024-05-03 13:31:44.133333,2024-05-03 13:37:26.433333,5.705
21,2024-05-03 13:39:47.000000,2024-05-03 13:48:00.866667,8.231111116666666
21,2024-05-03 14:47:32.000000,2024-05-03 14:49:16.766667,1.7461111166666667
21,2024-05-03 14:57:37.166667,2024-05-03 15:01:28.133333,3.8494444333333337
21,2024-05-03 15:04:37.800000,2024-05-03 15:08:33.966667,3.9361111166666665
21,2024-05-03 15:10:35.566667,2024-05-03 15:13:58.533333,3.3827777666666665
21,2024-05-03 15:16:14.133333,2024-05-03 15:27:27.233333,11.218333333333334
21,2024-05-03 15:29:29.833333,2024-05-03 15:45:21.500000,15.861111116666669
21,2024-05-03 15:58:18.833333,2024-05-03 16:02:08.433333,3.826666666666666
21,2024-05-03 16:06:19.900000,2024-05-03 16:12:16.733333,5.947222216666666
21,2024-05-03 17:19:56.466667,2024-05-03 17:32:00.700000,12.07055555
21,2024-05-03 17:36:39.900000,2024-05-03 17:42:13.766667,5.56444445
21,2024-05-03 17:48:56.900000,2024-05-03 17:59:50.033333,10.88555555
21,2024-05-03 18:01:01.366667,2024-05-03 18:06:10.666667,5.155
21,2024-05-03 18:09:19.733333,2024-05-03 18:14:03.266667,4.725555566666667
21,2024-05-03 18:15:00.066667,2024-05-03 18:18:53.433333,3.889444433333334
21,2024-05-03 18:20:02.100000,2024-05-03 18:30:38.100000,10.6
21,2024-05-06 11:17:05.366667,2024-05-06 11:18:01.366667,0.9333333333333332
21,2024-05-06 11:34:00.833333,2024-05-06 11:40:12.000000,6.186111116666667
21,2024-05-06 16:24:44.933333,2024-05-06 16:49:34.766667,24.830555566666664
21,2024-05-06 16:52:58.400000,2024-05-06 17:04:28.666667,11.50444445
21,2024-05-06 17:04:48.966667,2024-05-06 17:27:13.633333,22.411111100000003
21,2024-05-06 17:30:04.000000,2024-05-06 17:37:21.933333,7.298888883333333
21,2024-05-07 13:40:07.533333,2024-05-07 13:48:08.533333,8.016666666666667
21,2024-05-07 14:05:59.900000,2024-05-07 14:09:46.400000,3.775
21,2024-05-07 14:59:43.166667,2024-05-07 15:03:11.600000,3.4738888833333332
21,2024-05-07 15:08:53.200000,2024-05-07 15:21:29.233333,12.60055555
21,2024-05-07 15:23:16.600000,2024-05-07 15:32:22.300000,9.095
21,2024-05-07 19:29:29.133333,2024-05-07 19:39:31.400000,10.037777783333333
21,2024-05-07 19:40:22.466667,2024-05-07 19:41:41.033333,1.3094444333333333
21,2024-05-08 10:34:41.300000,2024-05-08 10:36:13.533333,1.5372222166666667
21,2024-05-08 10:36:45.866667,2024-05-08 10:42:58.833333,6.2161111
21,2024-05-08 10:48:05.033333,2024-05-08 10:57:00.566667,8.925555566666667
21,2024-05-08 12:48:28.600000,2024-05-08 12:51:44.333333,3.2622222166666663
21,2024-05-08 12:52:26.800000,2024-05-08 12:56:52.200000,4.423333333333333
21,2024-05-08 12:58:50.700000,2024-05-08 13:02:12.433333,3.3622222166666664
21,2024-05-08 13:04:59.233333,2024-05-08 13:06:33.133333,1.5650000000000002
21,2024-05-08 13:06:52.033333,2024-05-08 13:10:31.400000,3.656111116666666
21,2024-05-08 13:15:10.733333,2024-05-08 13:39:55.300000,24.742777783333334
21,2024-05-08 13:42:15.133333,2024-05-08 14:01:55.033333,19.665000000000003
21,2024-05-08 14:30:01.466667,2024-05-08 14:37:51.066667,7.826666666666667
22,2024-05-02 19:23:32.933333,2024-05-02 19:31:46.833333,8.231666666666666
22,2024-05-03 12:36:50.133333,2024-05-03 12:46:06.666667,9.275555566666666
22,2024-05-03 14:49:08.800000,2024-05-03 15:04:56.800000,15.8
22,2024-05-03 16:57:04.766667,2024-05-03 16:59:58.666667,2.8983333333333334
22,2024-05-06 16:35:32.466667,2024-05-06 16:42:50.200000,7.29555555
22,2024-05-07 11:08:07.666667,2024-05-07 11:12:36.866667,4.486666666666666
22,2024-05-07 11:13:59.733333,2024-05-07 11:15:45.800000,1.7677777833333332
22,2024-05-07 11:21:52.600000,2024-05-07 11:24:14.833333,2.3705555499999997
22,2024-05-07 15:41:00.366667,2024-05-07 15:47:24.700000,6.40555555
22,2024-05-07 16:13:22.633333,2024-05-07 16:18:01.900000,4.65444445
22,2024-05-07 16:33:42.833333,2024-05-07 16:34:47.666667,1.0805555666666666
22,2024-05-08 12:43:55.600000,2024-05-08 13:09:39.600000,25.733333333333334
22,2024-05-08 13:44:06.800000,2024-05-08 14:07:27.266667,23.341111116666664
22,2024-05-08 14:36:09.266667,2024-05-08 14:57:43.066667,21.563333333333333
23,2024-05-02 16:39:51.366667,2024-05-02 16:41:45.166667,1.8966666666666667
24,2024-04-30 12:59:31.566667,2024-04-30 13:00:31.300000,0.99555555
24,2024-04-30 13:00:37.633333,2024-04-30 13:08:54.033333,8.273333333333333
24,2024-05-08 13:45:30.400000,2024-05-08 13:46:11.533333,0.68555555
24,2024-05-08 18:05:40.666667,2024-05-08 18:14:30.600000,8.832222216666667
24,2024-05-08 18:15:32.700000,2024-05-08 18:18:10.066667,2.6227777833333334
25,2024-04-29 17:01:46.766667,2024-04-29 17:17:09.966667,15.386666666666668
25,2024-04-29 17:18:08.766667,2024-04-29 17:43:23.666667,25.248333333333335
25,2024-04-29 17:43:56.466667,2024-04-29 18:08:52.933333,24.9411111
25,2024-04-30 13:02:43.966667,2024-04-30 13:09:55.966667,7.2
25,2024-05-08 14:54:17.966667,2024-05-08 15:21:57.300000,27.65555555
26,2024-04-30 13:15:42.533333,2024-04-30 13:19:08.433333,3.431666666666666
26,2024-05-02 08:31:28.400000,2024-05-02 09:00:17.333333,28.81555555
26,2024-05-02 09:03:03.033333,2024-05-02 09:16:10.133333,13.118333333333334
26,2024-05-02 09:17:06.766667,2024-05-02 09:43:29.233333,26.374444433333338
26,2024-05-02 10:18:26.600000,2024-05-02 10:43:31.700000,25.084999999999997
26,2024-05-08 17:55:27.566667,2024-05-08 17:56:41.866667,1.2383333333333333
26,2024-05-08 17:58:04.333333,2024-05-08 18:02:04.400000,4.001111116666666
26,2024-05-08 18:03:03.600000,2024-05-08 18:09:22.433333,6.313888883333333
26,2024-05-08 18:10:29.166667,2024-05-08 18:12:02.266667,1.5516666666666663
27,2024-04-29 17:40:37.466667,2024-04-29 18:08:15.500000,27.633888883333334
27,2024-04-30 13:00:43.866667,2024-04-30 13:15:50.633333,15.112777766666666
27,2024-05-02 08:16:08.566667,2024-05-02 08:26:23.966667,10.256666666666666
27,2024-05-02 09:38:30.466667,2024-05-02 09:43:05.333333,4.5811111
27,2024-05-08 18:01:06.833333,2024-05-08 18:15:44.600000,14.62944445
28,2024-04-29 17:04:22.166667,2024-04-29 17:15:40.266667,11.301666666666668
28,2024-05-08 17:50:30.633333,2024-05-08 17:51:53.666667,1.3838889
29,2024-04-29 17:31:49.633333,2024-04-29 17:53:08.200000,21.30944445
29,2024-04-29 17:53:38.166667,2024-04-29 18:14:18.300000,20.668888883333334
29,2024-05-02 08:03:25.933333,2024-05-02 08:32:32.333333,29.10666666666667
29,2024-05-02 08:35:16.266667,2024-05-02 08:36:07.033333,0.8461111
30,2024-04-23 09:59:21.900000,2024-04-23 09:59:59.733333,0.6305555500000001
30,2024-04-23 10:00:00.233333,2024-04-23 10:00:40.933333,0.6783333333333333
30,2024-04-29 16:30:36.400000,2024-04-29 16:51:34.533333,20.96888888333333
30,2024-04-29 17:02:16.800000,2024-04-29 17:26:26.300000,24.158333333333335
31,2024-05-01 18:47:22.066667,2024-05-01 18:54:53.433333,7.522777766666667
31,2024-05-07 19:07:49.733333,2024-05-07 19:35:57.166667,28.1238889
31,2024-05-08 13:05:47.233333,2024-05-08 13:17:34.800000,11.792777783333332
32,2024-04-30 14:35:59.933333,2024-04-30 14:44:52.166667,8.870555566666667
32,2024-04-30 14:45:24.200000,2024-04-30 14:55:57.866667,10.561111116666666
32,2024-05-02 09:45:10.500000,2024-05-02 10:03:51.000000,18.675
32,2024-05-02 10:03:58.933333,2024-05-02 10:29:33.133333,25.57
32,2024-05-02 10:29:40.200000,2024-05-02 10:33:41.733333,4.02555555
32,2024-05-02 14:40:16.200000,2024-05-02 14:43:40.200000,3.4
33,2024-05-02 08:09:40.366667,2024-05-02 08:38:46.433333,29.1011111
33,2024-05-02 08:38:57.366667,2024-05-02 09:07:36.833333,28.657777766666666
33,2024-05-02 09:07:42.633333,2024-05-02 09:22:01.966667,14.322222233333331
33,2024-05-02 09:22:07.566667,2024-05-02 09:31:54.666667,9.785
33,2024-05-02 09:32:01.000000,2024-05-02 09:35:37.066667,3.6011111166666665
33,2024-05-08 14:58:32.933333,2024-05-08 15:23:18.300000,24.756111116666663
33,2024-05-08 15:23:53.533333,2024-05-08 15:27:06.366667,3.2138889
34,2024-04-30 15:28:48.833333,2024-04-30 15:33:38.300000,4.82444445
34,2024-05-02 08:49:09.400000,2024-05-02 09:02:39.200000,13.496666666666666
34,2024-05-02 09:02:46.633333,2024-05-02 09:17:47.366667,15.012222233333334
34,2024-05-02 09:17:53.466667,2024-05-02 09:44:11.366667,26.298333333333336
34,2024-05-02 10:46:45.700000,2024-05-02 10:55:28.266667,8.709444450000001
34,2024-05-02 10:55:34.700000,2024-05-02 11:11:47.100000,16.206666666666667
34,2024-05-02 14:46:46.066667,2024-05-02 14:49:14.433333,2.472777766666667
34,2024-05-02 14:49:16.066667,2024-05-02 14:59:25.766667,10.161666666666669
34,2024-05-02 16:37:52.200000,2024-05-02 16:39:45.200000,1.8833333333333333
34,2024-05-02 19:07:45.533333,2024-05-02 19:30:12.833333,22.455
34,2024-05-03 16:36:30.200000,2024-05-03 16:38:40.933333,2.1788888833333333
34,2024-05-08 15:02:50.533333,2024-05-08 15:17:23.733333,14.553333333333336
34,2024-05-08 15:19:30.866667,2024-05-08 15:29:43.166667,10.205
35,2024-04-30 13:08:31.666667,2024-04-30 13:18:25.433333,9.8961111
35,2024-05-01 18:47:11.300000,2024-05-01 18:51:30.300000,4.316666666666666
35,2024-05-01 19:28:41.766667,2024-05-01 19:35:01.000000,6.32055555
35,2024-05-02 09:33:19.400000,2024-05-02 09:35:46.633333,2.453888883333333
35,2024-05-02 09:36:31.566667,2024-05-02 09:45:12.366667,8.68
35,2024-05-02 09:46:14.633333,2024-05-02 10:04:02.433333,17.796666666666667
35,2024-05-02 10:05:06.666667,2024-05-02 10:15:25.800000,10.318888883333331
35,2024-05-02 10:16:54.533333,2024-05-02 10:46:51.900000,29.956111116666666
35,2024-05-02 11:35:44.266667,2024-05-02 11:47:20.200000,11.598888883333332
35,2024-05-02 11:48:57.166667,2024-05-02 12:13:45.700000,24.808888883333335
35,2024-05-02 12:52:26.533333,2024-05-02 12:57:26.266667,4.995555566666667
35,2024-05-02 14:21:27.766667,2024-05-02 14:31:10.933333,9.719444433333331
35,2024-05-02 18:20:19.366667,2024-05-02 18:22:53.400000,2.5672222166666665
35,2024-05-02 18:51:37.233333,2024-05-02 19:11:47.233333,20.166666666666668
35,2024-05-02 19:12:50.566667,2024-05-02 19:26:01.900000,13.188888883333334
35,2024-05-03 13:41:52.933333,2024-05-03 13:44:40.433333,2.7916666666666665
35,2024-05-03 13:45:57.833333,2024-05-03 13:52:26.833333,6.483333333333333
35,2024-05-13 14:11:22.433333,2024-05-13 14:21:21.200000,9.97944445
36,2024-04-29 18:51:53.033333,2024-04-29 19:18:47.533333,26.908333333333335
36,2024-04-30 14:05:23.666667,2024-04-30 14:24:06.333333,18.7111111
36,2024-04-30 14:26:01.400000,2024-04-30 14:47:07.400000,21.1
36,2024-05-01 17:57:21.300000,2024-05-01 18:16:17.133333,18.93055555
36,2024-05-02 08:21:32.733333,2024-05-02 08:33:06.833333,11.568333333333332
36,2024-05-02 08:34:07.466667,2024-05-02 08:53:00.700000,18.887222216666665
36,2024-05-02 10:57:23.733333,2024-05-02 11:13:51.433333,16.461666666666666
36,2024-05-02 11:15:31.833333,2024-05-02 11:20:34.766667,5.0488889
36,2024-05-02 14:34:48.033333,2024-05-02 14:40:18.533333,5.508333333333334
36,2024-05-02 16:37:20.600000,2024-05-02 16:53:16.066667,15.92444445
36,2024-05-02 16:53:28.600000,2024-05-02 16:55:45.633333,2.2838888833333333
36,2024-05-02 16:56:20.966667,2024-05-02 17:01:05.433333,4.7411110999999995
36,2024-05-02 17:01:52.400000,2024-05-02 17:03:38.066667,1.7611111166666666
36,2024-05-02 17:04:38.466667,2024-05-02 17:12:39.666667,8.02
36,2024-05-02 17:14:29.633333,2024-05-02 17:28:34.833333,14.086666666666668
36,2024-05-02 17:30:15.700000,2024-05-02 17:34:47.800000,4.535
36,2024-05-02 17:36:37.766667,2024-05-02 17:42:43.200000,6.09055555
36,2024-05-02 17:45:38.000000,2024-05-02 17:58:02.900000,12.415
36,2024-05-02 17:59:27.000000,2024-05-02 18:20:29.900000,21.048333333333336
36,2024-05-02 18:20:49.400000,2024-05-02 18:45:04.400000,24.25
36,2024-05-02 18:45:54.666667,2024-05-02 18:55:34.733333,9.667777766666669
36,2024-05-02 18:56:49.100000,2024-05-02 19:07:47.933333,10.98055555
36,2024-05-02 19:09:08.600000,2024-05-02 19:30:19.500000,21.18166666666667
36,2024-05-02 19:31:26.266667,2024-05-02 19:45:18.766667,13.875
36,2024-05-03 11:38:06.033333,2024-05-03 11:58:26.100000,20.33444445
36,2024-05-03 14:00:23.966667,2024-05-03 14:20:17.633333,19.894444433333337
36,2024-05-03 14:54:59.733333,2024-05-03 15:14:08.833333,19.151666666666664
36,2024-05-03 16:37:27.166667,2024-05-03 16:38:48.700000,1.3588888833333332
36,2024-05-03 16:39:50.133333,2024-05-03 17:04:08.733333,24.31
36,2024-05-06 11:12:47.933333,2024-05-06 11:14:01.033333,1.2183333333333333
36,2024-05-06 17:30:38.500000,2024-05-06 17:36:55.333333,6.28055555
36,2024-05-06 17:37:53.066667,2024-05-06 17:40:53.633333,3.0094444333333334
36,2024-05-08 17:51:27.166667,2024-05-08 18:13:29.266667,22.035
36,2024-05-13 14:10:27.333333,2024-05-13 14:27:09.400000,16.701111116666667
36,2024-05-13 14:27:28.233333,2024-05-13 14:30:12.166667,2.7322222333333333
36,2024-05-13 14:33:39.200000,2024-05-13 14:42:14.800000,8.593333333333334
37,2024-04-30 13:54:07.633333,2024-04-30 14:07:13.266667,13.0938889
37,2024-04-30 14:08:21.533333,2024-04-30 14:33:50.966667,25.490555566666668
37,2024-04-30 14:35:00.300000,2024-04-30 14:50:12.600000,15.205
37,2024-05-02 08:15:11.866667,2024-05-02 08:39:00.800000,23.81555555
37,2024-05-02 08:40:15.066667,2024-05-02 08:49:11.966667,8.948333333333332
37,2024-05-02 08:50:32.033333,2024-05-02 09:02:49.166667,12.285555566666666
37,2024-05-02 09:03:56.400000,2024-05-02 09:07:45.000000,3.81
37,2024-05-02 09:08:31.133333,2024-05-02 09:17:55.533333,9.406666666666666
37,2024-05-02 09:19:10.333333,2024-05-02 09:22:10.166667,2.997222233333334
37,2024-05-02 10:19:33.266667,2024-05-02 10:33:49.900000,14.277222216666669
37,2024-05-02 14:40:03.833333,2024-05-02 14:59:33.100000,19.487777783333335
37,2024-05-02 15:57:24.600000,2024-05-02 16:14:26.366667,17.02944445
37,2024-05-02 16:25:54.866667,2024-05-02 16:37:54.433333,11.992777766666668
37,2024-05-02 16:39:11.666667,2024-05-02 16:40:32.966667,1.355
37,2024-05-02 16:42:15.333333,2024-05-02 16:47:56.200000,5.681111116666667
37,2024-05-02 16:49:01.600000,2024-05-02 16:51:54.200000,2.8766666666666665
37,2024-05-02 16:52:58.600000,2024-05-02 16:58:05.900000,5.121666666666667
37,2024-05-02 16:59:02.066667,2024-05-02 17:06:21.400000,7.322222216666666
37,2024-05-02 17:07:18.966667,2024-05-02 17:15:00.233333,7.687777766666667
37,2024-05-02 17:15:15.533333,2024-05-02 17:20:07.833333,4.871666666666667
37,2024-05-02 17:20:52.433333,2024-05-02 17:22:32.566667,1.6688889
37,2024-05-02 17:24:14.433333,2024-05-02 17:36:48.166667,12.562222233333332
37,2024-05-02 17:37:19.800000,2024-05-02 17:39:09.800000,1.8333333333333333
37,2024-05-02 17:40:45.133333,2024-05-02 17:47:28.566667,6.7238889
37,2024-05-02 17:48:31.133333,2024-05-02 17:50:37.000000,2.0977777833333335
37,2024-05-02 17:52:03.266667,2024-05-02 17:54:07.566667,2.0716666666666668
37,2024-05-02 17:56:00.200000,2024-05-02 18:07:16.866667,11.277777783333333
37,2024-05-02 18:08:44.900000,2024-05-02 18:10:28.833333,1.7322222166666668
37,2024-05-02 18:12:15.233333,2024-05-02 18:14:28.700000,2.22444445
37,2024-05-02 18:16:17.133333,2024-05-02 18:35:00.333333,18.72
37,2024-05-03 12:49:00.100000,2024-05-03 13:16:30.666667,27.50944445
37,2024-05-03 13:18:51.466667,2024-05-03 13:48:41.700000,29.837222216666664
37,2024-05-03 13:49:57.200000,2024-05-03 14:01:49.333333,11.868888883333334
37,2024-05-03 16:54:41.300000,2024-05-03 17:00:47.700000,6.1066666666666665
37,2024-05-03 17:01:54.000000,2024-05-03 17:15:58.033333,14.067222216666666
37,2024-05-03 17:51:44.866667,2024-05-03 18:12:14.333333,20.4911111
37,2024-05-06 17:37:26.300000,2024-05-06 17:58:14.533333,20.803888883333332
37,2024-05-13 14:20:39.066667,2024-05-13 14:49:02.300000,28.387222216666665
38,2024-04-30 13:58:04.666667,2024-04-30 14:10:07.766667,12.051666666666668
38,2024-04-30 14:11:16.233333,2024-04-30 14:21:06.633333,9.84
38,2024-04-30 14:22:23.466667,2024-04-30 14:38:24.900000,16.02388888333333
38,2024-04-30 14:39:49.700000,2024-04-30 15:06:01.100000,26.19
38,2024-04-30 15:07:21.766667,2024-04-30 15:22:53.000000,15.52055555
38,2024-04-30 15:25:02.933333,2024-04-30 15:54:55.600000,29.877777783333332
38,2024-04-30 15:57:16.300000,2024-04-30 16:13:00.000000,15.728333333333332
38,2024-04-30 16:15:26.500000,2024-04-30 16:40:35.133333,25.143888883333332
38,2024-05-02 08:08:18.300000,2024-05-02 08:09:02.366667,0.73444445
38,2024-05-02 08:09:50.900000,2024-05-02 08:15:20.900000,5.5
38,2024-05-02 14:49:02.366667,2024-05-02 14:57:01.000000,7.977222216666666
38,2024-05-02 16:14:23.433333,2024-05-02 16:34:15.333333,19.865
38,2024-05-02 16:34:50.000000,2024-05-02 16:51:08.033333,16.30055555
38,2024-05-02 16:51:43.266667,2024-05-02 17:09:18.066667,17.58
38,2024-05-02 17:09:30.900000,2024-05-02 17:14:45.033333,5.23555555
38,2024-05-02 17:50:34.933333,2024-05-02 18:14:17.066667,23.702222233333337
38,2024-05-02 18:14:26.433333,2024-05-02 18:22:33.766667,8.122222233333334
38,2024-05-02 18:22:49.833333,2024-05-02 18:34:46.400000,11.942777783333334
38,2024-05-02 18:34:52.166667,2024-05-02 18:55:26.000000,20.563888883333338
38,2024-05-03 13:48:38.866667,2024-05-03 14:17:39.233333,29.0061111
38,2024-05-03 14:18:17.733333,2024-05-03 14:19:53.833333,1.6016666666666666
38,2024-05-03 16:34:37.000000,2024-05-03 16:45:06.333333,10.488888883333336
38,2024-05-03 16:45:20.000000,2024-05-03 16:49:15.266667,3.921111116666667
38,2024-05-03 16:49:24.666667,2024-05-03 17:07:34.266667,18.16
38,2024-05-03 17:07:42.200000,2024-05-03 17:24:12.466667,16.50444445
38,2024-05-03 17:24:30.466667,2024-05-03 17:28:24.966667,3.908333333333333
38,2024-05-03 17:28:33.000000,2024-05-03 17:47:24.833333,18.863888883333335
38,2024-05-03 17:47:31.766667,2024-05-03 18:12:02.000000,24.50388888333333
38,2024-05-03 18:12:11.466667,2024-05-03 18:31:42.266667,19.513333333333332
38,2024-05-03 18:31:52.800000,2024-05-03 18:56:39.600000,24.78
38,2024-05-06 14:57:35.233333,2024-05-06 15:21:28.733333,23.891666666666666
38,2024-05-06 17:13:55.666667,2024-05-06 17:32:18.066667,18.373333333333335
38,2024-05-08 17:50:32.200000,2024-05-08 17:53:47.233333,3.25055555
38,2024-05-08 17:54:02.900000,2024-05-08 17:56:55.633333,2.878888883333333
38,2024-05-08 17:57:15.800000,2024-05-08 18:04:47.933333,7.53555555
38,2024-05-08 18:05:08.466667,2024-05-08 18:13:18.366667,8.165
38,2024-05-13 14:19:32.800000,2024-05-13 14:24:40.666667,5.131111116666667
39,2024-04-30 13:53:05.066667,2024-04-30 14:13:16.966667,20.198333333333338
39,2024-04-30 14:14:35.266667,2024-04-30 14:30:11.566667,15.605
39,2024-05-01 16:14:57.933333,2024-05-01 16:30:58.266667,16.00555556666667
39,2024-05-01 16:34:51.500000,2024-05-01 16:43:29.866667,8.639444450000001
39,2024-05-02 10:01:04.666667,2024-05-02 10:29:43.900000,28.65388888333333
39,2024-05-02 16:40:14.300000,2024-05-02 17:09:33.533333,29.32055555
39,2024-05-03 13:38:48.166667,2024-05-03 13:39:56.266667,1.135
39,2024-05-03 13:41:24.433333,2024-05-03 13:56:36.000000,15.192777783333334
39,2024-05-03 16:43:11.500000,2024-05-03 16:45:22.833333,2.1888888833333335
39,2024-05-03 16:46:38.133333,2024-05-03 16:49:27.666667,2.8255555666666665
39,2024-05-03 16:50:36.666667,2024-05-03 17:07:48.666667,17.2
39,2024-05-03 17:09:42.200000,2024-05-03 17:11:52.666667,2.17444445
39,2024-05-03 17:13:45.366667,2024-05-03 17:19:13.600000,5.47055555
39,2024-05-03 17:22:07.966667,2024-05-03 17:24:33.266667,2.421666666666667
39,2024-05-03 17:37:53.900000,2024-05-03 17:43:32.766667,5.647777783333334
39,2024-05-03 17:44:44.300000,2024-05-03 17:47:34.300000,2.8333333333333335
39,2024-05-03 17:48:25.866667,2024-05-03 18:01:06.366667,12.675
39,2024-05-03 18:02:05.500000,2024-05-03 18:04:47.066667,2.6927777833333333
39,2024-05-03 18:06:02.533333,2024-05-03 18:08:22.700000,2.3361111166666664
39,2024-05-03 18:09:24.533333,2024-05-03 18:26:24.700000,17.002777783333332
39,2024-05-03 18:28:50.800000,2024-05-03 18:32:20.833333,3.50055555
39,2024-05-03 18:35:06.466667,2024-05-03 18:37:16.433333,2.1661111
39,2024-05-06 12:29:39.033333,2024-05-06 12:58:29.133333,28.834999999999997
39,2024-05-06 13:00:29.633333,2024-05-06 13:10:27.700000,9.967777783333334
39,2024-05-06 13:10:46.300000,2024-05-06 13:31:03.866667,20.292777783333335
39,2024-05-06 13:32:48.133333,2024-05-06 13:49:41.066667,16.882222233333334
39,2024-05-06 13:54:29.100000,2024-05-06 14:01:41.000000,7.198333333333333
39,2024-05-06 16:05:00.700000,2024-05-06 16:34:43.766667,29.717777783333336
39,2024-05-06 16:36:33.633333,2024-05-06 16:42:06.100000,5.5411111166666664
39,2024-05-06 16:43:42.500000,2024-05-06 16:50:03.866667,6.356111116666667
39,2024-05-06 16:52:55.433333,2024-05-06 16:54:48.833333,1.89
39,2024-05-06 16:55:06.566667,2024-05-06 17:01:51.966667,6.756666666666666
39,2024-05-08 18:10:23.700000,2024-05-08 18:14:57.300000,4.5600000000000005
39,2024-05-13 13:53:48.766667,2024-05-13 13:54:35.800000,0.7838888833333333
39,2024-05-13 18:01:03.333333,2024-05-13 18:16:53.200000,15.831111116666667
39,2024-05-13 18:17:50.633333,2024-05-13 18:19:23.833333,1.5533333333333337
40,2024-04-29 17:19:05.033333,2024-04-29 17:38:44.166667,19.652222233333337
40,2024-04-30 13:05:04.300000,2024-04-30 13:18:18.433333,13.23555555
40,2024-05-02 12:06:41.733333,2024-05-02 12:19:17.700000,12.59944445
40,2024-05-02 16:51:29.666667,2024-05-02 17:14:51.466667,23.363333333333333
40,2024-05-03 18:26:20.933333,2024-05-03 18:31:56.833333,5.598333333333333
40,2024-05-06 14:01:37.133333,2024-05-06 14:23:15.500000,21.63944445
40,2024-05-06 15:41:10.166667,2024-05-06 15:43:47.700000,2.62555555
40,2024-05-06 16:34:40.900000,2024-05-06 16:41:52.800000,7.198333333333333
40,2024-05-06 16:42:03.666667,2024-05-06 16:49:09.633333,7.099444433333333
40,2024-05-06 16:49:20.433333,2024-05-06 17:01:37.066667,12.277222233333331
40,2024-05-08 13:56:46.100000,2024-05-08 14:09:59.400000,13.221666666666666
40,2024-05-08 18:12:02.966667,2024-05-08 18:19:56.700000,7.89555555
41,2024-04-29 17:23:07.600000,2024-04-29 17:24:36.566667,1.482777783333333
41,2024-04-30 13:14:11.300000,2024-04-30 13:20:08.533333,5.953888883333334
41,2024-04-30 13:21:25.066667,2024-04-30 13:28:09.733333,6.744444433333333
41,2024-04-30 13:28:52.000000,2024-04-30 13:48:05.966667,19.232777783333333
41,2024-04-30 13:51:15.633333,2024-04-30 13:57:57.566667,6.6988889
41,2024-04-30 14:00:58.166667,2024-04-30 14:07:08.033333,6.164444433333333
41,2024-04-30 14:10:39.066667,2024-04-30 14:17:16.133333,6.617777766666666
41,2024-04-30 14:20:18.433333,2024-04-30 14:25:52.700000,5.571111116666667
41,2024-04-30 14:28:04.366667,2024-04-30 14:31:00.733333,2.9394444333333336
41,2024-04-30 14:34:43.000000,2024-04-30 14:40:54.766667,6.196111116666667
41,2024-04-30 14:44:04.033333,2024-04-30 14:46:39.100000,2.58444445
41,2024-04-30 14:49:22.600000,2024-04-30 15:15:45.700000,26.385
41,2024-05-02 16:01:21.133333,2024-05-02 16:04:22.366667,3.020555566666667
41,2024-05-02 16:12:29.900000,2024-05-02 16:28:39.766667,16.16444445
41,2024-05-02 17:34:09.000000,2024-05-02 17:36:30.333333,2.35555555
41,2024-05-02 17:37:59.600000,2024-05-02 17:45:10.133333,7.17555555
41,2024-05-02 17:46:48.233333,2024-05-02 17:55:01.633333,8.223333333333333
41,2024-05-02 17:56:36.600000,2024-05-02 17:58:50.766667,2.2361111166666663
41,2024-05-02 17:59:28.300000,2024-05-02 18:10:12.000000,10.728333333333332
41,2024-05-02 18:12:49.933333,2024-05-02 18:14:51.700000,2.02944445
41,2024-05-02 18:19:08.600000,2024-05-02 18:21:06.533333,1.96555555
41,2024-05-02 18:22:24.933333,2024-05-02 18:24:16.600000,1.8611111166666667
41,2024-05-02 18:35:18.366667,2024-05-02 18:47:08.733333,11.839444433333334
41,2024-05-02 18:49:38.533333,2024-05-02 19:01:03.500000,11.416111116666666
41,2024-05-02 19:04:20.666667,2024-05-02 19:05:58.233333,1.6261111
41,2024-05-02 19:09:50.400000,2024-05-02 19:23:23.266667,13.547777783333334
41,2024-05-02 19:26:38.533333,2024-05-02 19:29:01.233333,2.378333333333333
41,2024-05-02 19:32:17.566667,2024-05-02 19:34:09.266667,1.8616666666666668
41,2024-05-02 19:37:04.466667,2024-05-02 19:38:57.266667,1.88
41,2024-05-03 09:24:25.666667,2024-05-03 09:27:20.666667,2.9166666666666665
41,2024-05-03 09:29:11.633333,2024-05-03 09:32:37.500000,3.4311111166666666
41,2024-05-03 09:36:01.766667,2024-05-03 10:00:09.000000,24.12055555
41,2024-05-03 10:00:54.200000,2024-05-03 10:01:40.066667,0.7644444499999999
41,2024-05-03 10:01:48.900000,2024-05-03 10:05:36.066667,3.7861111166666666
41,2024-05-03 10:06:17.200000,2024-05-03 10:07:55.700000,1.6416666666666666
41,2024-05-03 10:08:30.666667,2024-05-03 10:09:40.733333,1.1677777666666669
41,2024-05-03 10:10:18.166667,2024-05-03 10:11:47.866667,1.495
41,2024-05-07 16:18:44.966667,2024-05-07 16:20:01.733333,1.2794444333333332
41,2024-05-07 16:20:10.000000,2024-05-07 16:20:53.566667,0.7261111166666667
41,2024-05-07 16:21:02.733333,2024-05-07 16:22:22.033333,1.3216666666666663
41,2024-05-07 16:22:33.500000,2024-05-07 16:36:31.066667,13.95944445
41,2024-05-07 16:36:36.100000,2024-05-07 16:37:50.000000,1.231666666666667
41,2024-05-07 16:38:01.766667,2024-05-07 16:47:37.733333,9.599444433333334
41,2024-05-07 16:47:49.333333,2024-05-07 16:51:48.433333,3.985
41,2024-05-07 16:51:57.966667,2024-05-07 16:54:00.866667,2.0483333333333333
41,2024-05-07 16:54:44.666667,2024-05-07 17:08:06.633333,13.3661111
41,2024-05-07 17:08:23.666667,2024-05-07 17:34:32.300000,26.143888883333332
41,2024-05-07 19:06:57.466667,2024-05-07 19:07:29.300000,0.53055555
41,2024-05-07 19:07:42.500000,2024-05-07 19:10:21.233333,2.6455555499999996
41,2024-05-07 19:10:27.566667,2024-05-07 19:11:45.366667,1.2966666666666666
41,2024-05-07 19:11:56.066667,2024-05-07 19:12:27.566667,0.525
41,2024-05-07 19:12:34.166667,2024-05-07 19:16:23.800000,3.8272222166666663
41,2024-05-07 19:16:30.000000,2024-05-07 19:18:22.266667,1.8711111166666667
41,2024-05-07 19:18:29.100000,2024-05-07 19:27:35.533333,9.107222216666663
41,2024-05-07 19:27:44.166667,2024-05-07 19:28:33.433333,0.8211111
41,2024-05-07 19:28:40.866667,2024-05-07 19:40:28.566667,11.795
42,2024-04-29 16:35:17.633333,2024-04-29 16:47:40.066667,12.3738889
42,2024-05-07 14:49:57.333333,2024-05-07 14:57:42.000000,7.74444445
42,2024-05-07 15:17:47.100000,2024-05-07 15:19:26.066667,1.64944445
42,2024-05-07 16:18:11.633333,2024-05-07 16:35:41.500000,17.497777783333333
42,2024-05-07 16:35:56.600000,2024-05-07 16:41:00.666667,5.067777783333333
42,2024-05-07 19:06:48.100000,2024-05-07 19:15:27.466667,8.656111116666667
42,2024-05-07 19:15:40.200000,2024-05-07 19:33:10.166667,17.49944445
42,2024-05-07 19:33:40.833333,2024-05-07 19:36:47.466667,3.1105555666666667
42,2024-05-07 19:36:59.966667,2024-05-07 19:42:10.800000,5.180555549999999
43,2024-05-02 13:13:24.433333,2024-05-02 13:41:48.800000,28.40611111666667
43,2024-05-02 13:43:25.733333,2024-05-02 13:59:20.166667,15.907222233333332
43,2024-05-06 14:57:48.400000,2024-05-06 15:00:48.566667,3.0027777833333333
43,2024-05-06 15:23:48.666667,2024-05-06 15:43:53.366667,20.078333333333333
43,2024-05-06 15:44:03.766667,2024-05-06 15:49:05.133333,5.022777766666667
43,2024-05-06 15:49:16.633333,2024-05-06 15:51:50.133333,2.558333333333333
43,2024-05-07 14:43:25.566667,2024-05-07 14:55:42.466667,12.281666666666666
43,2024-05-07 16:24:56.700000,2024-05-07 16:25:27.500000,0.5133333333333333
43,2024-05-07 16:27:05.266667,2024-05-07 16:33:40.366667,6.585
44,2024-05-01 14:57:42.100000,2024-05-01 14:58:21.666667,0.6594444500000001
44,2024-05-01 17:00:26.066667,2024-05-01 17:10:51.566667,10.425
44,2024-05-02 12:48:17.033333,2024-05-02 13:03:41.400000,15.406111116666668
44,2024-05-02 14:26:14.333333,2024-05-02 14:32:04.000000,5.8277777833333335
44,2024-05-02 14:33:19.266667,2024-05-02 14:38:18.500000,4.987222216666667
44,2024-05-02 14:41:56.966667,2024-05-02 14:50:19.666667,8.378333333333334
44,2024-05-02 16:23:09.033333,2024-05-02 16:33:56.000000,10.782777783333334
44,2024-05-03 14:36:25.966667,2024-05-03 14:45:27.233333,9.0211111
44,2024-05-03 14:51:08.633333,2024-05-03 15:16:35.733333,25.451666666666664
44,2024-05-03 15:16:49.266667,2024-05-03 15:23:06.500000,6.287222216666667
44,2024-05-03 15:26:33.800000,2024-05-03 15:33:02.866667,6.48444445
44,2024-05-03 15:33:14.300000,2024-05-03 15:39:16.766667,6.0411111166666664
44,2024-05-03 15:40:15.966667,2024-05-03 15:52:44.600000,12.477222216666666
44,2024-05-03 15:56:18.333333,2024-05-03 16:23:59.900000,27.692777783333337
44,2024-05-03 16:26:57.533333,2024-05-03 16:28:50.366667,1.8805555666666665
44,2024-05-06 15:35:04.500000,2024-05-06 15:43:28.566667,8.401111116666666
44,2024-05-06 15:43:45.300000,2024-05-06 15:45:18.733333,1.5572222166666667
44,2024-05-06 17:28:56.300000,2024-05-06 17:30:09.666667,1.2227777833333335
44,2024-05-06 17:30:23.300000,2024-05-06 17:31:17.066667,0.8961111166666667
44,2024-05-06 17:31:34.333333,2024-05-06 17:38:07.433333,6.551666666666667
44,2024-05-06 17:38:18.333333,2024-05-06 17:39:15.933333,0.96
44,2024-05-06 17:39:28.966667,2024-05-06 17:40:51.266667,1.3716666666666666
44,2024-05-06 17:40:51.966667,2024-05-06 17:42:20.066667,1.4683333333333333
44,2024-05-06 18:55:41.233333,2024-05-06 19:00:12.500000,4.521111116666666
44,2024-05-07 16:20:50.800000,2024-05-07 16:34:48.666667,13.96444445
45,2024-04-29 17:40:20.400000,2024-04-29 17:41:02.933333,0.7088888833333333
45,2024-05-01 15:56:15.966667,2024-05-01 16:10:33.633333,14.294444433333332
45,2024-05-01 16:19:41.900000,2024-05-01 16:26:22.600000,6.678333333333333
45,2024-05-01 16:27:25.766667,2024-05-01 16:37:20.900000,9.918888883333333
45,2024-05-01 16:39:03.933333,2024-05-01 16:54:19.400000,15.257777783333331
45,2024-05-01 17:41:03.733333,2024-05-01 18:10:11.600000,29.131111116666663
45,2024-05-01 18:11:47.866667,2024-05-01 18:28:11.366667,16.391666666666666
45,2024-05-02 14:18:11.966667,2024-05-02 14:33:07.466667,14.925
45,2024-05-02 16:32:23.600000,2024-05-02 16:38:57.733333,6.568888883333333
45,2024-05-02 16:38:59.500000,2024-05-02 16:51:47.600000,12.801666666666668
45,2024-05-02 16:53:02.033333,2024-05-02 16:58:10.466667,5.1405555666666665
45,2024-05-02 18:10:44.666667,2024-05-02 18:23:46.800000,13.03555555
45,2024-05-02 18:25:09.166667,2024-05-02 18:41:04.200000,15.917222216666666
45,2024-05-03 12:18:03.666667,2024-05-03 12:36:59.933333,18.937777766666667
45,2024-05-03 12:38:20.366667,2024-05-03 13:03:46.666667,25.438333333333333
45,2024-05-03 13:13:22.666667,2024-05-03 13:19:36.666667,6.233333333333333
45,2024-05-03 14:15:30.766667,2024-05-03 14:18:31.066667,3.0050000000000003
45,2024-05-03 14:19:20.833333,2024-05-03 14:22:42.800000,3.366111116666666
45,2024-05-03 14:23:48.133333,2024-05-03 14:32:47.033333,8.981666666666666
45,2024-05-03 14:33:47.200000,2024-05-03 14:37:05.533333,3.30555555
45,2024-05-03 14:57:37.833333,2024-05-03 15:13:09.000000,15.51944445
45,2024-05-03 15:13:52.633333,2024-05-03 15:17:25.033333,3.54
45,2024-05-03 15:17:59.233333,2024-05-03 15:19:38.566667,1.6555555666666666
45,2024-05-03 15:21:06.900000,2024-05-03 15:33:39.866667,12.54944445
45,2024-05-03 17:04:02.433333,2024-05-03 17:33:49.366667,29.782222233333336
45,2024-05-06 14:54:15.766667,2024-05-06 14:57:52.233333,3.6077777666666666
45,2024-05-06 14:59:37.566667,2024-05-06 15:23:51.700000,24.23555555
45,2024-05-06 15:24:37.766667,2024-05-06 15:26:16.533333,1.6461111
45,2024-05-06 15:29:09.433333,2024-05-06 15:49:19.833333,20.173333333333336
45,2024-05-06 15:50:44.933333,2024-05-06 16:01:00.433333,10.258333333333333
45,2024-05-06 16:02:12.500000,2024-05-06 16:04:26.066667,2.2261111166666665
45,2024-05-06 16:10:11.833333,2024-05-06 16:13:14.266667,3.040555566666667
45,2024-05-06 16:15:05.000000,2024-05-06 16:19:45.966667,4.682777783333333
45,2024-05-06 16:40:54.833333,2024-05-06 16:46:00.200000,5.08944445
45,2024-05-06 16:47:44.500000,2024-05-06 16:49:00.300000,1.2633333333333332
45,2024-05-06 16:56:49.366667,2024-05-06 16:57:21.866667,0.5416666666666666
45,2024-05-06 16:57:54.166667,2024-05-06 17:17:52.500000,19.97222221666667
45,2024-05-06 17:20:17.900000,2024-05-06 17:28:35.500000,8.293333333333333
45,2024-05-06 17:28:39.166667,2024-05-06 17:43:59.100000,15.332222216666668
45,2024-05-06 17:44:26.733333,2024-05-06 17:59:04.133333,14.623333333333331
45,2024-05-07 11:52:11.333333,2024-05-07 12:09:37.266667,17.432222233333334
45,2024-05-07 12:11:53.166667,2024-05-07 12:18:35.400000,6.703888883333334
45,2024-05-07 12:18:54.633333,2024-05-07 12:19:48.766667,0.9022222333333332
45,2024-05-07 12:20:01.866667,2024-05-07 12:24:07.866667,4.1
45,2024-05-07 12:27:47.266667,2024-05-07 12:34:01.100000,6.23055555
45,2024-05-07 12:35:07.133333,2024-05-07 12:53:13.300000,18.102777783333337
45,2024-05-07 12:56:53.866667,2024-05-07 13:01:09.333333,4.257777766666667
45,2024-05-07 13:44:10.300000,2024-05-07 13:50:02.533333,5.870555550000001
45,2024-05-07 13:53:14.733333,2024-05-07 14:04:03.800000,10.817777783333334
45,2024-05-07 14:07:07.233333,2024-05-07 14:25:29.166667,18.365555566666668
46,2024-04-29 18:04:17.066667,2024-04-29 18:21:28.400000,17.188888883333334
46,2024-04-30 13:16:03.566667,2024-04-30 13:34:02.233333,17.97777776666667
46,2024-05-01 16:00:20.833333,2024-05-01 16:02:52.933333,2.5349999999999997
46,2024-05-01 16:04:12.966667,2024-05-01 16:14:51.466667,10.641666666666667
46,2024-05-01 16:16:15.733333,2024-05-01 16:29:22.166667,13.107222233333331
46,2024-05-01 16:44:14.966667,2024-05-01 17:02:42.533333,18.45944443333333
46,2024-05-01 17:08:21.666667,2024-05-01 17:16:40.500000,8.313888883333332
46,2024-05-01 17:17:40.766667,2024-05-01 17:27:46.966667,10.103333333333332
46,2024-05-01 17:29:23.166667,2024-05-01 17:43:36.866667,14.228333333333332
46,2024-05-01 17:45:24.300000,2024-05-01 17:51:37.900000,6.2266666666666675
46,2024-05-01 17:53:53.633333,2024-05-01 17:56:55.400000,3.02944445
46,2024-05-01 18:42:22.866667,2024-05-01 18:45:39.400000,3.27555555
46,2024-05-02 12:16:59.633333,2024-05-02 12:46:06.500000,29.11444445
46,2024-05-02 14:32:01.700000,2024-05-02 14:42:41.766667,10.667777783333332
46,2024-05-02 15:46:46.400000,2024-05-02 15:52:53.066667,6.111111116666667
46,2024-05-02 15:53:45.333333,2024-05-02 16:08:33.833333,14.808333333333334
46,2024-05-02 16:09:55.200000,2024-05-02 16:19:18.633333,9.390555549999998
46,2024-05-02 16:20:29.800000,2024-05-02 16:39:37.966667,19.136111116666665
46,2024-05-02 17:25:15.066667,2024-05-02 17:43:28.033333,18.2161111
46,2024-05-02 17:44:32.666667,2024-05-02 17:58:00.166667,13.458333333333334
46,2024-05-03 10:37:44.900000,2024-05-03 10:53:43.400000,15.975
46,2024-05-03 10:54:58.333333,2024-05-03 11:13:30.000000,18.52777778333333
46,2024-05-03 11:15:01.533333,2024-05-03 11:36:36.833333,21.58833333333333
46,2024-05-03 11:38:11.533333,2024-05-03 11:57:59.933333,19.80666666666667
46,2024-05-03 14:30:14.000000,2024-05-03 14:59:10.266667,28.937777783333335
46,2024-05-03 15:16:25.000000,2024-05-03 15:36:15.066667,19.83444445
46,2024-05-03 16:44:37.033333,2024-05-03 17:07:28.400000,22.856111116666668
46,2024-05-03 17:07:54.900000,2024-05-03 17:10:15.033333,2.33555555
46,2024-05-03 17:12:02.233333,2024-05-03 17:37:26.100000,25.397777783333332
46,2024-05-03 17:37:57.666667,2024-05-03 17:39:27.100000,1.49055555
46,2024-05-03 19:25:03.300000,2024-05-03 19:28:15.966667,3.2111111166666664
46,2024-05-03 19:28:28.933333,2024-05-03 19:30:02.966667,1.5672222333333332
46,2024-05-06 15:02:36.500000,2024-05-06 15:07:35.533333,4.983888883333334
46,2024-05-06 15:20:20.566667,2024-05-06 15:42:08.300000,21.79555555
46,2024-05-06 15:42:37.666667,2024-05-06 15:55:27.766667,12.835
46,2024-05-06 17:06:03.200000,2024-05-06 17:09:09.766667,3.10944445
46,2024-05-06 17:10:35.900000,2024-05-06 17:13:20.100000,2.7366666666666664
46,2024-05-06 17:14:32.533333,2024-05-06 17:28:14.966667,13.707222233333331
46,2024-05-06 17:28:32.300000,2024-05-06 17:32:49.333333,4.283888883333334
46,2024-05-06 17:32:53.666667,2024-05-06 17:33:24.900000,0.52055555
46,2024-05-06 17:35:49.033333,2024-05-06 17:39:48.466667,3.9905555666666666
46,2024-05-06 17:40:11.900000,2024-05-06 17:45:53.266667,5.68944445
46,2024-05-06 17:46:34.533333,2024-05-06 18:12:16.433333,25.698333333333338
46,2024-05-07 12:05:41.333333,2024-05-07 12:17:56.166667,12.247222233333334
46,2024-05-07 12:19:17.766667,2024-05-07 12:24:57.000000,5.653888883333334
46,2024-05-07 12:25:06.966667,2024-05-07 12:31:27.900000,6.348888883333333
46,2024-05-07 12:33:35.200000,2024-05-07 12:36:58.700000,3.3916666666666666
46,2024-05-07 12:37:45.933333,2024-05-07 12:42:41.466667,4.9255555666666675
46,2024-05-07 12:45:00.700000,2024-05-07 12:56:02.200000,11.025
46,2024-05-07 12:56:23.833333,2024-05-07 13:00:57.600000,4.562777783333333
46,2024-05-07 13:02:02.466667,2024-05-07 13:19:26.100000,17.393888883333332
46,2024-05-07 14:15:38.700000,2024-05-07 14:31:38.566667,15.997777783333332
46,2024-05-07 14:47:23.600000,2024-05-07 14:56:29.400000,9.096666666666666
46,2024-05-07 14:57:21.333333,2024-05-07 14:59:48.200000,2.4477777833333336
46,2024-05-07 15:03:48.466667,2024-05-07 15:13:41.100000,9.877222216666668
46,2024-05-07 15:16:56.566667,2024-05-07 15:35:00.966667,18.073333333333338
47,2024-04-30 12:28:02.733333,2024-04-30 12:32:04.333333,4.026666666666666
47,2024-04-30 12:33:52.633333,2024-04-30 12:40:49.433333,6.946666666666667
47,2024-04-30 14:29:33.666667,2024-04-30 14:40:31.200000,10.958888883333334
47,2024-04-30 14:43:51.533333,2024-04-30 15:05:58.800000,22.12111111666667
47,2024-05-01 18:41:45.000000,2024-05-01 18:48:10.200000,6.42
47,2024-05-02 13:55:48.066667,2024-05-02 13:59:07.700000,3.3272222166666667
47,2024-05-02 17:12:28.333333,2024-05-02 17:35:39.466667,23.185555566666668
47,2024-05-02 17:36:06.400000,2024-05-02 17:55:03.566667,18.95277778333333
47,2024-05-02 17:55:45.100000,2024-05-02 17:57:20.566667,1.5911111166666667
47,2024-05-02 17:57:44.600000,2024-05-02 18:22:38.300000,24.895
47,2024-05-03 08:55:00.200000,2024-05-03 08:55:30.233333,0.50055555
47,2024-05-03 08:56:05.500000,2024-05-03 08:58:18.400000,2.2150000000000003
47,2024-05-03 08:58:21.266667,2024-05-03 08:59:03.966667,0.7116666666666667
47,2024-05-03 09:49:48.933333,2024-05-03 10:12:14.033333,22.418333333333333
47,2024-05-03 10:12:28.933333,2024-05-03 10:35:40.433333,23.191666666666663
47,2024-05-03 14:04:14.200000,2024-05-03 14:18:17.066667,14.047777783333334
47,2024-05-03 14:18:28.066667,2024-05-03 14:32:15.666667,13.793333333333331
47,2024-05-03 14:32:25.366667,2024-05-03 14:45:15.200000,12.83055555
47,2024-05-03 17:10:11.000000,2024-05-03 17:33:37.100000,23.435
47,2024-05-06 16:49:37.833333,2024-05-06 17:17:35.800000,27.966111116666664
47,2024-05-06 17:17:49.866667,2024-05-06 17:29:34.533333,11.744444433333332
47,2024-05-06 17:29:50.500000,2024-05-06 17:30:41.133333,0.8438888833333333
47,2024-05-06 17:30:50.566667,2024-05-06 17:38:44.266667,7.895
47,2024-05-06 17:39:35.733333,2024-05-06 17:41:29.400000,1.89444445
47,2024-05-06 17:41:40.266667,2024-05-06 18:09:49.100000,28.147222216666663
47,2024-05-07 17:47:38.433333,2024-05-07 18:06:52.833333,19.24
47,2024-05-07 19:17:36.766667,2024-05-07 19:41:58.633333,24.364444433333333
48,2024-04-29 16:31:20.800000,2024-04-29 16:55:38.400000,24.293333333333333
48,2024-04-29 17:49:58.100000,2024-04-29 18:07:55.666667,17.95944445
48,2024-04-29 18:08:25.866667,2024-04-29 18:31:43.400000,23.29222221666667
48,2024-04-29 19:11:10.200000,2024-04-29 19:18:44.300000,7.568333333333333
48,2024-04-29 19:18:45.033333,2024-04-29 19:21:45.366667,3.0055555666666667
48,2024-04-29 19:27:04.133333,2024-04-29 19:27:41.866667,0.6288889
48,2024-04-29 19:29:29.800000,2024-04-29 19:31:23.533333,1.89555555
48,2024-04-29 19:33:52.233333,2024-04-29 19:37:32.733333,3.675
48,2024-05-01 17:35:57.366667,2024-05-01 17:47:45.100000,11.79555555
48,2024-05-01 19:10:28.500000,2024-05-01 19:13:31.266667,3.046111116666667
48,2024-05-02 08:07:08.766667,2024-05-02 08:36:50.566667,29.696666666666665
48,2024-05-02 09:43:00.033333,2024-05-02 10:08:59.200000,25.986111116666667
48,2024-05-02 14:25:26.833333,2024-05-02 14:32:40.766667,7.232222233333333
48,2024-05-03 14:26:01.933333,2024-05-03 14:32:31.466667,6.492222233333334
48,2024-05-03 14:32:39.466667,2024-05-03 14:35:42.833333,3.0561111000000003
48,2024-05-06 17:32:11.166667,2024-05-06 17:41:09.033333,8.964444433333334
49,2024-04-29 16:38:09.366667,2024-04-29 16:46:07.233333,7.964444433333333
49,2024-04-29 17:38:40.600000,2024-04-29 17:59:39.800000,20.986666666666668
49,2024-04-29 18:01:27.466667,2024-04-29 18:17:01.066667,15.56
49,2024-04-29 19:02:37.633333,2024-04-29 19:14:19.700000,11.701111116666668
49,2024-04-30 12:50:14.333333,2024-04-30 12:51:06.400000,0.8677777833333333
49,2024-04-30 12:52:09.866667,2024-04-30 12:52:40.533333,0.5111111
49,2024-04-30 13:26:03.333333,2024-04-30 13:29:29.466667,3.4355555666666664
49,2024-04-30 13:33:16.000000,2024-04-30 13:34:28.433333,1.2072222166666668
49,2024-04-30 14:15:25.133333,2024-04-30 14:29:39.333333,14.236666666666668
49,2024-04-30 14:30:31.466667,2024-04-30 14:50:06.266667,19.58
49,2024-04-30 14:53:48.833333,2024-04-30 15:03:41.466667,9.877222233333333
49,2024-04-30 15:04:13.533333,2024-04-30 15:05:31.800000,1.30444445
49,2024-04-30 15:05:55.400000,2024-04-30 15:06:26.900000,0.525
49,2024-04-30 15:07:38.633333,2024-04-30 15:10:21.433333,2.713333333333334
49,2024-05-02 16:19:14.800000,2024-05-02 16:39:54.900000,20.668333333333333
49,2024-05-03 13:51:29.366667,2024-05-03 14:12:48.066667,21.311666666666667
49,2024-05-03 14:12:58.466667,2024-05-03 14:36:57.566667,23.985
50,2024-04-29 19:18:38.700000,2024-04-29 19:35:35.366667,16.94444445
50,2024-04-30 13:08:37.466667,2024-04-30 13:11:06.300000,2.48055555
50,2024-04-30 13:11:55.366667,2024-04-30 13:33:56.400000,22.017222216666667
50,2024-04-30 14:13:13.866667,2024-04-30 14:23:15.833333,10.032777766666667
50,2024-05-01 18:44:43.533333,2024-05-01 19:11:26.366667,26.713888899999997
50,2024-05-01 19:11:28.800000,2024-05-01 19:13:25.700000,1.9483333333333337
51,2024-04-23 16:38:08.633333,2024-04-23 16:39:42.766667,1.5688889
52,2024-04-29 19:25:47.766667,2024-04-29 19:37:10.866667,11.385
52,2024-05-07 14:34:00.700000,2024-05-07 14:56:07.866667,22.11944445
52,2024-05-07 16:34:45.033333,2024-05-07 16:38:11.033333,3.433333333333333
52,2024-05-07 16:39:08.533333,2024-05-07 16:41:46.766667,2.6372222333333335
52,2024-05-07 16:53:57.566667,2024-05-07 17:07:42.133333,13.742777766666668
52,2024-05-07 17:08:03.266667,2024-05-07 17:34:42.033333,26.6461111
52,2024-05-07 18:56:14.466667,2024-05-07 18:57:14.033333,0.9927777666666666
52,2024-05-07 18:57:49.933333,2024-05-07 19:08:32.700000,10.712777783333332
52,2024-05-07 19:08:44.266667,2024-05-07 19:11:06.633333,2.3727777666666667
52,2024-05-07 19:11:41.766667,2024-05-07 19:14:31.700000,2.832222216666666
53,2024-05-07 13:48:30.933333,2024-05-07 14:00:16.500000,11.75944445
53,2024-05-07 14:00:38.200000,2024-05-07 14:04:56.566667,4.306111116666667
53,2024-05-07 14:05:29.800000,2024-05-07 14:08:34.500000,3.078333333333333
53,2024-05-07 14:08:42.566667,2024-05-07 14:15:49.600000,7.117222216666667
53,2024-05-07 14:43:13.300000,2024-05-07 14:49:14.333333,6.017222216666667
53,2024-05-07 14:49:26.766667,2024-05-07 14:50:20.500000,0.89555555
53,2024-05-07 14:50:42.233333,2024-05-07 15:08:50.133333,18.131666666666668
53,2024-05-07 16:25:25.366667,2024-05-07 16:35:08.266667,9.715
53,2024-05-07 16:35:20.733333,2024-05-07 16:45:39.000000,10.30444445
53,2024-05-07 18:04:05.800000,2024-05-07 18:09:07.700000,5.031666666666666
53,2024-05-07 18:09:34.700000,2024-05-07 18:10:46.733333,1.20055555
53,2024-05-07 19:07:24.000000,2024-05-07 19:09:59.700000,2.595
54,2024-04-29 18:27:28.466667,2024-04-29 18:42:40.700000,15.203888883333333
54,2024-05-02 16:41:13.966667,2024-05-02 16:51:12.600000,9.977222216666666
54,2024-05-06 14:55:53.966667,2024-05-06 15:13:22.166667,17.470000000000002
54,2024-05-07 11:46:09.600000,2024-05-07 11:46:46.800000,0.62
54,2024-05-07 13:58:32.333333,2024-05-07 14:01:48.000000,3.261111116666666
54,2024-05-07 14:02:00.700000,2024-05-07 14:03:27.633333,1.448888883333333
54,2024-05-07 14:03:48.433333,2024-05-07 14:08:49.833333,5.0233333333333325
54,2024-05-07 14:09:01.466667,2024-05-07 14:16:59.033333,7.959444433333333
54,2024-05-07 19:09:49.566667,2024-05-07 19:27:06.333333,17.27944443333333
55,2024-04-29 17:26:27.833333,2024-04-29 17:27:17.166667,0.8222222333333333
55,2024-05-02 11:44:10.933333,2024-05-02 12:05:07.500000,20.942777783333337
55,2024-05-03 13:52:25.400000,2024-05-03 14:12:38.133333,20.212222216666664
55,2024-05-03 19:25:17.633333,2024-05-03 19:27:24.400000,2.112777783333333
55,2024-05-06 13:13:30.966667,2024-05-06 13:14:17.133333,0.7694444333333333
55,2024-05-06 15:01:22.033333,2024-05-06 15:05:22.700000,4.011111116666666
55,2024-05-07 12:17:39.133333,2024-05-07 12:38:16.233333,20.618333333333332
55,2024-05-07 12:55:39.100000,2024-05-07 13:00:52.200000,5.218333333333334
55,2024-05-07 13:01:06.900000,2024-05-07 13:02:36.366667,1.4911111166666666
55,2024-05-07 13:02:44.666667,2024-05-07 13:03:18.133333,0.5577777666666667
55,2024-05-07 14:04:28.600000,2024-05-07 14:08:25.166667,3.9427777833333337
55,2024-05-07 18:08:31.100000,2024-05-07 18:12:34.933333,4.063888883333333
56,2024-04-29 16:36:43.000000,2024-04-29 16:52:40.666667,15.961111116666666
56,2024-04-29 17:04:49.166667,2024-04-29 17:21:23.966667,16.58
56,2024-04-29 17:22:17.500000,2024-04-29 17:23:42.000000,1.4083333333333334
56,2024-04-29 17:29:57.866667,2024-04-29 17:42:09.866667,12.2
56,2024-04-29 17:48:04.266667,2024-04-29 18:04:18.133333,16.2311111
56,2024-04-29 18:21:20.066667,2024-04-29 18:34:35.033333,13.249444433333334
56,2024-05-02 09:25:16.866667,2024-05-02 09:36:59.133333,11.704444433333332
56,2024-05-02 09:37:29.533333,2024-05-02 09:57:15.466667,19.765555566666663
56,2024-05-03 08:58:16.500000,2024-05-03 09:00:01.900000,1.7566666666666668
56,2024-05-06 14:55:01.633333,2024-05-06 14:57:56.900000,2.921111116666667
56,2024-05-06 15:09:27.200000,2024-05-06 15:37:51.166667,28.399444449999997
56,2024-05-06 15:38:03.766667,2024-05-06 15:39:49.166667,1.7566666666666668
56,2024-05-06 17:29:31.600000,2024-05-06 17:31:36.933333,2.0888888833333334
56,2024-05-06 17:33:07.866667,2024-05-06 17:58:04.600000,24.94555555
56,2024-05-06 17:58:22.633333,2024-05-06 18:06:47.766667,8.4188889
56,2024-05-06 18:18:05.200000,2024-05-06 18:24:07.266667,6.03444445
57,2024-04-29 16:44:14.966667,2024-04-29 16:47:21.000000,3.10055555
57,2024-04-29 16:51:21.633333,2024-04-29 16:52:44.266667,1.3772222333333335
57,2024-04-29 17:33:24.466667,2024-04-29 17:49:31.366667,16.115
57,2024-04-29 17:53:00.900000,2024-04-29 17:59:17.200000,6.2716666666666665
57,2024-04-29 18:01:59.266667,2024-04-29 18:24:00.866667,22.026666666666664
57,2024-05-01 18:45:42.866667,2024-05-01 19:11:22.233333,25.656111099999997
57,2024-05-01 19:11:22.600000,2024-05-01 19:12:06.033333,0.7238888833333333
57,2024-05-02 09:33:35.000000,2024-05-02 09:37:53.200000,4.303333333333333
57,2024-05-02 09:38:10.200000,2024-05-02 09:41:33.833333,3.393888883333333
57,2024-05-02 09:41:49.400000,2024-05-02 09:51:28.100000,9.645
57,2024-05-02 09:52:30.933333,2024-05-02 09:53:15.466667,0.7422222333333333
57,2024-05-02 09:56:45.700000,2024-05-02 10:00:33.533333,3.797222216666667
57,2024-05-02 10:03:01.166667,2024-05-02 10:15:51.466667,12.838333333333331
57,2024-05-02 10:17:41.866667,2024-05-02 10:44:36.866667,26.916666666666668
57,2024-05-02 14:42:39.466667,2024-05-02 14:46:36.166667,3.945
57,2024-05-03 08:58:52.333333,2024-05-03 08:59:33.666667,0.6888889
57,2024-05-03 09:00:29.133333,2024-05-03 09:01:51.400000,1.3711111166666667
57,2024-05-03 19:24:42.933333,2024-05-03 19:26:15.400000,1.541111116666667
57,2024-05-06 14:57:02.133333,2024-05-06 15:03:41.066667,6.6488889
57,2024-05-06 15:50:45.500000,2024-05-06 15:51:26.166667,0.6777777833333333
57,2024-05-06 16:46:04.300000,2024-05-06 16:56:02.866667,9.976111116666669
57,2024-05-06 16:56:04.166667,2024-05-06 16:56:59.333333,0.9194444333333334
57,2024-05-06 17:19:57.233333,2024-05-06 17:29:00.666667,9.057222233333333
57,2024-05-06 17:29:15.433333,2024-05-06 17:36:51.766667,7.605555566666666
57,2024-05-06 17:37:00.266667,2024-05-06 17:37:46.966667,0.7783333333333334
57,2024-05-06 17:38:03.900000,2024-05-06 17:40:17.233333,2.2222222166666667
57,2024-05-06 17:40:48.700000,2024-05-06 17:41:42.800000,0.9016666666666668
57,2024-05-06 17:59:01.966667,2024-05-06 18:01:09.966667,2.1333333333333333
57,2024-05-06 18:06:17.400000,2024-05-06 18:07:16.833333,0.99055555
57,2024-05-06 19:15:44.533333,2024-05-06 19:17:11.966667,1.4572222333333331
57,2024-05-06 19:21:03.433333,2024-05-06 19:44:25.000000,23.35944445
58,2024-04-23 16:48:44.433333,2024-04-23 17:10:17.000000,21.542777783333335
58,2024-04-29 16:37:21.600000,2024-04-29 16:45:05.933333,7.738888883333333
58,2024-04-29 16:56:36.500000,2024-04-29 17:13:37.533333,17.017222216666667
58,2024-04-29 18:13:23.233333,2024-04-29 18:33:49.300000,20.43444445
58,2024-04-30 13:09:06.933333,2024-04-30 13:17:24.200000,8.287777783333333
58,2024-04-30 13:17:35.033333,2024-04-30 13:18:51.233333,1.27
58,2024-04-30 15:28:30.366667,2024-04-30 15:50:28.300000,21.96555555
58,2024-04-30 15:52:52.600000,2024-04-30 15:59:43.033333,6.84055555
58,2024-05-01 18:58:31.400000,2024-05-01 19:05:43.800000,7.206666666666666
58,2024-05-01 19:06:13.466667,2024-05-01 19:11:48.966667,5.591666666666667
58,2024-05-01 19:12:01.766667,2024-05-01 19:12:43.466667,0.6950000000000001
58,2024-05-02 08:02:54.133333,2024-05-02 08:07:25.100000,4.516111116666666
58,2024-05-02 08:10:37.566667,2024-05-02 08:37:35.500000,26.96555555
58,2024-05-02 08:38:19.966667,2024-05-02 08:38:58.266667,0.6383333333333333
58,2024-05-02 08:41:55.733333,2024-05-02 08:54:11.633333,12.265
58,2024-05-02 10:11:39.766667,2024-05-02 10:30:58.300000,19.308888883333335
58,2024-05-02 12:37:35.266667,2024-05-02 12:40:11.233333,2.5994444333333333
58,2024-05-02 14:41:30.233333,2024-05-02 14:43:18.333333,1.8016666666666663
58,2024-05-03 08:54:50.766667,2024-05-03 08:58:02.333333,3.1927777666666666
58,2024-05-03 08:58:03.633333,2024-05-03 08:58:54.533333,0.8483333333333333
58,2024-05-03 08:58:58.800000,2024-05-03 09:00:31.566667,1.5461111166666666
58,2024-05-03 19:24:53.633333,2024-05-03 19:27:57.733333,3.068333333333334
58,2024-05-03 19:28:13.300000,2024-05-03 19:29:00.400000,0.785
58,2024-05-06 15:41:25.633333,2024-05-06 15:42:43.666667,1.3005555666666666
58,2024-05-06 16:35:09.366667,2024-05-06 16:44:53.700000,9.738888883333336
58,2024-05-06 16:45:30.866667,2024-05-06 16:46:09.100000,0.6372222166666667
58,2024-05-06 16:46:54.933333,2024-05-06 16:50:04.466667,3.1588889
58,2024-05-06 16:55:40.566667,2024-05-06 16:56:28.400000,0.7972222166666667
58,2024-05-06 17:16:15.433333,2024-05-06 17:21:53.233333,5.63
58,2024-05-06 17:25:35.400000,2024-05-06 17:28:08.200000,2.546666666666667
58,2024-05-06 17:28:20.366667,2024-05-06 17:29:53.333333,1.5494444333333337
58,2024-05-07 11:44:57.466667,2024-05-07 11:54:22.766667,9.421666666666663
58,2024-05-07 13:00:29.833333,2024-05-07 13:02:15.033333,1.7533333333333334
59,2024-04-23 16:28:58.200000,2024-04-23 16:38:46.000000,9.796666666666663
59,2024-04-29 16:36:56.133333,2024-04-29 17:00:51.933333,23.93
59,2024-04-29 17:16:36.200000,2024-04-29 17:18:17.266667,1.68444445
59,2024-04-30 13:11:03.500000,2024-04-30 13:13:22.800000,2.3216666666666668
59,2024-04-30 15:41:08.866667,2024-04-30 15:48:21.333333,7.207777766666666
59,2024-04-30 15:50:23.900000,2024-04-30 16:07:35.566667,17.19444445
59,2024-04-30 16:21:50.133333,2024-04-30 16:46:23.200000,24.551111116666668
59,2024-05-01 17:45:44.200000,2024-05-01 17:53:10.633333,7.44055555
59,2024-05-01 18:19:39.966667,2024-05-01 18:43:46.333333,24.1061111
59,2024-05-01 18:43:47.333333,2024-05-01 19:04:44.433333,20.951666666666664
59,2024-05-01 19:05:40.800000,2024-05-01 19:06:20.266667,0.6577777833333334
59,2024-05-01 19:09:57.633333,2024-05-01 19:10:31.366667,0.5622222333333333
59,2024-05-01 19:11:19.966667,2024-05-01 19:12:27.166667,1.12
59,2024-05-01 19:12:41.133333,2024-05-01 19:13:40.266667,0.9855555666666668
59,2024-05-02 08:02:18.966667,2024-05-02 08:05:46.433333,3.4577777666666667
59,2024-05-02 14:28:42.433333,2024-05-02 14:48:53.600000,20.186111116666662
59,2024-05-06 14:56:41.466667,2024-05-06 14:59:53.766667,3.205
59,2024-05-06 15:45:22.133333,2024-05-06 15:48:14.133333,2.8666666666666667
59,2024-05-06 17:33:27.500000,2024-05-06 17:37:02.100000,3.5766666666666667
60,2024-04-23 17:06:27.766667,2024-04-23 17:09:21.766667,2.9
60,2024-04-23 17:10:02.600000,2024-04-23 17:12:02.866667,2.00444445
60,2024-04-23 17:12:03.800000,2024-04-23 17:24:24.966667,12.352777783333332
60,2024-04-29 16:46:04.200000,2024-04-29 16:49:38.666667,3.57444445
60,2024-04-29 17:54:30.366667,2024-04-29 17:55:03.300000,0.5488888833333333
60,2024-04-29 17:55:33.300000,2024-04-29 18:16:43.433333,21.168888883333334
60,2024-04-29 18:18:48.300000,2024-04-29 18:27:03.300000,8.25
60,2024-05-01 18:44:51.966667,2024-05-01 19:10:46.733333,25.912777766666668
60,2024-05-01 19:10:59.166667,2024-05-01 19:11:31.100000,0.5322222166666667
60,2024-05-01 19:11:46.200000,2024-05-01 19:13:02.333333,1.2688888833333332
60,2024-05-01 19:13:21.833333,2024-05-01 19:25:23.700000,12.031111116666668
