title,site,recorded_at,status,size_bytes
SiteA_2024-06-07_13_10_00,SiteA,2024-06-07T13:10:00+00:00,Ready,254579050
SiteA_2024-06-07_13_00_00,SiteA,2024-06-07T13:00:00+00:00,Ready,188626098
SiteA_2024-06-07_12_50_01,SiteA,2024-06-07T12:50:01+00:00,Ready,203995746
SiteA_2024-06-07_12_40_00,SiteA,2024-06-07T12:40:00+00:00,Ready,223490464
SiteA_2024-06-07_12_30_00,SiteA,2024-06-07T12:30:00+00:00,Ready,203113111
SiteA_2024-06-07_12_20_01,SiteA,2024-06-07T12:20:01+00:00,Ready,279397481
SiteA_2024-06-07_12_10_00,SiteA,2024-06-07T12:10:00+00:00,Ready,270883537
SiteA_2024-06-07_12_00_00,SiteA,2024-06-07T12:00:00+00:00,Ready,284992522
SiteA_2024-06-07_11_50_01,SiteA,2024-06-07T11:50:01+00:00,Ready,266856361
mendels_2024-06-07_11_40_00,mendels,2024-06-07T11:40:00+00:00,Ready,272105520
SiteA_2024-06-07_11_40_00,SiteA,2024-06-07T11:40:00+00:00,Ready,226501317
SiteA_2024-06-07_11_30_00,SiteA,2024-06-07T11:30:00+00:00,Ready,202801339
mendels_2024-06-07_11_30_00,mendels,2024-06-07T11:30:00+00:00,Ready,300036295
SiteA_2024-06-07_11_20_01,SiteA,2024-06-07T11:20:01+00:00,Ready,203089869
mendels_2024-06-07_11_20_01,mendels,2024-06-07T11:20:01+00:00,Ready,299524909
SiteA_2024-06-07_11_10_00,SiteA,2024-06-07T11:10:00+00:00,Ready,209997307
mendels_2024-06-07_11_10_00,mendels,2024-06-07T11:10:00+00:00,Ready,300094284
SiteA_2024-06-07_11_00_00,SiteA,2024-06-07T11:00:00+00:00,Ready,197470696
mendels_2024-06-07_11_00_00,mendels,2024-06-07T11:00:00+00:00,Ready,300116728
mendels_2024-06-07_10_50_01,mendels,2024-06-07T10:50:01+00:00,Ready,299554591
SiteA_2024-06-07_10_50_00,SiteA,2024-06-07T10:50:00+00:00,Ready,182293049
SiteA_2024-06-07_10_40_01,SiteA,2024-06-07T10:40:01+00:00,Ready,173497035
mendels_2024-06-07_10_40_00,mendels,2024-06-07T10:40:00+00:00,Ready,300068676
mendels_2024-06-07_10_30_00,mendels,2024-06-07T10:30:00+00:00,Ready,300067861
SiteA_2024-06-07_10_30_00,SiteA,2024-06-07T10:30:00+00:00,Ready,171508600
mendels_2024-06-07_10_20_01,mendels,2024-06-07T10:20:01+00:00,Ready,299604065
SiteA_2024-06-07_10_20_00,SiteA,2024-06-07T10:20:00+00:00,Ready,176444649
SiteA_2024-06-07_10_10_01,SiteA,2024-06-07T10:10:01+00:00,Ready,162260213
mendels_2024-06-07_10_10_00,mendels,2024-06-07T10:10:00+00:00,Ready,300082467
SiteA_2024-06-07_10_00_00,SiteA,2024-06-07T10:00:00+00:00,Ready,180405579
mendels_2024-06-07_10_00_00,mendels,2024-06-07T10:00:00+00:00,Ready,300031677
mendels_2024-06-07_09_50_00,mendels,2024-06-07T09:50:00+00:00,Ready,300064405
SiteA_2024-06-07_09_50_00,SiteA,2024-06-07T09:50:00+00:00,Ready,223103262
mendels_2024-06-07_09_40_00,mendels,2024-06-07T09:40:00+00:00,Ready,300093549
SiteA_2024-06-07_09_40_00,SiteA,2024-06-07T09:40:00+00:00,Ready,185337918
mendels_2024-06-07_09_30_01,mendels,2024-06-07T09:30:01+00:00,Ready,299595483
SiteA_2024-06-07_09_30_01,SiteA,2024-06-07T09:30:01+00:00,Ready,178101043
SiteA_2024-06-07_09_20_00,SiteA,2024-06-07T09:20:00+00:00,Ready,153940280
mendels_2024-06-07_09_20_00,mendels,2024-06-07T09:20:00+00:00,Ready,300116112
mendels_2024-06-07_09_10_00,mendels,2024-06-07T09:10:00+00:00,Ready,300092684
SiteA_2024-06-07_09_10_00,SiteA,2024-06-07T09:10:00+00:00,Ready,151821625
SiteA_2024-06-07_09_00_01,SiteA,2024-06-07T09:00:01+00:00,Ready,155022049
mendels_2024-06-07_09_00_00,mendels,2024-06-07T09:00:00+00:00,Ready,299887485
mendels_2024-06-07_08_55_36,mendels,2024-06-07T08:55:36+00:00,Ready,131859997
SiteA_2024-06-07_08_50_00,SiteA,2024-06-07T08:50:00+00:00,Ready,172395264
SiteA_2024-06-07_08_40_00,SiteA,2024-06-07T08:40:00+00:00,Ready,212740804
SiteA_2024-06-07_08_30_01,SiteA,2024-06-07T08:30:01+00:00,Ready,196298352
SiteA_2024-06-07_08_20_00,SiteA,2024-06-07T08:20:00+00:00,Ready,217849565
SiteA_2024-06-07_08_10_00,SiteA,2024-06-07T08:10:00+00:00,Ready,263002005
SiteA_2024-06-07_08_01_30,SiteA,2024-06-07T08:01:30+00:00,Ready,189267218
SiteA_2024-06-06_20_00_00,SiteA,2024-06-06T20:00:00+00:00,Ready,0
SiteA_2024-06-06_19_50_01,SiteA,2024-06-06T19:50:01+00:00,Ready,276566016
SiteA_2024-06-06_19_40_00,SiteA,2024-06-06T19:40:00+00:00,Ready,233771014
SiteA_2024-06-06_19_30_00,SiteA,2024-06-06T19:30:00+00:00,Ready,220230488
SiteA_2024-06-06_19_20_00,SiteA,2024-06-06T19:20:00+00:00,Ready,204956837
SiteA_2024-06-06_19_10_01,SiteA,2024-06-06T19:10:01+00:00,Ready,188019248
mendels_2024-06-06_19_00_01,mendels,2024-06-06T19:00:01+00:00,Ready,139202560
SiteA_2024-06-06_19_00_00,SiteA,2024-06-06T19:00:00+00:00,Ready,196500448
SiteA_2024-06-06_18_50_00,SiteA,2024-06-06T18:50:00+00:00,Ready,230880365
mendels_2024-06-06_18_50_00,mendels,2024-06-06T18:50:00+00:00,Ready,300096848
SiteA_2024-06-06_18_40_00,SiteA,2024-06-06T18:40:00+00:00,Ready,177600466
mendels_2024-06-06_18_40_00,mendels,2024-06-06T18:40:00+00:00,Ready,300091099
SiteA_2024-06-06_18_30_01,SiteA,2024-06-06T18:30:01+00:00,Ready,201018052
mendels_2024-06-06_18_30_00,mendels,2024-06-06T18:30:00+00:00,Ready,300046626
mendels_2024-06-06_18_20_01,mendels,2024-06-06T18:20:01+00:00,Ready,299476683
SiteA_2024-06-06_18_20_00,SiteA,2024-06-06T18:20:00+00:00,Ready,197267881
mendels_2024-06-06_18_10_00,mendels,2024-06-06T18:10:00+00:00,Ready,300062538
SiteA_2024-06-06_18_10_00,SiteA,2024-06-06T18:10:00+00:00,Ready,156206333
SiteA_2024-06-06_18_00_00,SiteA,2024-06-06T18:00:00+00:00,Ready,189699107
mendels_2024-06-06_18_00_00,mendels,2024-06-06T18:00:00+00:00,Ready,300029621
SiteA_2024-06-06_17_50_01,SiteA,2024-06-06T17:50:01+00:00,Ready,237951996
mendels_2024-06-06_17_50_01,mendels,2024-06-06T17:50:01+00:00,Ready,299570827
mendels_2024-06-06_17_40_00,mendels,2024-06-06T17:40:00+00:00,Ready,300000514
SiteA_2024-06-06_17_40_00,SiteA,2024-06-06T17:40:00+00:00,Ready,220116707
SiteA_2024-06-06_17_30_00,SiteA,2024-06-06T17:30:00+00:00,Ready,284572016
mendels_2024-06-06_17_30_00,mendels,2024-06-06T17:30:00+00:00,Ready,300029418
SiteA_2024-06-06_17_20_01,SiteA,2024-06-06T17:20:01+00:00,Ready,171393276
mendels_2024-06-06_17_20_00,mendels,2024-06-06T17:20:00+00:00,Ready,300052210
mendels_2024-06-06_17_10_01,mendels,2024-06-06T17:10:01+00:00,Ready,299604629
SiteA_2024-06-06_17_10_00,SiteA,2024-06-06T17:10:00+00:00,Ready,151821525
SiteA_2024-06-06_17_00_00,SiteA,2024-06-06T17:00:00+00:00,Ready,165633563
mendels_2024-06-06_17_00_00,mendels,2024-06-06T17:00:00+00:00,Ready,299952580
SiteA_2024-06-06_16_50_01,SiteA,2024-06-06T16:50:01+00:00,Ready,171616905
mendels_2024-06-06_16_50_00,mendels,2024-06-06T16:50:00+00:00,Ready,300104212
mendels_2024-06-06_16_40_01,mendels,2024-06-06T16:40:01+00:00,Ready,299584601
SiteA_2024-06-06_16_40_00,SiteA,2024-06-06T16:40:00+00:00,Ready,187156375
mendels_2024-06-06_16_30_00,mendels,2024-06-06T16:30:00+00:00,Ready,300098568
SiteA_2024-06-06_16_30_00,SiteA,2024-06-06T16:30:00+00:00,Ready,211038633
SiteA_2024-06-06_16_20_00,SiteA,2024-06-06T16:20:00+00:00,Ready,204713071
mendels_2024-06-06_16_20_00,mendels,2024-06-06T16:20:00+00:00,Ready,300111726
SiteA_2024-06-06_16_10_01,SiteA,2024-06-06T16:10:01+00:00,Ready,266813647
mendels_2024-06-06_16_10_01,mendels,2024-06-06T16:10:01+00:00,Ready,299555334
SiteA_2024-06-06_16_00_00,SiteA,2024-06-06T16:00:00+00:00,Ready,229424600
mendels_2024-06-06_16_00_00,mendels,2024-06-06T16:00:00+00:00,Ready,300062985
SiteA_2024-06-06_15_50_00,SiteA,2024-06-06T15:50:00+00:00,Ready,229476003
mendels_2024-06-06_15_50_00,mendels,2024-06-06T15:50:00+00:00,Ready,300108405
mendels_2024-06-06_15_40_01,mendels,2024-06-06T15:40:01+00:00,Ready,299578536
SiteA_2024-06-06_15_40_01,SiteA,2024-06-06T15:40:01+00:00,Ready,270092525
mendels_2024-06-06_15_30_00,mendels,2024-06-06T15:30:00+00:00,Ready,300081899
SiteA_2024-06-06_15_30_00,SiteA,2024-06-06T15:30:00+00:00,Ready,261733969
SiteA_2024-06-06_15_20_00,SiteA,2024-06-06T15:20:00+00:00,Ready,203315127
mendels_2024-06-06_15_20_00,mendels,2024-06-06T15:20:00+00:00,Ready,300041412
mendels_2024-06-06_15_10_01,mendels,2024-06-06T15:10:01+00:00,Ready,299589758
SiteA_2024-06-06_15_10_00,SiteA,2024-06-06T15:10:00+00:00,Ready,226330936
SiteA_2024-06-06_15_00_01,SiteA,2024-06-06T15:00:01+00:00,Ready,255486994
mendels_2024-06-06_15_00_00,mendels,2024-06-06T15:00:00+00:00,Ready,300061401
mendels_2024-06-06_14_50_00,mendels,2024-06-06T14:50:00+00:00,Ready,300064406
SiteA_2024-06-06_14_50_00,SiteA,2024-06-06T14:50:00+00:00,Ready,239686022
mendels_2024-06-06_14_40_01,mendels,2024-06-06T14:40:01+00:00,Ready,299514110
SiteA_2024-06-06_14_40_00,SiteA,2024-06-06T14:40:00+00:00,Ready,287084519
SiteA_2024-06-06_14_30_01,SiteA,2024-06-06T14:30:01+00:00,Ready,172085251
mendels_2024-06-06_14_30_00,mendels,2024-06-06T14:30:00+00:00,Ready,299930958
mendels_2024-06-06_14_20_00,mendels,2024-06-06T14:20:00+00:00,Ready,300054352
SiteA_2024-06-06_14_20_00,SiteA,2024-06-06T14:20:00+00:00,Ready,194053341
mendels_2024-06-06_14_10_01,mendels,2024-06-06T14:10:01+00:00,Ready,299556373
SiteA_2024-06-06_14_10_00,SiteA,2024-06-06T14:10:00+00:00,Ready,211125080
SiteA_2024-06-06_14_00_00,SiteA,2024-06-06T14:00:00+00:00,Ready,203741916
mendels_2024-06-06_14_00_00,mendels,2024-06-06T14:00:00+00:00,Ready,299949455
SiteA_2024-06-06_13_50_01,SiteA,2024-06-06T13:50:01+00:00,Ready,189972927
mendels_2024-06-06_13_50_00,mendels,2024-06-06T13:50:00+00:00,Ready,300045943
mendels_2024-06-06_13_40_00,mendels,2024-06-06T13:40:00+00:00,Ready,300100462
SiteA_2024-06-06_13_40_00,SiteA,2024-06-06T13:40:00+00:00,Ready,210375624
mendels_2024-06-06_13_30_01,mendels,2024-06-06T13:30:01+00:00,Ready,299482221
SiteA_2024-06-06_13_30_00,SiteA,2024-06-06T13:30:00+00:00,Ready,223669960
mendels_2024-06-06_13_20_00,mendels,2024-06-06T13:20:00+00:00,Ready,300101594
SiteA_2024-06-06_13_20_00,SiteA,2024-06-06T13:20:00+00:00,Ready,205081699
mendels_2024-06-06_13_10_00,mendels,2024-06-06T13:10:00+00:00,Ready,300068392
SiteA_2024-06-06_13_10_00,SiteA,2024-06-06T13:10:00+00:00,Ready,221180107
SiteA_2024-06-06_13_00_01,SiteA,2024-06-06T13:00:01+00:00,Ready,222017477
mendels_2024-06-06_13_00_00,mendels,2024-06-06T13:00:00+00:00,Ready,300029466
mendels_2024-06-06_12_50_01,mendels,2024-06-06T12:50:01+00:00,Ready,299547576
SiteA_2024-06-06_12_50_00,SiteA,2024-06-06T12:50:00+00:00,Ready,233248945
mendels_2024-06-06_12_40_00,mendels,2024-06-06T12:40:00+00:00,Ready,300096203
SiteA_2024-06-06_12_40_00,SiteA,2024-06-06T12:40:00+00:00,Ready,242870852
SiteA_2024-06-06_12_30_00,SiteA,2024-06-06T12:30:00+00:00,Ready,227376222
mendels_2024-06-06_12_30_00,mendels,2024-06-06T12:30:00+00:00,Ready,300064433
SiteA_2024-06-06_12_20_01,SiteA,2024-06-06T12:20:01+00:00,Ready,188971615
mendels_2024-06-06_12_20_00,mendels,2024-06-06T12:20:00+00:00,Ready,300095959
mendels_2024-06-06_12_10_01,mendels,2024-06-06T12:10:01+00:00,Ready,299607112
SiteA_2024-06-06_12_10_00,SiteA,2024-06-06T12:10:00+00:00,Ready,206186341
mendels_2024-06-06_12_00_00,mendels,2024-06-06T12:00:00+00:00,Ready,299998197
SiteA_2024-06-06_12_00_00,SiteA,2024-06-06T12:00:00+00:00,Ready,256314785
SiteA_2024-06-06_11_50_01,SiteA,2024-06-06T11:50:01+00:00,Ready,244692651
mendels_2024-06-06_11_50_00,mendels,2024-06-06T11:50:00+00:00,Ready,300067053
mendels_2024-06-06_11_40_01,mendels,2024-06-06T11:40:01+00:00,Ready,299605315
SiteA_2024-06-06_11_40_00,SiteA,2024-06-06T11:40:00+00:00,Ready,218311078
mendels_2024-06-06_11_30_00,mendels,2024-06-06T11:30:00+00:00,Ready,300098378
SiteA_2024-06-06_11_30_00,SiteA,2024-06-06T11:30:00+00:00,Ready,224441005
SiteA_2024-06-06_11_20_01,SiteA,2024-06-06T11:20:01+00:00,Ready,223520028
mendels_2024-06-06_11_20_00,mendels,2024-06-06T11:20:00+00:00,Ready,299978427
mendels_2024-06-06_11_10_01,mendels,2024-06-06T11:10:01+00:00,Ready,299482486
SiteA_2024-06-06_11_10_00,SiteA,2024-06-06T11:10:00+00:00,Ready,248341360
mendels_2024-06-06_11_00_00,mendels,2024-06-06T11:00:00+00:00,Ready,299995251
SiteA_2024-06-06_11_00_00,SiteA,2024-06-06T11:00:00+00:00,Ready,253105234
SiteA_2024-06-06_10_50_00,SiteA,2024-06-06T10:50:00+00:00,Ready,220903439
mendels_2024-06-06_10_50_00,mendels,2024-06-06T10:50:00+00:00,Ready,299612600
SiteA_2024-06-06_10_40_01,SiteA,2024-06-06T10:40:01+00:00,Ready,191187422
mendels_2024-06-06_10_40_01,mendels,2024-06-06T10:40:01+00:00,Ready,299611153
mendels_2024-06-06_10_30_00,mendels,2024-06-06T10:30:00+00:00,Ready,300049043
SiteA_2024-06-06_10_30_00,SiteA,2024-06-06T10:30:00+00:00,Ready,154381865
SiteA_2024-06-06_10_20_00,SiteA,2024-06-06T10:20:00+00:00,Ready,160242464
mendels_2024-06-06_10_20_00,mendels,2024-06-06T10:20:00+00:00,Ready,300050195
SiteA_2024-06-06_10_10_01,SiteA,2024-06-06T10:10:01+00:00,Ready,150430643
mendels_2024-06-06_10_10_00,mendels,2024-06-06T10:10:00+00:00,Ready,300097312
mendels_2024-06-06_10_00_01,mendels,2024-06-06T10:00:01+00:00,Ready,299608152
SiteA_2024-06-06_10_00_00,SiteA,2024-06-06T10:00:00+00:00,Ready,159578244
SiteA_2024-06-06_09_50_00,SiteA,2024-06-06T09:50:00+00:00,Ready,160294885
mendels_2024-06-06_09_50_00,mendels,2024-06-06T09:50:00+00:00,Ready,300079983
SiteA_2024-06-06_09_40_01,SiteA,2024-06-06T09:40:01+00:00,Ready,156560712
mendels_2024-06-06_09_40_00,mendels,2024-06-06T09:40:00+00:00,Ready,300007017
mendels_2024-06-06_09_30_01,mendels,2024-06-06T09:30:01+00:00,Ready,299069383
SiteA_2024-06-06_09_30_00,SiteA,2024-06-06T09:30:00+00:00,Ready,153072045
mendels_2024-06-06_09_20_00,mendels,2024-06-06T09:20:00+00:00,Ready,298149471
SiteA_2024-06-06_09_20_00,SiteA,2024-06-06T09:20:00+00:00,Ready,147013081
SiteA_2024-06-06_09_10_01,SiteA,2024-06-06T09:10:01+00:00,Ready,144892909
mendels_2024-06-06_09_10_00,mendels,2024-06-06T09:10:00+00:00,Ready,300103848
mendels_2024-06-06_09_00_00,mendels,2024-06-06T09:00:00+00:00,Ready,273904391
SiteA_2024-06-06_09_00_00,SiteA,2024-06-06T09:00:00+00:00,Ready,143184192
mendels_2024-06-06_08_55_35,mendels,2024-06-06T08:55:35+00:00,Ready,132427252
SiteA_2024-06-06_08_50_00,SiteA,2024-06-06T08:50:00+00:00,Ready,139631515
SiteA_2024-06-06_08_40_01,SiteA,2024-06-06T08:40:01+00:00,Ready,142649499
SiteA_2024-06-06_08_30_00,SiteA,2024-06-06T08:30:00+00:00,Ready,156503378
SiteA_2024-06-06_08_20_00,SiteA,2024-06-06T08:20:00+00:00,Ready,146608097
SiteA_2024-06-06_08_10_01,SiteA,2024-06-06T08:10:01+00:00,Ready,195938931
SiteA_2024-06-06_08_01_30,SiteA,2024-06-06T08:01:30+00:00,Ready,191853852
SiteA_2024-06-05_19_50_00,SiteA,2024-06-05T19:50:00+00:00,Ready,237240368
SiteA_2024-06-05_19_40_00,SiteA,2024-06-05T19:40:00+00:00,Ready,234387654
SiteA_2024-06-05_19_30_01,SiteA,2024-06-05T19:30:01+00:00,Ready,238295393
SiteA_2024-06-05_19_20_00,SiteA,2024-06-05T19:20:00+00:00,Ready,237235926
SiteA_2024-06-05_19_10_00,SiteA,2024-06-05T19:10:00+00:00,Ready,237967363
SiteA_2024-06-05_19_00_00,SiteA,2024-06-05T19:00:00+00:00,Ready,236159806
mendels_2024-06-05_19_00_00,mendels,2024-06-05T19:00:00+00:00,Ready,149422128
SiteA_2024-06-05_18_50_01,SiteA,2024-06-05T18:50:01+00:00,Ready,237249886
mendels_2024-06-05_18_50_00,mendels,2024-06-05T18:50:00+00:00,Ready,300086672
mendels_2024-06-05_18_40_01,mendels,2024-06-05T18:40:01+00:00,Ready,299578340
SiteA_2024-06-05_18_40_00,SiteA,2024-06-05T18:40:00+00:00,Ready,240016118
SiteA_2024-06-05_18_30_00,SiteA,2024-06-05T18:30:00+00:00,Ready,146539835
mendels_2024-06-05_18_30_00,mendels,2024-06-05T18:30:00+00:00,Ready,300091314
SiteA_2024-06-05_18_20_01,SiteA,2024-06-05T18:20:01+00:00,Ready,141687972
mendels_2024-06-05_18_20_00,mendels,2024-06-05T18:20:00+00:00,Ready,300051666
SiteA_2024-06-05_18_10_00,SiteA,2024-06-05T18:10:00+00:00,Ready,148128645
mendels_2024-06-05_18_10_00,mendels,2024-06-05T18:10:00+00:00,Ready,300041451
mendels_2024-06-05_18_00_01,mendels,2024-06-05T18:00:01+00:00,Ready,299508138
SiteA_2024-06-05_18_00_00,SiteA,2024-06-05T18:00:00+00:00,Ready,145711744
mendels_2024-06-05_17_50_00,mendels,2024-06-05T17:50:00+00:00,Ready,300096685
SiteA_2024-06-05_17_50_00,SiteA,2024-06-05T17:50:00+00:00,Ready,142437415
SiteA_2024-06-05_17_40_01,SiteA,2024-06-05T17:40:01+00:00,Ready,148113581
mendels_2024-06-05_17_40_00,mendels,2024-06-05T17:40:00+00:00,Ready,300059133
mendels_2024-06-05_17_30_01,mendels,2024-06-05T17:30:01+00:00,Ready,299601758
SiteA_2024-06-05_17_30_00,SiteA,2024-06-05T17:30:00+00:00,Ready,153285173
SiteA_2024-06-05_17_20_00,SiteA,2024-06-05T17:20:00+00:00,Ready,151199491
mendels_2024-06-05_17_20_00,mendels,2024-06-05T17:20:00+00:00,Ready,276311690
SiteA_2024-06-05_17_10_01,SiteA,2024-06-05T17:10:01+00:00,Ready,163992681
mendels_2024-06-05_17_10_00,mendels,2024-06-05T17:10:00+00:00,Ready,297370710
mendels_2024-06-05_17_00_00,mendels,2024-06-05T17:00:00+00:00,Ready,296695660
SiteA_2024-06-05_17_00_00,SiteA,2024-06-05T17:00:00+00:00,Ready,164541409
mendels_2024-06-05_16_50_01,mendels,2024-06-05T16:50:01+00:00,Ready,285235584
SiteA_2024-06-05_16_50_00,SiteA,2024-06-05T16:50:00+00:00,Ready,178941573
SiteA_2024-06-05_16_40_01,SiteA,2024-06-05T16:40:01+00:00,Ready,175610207
mendels_2024-06-05_16_40_00,mendels,2024-06-05T16:40:00+00:00,Ready,292693446
SiteA_2024-06-05_16_30_00,SiteA,2024-06-05T16:30:00+00:00,Ready,151946523
mendels_2024-06-05_16_30_00,mendels,2024-06-05T16:30:00+00:00,Ready,271428626
mendels_2024-06-05_16_20_01,mendels,2024-06-05T16:20:01+00:00,Ready,273062530
SiteA_2024-06-05_16_20_00,SiteA,2024-06-05T16:20:00+00:00,Ready,142056607
mendels_2024-06-05_16_10_00,mendels,2024-06-05T16:10:00+00:00,Ready,289607059
SiteA_2024-06-05_16_10_00,SiteA,2024-06-05T16:10:00+00:00,Ready,188944223
SiteA_2024-06-05_16_00_01,SiteA,2024-06-05T16:00:01+00:00,Ready,181451653
mendels_2024-06-05_16_00_00,mendels,2024-06-05T16:00:00+00:00,Ready,300102665
SiteA_2024-06-05_15_50_00,SiteA,2024-06-05T15:50:00+00:00,Ready,147101679
mendels_2024-06-05_15_50_00,mendels,2024-06-05T15:50:00+00:00,Ready,297747822
mendels_2024-06-05_15_40_01,mendels,2024-06-05T15:40:01+00:00,Ready,276812980
SiteA_2024-06-05_15_40_00,SiteA,2024-06-05T15:40:00+00:00,Ready,142706955
SiteA_2024-06-05_15_30_00,SiteA,2024-06-05T15:30:00+00:00,Ready,139597357
mendels_2024-06-05_15_30_00,mendels,2024-06-05T15:30:00+00:00,Ready,291517389
mendels_2024-06-05_15_20_00,mendels,2024-06-05T15:20:00+00:00,Ready,300104419
SiteA_2024-06-05_15_20_00,SiteA,2024-06-05T15:20:00+00:00,Ready,146226665
mendels_2024-06-05_15_10_00,mendels,2024-06-05T15:10:00+00:00,Ready,300108227
SiteA_2024-06-05_15_10_00,SiteA,2024-06-05T15:10:00+00:00,Ready,138186351
mendels_2024-06-05_15_00_01,mendels,2024-06-05T15:00:01+00:00,Ready,299615317
SiteA_2024-06-05_15_00_01,SiteA,2024-06-05T15:00:01+00:00,Ready,142702177
mendels_2024-06-05_14_50_00,mendels,2024-06-05T14:50:00+00:00,Ready,245100928
SiteA_2024-06-05_14_50_00,SiteA,2024-06-05T14:50:00+00:00,Ready,140157724
SiteA_2024-06-05_14_40_00,SiteA,2024-06-05T14:40:00+00:00,Ready,142284274
mendels_2024-06-05_14_40_00,mendels,2024-06-05T14:40:00+00:00,Ready,279542433
mendels_2024-06-05_14_30_01,mendels,2024-06-05T14:30:01+00:00,Ready,273428262
SiteA_2024-06-05_14_30_00,SiteA,2024-06-05T14:30:00+00:00,Ready,142550208
SiteA_2024-06-05_14_20_01,SiteA,2024-06-05T14:20:01+00:00,Ready,138922314
mendels_2024-06-05_14_20_00,mendels,2024-06-05T14:20:00+00:00,Ready,279225363
mendels_2024-06-05_14_10_00,mendels,2024-06-05T14:10:00+00:00,Ready,284170718
SiteA_2024-06-05_14_10_00,SiteA,2024-06-05T14:10:00+00:00,Ready,147668224
mendels_2024-06-05_14_00_01,mendels,2024-06-05T14:00:01+00:00,Ready,296045869
SiteA_2024-06-05_14_00_00,SiteA,2024-06-05T14:00:00+00:00,Ready,144284292
mendels_2024-06-05_13_50_00,mendels,2024-06-05T13:50:00+00:00,Ready,284935380
SiteA_2024-06-05_13_50_00,SiteA,2024-06-05T13:50:00+00:00,Ready,141615217
mendels_2024-06-05_13_40_00,mendels,2024-06-05T13:40:00+00:00,Ready,286757500
SiteA_2024-06-05_13_40_00,SiteA,2024-06-05T13:40:00+00:00,Ready,141944748
SiteA_2024-06-05_13_30_01,SiteA,2024-06-05T13:30:01+00:00,Ready,143126240
mendels_2024-06-05_13_30_00,mendels,2024-06-05T13:30:00+00:00,Ready,282046095
mendels_2024-06-05_13_20_01,mendels,2024-06-05T13:20:01+00:00,Ready,299572413
SiteA_2024-06-05_13_20_00,SiteA,2024-06-05T13:20:00+00:00,Ready,148831274
mendels_2024-06-05_13_10_00,mendels,2024-06-05T13:10:00+00:00,Ready,249214743
SiteA_2024-06-05_13_10_00,SiteA,2024-06-05T13:10:00+00:00,Ready,142365013
mendels_2024-06-05_13_00_00,mendels,2024-06-05T13:00:00+00:00,Ready,281450282
SiteA_2024-06-05_13_00_00,SiteA,2024-06-05T13:00:00+00:00,Ready,147333232
SiteA_2024-06-05_12_50_01,SiteA,2024-06-05T12:50:01+00:00,Ready,145303706
mendels_2024-06-05_12_50_01,mendels,2024-06-05T12:50:01+00:00,Ready,292997501
SiteA_2024-06-05_12_40_00,SiteA,2024-06-05T12:40:00+00:00,Ready,144618185
mendels_2024-06-05_12_40_00,mendels,2024-06-05T12:40:00+00:00,Ready,253663668
SiteA_2024-06-05_12_30_00,SiteA,2024-06-05T12:30:00+00:00,Ready,151408796
mendels_2024-06-05_12_30_00,mendels,2024-06-05T12:30:00+00:00,Ready,298308540
SiteA_2024-06-05_12_20_01,SiteA,2024-06-05T12:20:01+00:00,Ready,153561613
mendels_2024-06-05_12_20_00,mendels,2024-06-05T12:20:00+00:00,Ready,277814442
mendels_2024-06-05_12_10_01,mendels,2024-06-05T12:10:01+00:00,Ready,296878147
SiteA_2024-06-05_12_10_00,SiteA,2024-06-05T12:10:00+00:00,Ready,141214129
SiteA_2024-06-05_12_00_00,SiteA,2024-06-05T12:00:00+00:00,Ready,137427887
mendels_2024-06-05_12_00_00,mendels,2024-06-05T12:00:00+00:00,Ready,240591780
SiteA_2024-06-05_11_50_00,SiteA,2024-06-05T11:50:00+00:00,Ready,140851004
mendels_2024-06-05_11_50_00,mendels,2024-06-05T11:50:00+00:00,Ready,268672942
SiteA_2024-06-05_11_40_01,SiteA,2024-06-05T11:40:01+00:00,Ready,142579325
mendels_2024-06-05_11_40_00,mendels,2024-06-05T11:40:00+00:00,Ready,288214499
mendels_2024-06-05_11_30_01,mendels,2024-06-05T11:30:01+00:00,Ready,296405966
SiteA_2024-06-05_11_30_00,SiteA,2024-06-05T11:30:00+00:00,Ready,153155999
SiteA_2024-06-05_11_20_00,SiteA,2024-06-05T11:20:00+00:00,Ready,143783315
mendels_2024-06-05_11_20_00,mendels,2024-06-05T11:20:00+00:00,Ready,288595325
SiteA_2024-06-05_11_10_01,SiteA,2024-06-05T11:10:01+00:00,Ready,148808964
mendels_2024-06-05_11_10_00,mendels,2024-06-05T11:10:00+00:00,Ready,296945127
mendels_2024-06-05_11_00_00,mendels,2024-06-05T11:00:00+00:00,Ready,297370210
SiteA_2024-06-05_11_00_00,SiteA,2024-06-05T11:00:00+00:00,Ready,148791392
mendels_2024-06-05_10_50_01,mendels,2024-06-05T10:50:01+00:00,Ready,290691190
SiteA_2024-06-05_10_50_00,SiteA,2024-06-05T10:50:00+00:00,Ready,141683432
SiteA_2024-06-05_10_40_01,SiteA,2024-06-05T10:40:01+00:00,Ready,141338633
mendels_2024-06-05_10_40_00,mendels,2024-06-05T10:40:00+00:00,Ready,299301997
mendels_2024-06-05_10_30_00,mendels,2024-06-05T10:30:00+00:00,Ready,293347974
SiteA_2024-06-05_10_30_00,SiteA,2024-06-05T10:30:00+00:00,Ready,142103443
mendels_2024-06-05_10_20_01,mendels,2024-06-05T10:20:01+00:00,Ready,298314977
SiteA_2024-06-05_10_20_00,SiteA,2024-06-05T10:20:00+00:00,Ready,143731384
mendels_2024-06-05_10_10_00,mendels,2024-06-05T10:10:00+00:00,Ready,270272026
SiteA_2024-06-05_10_10_00,SiteA,2024-06-05T10:10:00+00:00,Ready,145926931
SiteA_2024-06-05_10_00_01,SiteA,2024-06-05T10:00:01+00:00,Ready,143658723
mendels_2024-06-05_10_00_00,mendels,2024-06-05T10:00:00+00:00,Ready,271672428
mendels_2024-06-05_09_50_01,mendels,2024-06-05T09:50:01+00:00,Ready,260819633
SiteA_2024-06-05_09_50_00,SiteA,2024-06-05T09:50:00+00:00,Ready,141554137
mendels_2024-06-05_09_40_00,mendels,2024-06-05T09:40:00+00:00,Ready,275742066
SiteA_2024-06-05_09_40_00,SiteA,2024-06-05T09:40:00+00:00,Ready,186427609
mendels_2024-06-05_09_30_00,mendels,2024-06-05T09:30:00+00:00,Ready,299396609
SiteA_2024-06-05_09_30_00,SiteA,2024-06-05T09:30:00+00:00,Ready,166429485
SiteA_2024-06-05_09_20_01,SiteA,2024-06-05T09:20:01+00:00,Ready,158027455
mendels_2024-06-05_09_20_01,mendels,2024-06-05T09:20:01+00:00,Ready,282910150
mendels_2024-06-05_09_10_00,mendels,2024-06-05T09:10:00+00:00,Ready,274487067
SiteA_2024-06-05_09_10_00,SiteA,2024-06-05T09:10:00+00:00,Ready,152620414
mendels_2024-06-05_09_00_00,mendels,2024-06-05T09:00:00+00:00,Ready,286799564
SiteA_2024-06-05_09_00_00,SiteA,2024-06-05T09:00:00+00:00,Ready,175579295
mendels_2024-06-05_08_55_35,mendels,2024-06-05T08:55:35+00:00,Ready,125938601
SiteA_2024-06-05_08_50_01,SiteA,2024-06-05T08:50:01+00:00,Ready,176588417
SiteA_2024-06-05_08_40_00,SiteA,2024-06-05T08:40:00+00:00,Ready,186227566
SiteA_2024-06-05_08_30_00,SiteA,2024-06-05T08:30:00+00:00,Ready,232943314
SiteA_2024-06-05_08_20_00,SiteA,2024-06-05T08:20:00+00:00,Ready,232176205
SiteA_2024-06-05_08_10_00,SiteA,2024-06-05T08:10:00+00:00,Ready,209847195
SiteA_2024-06-05_08_01_33,SiteA,2024-06-05T08:01:33+00:00,Ready,197080418
SiteA_2024-06-04_20_00_00,SiteA,2024-06-04T20:00:00+00:00,Ready,0
SiteA_2024-06-04_19_50_01,SiteA,2024-06-04T19:50:01+00:00,Ready,230420480
SiteA_2024-06-04_19_40_00,SiteA,2024-06-04T19:40:00+00:00,Ready,206101776
SiteA_2024-06-04_19_30_00,SiteA,2024-06-04T19:30:00+00:00,Ready,177505110
SiteA_2024-06-04_19_20_00,SiteA,2024-06-04T19:20:00+00:00,Ready,160160996
SiteA_2024-06-04_19_10_01,SiteA,2024-06-04T19:10:01+00:00,Ready,141184515
SiteA_2024-06-04_19_00_00,SiteA,2024-06-04T19:00:00+00:00,Ready,136460404
mendels_2024-06-04_19_00_00,mendels,2024-06-04T19:00:00+00:00,Ready,141037568
SiteA_2024-06-04_18_50_00,SiteA,2024-06-04T18:50:00+00:00,Ready,141124869
mendels_2024-06-04_18_50_00,mendels,2024-06-04T18:50:00+00:00,Ready,262234407
SiteA_2024-06-04_18_40_01,SiteA,2024-06-04T18:40:01+00:00,Ready,141385807
mendels_2024-06-04_18_40_00,mendels,2024-06-04T18:40:00+00:00,Ready,205739137
mendels_2024-06-04_18_30_01,mendels,2024-06-04T18:30:01+00:00,Ready,241992412
SiteA_2024-06-04_18_30_00,SiteA,2024-06-04T18:30:00+00:00,Ready,143008869
SiteA_2024-06-04_18_20_00,SiteA,2024-06-04T18:20:00+00:00,Ready,151785803
mendels_2024-06-04_18_20_00,mendels,2024-06-04T18:20:00+00:00,Ready,237969226
SiteA_2024-06-04_18_10_01,SiteA,2024-06-04T18:10:01+00:00,Ready,162831275
mendels_2024-06-04_18_10_00,mendels,2024-06-04T18:10:00+00:00,Ready,251905998
mendels_2024-06-04_18_00_01,mendels,2024-06-04T18:00:01+00:00,Ready,199939858
SiteA_2024-06-04_18_00_00,SiteA,2024-06-04T18:00:00+00:00,Ready,150672764
mendels_2024-06-04_17_50_00,mendels,2024-06-04T17:50:00+00:00,Ready,207573419
SiteA_2024-06-04_17_50_00,SiteA,2024-06-04T17:50:00+00:00,Ready,177526426
SiteA_2024-06-04_17_40_01,SiteA,2024-06-04T17:40:01+00:00,Ready,140666529
mendels_2024-06-04_17_40_00,mendels,2024-06-04T17:40:00+00:00,Ready,232019886
mendels_2024-06-04_17_30_01,mendels,2024-06-04T17:30:01+00:00,Ready,259086605
SiteA_2024-06-04_17_30_00,SiteA,2024-06-04T17:30:00+00:00,Ready,172081653
mendels_2024-06-04_17_20_00,mendels,2024-06-04T17:20:00+00:00,Ready,268214219
SiteA_2024-06-04_17_20_00,SiteA,2024-06-04T17:20:00+00:00,Ready,160481492
mendels_2024-06-04_17_10_00,mendels,2024-06-04T17:10:00+00:00,Ready,273479774
SiteA_2024-06-04_17_10_00,SiteA,2024-06-04T17:10:00+00:00,Ready,151939015
mendels_2024-06-04_17_00_01,mendels,2024-06-04T17:00:01+00:00,Ready,296846478
SiteA_2024-06-04_17_00_01,SiteA,2024-06-04T17:00:01+00:00,Ready,141762583
SiteA_2024-06-04_16_50_00,SiteA,2024-06-04T16:50:00+00:00,Ready,145017146
mendels_2024-06-04_16_50_00,mendels,2024-06-04T16:50:00+00:00,Ready,299946555
SiteA_2024-06-04_16_40_00,SiteA,2024-06-04T16:40:00+00:00,Ready,159732115
mendels_2024-06-04_16_40_00,mendels,2024-06-04T16:40:00+00:00,Ready,265475819
SiteA_2024-06-04_16_30_01,SiteA,2024-06-04T16:30:01+00:00,Ready,162763263
mendels_2024-06-04_16_30_01,mendels,2024-06-04T16:30:01+00:00,Ready,269588307
SiteA_2024-06-04_16_20_00,SiteA,2024-06-04T16:20:00+00:00,Ready,162443118
mendels_2024-06-04_16_20_00,mendels,2024-06-04T16:20:00+00:00,Ready,275621590
SiteA_2024-06-04_16_10_00,SiteA,2024-06-04T16:10:00+00:00,Ready,150774697
mendels_2024-06-04_16_10_00,mendels,2024-06-04T16:10:00+00:00,Ready,240878853
SiteA_2024-06-04_16_00_01,SiteA,2024-06-04T16:00:01+00:00,Ready,161248003
mendels_2024-06-04_16_00_00,mendels,2024-06-04T16:00:00+00:00,Ready,237102517
mendels_2024-06-04_15_50_01,mendels,2024-06-04T15:50:01+00:00,Ready,225923547
SiteA_2024-06-04_15_50_00,SiteA,2024-06-04T15:50:00+00:00,Ready,154389420
SiteA_2024-06-04_15_40_00,SiteA,2024-06-04T15:40:00+00:00,Ready,155782477
mendels_2024-06-04_15_40_00,mendels,2024-06-04T15:40:00+00:00,Ready,300094280
SiteA_2024-06-04_15_30_00,SiteA,2024-06-04T15:30:00+00:00,Ready,148931924
mendels_2024-06-04_15_30_00,mendels,2024-06-04T15:30:00+00:00,Ready,293419757
SiteA_2024-06-04_15_20_01,SiteA,2024-06-04T15:20:01+00:00,Ready,127426394
mendels_2024-06-04_15_20_00,mendels,2024-06-04T15:20:00+00:00,Ready,230597324
mendels_2024-06-04_15_10_01,mendels,2024-06-04T15:10:01+00:00,Ready,292902027
SiteA_2024-06-04_15_10_00,SiteA,2024-06-04T15:10:00+00:00,Ready,138249352
SiteA_2024-06-04_15_00_00,SiteA,2024-06-04T15:00:00+00:00,Ready,134767012
mendels_2024-06-04_15_00_00,mendels,2024-06-04T15:00:00+00:00,Ready,284986632
SiteA_2024-06-04_14_50_01,SiteA,2024-06-04T14:50:01+00:00,Ready,130175930
mendels_2024-06-04_14_50_00,mendels,2024-06-04T14:50:00+00:00,Ready,255641720
mendels_2024-06-04_14_40_00,mendels,2024-06-04T14:40:00+00:00,Ready,296480117
SiteA_2024-06-04_14_40_00,SiteA,2024-06-04T14:40:00+00:00,Ready,133858652
mendels_2024-06-04_14_30_01,mendels,2024-06-04T14:30:01+00:00,Ready,275108938
SiteA_2024-06-04_14_30_00,SiteA,2024-06-04T14:30:00+00:00,Ready,128088450
SiteA_2024-06-04_14_20_01,SiteA,2024-06-04T14:20:01+00:00,Ready,131962855
mendels_2024-06-04_14_20_00,mendels,2024-06-04T14:20:00+00:00,Ready,265229741
mendels_2024-06-04_14_10_01,mendels,2024-06-04T14:10:01+00:00,Ready,265911091
SiteA_2024-06-04_14_10_00,SiteA,2024-06-04T14:10:00+00:00,Ready,126917555
mendels_2024-06-04_14_00_00,mendels,2024-06-04T14:00:00+00:00,Ready,296231042
SiteA_2024-06-04_14_00_00,SiteA,2024-06-04T14:00:00+00:00,Ready,128588058
SiteA_2024-06-04_13_50_01,SiteA,2024-06-04T13:50:01+00:00,Ready,129942400
mendels_2024-06-04_13_50_00,mendels,2024-06-04T13:50:00+00:00,Ready,288230010
mendels_2024-06-04_13_40_00,mendels,2024-06-04T13:40:00+00:00,Ready,260371386
SiteA_2024-06-04_13_40_00,SiteA,2024-06-04T13:40:00+00:00,Ready,133590845
mendels_2024-06-04_13_30_01,mendels,2024-06-04T13:30:01+00:00,Ready,288580237
SiteA_2024-06-04_13_30_00,SiteA,2024-06-04T13:30:00+00:00,Ready,140074226
SiteA_2024-06-04_13_20_01,SiteA,2024-06-04T13:20:01+00:00,Ready,158103104
mendels_2024-06-04_13_20_00,mendels,2024-06-04T13:20:00+00:00,Ready,300090175
SiteA_2024-06-04_13_10_00,SiteA,2024-06-04T13:10:00+00:00,Ready,161374893
mendels_2024-06-04_13_10_00,mendels,2024-06-04T13:10:00+00:00,Ready,299932049
mendels_2024-06-04_13_00_01,mendels,2024-06-04T13:00:01+00:00,Ready,293825026
SiteA_2024-06-04_13_00_00,SiteA,2024-06-04T13:00:00+00:00,Ready,157040049
SiteA_2024-06-04_12_50_01,SiteA,2024-06-04T12:50:01+00:00,Ready,193022232
mendels_2024-06-04_12_50_00,mendels,2024-06-04T12:50:00+00:00,Ready,231190359
mendels_2024-06-04_12_40_00,mendels,2024-06-04T12:40:00+00:00,Ready,255654478
SiteA_2024-06-04_12_40_00,SiteA,2024-06-04T12:40:00+00:00,Ready,172576312
mendels_2024-06-04_12_30_01,mendels,2024-06-04T12:30:01+00:00,Ready,226371278
SiteA_2024-06-04_12_30_00,SiteA,2024-06-04T12:30:00+00:00,Ready,167042249
SiteA_2024-06-04_12_20_00,SiteA,2024-06-04T12:20:00+00:00,Ready,169247701
mendels_2024-06-04_12_20_00,mendels,2024-06-04T12:20:00+00:00,Ready,249100863
SiteA_2024-06-04_12_10_01,SiteA,2024-06-04T12:10:01+00:00,Ready,167431144
mendels_2024-06-04_12_10_00,mendels,2024-06-04T12:10:00+00:00,Ready,268936633
mendels_2024-06-04_12_00_01,mendels,2024-06-04T12:00:01+00:00,Ready,299604065
SiteA_2024-06-04_12_00_00,SiteA,2024-06-04T12:00:00+00:00,Ready,170622808
SiteA_2024-06-04_11_50_00,SiteA,2024-06-04T11:50:00+00:00,Ready,172555743
mendels_2024-06-04_11_50_00,mendels,2024-06-04T11:50:00+00:00,Ready,231524647
mendels_2024-06-04_11_40_00,mendels,2024-06-04T11:40:00+00:00,Ready,253766764
SiteA_2024-06-04_11_40_00,SiteA,2024-06-04T11:40:00+00:00,Ready,179734759
SiteA_2024-06-04_11_30_01,SiteA,2024-06-04T11:30:01+00:00,Ready,175483447
mendels_2024-06-04_11_30_00,mendels,2024-06-04T11:30:00+00:00,Ready,225682967
mendels_2024-06-04_11_20_01,mendels,2024-06-04T11:20:01+00:00,Ready,297789784
SiteA_2024-06-04_11_20_00,SiteA,2024-06-04T11:20:00+00:00,Ready,171694197
mendels_2024-06-04_11_10_00,mendels,2024-06-04T11:10:00+00:00,Ready,262591456
SiteA_2024-06-04_11_10_00,SiteA,2024-06-04T11:10:00+00:00,Ready,166695315
mendels_2024-06-04_11_00_00,mendels,2024-06-04T11:00:00+00:00,Ready,267981782
SiteA_2024-06-04_11_00_00,SiteA,2024-06-04T11:00:00+00:00,Ready,168464190
mendels_2024-06-04_10_50_01,mendels,2024-06-04T10:50:01+00:00,Ready,262504559
SiteA_2024-06-04_10_50_00,SiteA,2024-06-04T10:50:00+00:00,Ready,167725759
SiteA_2024-06-04_10_40_01,SiteA,2024-06-04T10:40:01+00:00,Ready,174795564
mendels_2024-06-04_10_40_00,mendels,2024-06-04T10:40:00+00:00,Ready,300090391
SiteA_2024-06-04_10_30_00,SiteA,2024-06-04T10:30:00+00:00,Ready,188708095
mendels_2024-06-04_10_30_00,mendels,2024-06-04T10:30:00+00:00,Ready,293666735
mendels_2024-06-04_10_20_01,mendels,2024-06-04T10:20:01+00:00,Ready,274208041
SiteA_2024-06-04_10_20_00,SiteA,2024-06-04T10:20:00+00:00,Ready,164240377
SiteA_2024-06-04_10_10_01,SiteA,2024-06-04T10:10:01+00:00,Ready,164502798
mendels_2024-06-04_10_10_00,mendels,2024-06-04T10:10:00+00:00,Ready,299489621
SiteA_2024-06-04_10_00_00,SiteA,2024-06-04T10:00:00+00:00,Ready,175338281
mendels_2024-06-04_10_00_00,mendels,2024-06-04T10:00:00+00:00,Ready,238460308
mendels_2024-06-04_09_50_00,mendels,2024-06-04T09:50:00+00:00,Ready,285596976
SiteA_2024-06-04_09_50_00,SiteA,2024-06-04T09:50:00+00:00,Ready,171924850
mendels_2024-06-04_09_40_01,mendels,2024-06-04T09:40:01+00:00,Ready,248107962
SiteA_2024-06-04_09_40_01,SiteA,2024-06-04T09:40:01+00:00,Ready,164168747
mendels_2024-06-04_09_30_00,mendels,2024-06-04T09:30:00+00:00,Ready,249386623
SiteA_2024-06-04_09_30_00,SiteA,2024-06-04T09:30:00+00:00,Ready,173387394
SiteA_2024-06-04_09_20_00,SiteA,2024-06-04T09:20:00+00:00,Ready,175226724
mendels_2024-06-04_09_20_00,mendels,2024-06-04T09:20:00+00:00,Ready,240805439
mendels_2024-06-04_09_10_01,mendels,2024-06-04T09:10:01+00:00,Ready,282780762
SiteA_2024-06-04_09_10_00,SiteA,2024-06-04T09:10:00+00:00,Ready,171727438
SiteA_2024-06-04_09_00_01,SiteA,2024-06-04T09:00:01+00:00,Ready,172370405
mendels_2024-06-04_09_00_00,mendels,2024-06-04T09:00:00+00:00,Ready,286009693
mendels_2024-06-04_08_55_43,mendels,2024-06-04T08:55:43+00:00,Ready,121946058
SiteA_2024-06-04_08_50_00,SiteA,2024-06-04T08:50:00+00:00,Ready,166912395
SiteA_2024-06-04_08_40_00,SiteA,2024-06-04T08:40:00+00:00,Ready,165090388
SiteA_2024-06-04_08_30_01,SiteA,2024-06-04T08:30:01+00:00,Ready,170730456
SiteA_2024-06-04_08_20_00,SiteA,2024-06-04T08:20:00+00:00,Ready,173070228
SiteA_2024-06-04_08_10_00,SiteA,2024-06-04T08:10:00+00:00,Ready,171494855
SiteA_2024-06-04_08_01_30,SiteA,2024-06-04T08:01:30+00:00,Ready,152133618
SiteA_2024-06-03_19_50_00,SiteA,2024-06-03T19:50:00+00:00,Ready,287309872
SiteA_2024-06-03_19_40_00,SiteA,2024-06-03T19:40:00+00:00,Ready,291802330
SiteA_2024-06-03_19_30_00,SiteA,2024-06-03T19:30:00+00:00,Ready,286721043
SiteA_2024-06-03_19_20_01,SiteA,2024-06-03T19:20:01+00:00,Ready,251490152
SiteA_2024-06-03_19_10_00,SiteA,2024-06-03T19:10:00+00:00,Ready,218076737
mendels_2024-06-03_19_00_00,mendels,2024-06-03T19:00:00+00:00,Ready,120590336
SiteA_2024-06-03_19_00_00,SiteA,2024-06-03T19:00:00+00:00,Ready,191891855
SiteA_2024-06-03_18_50_00,SiteA,2024-06-03T18:50:00+00:00,Ready,166903242
mendels_2024-06-03_18_50_00,mendels,2024-06-03T18:50:00+00:00,Ready,213310721
mendels_2024-06-03_18_40_01,mendels,2024-06-03T18:40:01+00:00,Ready,117378687
SiteA_2024-06-03_18_40_01,SiteA,2024-06-03T18:40:01+00:00,Ready,152849075
mendels_2024-06-03_18_30_00,mendels,2024-06-03T18:30:00+00:00,Ready,181320878
SiteA_2024-06-03_18_30_00,SiteA,2024-06-03T18:30:00+00:00,Ready,151384607
SiteA_2024-06-03_18_20_00,SiteA,2024-06-03T18:20:00+00:00,Ready,155635786
mendels_2024-06-03_18_20_00,mendels,2024-06-03T18:20:00+00:00,Ready,199826292
SiteA_2024-06-03_18_10_01,SiteA,2024-06-03T18:10:01+00:00,Ready,153393315
mendels_2024-06-03_18_10_00,mendels,2024-06-03T18:10:00+00:00,Ready,219493678
mendels_2024-06-03_18_00_01,mendels,2024-06-03T18:00:01+00:00,Ready,185767332
SiteA_2024-06-03_18_00_00,SiteA,2024-06-03T18:00:00+00:00,Ready,157664092
SiteA_2024-06-03_17_50_00,SiteA,2024-06-03T17:50:00+00:00,Ready,139901037
mendels_2024-06-03_17_50_00,mendels,2024-06-03T17:50:00+00:00,Ready,184259333
SiteA_2024-06-03_17_40_01,SiteA,2024-06-03T17:40:01+00:00,Ready,138047799
mendels_2024-06-03_17_40_00,mendels,2024-06-03T17:40:00+00:00,Ready,191833538
SiteA_2024-06-03_17_30_00,SiteA,2024-06-03T17:30:00+00:00,Ready,161105565
mendels_2024-06-03_17_30_00,mendels,2024-06-03T17:30:00+00:00,Ready,211752462
mendels_2024-06-03_17_20_01,mendels,2024-06-03T17:20:01+00:00,Ready,197353339
SiteA_2024-06-03_17_20_00,SiteA,2024-06-03T17:20:00+00:00,Ready,161170200
mendels_2024-06-03_17_10_00,mendels,2024-06-03T17:10:00+00:00,Ready,190448153
SiteA_2024-06-03_17_10_00,SiteA,2024-06-03T17:10:00+00:00,Ready,154470097
SiteA_2024-06-03_17_00_00,SiteA,2024-06-03T17:00:00+00:00,Ready,141675866
mendels_2024-06-03_17_00_00,mendels,2024-06-03T17:00:00+00:00,Ready,216070982
mendels_2024-06-03_16_50_01,mendels,2024-06-03T16:50:01+00:00,Ready,270579042
SiteA_2024-06-03_16_50_01,SiteA,2024-06-03T16:50:01+00:00,Ready,140470271
SiteA_2024-06-03_16_40_00,SiteA,2024-06-03T16:40:00+00:00,Ready,136862882
mendels_2024-06-03_16_40_00,mendels,2024-06-03T16:40:00+00:00,Ready,299592045
mendels_2024-06-03_16_30_00,mendels,2024-06-03T16:30:00+00:00,Ready,300105710
SiteA_2024-06-03_16_30_00,SiteA,2024-06-03T16:30:00+00:00,Ready,149818253
mendels_2024-06-03_16_20_01,mendels,2024-06-03T16:20:01+00:00,Ready,299610741
SiteA_2024-06-03_16_20_00,SiteA,2024-06-03T16:20:00+00:00,Ready,161436444
SiteA_2024-06-03_16_10_01,SiteA,2024-06-03T16:10:01+00:00,Ready,149511509
mendels_2024-06-03_16_10_00,mendels,2024-06-03T16:10:00+00:00,Ready,298655935
SiteA_2024-06-03_16_00_00,SiteA,2024-06-03T16:00:00+00:00,Ready,159923602
mendels_2024-06-03_16_00_00,mendels,2024-06-03T16:00:00+00:00,Ready,263698409
mendels_2024-06-03_15_50_01,mendels,2024-06-03T15:50:01+00:00,Ready,215801250
SiteA_2024-06-03_15_50_00,SiteA,2024-06-03T15:50:00+00:00,Ready,168820745
SiteA_2024-06-03_15_40_01,SiteA,2024-06-03T15:40:01+00:00,Ready,164608558
mendels_2024-06-03_15_40_00,mendels,2024-06-03T15:40:00+00:00,Ready,251457578
SiteA_2024-06-03_15_30_00,SiteA,2024-06-03T15:30:00+00:00,Ready,139045444
mendels_2024-06-03_15_30_00,mendels,2024-06-03T15:30:00+00:00,Ready,268385763
SiteA_2024-06-03_15_20_00,SiteA,2024-06-03T15:20:00+00:00,Ready,136351877
mendels_2024-06-03_15_20_00,mendels,2024-06-03T15:20:00+00:00,Ready,298727837
mendels_2024-06-03_15_10_01,mendels,2024-06-03T15:10:01+00:00,Ready,251010576
SiteA_2024-06-03_15_10_00,SiteA,2024-06-03T15:10:00+00:00,Ready,129035276
SiteA_2024-06-03_15_00_00,SiteA,2024-06-03T15:00:00+00:00,Ready,137112327
mendels_2024-06-03_15_00_00,mendels,2024-06-03T15:00:00+00:00,Ready,276850553
SiteA_2024-06-03_14_50_01,SiteA,2024-06-03T14:50:01+00:00,Ready,135026210
mendels_2024-06-03_14_50_00,mendels,2024-06-03T14:50:00+00:00,Ready,242908193
mendels_2024-06-03_14_40_01,mendels,2024-06-03T14:40:01+00:00,Ready,299607797
SiteA_2024-06-03_14_40_00,SiteA,2024-06-03T14:40:00+00:00,Ready,143336247
SiteA_2024-06-03_14_30_00,SiteA,2024-06-03T14:30:00+00:00,Ready,140079936
mendels_2024-06-03_14_30_00,mendels,2024-06-03T14:30:00+00:00,Ready,290821458
SiteA_2024-06-03_14_20_01,SiteA,2024-06-03T14:20:01+00:00,Ready,133626557
mendels_2024-06-03_14_20_00,mendels,2024-06-03T14:20:00+00:00,Ready,292856470
mendels_2024-06-03_14_10_00,mendels,2024-06-03T14:10:00+00:00,Ready,278700156
SiteA_2024-06-03_14_10_00,SiteA,2024-06-03T14:10:00+00:00,Ready,135568476
mendels_2024-06-03_14_00_00,mendels,2024-06-03T14:00:00+00:00,Ready,299500260
SiteA_2024-06-03_14_00_00,SiteA,2024-06-03T14:00:00+00:00,Ready,136853010
mendels_2024-06-03_13_50_01,mendels,2024-06-03T13:50:01+00:00,Ready,289857179
SiteA_2024-06-03_13_50_00,SiteA,2024-06-03T13:50:00+00:00,Ready,143989175
SiteA_2024-06-03_13_40_00,SiteA,2024-06-03T13:40:00+00:00,Ready,148615995
mendels_2024-06-03_13_40_00,mendels,2024-06-03T13:40:00+00:00,Ready,292185121
SiteA_2024-06-03_13_30_01,SiteA,2024-06-03T13:30:01+00:00,Ready,154106338
mendels_2024-06-03_13_30_00,mendels,2024-06-03T13:30:00+00:00,Ready,300055739
SiteA_2024-06-03_13_20_00,SiteA,2024-06-03T13:20:00+00:00,Ready,159044300
mendels_2024-06-03_13_20_00,mendels,2024-06-03T13:20:00+00:00,Ready,282598018
mendels_2024-06-03_13_10_01,mendels,2024-06-03T13:10:01+00:00,Ready,299557383
SiteA_2024-06-03_13_10_00,SiteA,2024-06-03T13:10:00+00:00,Ready,171236600
SiteA_2024-06-03_13_00_01,SiteA,2024-06-03T13:00:01+00:00,Ready,140876318
mendels_2024-06-03_13_00_00,mendels,2024-06-03T13:00:00+00:00,Ready,294620939
SiteA_2024-06-03_12_50_00,SiteA,2024-06-03T12:50:00+00:00,Ready,158848973
mendels_2024-06-03_12_50_00,mendels,2024-06-03T12:50:00+00:00,Ready,293915988
mendels_2024-06-03_12_40_01,mendels,2024-06-03T12:40:01+00:00,Ready,299608930
SiteA_2024-06-03_12_40_00,SiteA,2024-06-03T12:40:00+00:00,Ready,178837429
mendels_2024-06-03_12_30_00,mendels,2024-06-03T12:30:00+00:00,Ready,295055209
SiteA_2024-06-03_12_30_00,SiteA,2024-06-03T12:30:00+00:00,Ready,176429276
SiteA_2024-06-03_12_20_01,SiteA,2024-06-03T12:20:01+00:00,Ready,145819668
mendels_2024-06-03_12_20_00,mendels,2024-06-03T12:20:00+00:00,Ready,300098854
mendels_2024-06-03_12_10_00,mendels,2024-06-03T12:10:00+00:00,Ready,300092919
SiteA_2024-06-03_12_10_00,SiteA,2024-06-03T12:10:00+00:00,Ready,149671210
mendels_2024-06-03_12_00_01,mendels,2024-06-03T12:00:01+00:00,Ready,298569998
SiteA_2024-06-03_12_00_00,SiteA,2024-06-03T12:00:00+00:00,Ready,144815031
SiteA_2024-06-03_11_50_01,SiteA,2024-06-03T11:50:01+00:00,Ready,143118378
mendels_2024-06-03_11_50_00,mendels,2024-06-03T11:50:00+00:00,Ready,292321951
mendels_2024-06-03_11_40_00,mendels,2024-06-03T11:40:00+00:00,Ready,300057207
SiteA_2024-06-03_11_40_00,SiteA,2024-06-03T11:40:00+00:00,Ready,146626119
mendels_2024-06-03_11_30_01,mendels,2024-06-03T11:30:01+00:00,Ready,277321053
SiteA_2024-06-03_11_30_00,SiteA,2024-06-03T11:30:00+00:00,Ready,149772176
SiteA_2024-06-03_11_20_01,SiteA,2024-06-03T11:20:01+00:00,Ready,171328373
mendels_2024-06-03_11_20_00,mendels,2024-06-03T11:20:00+00:00,Ready,287978624
SiteA_2024-06-03_11_10_00,SiteA,2024-06-03T11:10:00+00:00,Ready,177097160
mendels_2024-06-03_11_10_00,mendels,2024-06-03T11:10:00+00:00,Ready,297798002
mendels_2024-06-03_11_00_01,mendels,2024-06-03T11:00:01+00:00,Ready,299599785
SiteA_2024-06-03_11_00_00,SiteA,2024-06-03T11:00:00+00:00,Ready,184433568
mendels_2024-06-03_10_50_00,mendels,2024-06-03T10:50:00+00:00,Ready,243652121
SiteA_2024-06-03_10_50_00,SiteA,2024-06-03T10:50:00+00:00,Ready,196746563
SiteA_2024-06-03_10_40_01,SiteA,2024-06-03T10:40:01+00:00,Ready,167781048
mendels_2024-06-03_10_40_00,mendels,2024-06-03T10:40:00+00:00,Ready,242162262
mendels_2024-06-03_10_30_00,mendels,2024-06-03T10:30:00+00:00,Ready,288285202
SiteA_2024-06-03_10_30_00,SiteA,2024-06-03T10:30:00+00:00,Ready,158469482
mendels_2024-06-03_10_20_01,mendels,2024-06-03T10:20:01+00:00,Ready,268237566
SiteA_2024-06-03_10_20_00,SiteA,2024-06-03T10:20:00+00:00,Ready,171134967
SiteA_2024-06-03_10_10_01,SiteA,2024-06-03T10:10:01+00:00,Ready,163500381
mendels_2024-06-03_10_10_00,mendels,2024-06-03T10:10:00+00:00,Ready,288102060
mendels_2024-06-03_10_00_00,mendels,2024-06-03T10:00:00+00:00,Ready,260344358
SiteA_2024-06-03_10_00_00,SiteA,2024-06-03T10:00:00+00:00,Ready,179053009
SiteA_2024-06-03_09_50_00,SiteA,2024-06-03T09:50:00+00:00,Ready,143954222
mendels_2024-06-03_09_50_00,mendels,2024-06-03T09:50:00+00:00,Ready,299966710
mendels_2024-06-03_09_40_01,mendels,2024-06-03T09:40:01+00:00,Ready,263356268
SiteA_2024-06-03_09_40_00,SiteA,2024-06-03T09:40:00+00:00,Ready,139882469
SiteA_2024-06-03_09_30_01,SiteA,2024-06-03T09:30:01+00:00,Ready,151471240
mendels_2024-06-03_09_30_00,mendels,2024-06-03T09:30:00+00:00,Ready,237638751
mendels_2024-06-03_09_20_00,mendels,2024-06-03T09:20:00+00:00,Ready,190488108
SiteA_2024-06-03_09_20_00,SiteA,2024-06-03T09:20:00+00:00,Ready,139432062
mendels_2024-06-03_09_10_01,mendels,2024-06-03T09:10:01+00:00,Ready,206740703
SiteA_2024-06-03_09_10_00,SiteA,2024-06-03T09:10:00+00:00,Ready,150408520
SiteA_2024-06-03_09_00_00,SiteA,2024-06-03T09:00:00+00:00,Ready,141172903
mendels_2024-06-03_09_00_00,mendels,2024-06-03T09:00:00+00:00,Ready,189173897
mendels_2024-06-03_08_55_39,mendels,2024-06-03T08:55:39+00:00,Ready,98398204
SiteA_2024-06-03_08_50_00,SiteA,2024-06-03T08:50:00+00:00,Ready,139550143
SiteA_2024-06-03_08_40_01,SiteA,2024-06-03T08:40:01+00:00,Ready,149245883
SiteA_2024-06-03_08_30_00,SiteA,2024-06-03T08:30:00+00:00,Ready,146610190
SiteA_2024-06-03_08_20_00,SiteA,2024-06-03T08:20:00+00:00,Ready,138414129
SiteA_2024-06-03_08_10_00,SiteA,2024-06-03T08:10:00+00:00,Ready,138080942
SiteA_2024-06-03_08_01_30,SiteA,2024-06-03T08:01:30+00:00,Ready,118094450
SiteA_2024-06-02_20_00_01,SiteA,2024-06-02T20:00:01+00:00,Ready,0
SiteA_2024-06-02_19_50_00,SiteA,2024-06-02T19:50:00+00:00,Ready,210505728
SiteA_2024-06-02_19_40_00,SiteA,2024-06-02T19:40:00+00:00,Ready,175818803
SiteA_2024-06-02_19_30_00,SiteA,2024-06-02T19:30:00+00:00,Ready,228621060
SiteA_2024-06-02_19_20_01,SiteA,2024-06-02T19:20:01+00:00,Ready,163865070
SiteA_2024-06-02_19_10_00,SiteA,2024-06-02T19:10:00+00:00,Ready,191757900
mendels_2024-06-02_19_00_00,mendels,2024-06-02T19:00:00+00:00,Ready,150736896
SiteA_2024-06-02_19_00_00,SiteA,2024-06-02T19:00:00+00:00,Ready,208645285
mendels_2024-06-02_18_50_00,mendels,2024-06-02T18:50:00+00:00,Ready,300089858
SiteA_2024-06-02_18_50_00,SiteA,2024-06-02T18:50:00+00:00,Ready,232304308
mendels_2024-06-02_18_40_01,mendels,2024-06-02T18:40:01+00:00,Ready,299612035
SiteA_2024-06-02_18_40_01,SiteA,2024-06-02T18:40:01+00:00,Ready,156593508
SiteA_2024-06-02_18_30_00,SiteA,2024-06-02T18:30:00+00:00,Ready,141660627
mendels_2024-06-02_18_30_00,mendels,2024-06-02T18:30:00+00:00,Ready,300094821
mendels_2024-06-02_18_20_00,mendels,2024-06-02T18:20:00+00:00,Ready,300060294
SiteA_2024-06-02_18_20_00,SiteA,2024-06-02T18:20:00+00:00,Ready,168253254
SiteA_2024-06-02_18_10_00,SiteA,2024-06-02T18:10:00+00:00,Ready,148976422
mendels_2024-06-02_18_10_00,mendels,2024-06-02T18:10:00+00:00,Ready,300046535
SiteA_2024-06-02_18_00_01,SiteA,2024-06-02T18:00:01+00:00,Ready,147844285
mendels_2024-06-02_18_00_01,mendels,2024-06-02T18:00:01+00:00,Ready,299570818
mendels_2024-06-02_17_50_00,mendels,2024-06-02T17:50:00+00:00,Ready,300093216
SiteA_2024-06-02_17_50_00,SiteA,2024-06-02T17:50:00+00:00,Ready,148685443
SiteA_2024-06-02_17_40_00,SiteA,2024-06-02T17:40:00+00:00,Ready,156199814
mendels_2024-06-02_17_40_00,mendels,2024-06-02T17:40:00+00:00,Ready,299955830
mendels_2024-06-02_17_30_01,mendels,2024-06-02T17:30:01+00:00,Ready,299512808
SiteA_2024-06-02_17_30_00,SiteA,2024-06-02T17:30:00+00:00,Ready,151359027
SiteA_2024-06-02_17_20_01,SiteA,2024-06-02T17:20:01+00:00,Ready,148214922
mendels_2024-06-02_17_20_00,mendels,2024-06-02T17:20:00+00:00,Ready,300087355
SiteA_2024-06-02_17_10_00,SiteA,2024-06-02T17:10:00+00:00,Ready,150342948
mendels_2024-06-02_17_10_00,mendels,2024-06-02T17:10:00+00:00,Ready,300103361
mendels_2024-06-02_17_00_00,mendels,2024-06-02T17:00:00+00:00,Ready,299973659
SiteA_2024-06-02_17_00_00,SiteA,2024-06-02T17:00:00+00:00,Ready,148403055
mendels_2024-06-02_16_50_01,mendels,2024-06-02T16:50:01+00:00,Ready,299613066
SiteA_2024-06-02_16_50_01,SiteA,2024-06-02T16:50:01+00:00,Ready,154590476
mendels_2024-06-02_16_40_00,mendels,2024-06-02T16:40:00+00:00,Ready,300025564
SiteA_2024-06-02_16_40_00,SiteA,2024-06-02T16:40:00+00:00,Ready,156156576
SiteA_2024-06-02_16_30_00,SiteA,2024-06-02T16:30:00+00:00,Ready,143923611
mendels_2024-06-02_16_30_00,mendels,2024-06-02T16:30:00+00:00,Ready,300091136
SiteA_2024-06-02_16_20_00,SiteA,2024-06-02T16:20:00+00:00,Ready,143167127
mendels_2024-06-02_16_20_00,mendels,2024-06-02T16:20:00+00:00,Ready,253278173
mendels_2024-06-02_16_10_01,mendels,2024-06-02T16:10:01+00:00,Ready,268568332
SiteA_2024-06-02_16_10_01,SiteA,2024-06-02T16:10:01+00:00,Ready,153912780
mendels_2024-06-02_16_00_00,mendels,2024-06-02T16:00:00+00:00,Ready,299065777
SiteA_2024-06-02_16_00_00,SiteA,2024-06-02T16:00:00+00:00,Ready,151646362
mendels_2024-06-02_15_50_00,mendels,2024-06-02T15:50:00+00:00,Ready,300091297
SiteA_2024-06-02_15_50_00,SiteA,2024-06-02T15:50:00+00:00,Ready,151622227
SiteA_2024-06-02_15_40_01,SiteA,2024-06-02T15:40:01+00:00,Ready,148139566
mendels_2024-06-02_15_40_00,mendels,2024-06-02T15:40:00+00:00,Ready,300052293
mendels_2024-06-02_15_30_01,mendels,2024-06-02T15:30:01+00:00,Ready,299611725
SiteA_2024-06-02_15_30_00,SiteA,2024-06-02T15:30:00+00:00,Ready,147339537
SiteA_2024-06-02_15_20_00,SiteA,2024-06-02T15:20:00+00:00,Ready,143457580
mendels_2024-06-02_15_20_00,mendels,2024-06-02T15:20:00+00:00,Ready,300123060
mendels_2024-06-02_15_10_00,mendels,2024-06-02T15:10:00+00:00,Ready,299980646
SiteA_2024-06-02_15_10_00,SiteA,2024-06-02T15:10:00+00:00,Ready,147187245
mendels_2024-06-02_15_00_00,mendels,2024-06-02T15:00:00+00:00,Ready,292002908
SiteA_2024-06-02_15_00_00,SiteA,2024-06-02T15:00:00+00:00,Ready,141020338
mendels_2024-06-02_14_50_01,mendels,2024-06-02T14:50:01+00:00,Ready,299607174
SiteA_2024-06-02_14_50_01,SiteA,2024-06-02T14:50:01+00:00,Ready,138960442
mendels_2024-06-02_14_40_00,mendels,2024-06-02T14:40:00+00:00,Ready,300063850
SiteA_2024-06-02_14_40_00,SiteA,2024-06-02T14:40:00+00:00,Ready,164425452
SiteA_2024-06-02_14_30_00,SiteA,2024-06-02T14:30:00+00:00,Ready,134364007
mendels_2024-06-02_14_30_00,mendels,2024-06-02T14:30:00+00:00,Ready,298912773
mendels_2024-06-02_14_20_01,mendels,2024-06-02T14:20:01+00:00,Ready,272751803
SiteA_2024-06-02_14_20_01,SiteA,2024-06-02T14:20:01+00:00,Ready,134534384
mendels_2024-06-02_14_10_00,mendels,2024-06-02T14:10:00+00:00,Ready,296562042
SiteA_2024-06-02_14_10_00,SiteA,2024-06-02T14:10:00+00:00,Ready,139536127
mendels_2024-06-02_14_00_00,mendels,2024-06-02T14:00:00+00:00,Ready,297404379
SiteA_2024-06-02_14_00_00,SiteA,2024-06-02T14:00:00+00:00,Ready,141608975
mendels_2024-06-02_13_50_00,mendels,2024-06-02T13:50:00+00:00,Ready,299878477
SiteA_2024-06-02_13_50_00,SiteA,2024-06-02T13:50:00+00:00,Ready,146792709
mendels_2024-06-02_13_40_01,mendels,2024-06-02T13:40:01+00:00,Ready,298637253
SiteA_2024-06-02_13_40_00,SiteA,2024-06-02T13:40:00+00:00,Ready,146635667
SiteA_2024-06-02_13_30_01,SiteA,2024-06-02T13:30:01+00:00,Ready,145796301
mendels_2024-06-02_13_30_00,mendels,2024-06-02T13:30:00+00:00,Ready,300048704
SiteA_2024-06-02_13_20_00,SiteA,2024-06-02T13:20:00+00:00,Ready,145691737
mendels_2024-06-02_13_20_00,mendels,2024-06-02T13:20:00+00:00,Ready,299620509
mendels_2024-06-02_13_10_00,mendels,2024-06-02T13:10:00+00:00,Ready,284353199
SiteA_2024-06-02_13_10_00,SiteA,2024-06-02T13:10:00+00:00,Ready,145537629
SiteA_2024-06-02_13_00_01,SiteA,2024-06-02T13:00:01+00:00,Ready,152323067
mendels_2024-06-02_13_00_01,mendels,2024-06-02T13:00:01+00:00,Ready,278717010
SiteA_2024-06-02_12_50_00,SiteA,2024-06-02T12:50:00+00:00,Ready,144069208
mendels_2024-06-02_12_50_00,mendels,2024-06-02T12:50:00+00:00,Ready,260880551
mendels_2024-06-02_12_40_00,mendels,2024-06-02T12:40:00+00:00,Ready,233185467
SiteA_2024-06-02_12_40_00,SiteA,2024-06-02T12:40:00+00:00,Ready,144354269
mendels_2024-06-02_12_30_01,mendels,2024-06-02T12:30:01+00:00,Ready,254119182
SiteA_2024-06-02_12_30_00,SiteA,2024-06-02T12:30:00+00:00,Ready,148016725
SiteA_2024-06-02_12_20_01,SiteA,2024-06-02T12:20:01+00:00,Ready,147164894
mendels_2024-06-02_12_20_00,mendels,2024-06-02T12:20:00+00:00,Ready,246441015
SiteA_2024-06-02_12_10_00,SiteA,2024-06-02T12:10:00+00:00,Ready,150798083
mendels_2024-06-02_12_10_00,mendels,2024-06-02T12:10:00+00:00,Ready,257766410
mendels_2024-06-02_12_00_00,mendels,2024-06-02T12:00:00+00:00,Ready,288422969
SiteA_2024-06-02_12_00_00,SiteA,2024-06-02T12:00:00+00:00,Ready,149832567
mendels_2024-06-02_11_50_01,mendels,2024-06-02T11:50:01+00:00,Ready,229569094
SiteA_2024-06-02_11_50_00,SiteA,2024-06-02T11:50:00+00:00,Ready,147430618
SiteA_2024-06-02_11_40_01,SiteA,2024-06-02T11:40:01+00:00,Ready,150736256
mendels_2024-06-02_11_40_00,mendels,2024-06-02T11:40:00+00:00,Ready,271408778
mendels_2024-06-02_11_30_00,mendels,2024-06-02T11:30:00+00:00,Ready,223335271
SiteA_2024-06-02_11_30_00,SiteA,2024-06-02T11:30:00+00:00,Ready,148437149
SiteA_2024-06-02_11_20_01,SiteA,2024-06-02T11:20:01+00:00,Ready,163375110
mendels_2024-06-02_11_20_01,mendels,2024-06-02T11:20:01+00:00,Ready,264525516
mendels_2024-06-02_11_10_00,mendels,2024-06-02T11:10:00+00:00,Ready,279909692
SiteA_2024-06-02_11_10_00,SiteA,2024-06-02T11:10:00+00:00,Ready,150314925
SiteA_2024-06-02_11_00_00,SiteA,2024-06-02T11:00:00+00:00,Ready,149493753
mendels_2024-06-02_11_00_00,mendels,2024-06-02T11:00:00+00:00,Ready,248069976
SiteA_2024-06-02_10_50_00,SiteA,2024-06-02T10:50:00+00:00,Ready,175981054
mendels_2024-06-02_10_50_00,mendels,2024-06-02T10:50:00+00:00,Ready,272070151
mendels_2024-06-02_10_40_01,mendels,2024-06-02T10:40:01+00:00,Ready,263717588
SiteA_2024-06-02_10_40_01,SiteA,2024-06-02T10:40:01+00:00,Ready,151034027
SiteA_2024-06-02_10_30_00,SiteA,2024-06-02T10:30:00+00:00,Ready,164866289
mendels_2024-06-02_10_30_00,mendels,2024-06-02T10:30:00+00:00,Ready,260293998
mendels_2024-06-02_10_20_00,mendels,2024-06-02T10:20:00+00:00,Ready,212411700
SiteA_2024-06-02_10_20_00,SiteA,2024-06-02T10:20:00+00:00,Ready,149886008
SiteA_2024-06-02_10_10_00,SiteA,2024-06-02T10:10:00+00:00,Ready,146174934
mendels_2024-06-02_10_10_00,mendels,2024-06-02T10:10:00+00:00,Ready,220037215
mendels_2024-06-02_10_00_01,mendels,2024-06-02T10:00:01+00:00,Ready,188645731
SiteA_2024-06-02_10_00_01,SiteA,2024-06-02T10:00:01+00:00,Ready,143257149
SiteA_2024-06-02_09_50_00,SiteA,2024-06-02T09:50:00+00:00,Ready,142790710
mendels_2024-06-02_09_50_00,mendels,2024-06-02T09:50:00+00:00,Ready,282893552
SiteA_2024-06-02_09_40_00,SiteA,2024-06-02T09:40:00+00:00,Ready,143678057
mendels_2024-06-02_09_40_00,mendels,2024-06-02T09:40:00+00:00,Ready,272582644
SiteA_2024-06-02_09_30_00,SiteA,2024-06-02T09:30:00+00:00,Ready,155263673
mendels_2024-06-02_09_30_00,mendels,2024-06-02T09:30:00+00:00,Ready,187077131
mendels_2024-06-02_09_20_01,mendels,2024-06-02T09:20:01+00:00,Ready,165050129
SiteA_2024-06-02_09_20_01,SiteA,2024-06-02T09:20:01+00:00,Ready,144676380
SiteA_2024-06-02_09_10_00,SiteA,2024-06-02T09:10:00+00:00,Ready,142636326
mendels_2024-06-02_09_10_00,mendels,2024-06-02T09:10:00+00:00,Ready,175432559
mendels_2024-06-02_09_00_00,mendels,2024-06-02T09:00:00+00:00,Ready,200144963
SiteA_2024-06-02_09_00_00,SiteA,2024-06-02T09:00:00+00:00,Ready,142757358
mendels_2024-06-02_08_55_36,mendels,2024-06-02T08:55:36+00:00,Ready,85720073
SiteA_2024-06-02_08_50_00,SiteA,2024-06-02T08:50:00+00:00,Ready,141007788
SiteA_2024-06-02_08_40_01,SiteA,2024-06-02T08:40:01+00:00,Ready,141343279
SiteA_2024-06-02_08_30_00,SiteA,2024-06-02T08:30:00+00:00,Ready,145689304
SiteA_2024-06-02_08_20_00,SiteA,2024-06-02T08:20:00+00:00,Ready,144721406
SiteA_2024-06-02_08_10_01,SiteA,2024-06-02T08:10:01+00:00,Ready,142382635
SiteA_2024-06-02_08_01_30,SiteA,2024-06-02T08:01:30+00:00,Ready,121142652
SiteA_2024-06-01_19_50_00,SiteA,2024-06-01T19:50:00+00:00,Ready,239912484
SiteA_2024-06-01_19_40_00,SiteA,2024-06-01T19:40:00+00:00,Ready,198811472
SiteA_2024-06-01_19_30_00,SiteA,2024-06-01T19:30:00+00:00,Ready,174404731
SiteA_2024-06-01_19_20_01,SiteA,2024-06-01T19:20:01+00:00,Ready,161610771
SiteA_2024-06-01_19_10_00,SiteA,2024-06-01T19:10:00+00:00,Ready,149368984
mendels_2024-06-01_19_00_01,mendels,2024-06-01T19:00:01+00:00,Ready,137629696
SiteA_2024-06-01_19_00_00,SiteA,2024-06-01T19:00:00+00:00,Ready,150826023
SiteA_2024-06-01_18_50_01,SiteA,2024-06-01T18:50:01+00:00,Ready,152333095
mendels_2024-06-01_18_50_00,mendels,2024-06-01T18:50:00+00:00,Ready,235554435
mendels_2024-06-01_18_40_00,mendels,2024-06-01T18:40:00+00:00,Ready,244400501
SiteA_2024-06-01_18_40_00,SiteA,2024-06-01T18:40:00+00:00,Ready,151074277
SiteA_2024-06-01_18_30_00,SiteA,2024-06-01T18:30:00+00:00,Ready,144022136
mendels_2024-06-01_18_30_00,mendels,2024-06-01T18:30:00+00:00,Ready,271510602
mendels_2024-06-01_18_20_01,mendels,2024-06-01T18:20:01+00:00,Ready,252895011
SiteA_2024-06-01_18_20_00,SiteA,2024-06-01T18:20:00+00:00,Ready,144375396
SiteA_2024-06-01_18_10_01,SiteA,2024-06-01T18:10:01+00:00,Ready,141947686
mendels_2024-06-01_18_10_00,mendels,2024-06-01T18:10:00+00:00,Ready,208032684
mendels_2024-06-01_18_00_00,mendels,2024-06-01T18:00:00+00:00,Ready,189343342
SiteA_2024-06-01_18_00_00,SiteA,2024-06-01T18:00:00+00:00,Ready,139618942
SiteA_2024-06-01_17_50_00,SiteA,2024-06-01T17:50:00+00:00,Ready,134627213
mendels_2024-06-01_17_50_00,mendels,2024-06-01T17:50:00+00:00,Ready,223865456
mendels_2024-06-01_17_40_01,mendels,2024-06-01T17:40:01+00:00,Ready,239045304
SiteA_2024-06-01_17_40_00,SiteA,2024-06-01T17:40:00+00:00,Ready,138803216
SiteA_2024-06-01_17_30_01,SiteA,2024-06-01T17:30:01+00:00,Ready,147375622
mendels_2024-06-01_17_30_00,mendels,2024-06-01T17:30:00+00:00,Ready,220199273
mendels_2024-06-01_17_20_00,mendels,2024-06-01T17:20:00+00:00,Ready,250924770
SiteA_2024-06-01_17_20_00,SiteA,2024-06-01T17:20:00+00:00,Ready,146857492
SiteA_2024-06-01_17_10_00,SiteA,2024-06-01T17:10:00+00:00,Ready,140198345
mendels_2024-06-01_17_10_00,mendels,2024-06-01T17:10:00+00:00,Ready,197278285
mendels_2024-06-01_17_00_01,mendels,2024-06-01T17:00:01+00:00,Ready,193756138
SiteA_2024-06-01_17_00_00,SiteA,2024-06-01T17:00:00+00:00,Ready,143226939
SiteA_2024-06-01_16_50_01,SiteA,2024-06-01T16:50:01+00:00,Ready,142060377
mendels_2024-06-01_16_50_00,mendels,2024-06-01T16:50:00+00:00,Ready,237422587
mendels_2024-06-01_16_40_01,mendels,2024-06-01T16:40:01+00:00,Ready,262537657
SiteA_2024-06-01_16_40_00,SiteA,2024-06-01T16:40:00+00:00,Ready,143588825
SiteA_2024-06-01_16_30_00,SiteA,2024-06-01T16:30:00+00:00,Ready,182264287
mendels_2024-06-01_16_30_00,mendels,2024-06-01T16:30:00+00:00,Ready,205290175
SiteA_2024-06-01_16_20_00,SiteA,2024-06-01T16:20:00+00:00,Ready,173979259
mendels_2024-06-01_16_20_00,mendels,2024-06-01T16:20:00+00:00,Ready,214155519
SiteA_2024-06-01_16_10_01,SiteA,2024-06-01T16:10:01+00:00,Ready,163682166
mendels_2024-06-01_16_10_00,mendels,2024-06-01T16:10:00+00:00,Ready,220030540
mendels_2024-06-01_16_00_01,mendels,2024-06-01T16:00:01+00:00,Ready,251677868
SiteA_2024-06-01_16_00_00,SiteA,2024-06-01T16:00:00+00:00,Ready,240960094
SiteA_2024-06-01_15_50_00,SiteA,2024-06-01T15:50:00+00:00,Ready,185224313
mendels_2024-06-01_15_50_00,mendels,2024-06-01T15:50:00+00:00,Ready,249450067
SiteA_2024-06-01_15_40_00,SiteA,2024-06-01T15:40:00+00:00,Ready,176927157
mendels_2024-06-01_15_40_00,mendels,2024-06-01T15:40:00+00:00,Ready,267259721
SiteA_2024-06-01_15_30_01,SiteA,2024-06-01T15:30:01+00:00,Ready,156838244
mendels_2024-06-01_15_30_01,mendels,2024-06-01T15:30:01+00:00,Ready,256890917
mendels_2024-06-01_15_20_00,mendels,2024-06-01T15:20:00+00:00,Ready,269940799
SiteA_2024-06-01_15_20_00,SiteA,2024-06-01T15:20:00+00:00,Ready,131947849
SiteA_2024-06-01_15_10_00,SiteA,2024-06-01T15:10:00+00:00,Ready,125054057
mendels_2024-06-01_15_10_00,mendels,2024-06-01T15:10:00+00:00,Ready,298939873
SiteA_2024-06-01_15_00_01,SiteA,2024-06-01T15:00:01+00:00,Ready,129820824
mendels_2024-06-01_15_00_01,mendels,2024-06-01T15:00:01+00:00,Ready,299181967
mendels_2024-06-01_14_50_00,mendels,2024-06-01T14:50:00+00:00,Ready,300073296
SiteA_2024-06-01_14_50_00,SiteA,2024-06-01T14:50:00+00:00,Ready,130228032
mendels_2024-06-01_14_40_00,mendels,2024-06-01T14:40:00+00:00,Ready,300031909
SiteA_2024-06-01_14_40_00,SiteA,2024-06-01T14:40:00+00:00,Ready,148104442
mendels_2024-06-01_14_30_01,mendels,2024-06-01T14:30:01+00:00,Ready,297910279
SiteA_2024-06-01_14_30_00,SiteA,2024-06-01T14:30:00+00:00,Ready,124422256
SiteA_2024-06-01_14_20_01,SiteA,2024-06-01T14:20:01+00:00,Ready,131686735
mendels_2024-06-01_14_20_00,mendels,2024-06-01T14:20:00+00:00,Ready,299992779
mendels_2024-06-01_14_10_00,mendels,2024-06-01T14:10:00+00:00,Ready,298130967
SiteA_2024-06-01_14_10_00,SiteA,2024-06-01T14:10:00+00:00,Ready,138778532
mendels_2024-06-01_14_00_00,mendels,2024-06-01T14:00:00+00:00,Ready,300104212
SiteA_2024-06-01_14_00_00,SiteA,2024-06-01T14:00:00+00:00,Ready,133887180
mendels_2024-06-01_13_50_01,mendels,2024-06-01T13:50:01+00:00,Ready,293975568
SiteA_2024-06-01_13_50_00,SiteA,2024-06-01T13:50:00+00:00,Ready,136925029
SiteA_2024-06-01_13_40_01,SiteA,2024-06-01T13:40:01+00:00,Ready,150114237
mendels_2024-06-01_13_40_00,mendels,2024-06-01T13:40:00+00:00,Ready,299776658
mendels_2024-06-01_13_30_00,mendels,2024-06-01T13:30:00+00:00,Ready,293133336
SiteA_2024-06-01_13_30_00,SiteA,2024-06-01T13:30:00+00:00,Ready,143895209
SiteA_2024-06-01_13_20_00,SiteA,2024-06-01T13:20:00+00:00,Ready,165556361
mendels_2024-06-01_13_20_00,mendels,2024-06-01T13:20:00+00:00,Ready,251101694
SiteA_2024-06-01_13_10_01,SiteA,2024-06-01T13:10:01+00:00,Ready,165190648
mendels_2024-06-01_13_10_01,mendels,2024-06-01T13:10:01+00:00,Ready,270619542
mendels_2024-06-01_13_00_00,mendels,2024-06-01T13:00:00+00:00,Ready,299191548
SiteA_2024-06-01_13_00_00,SiteA,2024-06-01T13:00:00+00:00,Ready,170972561
SiteA_2024-06-01_12_50_00,SiteA,2024-06-01T12:50:00+00:00,Ready,184396922
mendels_2024-06-01_12_50_00,mendels,2024-06-01T12:50:00+00:00,Ready,298795983
mendels_2024-06-01_12_40_00,mendels,2024-06-01T12:40:00+00:00,Ready,300050946
SiteA_2024-06-01_12_40_00,SiteA,2024-06-01T12:40:00+00:00,Ready,184190682
SiteA_2024-06-01_12_30_01,SiteA,2024-06-01T12:30:01+00:00,Ready,191655828
mendels_2024-06-01_12_30_01,mendels,2024-06-01T12:30:01+00:00,Ready,299627694
mendels_2024-06-01_12_20_00,mendels,2024-06-01T12:20:00+00:00,Ready,299910984
SiteA_2024-06-01_12_20_00,SiteA,2024-06-01T12:20:00+00:00,Ready,186141706
SiteA_2024-06-01_12_10_00,SiteA,2024-06-01T12:10:00+00:00,Ready,195535615
mendels_2024-06-01_12_10_00,mendels,2024-06-01T12:10:00+00:00,Ready,300061297
SiteA_2024-06-01_12_00_01,SiteA,2024-06-01T12:00:01+00:00,Ready,186327780
mendels_2024-06-01_12_00_01,mendels,2024-06-01T12:00:01+00:00,Ready,299567833
SiteA_2024-06-01_11_50_00,SiteA,2024-06-01T11:50:00+00:00,Ready,189251403
mendels_2024-06-01_11_50_00,mendels,2024-06-01T11:50:00+00:00,Ready,299879007
mendels_2024-06-01_11_40_00,mendels,2024-06-01T11:40:00+00:00,Ready,298134147
SiteA_2024-06-01_11_40_00,SiteA,2024-06-01T11:40:00+00:00,Ready,197174121
SiteA_2024-06-01_11_30_01,SiteA,2024-06-01T11:30:01+00:00,Ready,229763861
mendels_2024-06-01_11_30_00,mendels,2024-06-01T11:30:00+00:00,Ready,300016377
mendels_2024-06-01_11_20_01,mendels,2024-06-01T11:20:01+00:00,Ready,299347701
SiteA_2024-06-01_11_20_00,SiteA,2024-06-01T11:20:00+00:00,Ready,191827969
mendels_2024-06-01_11_10_00,mendels,2024-06-01T11:10:00+00:00,Ready,291043834
SiteA_2024-06-01_11_10_00,SiteA,2024-06-01T11:10:00+00:00,Ready,186978404
mendels_2024-06-01_11_00_00,mendels,2024-06-01T11:00:00+00:00,Ready,272032737
SiteA_2024-06-01_11_00_00,SiteA,2024-06-01T11:00:00+00:00,Ready,207023884
mendels_2024-06-01_10_50_01,mendels,2024-06-01T10:50:01+00:00,Ready,299614633
SiteA_2024-06-01_10_50_00,SiteA,2024-06-01T10:50:00+00:00,Ready,190594607
SiteA_2024-06-01_10_40_01,SiteA,2024-06-01T10:40:01+00:00,Ready,194409004
mendels_2024-06-01_10_40_00,mendels,2024-06-01T10:40:00+00:00,Ready,300028813
SiteA_2024-06-01_10_30_00,SiteA,2024-06-01T10:30:00+00:00,Ready,192831354
mendels_2024-06-01_10_30_00,mendels,2024-06-01T10:30:00+00:00,Ready,300080243
SiteA_2024-06-01_10_20_00,SiteA,2024-06-01T10:20:00+00:00,Ready,176805929
mendels_2024-06-01_10_20_00,mendels,2024-06-01T10:20:00+00:00,Ready,279291472
SiteA_2024-06-01_10_10_01,SiteA,2024-06-01T10:10:01+00:00,Ready,167094604
mendels_2024-06-01_10_10_01,mendels,2024-06-01T10:10:01+00:00,Ready,299516198
SiteA_2024-06-01_10_00_00,SiteA,2024-06-01T10:00:00+00:00,Ready,174914957
mendels_2024-06-01_10_00_00,mendels,2024-06-01T10:00:00+00:00,Ready,277355248
mendels_2024-06-01_09_50_00,mendels,2024-06-01T09:50:00+00:00,Ready,246350075
SiteA_2024-06-01_09_50_00,SiteA,2024-06-01T09:50:00+00:00,Ready,198159320
SiteA_2024-06-01_09_40_01,SiteA,2024-06-01T09:40:01+00:00,Ready,171810484
mendels_2024-06-01_09_40_01,mendels,2024-06-01T09:40:01+00:00,Ready,261060255
SiteA_2024-06-01_09_30_00,SiteA,2024-06-01T09:30:00+00:00,Ready,160867502
mendels_2024-06-01_09_30_00,mendels,2024-06-01T09:30:00+00:00,Ready,242185217
mendels_2024-06-01_09_20_00,mendels,2024-06-01T09:20:00+00:00,Ready,261376015
SiteA_2024-06-01_09_20_00,SiteA,2024-06-01T09:20:00+00:00,Ready,163478468
SiteA_2024-06-01_09_10_01,SiteA,2024-06-01T09:10:01+00:00,Ready,174483396
mendels_2024-06-01_09_10_00,mendels,2024-06-01T09:10:00+00:00,Ready,263829656
mendels_2024-06-01_09_00_01,mendels,2024-06-01T09:00:01+00:00,Ready,270397769
SiteA_2024-06-01_09_00_00,SiteA,2024-06-01T09:00:00+00:00,Ready,175048343
mendels_2024-06-01_08_55_40,mendels,2024-06-01T08:55:40+00:00,Ready,129592530
SiteA_2024-06-01_08_50_00,SiteA,2024-06-01T08:50:00+00:00,Ready,177869507
SiteA_2024-06-01_08_40_00,SiteA,2024-06-01T08:40:00+00:00,Ready,179250917
SiteA_2024-06-01_08_30_01,SiteA,2024-06-01T08:30:01+00:00,Ready,172589978
SiteA_2024-06-01_08_20_00,SiteA,2024-06-01T08:20:00+00:00,Ready,174379123
SiteA_2024-06-01_08_10_00,SiteA,2024-06-01T08:10:00+00:00,Ready,175385403
SiteA_2024-06-01_08_01_30,SiteA,2024-06-01T08:01:30+00:00,Ready,135183707
SiteA_2024-05-31_19_50_01,SiteA,2024-05-31T19:50:01+00:00,Ready,299104189
SiteA_2024-05-31_19_40_00,SiteA,2024-05-31T19:40:00+00:00,Ready,299816893
SiteA_2024-05-31_19_30_00,SiteA,2024-05-31T19:30:00+00:00,Ready,299752328
SiteA_2024-05-31_19_20_01,SiteA,2024-05-31T19:20:01+00:00,Ready,287248748
SiteA_2024-05-31_19_10_00,SiteA,2024-05-31T19:10:00+00:00,Ready,274219739
mendels_2024-05-31_19_00_01,mendels,2024-05-31T19:00:01+00:00,Ready,135008256
SiteA_2024-05-31_19_00_00,SiteA,2024-05-31T19:00:00+00:00,Ready,238987687
SiteA_2024-05-31_18_50_01,SiteA,2024-05-31T18:50:01+00:00,Ready,201281177
mendels_2024-05-31_18_50_00,mendels,2024-05-31T18:50:00+00:00,Ready,289982752
mendels_2024-05-31_18_40_00,mendels,2024-05-31T18:40:00+00:00,Ready,282952970
SiteA_2024-05-31_18_40_00,SiteA,2024-05-31T18:40:00+00:00,Ready,192739754
SiteA_2024-05-31_18_30_01,SiteA,2024-05-31T18:30:01+00:00,Ready,176635402
mendels_2024-05-31_18_30_01,mendels,2024-05-31T18:30:01+00:00,Ready,249971828
mendels_2024-05-31_18_20_00,mendels,2024-05-31T18:20:00+00:00,Ready,300095475
SiteA_2024-05-31_18_20_00,SiteA,2024-05-31T18:20:00+00:00,Ready,204911097
mendels_2024-05-31_18_10_00,mendels,2024-05-31T18:10:00+00:00,Ready,300091530
SiteA_2024-05-31_18_10_00,SiteA,2024-05-31T18:10:00+00:00,Ready,194192864
mendels_2024-05-31_18_00_00,mendels,2024-05-31T18:00:00+00:00,Ready,299903264
SiteA_2024-05-31_18_00_00,SiteA,2024-05-31T18:00:00+00:00,Ready,232526156
SiteA_2024-05-31_17_50_01,SiteA,2024-05-31T17:50:01+00:00,Ready,230377747
mendels_2024-05-31_17_50_01,mendels,2024-05-31T17:50:01+00:00,Ready,299586268
mendels_2024-05-31_17_40_00,mendels,2024-05-31T17:40:00+00:00,Ready,299226633
SiteA_2024-05-31_17_40_00,SiteA,2024-05-31T17:40:00+00:00,Ready,254662202
SiteA_2024-05-31_17_30_00,SiteA,2024-05-31T17:30:00+00:00,Ready,226338030
mendels_2024-05-31_17_30_00,mendels,2024-05-31T17:30:00+00:00,Ready,299637712
mendels_2024-05-31_17_20_00,mendels,2024-05-31T17:20:00+00:00,Ready,300089128
SiteA_2024-05-31_17_20_00,SiteA,2024-05-31T17:20:00+00:00,Ready,184177821
SiteA_2024-05-31_17_10_01,SiteA,2024-05-31T17:10:01+00:00,Ready,185121133
mendels_2024-05-31_17_10_00,mendels,2024-05-31T17:10:00+00:00,Ready,300088348
mendels_2024-05-31_17_00_01,mendels,2024-05-31T17:00:01+00:00,Ready,299575788
SiteA_2024-05-31_17_00_00,SiteA,2024-05-31T17:00:00+00:00,Ready,208050323
SiteA_2024-05-31_16_50_00,SiteA,2024-05-31T16:50:00+00:00,Ready,225849921
mendels_2024-05-31_16_50_00,mendels,2024-05-31T16:50:00+00:00,Ready,300095994
SiteA_2024-05-31_16_40_01,SiteA,2024-05-31T16:40:01+00:00,Ready,237157263
mendels_2024-05-31_16_40_00,mendels,2024-05-31T16:40:00+00:00,Ready,299582163
mendels_2024-05-31_16_30_01,mendels,2024-05-31T16:30:01+00:00,Ready,299604232
SiteA_2024-05-31_16_30_00,SiteA,2024-05-31T16:30:00+00:00,Ready,298082597
mendels_2024-05-31_16_20_00,mendels,2024-05-31T16:20:00+00:00,Ready,300080009
SiteA_2024-05-31_16_20_00,SiteA,2024-05-31T16:20:00+00:00,Ready,300026736
mendels_2024-05-31_16_10_00,mendels,2024-05-31T16:10:00+00:00,Ready,300096726
SiteA_2024-05-31_16_10_00,SiteA,2024-05-31T16:10:00+00:00,Ready,265391699
SiteA_2024-05-31_16_00_01,SiteA,2024-05-31T16:00:01+00:00,Ready,234129881
mendels_2024-05-31_16_00_00,mendels,2024-05-31T16:00:00+00:00,Ready,300019372
mendels_2024-05-31_15_50_01,mendels,2024-05-31T15:50:01+00:00,Ready,294772297
SiteA_2024-05-31_15_50_00,SiteA,2024-05-31T15:50:00+00:00,Ready,248328390
mendels_2024-05-31_15_40_00,mendels,2024-05-31T15:40:00+00:00,Ready,300077019
SiteA_2024-05-31_15_40_00,SiteA,2024-05-31T15:40:00+00:00,Ready,232080088
mendels_2024-05-31_15_30_00,mendels,2024-05-31T15:30:00+00:00,Ready,299889229
SiteA_2024-05-31_15_30_00,SiteA,2024-05-31T15:30:00+00:00,Ready,201401229
SiteA_2024-05-31_15_20_01,SiteA,2024-05-31T15:20:01+00:00,Ready,153400350
mendels_2024-05-31_15_20_01,mendels,2024-05-31T15:20:01+00:00,Ready,299613713
SiteA_2024-05-31_15_10_00,SiteA,2024-05-31T15:10:00+00:00,Ready,139860316
mendels_2024-05-31_15_10_00,mendels,2024-05-31T15:10:00+00:00,Ready,295932030
SiteA_2024-05-31_15_00_00,SiteA,2024-05-31T15:00:00+00:00,Ready,139051121
mendels_2024-05-31_15_00_00,mendels,2024-05-31T15:00:00+00:00,Ready,300099665
mendels_2024-05-31_14_50_01,mendels,2024-05-31T14:50:01+00:00,Ready,299056391
SiteA_2024-05-31_14_50_01,SiteA,2024-05-31T14:50:01+00:00,Ready,150282513
mendels_2024-05-31_14_40_00,mendels,2024-05-31T14:40:00+00:00,Ready,299973325
SiteA_2024-05-31_14_40_00,SiteA,2024-05-31T14:40:00+00:00,Ready,162025168
SiteA_2024-05-31_14_30_00,SiteA,2024-05-31T14:30:00+00:00,Ready,131639145
mendels_2024-05-31_14_30_00,mendels,2024-05-31T14:30:00+00:00,Ready,300033026
SiteA_2024-05-31_14_20_00,SiteA,2024-05-31T14:20:00+00:00,Ready,153521097
mendels_2024-05-31_14_20_00,mendels,2024-05-31T14:20:00+00:00,Ready,300058212
mendels_2024-05-31_14_10_01,mendels,2024-05-31T14:10:01+00:00,Ready,299460528
SiteA_2024-05-31_14_10_00,SiteA,2024-05-31T14:10:00+00:00,Ready,150869705
SiteA_2024-05-31_14_00_00,SiteA,2024-05-31T14:00:00+00:00,Ready,183222818
mendels_2024-05-31_14_00_00,mendels,2024-05-31T14:00:00+00:00,Ready,300087822
SiteA_2024-05-31_13_50_01,SiteA,2024-05-31T13:50:01+00:00,Ready,169218784
mendels_2024-05-31_13_50_00,mendels,2024-05-31T13:50:00+00:00,Ready,300093638
mendels_2024-05-31_13_40_01,mendels,2024-05-31T13:40:01+00:00,Ready,299161521
SiteA_2024-05-31_13_40_00,SiteA,2024-05-31T13:40:00+00:00,Ready,177330873
mendels_2024-05-31_13_30_00,mendels,2024-05-31T13:30:00+00:00,Ready,300118297
SiteA_2024-05-31_13_30_00,SiteA,2024-05-31T13:30:00+00:00,Ready,172099064
SiteA_2024-05-31_13_20_01,SiteA,2024-05-31T13:20:01+00:00,Ready,168500823
mendels_2024-05-31_13_20_00,mendels,2024-05-31T13:20:00+00:00,Ready,299049795
mendels_2024-05-31_13_10_01,mendels,2024-05-31T13:10:01+00:00,Ready,299611934
SiteA_2024-05-31_13_10_00,SiteA,2024-05-31T13:10:00+00:00,Ready,218301440
mendels_2024-05-31_13_00_00,mendels,2024-05-31T13:00:00+00:00,Ready,299424263
SiteA_2024-05-31_13_00_00,SiteA,2024-05-31T13:00:00+00:00,Ready,219376753
SiteA_2024-05-31_12_50_00,SiteA,2024-05-31T12:50:00+00:00,Ready,235741228
mendels_2024-05-31_12_50_00,mendels,2024-05-31T12:50:00+00:00,Ready,300017893
mendels_2024-05-31_12_40_00,mendels,2024-05-31T12:40:00+00:00,Ready,296902052
SiteA_2024-05-31_12_40_00,SiteA,2024-05-31T12:40:00+00:00,Ready,210741458
SiteA_2024-05-31_12_30_01,SiteA,2024-05-31T12:30:01+00:00,Ready,221339088
mendels_2024-05-31_12_30_01,mendels,2024-05-31T12:30:01+00:00,Ready,299609384
mendels_2024-05-31_12_20_00,mendels,2024-05-31T12:20:00+00:00,Ready,299450274
SiteA_2024-05-31_12_20_00,SiteA,2024-05-31T12:20:00+00:00,Ready,210148926
mendels_2024-05-31_12_10_00,mendels,2024-05-31T12:10:00+00:00,Ready,298418855
SiteA_2024-05-31_12_10_00,SiteA,2024-05-31T12:10:00+00:00,Ready,213004199
SiteA_2024-05-31_12_00_01,SiteA,2024-05-31T12:00:01+00:00,Ready,260439306
mendels_2024-05-31_12_00_00,mendels,2024-05-31T12:00:00+00:00,Ready,300053415
mendels_2024-05-31_11_50_01,mendels,2024-05-31T11:50:01+00:00,Ready,299598587
SiteA_2024-05-31_11_50_00,SiteA,2024-05-31T11:50:00+00:00,Ready,230387980
mendels_2024-05-31_11_40_00,mendels,2024-05-31T11:40:00+00:00,Ready,298295488
SiteA_2024-05-31_11_40_00,SiteA,2024-05-31T11:40:00+00:00,Ready,217693479
SiteA_2024-05-31_11_30_01,SiteA,2024-05-31T11:30:01+00:00,Ready,244357894
mendels_2024-05-31_11_30_00,mendels,2024-05-31T11:30:00+00:00,Ready,288091917
mendels_2024-05-31_11_20_01,mendels,2024-05-31T11:20:01+00:00,Ready,299466200
SiteA_2024-05-31_11_20_00,SiteA,2024-05-31T11:20:00+00:00,Ready,230287554
mendels_2024-05-31_11_10_00,mendels,2024-05-31T11:10:00+00:00,Ready,299944453
SiteA_2024-05-31_11_10_00,SiteA,2024-05-31T11:10:00+00:00,Ready,208069973
SiteA_2024-05-31_11_00_00,SiteA,2024-05-31T11:00:00+00:00,Ready,227551603
mendels_2024-05-31_11_00_00,mendels,2024-05-31T11:00:00+00:00,Ready,299437234
SiteA_2024-05-31_10_50_01,SiteA,2024-05-31T10:50:01+00:00,Ready,255972792
mendels_2024-05-31_10_50_00,mendels,2024-05-31T10:50:00+00:00,Ready,300035352
mendels_2024-05-31_10_40_01,mendels,2024-05-31T10:40:01+00:00,Ready,299459047
SiteA_2024-05-31_10_40_00,SiteA,2024-05-31T10:40:00+00:00,Ready,268747349
SiteA_2024-05-31_10_30_00,SiteA,2024-05-31T10:30:00+00:00,Ready,271046603
mendels_2024-05-31_10_30_00,mendels,2024-05-31T10:30:00+00:00,Ready,300099433
SiteA_2024-05-31_10_20_01,SiteA,2024-05-31T10:20:01+00:00,Ready,209683600
mendels_2024-05-31_10_20_01,mendels,2024-05-31T10:20:01+00:00,Ready,299606754
mendels_2024-05-31_10_10_00,mendels,2024-05-31T10:10:00+00:00,Ready,295756845
SiteA_2024-05-31_10_10_00,SiteA,2024-05-31T10:10:00+00:00,Ready,209984226
mendels_2024-05-31_10_00_00,mendels,2024-05-31T10:00:00+00:00,Ready,299571043
SiteA_2024-05-31_10_00_00,SiteA,2024-05-31T10:00:00+00:00,Ready,253037008
SiteA_2024-05-31_09_50_01,SiteA,2024-05-31T09:50:01+00:00,Ready,272465588
mendels_2024-05-31_09_50_00,mendels,2024-05-31T09:50:00+00:00,Ready,281897303
mendels_2024-05-31_09_40_01,mendels,2024-05-31T09:40:01+00:00,Ready,299615402
SiteA_2024-05-31_09_40_00,SiteA,2024-05-31T09:40:00+00:00,Ready,235049710
SiteA_2024-05-31_09_30_00,SiteA,2024-05-31T09:30:00+00:00,Ready,214445892
mendels_2024-05-31_09_30_00,mendels,2024-05-31T09:30:00+00:00,Ready,300095110
SiteA_2024-05-31_09_20_01,SiteA,2024-05-31T09:20:01+00:00,Ready,205096683
mendels_2024-05-31_09_20_00,mendels,2024-05-31T09:20:00+00:00,Ready,300088319
SiteA_2024-05-31_09_10_00,SiteA,2024-05-31T09:10:00+00:00,Ready,230756737
mendels_2024-05-31_09_10_00,mendels,2024-05-31T09:10:00+00:00,Ready,299955714
mendels_2024-05-31_09_00_01,mendels,2024-05-31T09:00:01+00:00,Ready,276896125
SiteA_2024-05-31_09_00_00,SiteA,2024-05-31T09:00:00+00:00,Ready,196803776
mendels_2024-05-31_08_55_39,mendels,2024-05-31T08:55:39+00:00,Ready,130425937
SiteA_2024-05-31_08_50_01,SiteA,2024-05-31T08:50:01+00:00,Ready,221986677
SiteA_2024-05-31_08_40_00,SiteA,2024-05-31T08:40:00+00:00,Ready,227074574
SiteA_2024-05-31_08_30_00,SiteA,2024-05-31T08:30:00+00:00,Ready,204828313
SiteA_2024-05-31_08_20_00,SiteA,2024-05-31T08:20:00+00:00,Ready,184434921
SiteA_2024-05-31_08_10_00,SiteA,2024-05-31T08:10:00+00:00,Ready,204346366
SiteA_2024-05-31_08_01_30,SiteA,2024-05-31T08:01:30+00:00,Ready,168795864
SiteA_2024-05-30_20_00_00,SiteA,2024-05-30T20:00:00+00:00,Ready,0
SiteA_2024-05-30_19_50_00,SiteA,2024-05-30T19:50:00+00:00,Ready,263983104
SiteA_2024-05-30_19_40_00,SiteA,2024-05-30T19:40:00+00:00,Ready,292996837
SiteA_2024-05-30_19_30_01,SiteA,2024-05-30T19:30:01+00:00,Ready,299364361
SiteA_2024-05-30_19_20_00,SiteA,2024-05-30T19:20:00+00:00,Ready,277542085
SiteA_2024-05-30_19_10_00,SiteA,2024-05-30T19:10:00+00:00,Ready,206579024
SiteA_2024-05-30_19_00_01,SiteA,2024-05-30T19:00:01+00:00,Ready,170443361
SiteA_2024-05-30_18_50_00,SiteA,2024-05-30T18:50:00+00:00,Ready,181644370
SiteA_2024-05-30_18_40_00,SiteA,2024-05-30T18:40:00+00:00,Ready,176226773
SiteA_2024-05-30_18_30_00,SiteA,2024-05-30T18:30:00+00:00,Ready,175636378
SiteA_2024-05-30_18_20_00,SiteA,2024-05-30T18:20:00+00:00,Ready,163993764
SiteA_2024-05-30_18_10_01,SiteA,2024-05-30T18:10:01+00:00,Ready,159838919
SiteA_2024-05-30_18_00_00,SiteA,2024-05-30T18:00:00+00:00,Ready,167964618
SiteA_2024-05-30_17_50_00,SiteA,2024-05-30T17:50:00+00:00,Ready,173506390
SiteA_2024-05-30_17_40_01,SiteA,2024-05-30T17:40:01+00:00,Ready,170143106
SiteA_2024-05-30_17_30_00,SiteA,2024-05-30T17:30:00+00:00,Ready,167346779
SiteA_2024-05-30_17_20_00,SiteA,2024-05-30T17:20:00+00:00,Ready,167562772
SiteA_2024-05-30_17_10_00,SiteA,2024-05-30T17:10:00+00:00,Ready,159507865
SiteA_2024-05-30_17_00_01,SiteA,2024-05-30T17:00:01+00:00,Ready,220041462
SiteA_2024-05-30_16_50_00,SiteA,2024-05-30T16:50:00+00:00,Ready,208671196
SiteA_2024-05-30_16_40_00,SiteA,2024-05-30T16:40:00+00:00,Ready,166426586
SiteA_2024-05-30_16_30_01,SiteA,2024-05-30T16:30:01+00:00,Ready,212366468
SiteA_2024-05-30_16_20_00,SiteA,2024-05-30T16:20:00+00:00,Ready,179551974
SiteA_2024-05-30_16_10_00,SiteA,2024-05-30T16:10:00+00:00,Ready,164647728
SiteA_2024-05-30_16_00_00,SiteA,2024-05-30T16:00:00+00:00,Ready,185087957
SiteA_2024-05-30_15_50_01,SiteA,2024-05-30T15:50:01+00:00,Ready,233053861
SiteA_2024-05-30_15_40_09,SiteA,2024-05-30T15:40:09+00:00,Ready,221565999
SiteA_2024-05-30_15_30_01,SiteA,2024-05-30T15:30:01+00:00,Ready,202083688
SiteA_2024-05-30_15_20_00,SiteA,2024-05-30T15:20:00+00:00,Ready,164517397
SiteA_2024-05-30_15_10_00,SiteA,2024-05-30T15:10:00+00:00,Ready,161847393
SiteA_2024-05-30_15_00_00,SiteA,2024-05-30T15:00:00+00:00,Ready,161992199
mendels_2024-05-30_15_00_00,mendels,2024-05-30T15:00:00+00:00,Ready,300109722
SiteA_2024-05-30_14_50_01,SiteA,2024-05-30T14:50:01+00:00,Ready,160883356
mendels_2024-05-30_14_50_00,mendels,2024-05-30T14:50:00+00:00,Ready,300095892
mendels_2024-05-30_14_40_01,mendels,2024-05-30T14:40:01+00:00,Ready,298049618
SiteA_2024-05-30_14_40_00,SiteA,2024-05-30T14:40:00+00:00,Ready,165636853
mendels_2024-05-30_14_30_00,mendels,2024-05-30T14:30:00+00:00,Ready,300098648
SiteA_2024-05-30_14_30_00,SiteA,2024-05-30T14:30:00+00:00,Ready,152124275
SiteA_2024-05-30_14_20_01,SiteA,2024-05-30T14:20:01+00:00,Ready,151913031
mendels_2024-05-30_14_20_01,mendels,2024-05-30T14:20:01+00:00,Ready,299628467
SiteA_2024-05-30_14_10_00,SiteA,2024-05-30T14:10:00+00:00,Ready,150442642
mendels_2024-05-30_14_10_00,mendels,2024-05-30T14:10:00+00:00,Ready,300099806
SiteA_2024-05-30_14_00_00,SiteA,2024-05-30T14:00:00+00:00,Ready,173297069
mendels_2024-05-30_14_00_00,mendels,2024-05-30T14:00:00+00:00,Ready,300095221
SiteA_2024-05-30_13_50_01,SiteA,2024-05-30T13:50:01+00:00,Ready,163019167
mendels_2024-05-30_13_50_01,mendels,2024-05-30T13:50:01+00:00,Ready,299529389
mendels_2024-05-30_13_40_00,mendels,2024-05-30T13:40:00+00:00,Ready,300102108
SiteA_2024-05-30_13_40_00,SiteA,2024-05-30T13:40:00+00:00,Ready,150834203
mendels_2024-05-30_13_30_00,mendels,2024-05-30T13:30:00+00:00,Ready,300072146
SiteA_2024-05-30_13_30_00,SiteA,2024-05-30T13:30:00+00:00,Ready,171993617
mendels_2024-05-30_13_20_01,mendels,2024-05-30T13:20:01+00:00,Ready,299540221
SiteA_2024-05-30_13_20_01,SiteA,2024-05-30T13:20:01+00:00,Ready,183755707
SiteA_2024-05-30_13_10_00,SiteA,2024-05-30T13:10:00+00:00,Ready,205857872
mendels_2024-05-30_13_10_00,mendels,2024-05-30T13:10:00+00:00,Ready,300062661
SiteA_2024-05-30_13_00_00,SiteA,2024-05-30T13:00:00+00:00,Ready,214743060
mendels_2024-05-30_13_00_00,mendels,2024-05-30T13:00:00+00:00,Ready,300112214
SiteA_2024-05-30_12_50_01,SiteA,2024-05-30T12:50:01+00:00,Ready,195262046
mendels_2024-05-30_12_50_01,mendels,2024-05-30T12:50:01+00:00,Ready,299086533
mendels_2024-05-30_12_40_00,mendels,2024-05-30T12:40:00+00:00,Ready,300102721
SiteA_2024-05-30_12_40_00,SiteA,2024-05-30T12:40:00+00:00,Ready,212092569
SiteA_2024-05-30_12_30_00,SiteA,2024-05-30T12:30:00+00:00,Ready,239653031
mendels_2024-05-30_12_30_00,mendels,2024-05-30T12:30:00+00:00,Ready,300060456
mendels_2024-05-30_12_20_01,mendels,2024-05-30T12:20:01+00:00,Ready,291348730
SiteA_2024-05-30_12_20_00,SiteA,2024-05-30T12:20:00+00:00,Ready,223627343
SiteA_2024-05-30_12_10_01,SiteA,2024-05-30T12:10:01+00:00,Ready,240484082
mendels_2024-05-30_12_10_00,mendels,2024-05-30T12:10:00+00:00,Ready,299942062
SiteA_2024-05-30_12_00_00,SiteA,2024-05-30T12:00:00+00:00,Ready,232499768
mendels_2024-05-30_12_00_00,mendels,2024-05-30T12:00:00+00:00,Ready,293319357
mendels_2024-05-30_11_50_00,mendels,2024-05-30T11:50:00+00:00,Ready,300022315
SiteA_2024-05-30_11_50_00,SiteA,2024-05-30T11:50:00+00:00,Ready,229941149
mendels_2024-05-30_11_40_00,mendels,2024-05-30T11:40:00+00:00,Ready,300027045
SiteA_2024-05-30_11_40_00,SiteA,2024-05-30T11:40:00+00:00,Ready,202146953
mendels_2024-05-30_11_30_01,mendels,2024-05-30T11:30:01+00:00,Ready,299601653
SiteA_2024-05-30_11_30_01,SiteA,2024-05-30T11:30:01+00:00,Ready,249646731
mendels_2024-05-30_11_20_00,mendels,2024-05-30T11:20:00+00:00,Ready,300099329
SiteA_2024-05-30_11_20_00,SiteA,2024-05-30T11:20:00+00:00,Ready,237409582
SiteA_2024-05-30_11_10_00,SiteA,2024-05-30T11:10:00+00:00,Ready,222425562
mendels_2024-05-30_11_10_00,mendels,2024-05-30T11:10:00+00:00,Ready,300105306
mendels_2024-05-30_11_00_01,mendels,2024-05-30T11:00:01+00:00,Ready,299594324
SiteA_2024-05-30_11_00_00,SiteA,2024-05-30T11:00:00+00:00,Ready,213197591
SiteA_2024-05-30_10_50_01,SiteA,2024-05-30T10:50:01+00:00,Ready,249609983
mendels_2024-05-30_10_50_00,mendels,2024-05-30T10:50:00+00:00,Ready,297056950
mendels_2024-05-30_10_40_00,mendels,2024-05-30T10:40:00+00:00,Ready,298340592
SiteA_2024-05-30_10_40_00,SiteA,2024-05-30T10:40:00+00:00,Ready,207098313
SiteA_2024-05-30_10_30_01,SiteA,2024-05-30T10:30:01+00:00,Ready,228628684
mendels_2024-05-30_10_30_00,mendels,2024-05-30T10:30:00+00:00,Ready,300099317
mendels_2024-05-30_10_20_01,mendels,2024-05-30T10:20:01+00:00,Ready,295680304
SiteA_2024-05-30_10_20_00,SiteA,2024-05-30T10:20:00+00:00,Ready,227323547
mendels_2024-05-30_10_10_00,mendels,2024-05-30T10:10:00+00:00,Ready,300050117
SiteA_2024-05-30_10_10_00,SiteA,2024-05-30T10:10:00+00:00,Ready,246857874
mendels_2024-05-30_10_00_00,mendels,2024-05-30T10:00:00+00:00,Ready,300066814
SiteA_2024-05-30_10_00_00,SiteA,2024-05-30T10:00:00+00:00,Ready,258112890
SiteA_2024-05-30_09_50_01,SiteA,2024-05-30T09:50:01+00:00,Ready,230854025
mendels_2024-05-30_09_50_00,mendels,2024-05-30T09:50:00+00:00,Ready,296728892
mendels_2024-05-30_09_40_01,mendels,2024-05-30T09:40:01+00:00,Ready,299485961
SiteA_2024-05-30_09_40_00,SiteA,2024-05-30T09:40:00+00:00,Ready,251719362
SiteA_2024-05-30_09_30_00,SiteA,2024-05-30T09:30:00+00:00,Ready,257348592
mendels_2024-05-30_09_30_00,mendels,2024-05-30T09:30:00+00:00,Ready,300059155
mendels_2024-05-30_09_20_00,mendels,2024-05-30T09:20:00+00:00,Ready,300070313
SiteA_2024-05-30_09_20_00,SiteA,2024-05-30T09:20:00+00:00,Ready,203631696
SiteA_2024-05-30_09_10_01,SiteA,2024-05-30T09:10:01+00:00,Ready,195067866
mendels_2024-05-30_09_10_00,mendels,2024-05-30T09:10:00+00:00,Ready,300062197
mendels_2024-05-30_09_00_01,mendels,2024-05-30T09:00:01+00:00,Ready,299608872
SiteA_2024-05-30_09_00_00,SiteA,2024-05-30T09:00:00+00:00,Ready,221062982
mendels_2024-05-30_08_55_35,mendels,2024-05-30T08:55:35+00:00,Ready,132099748
SiteA_2024-05-30_08_50_00,SiteA,2024-05-30T08:50:00+00:00,Ready,201718661
SiteA_2024-05-30_08_40_00,SiteA,2024-05-30T08:40:00+00:00,Ready,205555848
SiteA_2024-05-30_08_30_01,SiteA,2024-05-30T08:30:01+00:00,Ready,205451238
SiteA_2024-05-30_08_20_00,SiteA,2024-05-30T08:20:00+00:00,Ready,179177751
SiteA_2024-05-30_08_10_00,SiteA,2024-05-30T08:10:00+00:00,Ready,183466483
SiteA_2024-05-30_08_01_31,SiteA,2024-05-30T08:01:31+00:00,Ready,136155823
SiteA_2024-05-29_20_00_00,SiteA,2024-05-29T20:00:00+00:00,Ready,0
SiteA_2024-05-29_19_50_00,SiteA,2024-05-29T19:50:00+00:00,Ready,296226816
SiteA_2024-05-29_19_40_00,SiteA,2024-05-29T19:40:00+00:00,Ready,300068358
SiteA_2024-05-29_19_30_01,SiteA,2024-05-29T19:30:01+00:00,Ready,299598569
SiteA_2024-05-29_19_20_00,SiteA,2024-05-29T19:20:00+00:00,Ready,300105765
SiteA_2024-05-29_19_10_00,SiteA,2024-05-29T19:10:00+00:00,Ready,300096555
mendels_2024-05-29_19_00_00,mendels,2024-05-29T19:00:00+00:00,Ready,149684272
SiteA_2024-05-29_19_00_00,SiteA,2024-05-29T19:00:00+00:00,Ready,299888872
mendels_2024-05-29_18_50_01,mendels,2024-05-29T18:50:01+00:00,Ready,299587185
SiteA_2024-05-29_18_50_01,SiteA,2024-05-29T18:50:01+00:00,Ready,299575269
SiteA_2024-05-29_18_40_00,SiteA,2024-05-29T18:40:00+00:00,Ready,273122474
mendels_2024-05-29_18_40_00,mendels,2024-05-29T18:40:00+00:00,Ready,300058193
mendels_2024-05-29_18_30_00,mendels,2024-05-29T18:30:00+00:00,Ready,300072020
SiteA_2024-05-29_18_30_00,SiteA,2024-05-29T18:30:00+00:00,Ready,259252011
mendels_2024-05-29_18_20_00,mendels,2024-05-29T18:20:00+00:00,Ready,299933578
SiteA_2024-05-29_18_20_00,SiteA,2024-05-29T18:20:00+00:00,Ready,253119988
SiteA_2024-05-29_18_10_01,SiteA,2024-05-29T18:10:01+00:00,Ready,155852329
mendels_2024-05-29_18_10_00,mendels,2024-05-29T18:10:00+00:00,Ready,300067790
mendels_2024-05-29_18_00_01,mendels,2024-05-29T18:00:01+00:00,Ready,299554491
SiteA_2024-05-29_18_00_00,SiteA,2024-05-29T18:00:00+00:00,Ready,133883710
SiteA_2024-05-29_17_50_01,SiteA,2024-05-29T17:50:01+00:00,Ready,136126794
mendels_2024-05-29_17_50_00,mendels,2024-05-29T17:50:00+00:00,Ready,300090544
mendels_2024-05-29_17_40_00,mendels,2024-05-29T17:40:00+00:00,Ready,300067692
SiteA_2024-05-29_17_40_00,SiteA,2024-05-29T17:40:00+00:00,Ready,135509509
mendels_2024-05-29_17_30_00,mendels,2024-05-29T17:30:00+00:00,Ready,299961853
SiteA_2024-05-29_17_30_00,SiteA,2024-05-29T17:30:00+00:00,Ready,136865291
mendels_2024-05-29_17_20_01,mendels,2024-05-29T17:20:01+00:00,Ready,299541890
SiteA_2024-05-29_17_20_00,SiteA,2024-05-29T17:20:00+00:00,Ready,144218548
SiteA_2024-05-29_17_10_00,SiteA,2024-05-29T17:10:00+00:00,Ready,142922758
mendels_2024-05-29_17_10_00,mendels,2024-05-29T17:10:00+00:00,Ready,300010182
SiteA_2024-05-29_17_00_01,SiteA,2024-05-29T17:00:01+00:00,Ready,138008062
mendels_2024-05-29_17_00_00,mendels,2024-05-29T17:00:00+00:00,Ready,299785390
mendels_2024-05-29_16_50_00,mendels,2024-05-29T16:50:00+00:00,Ready,300111086
SiteA_2024-05-29_16_50_00,SiteA,2024-05-29T16:50:00+00:00,Ready,145630431
mendels_2024-05-29_16_40_01,mendels,2024-05-29T16:40:01+00:00,Ready,278610399
SiteA_2024-05-29_16_40_00,SiteA,2024-05-29T16:40:00+00:00,Ready,138980249
SiteA_2024-05-29_16_30_01,SiteA,2024-05-29T16:30:01+00:00,Ready,133904269
mendels_2024-05-29_16_30_00,mendels,2024-05-29T16:30:00+00:00,Ready,216250329
mendels_2024-05-29_16_20_00,mendels,2024-05-29T16:20:00+00:00,Ready,242143728
SiteA_2024-05-29_16_20_00,SiteA,2024-05-29T16:20:00+00:00,Ready,152528551
mendels_2024-05-29_16_10_00,mendels,2024-05-29T16:10:00+00:00,Ready,298242453
SiteA_2024-05-29_16_10_00,SiteA,2024-05-29T16:10:00+00:00,Ready,152017320
SiteA_2024-05-29_16_00_00,SiteA,2024-05-29T16:00:00+00:00,Ready,142455463
mendels_2024-05-29_16_00_00,mendels,2024-05-29T16:00:00+00:00,Ready,239957095
mendels_2024-05-29_15_50_01,mendels,2024-05-29T15:50:01+00:00,Ready,236943171
SiteA_2024-05-29_15_50_00,SiteA,2024-05-29T15:50:00+00:00,Ready,140027880
SiteA_2024-05-29_15_40_01,SiteA,2024-05-29T15:40:01+00:00,Ready,139493810
mendels_2024-05-29_15_40_00,mendels,2024-05-29T15:40:00+00:00,Ready,287226386
mendels_2024-05-29_15_30_00,mendels,2024-05-29T15:30:00+00:00,Ready,274773550
SiteA_2024-05-29_15_30_00,SiteA,2024-05-29T15:30:00+00:00,Ready,146100406
mendels_2024-05-29_15_20_00,mendels,2024-05-29T15:20:00+00:00,Ready,275122929
SiteA_2024-05-29_15_20_00,SiteA,2024-05-29T15:20:00+00:00,Ready,131448174
mendels_2024-05-29_15_10_01,mendels,2024-05-29T15:10:01+00:00,Ready,298246051
SiteA_2024-05-29_15_10_00,SiteA,2024-05-29T15:10:00+00:00,Ready,126994161
SiteA_2024-05-29_15_00_01,SiteA,2024-05-29T15:00:01+00:00,Ready,122510111
mendels_2024-05-29_15_00_00,mendels,2024-05-29T15:00:00+00:00,Ready,292177869
mendels_2024-05-29_14_50_01,mendels,2024-05-29T14:50:01+00:00,Ready,299491224
SiteA_2024-05-29_14_50_00,SiteA,2024-05-29T14:50:00+00:00,Ready,129777584
SiteA_2024-05-29_14_40_00,SiteA,2024-05-29T14:40:00+00:00,Ready,135230899
mendels_2024-05-29_14_40_00,mendels,2024-05-29T14:40:00+00:00,Ready,298001357
SiteA_2024-05-29_14_30_00,SiteA,2024-05-29T14:30:00+00:00,Ready,135886770
mendels_2024-05-29_14_30_00,mendels,2024-05-29T14:30:00+00:00,Ready,280324395
SiteA_2024-05-29_14_20_01,SiteA,2024-05-29T14:20:01+00:00,Ready,137558686
mendels_2024-05-29_14_20_00,mendels,2024-05-29T14:20:00+00:00,Ready,297499742
mendels_2024-05-29_14_10_01,mendels,2024-05-29T14:10:01+00:00,Ready,281814443
SiteA_2024-05-29_14_10_00,SiteA,2024-05-29T14:10:00+00:00,Ready,137844763
mendels_2024-05-29_14_00_00,mendels,2024-05-29T14:00:00+00:00,Ready,232044578
SiteA_2024-05-29_14_00_00,SiteA,2024-05-29T14:00:00+00:00,Ready,140092475
mendels_2024-05-29_13_50_00,mendels,2024-05-29T13:50:00+00:00,Ready,258888985
SiteA_2024-05-29_13_50_00,SiteA,2024-05-29T13:50:00+00:00,Ready,142664010
SiteA_2024-05-29_13_40_01,SiteA,2024-05-29T13:40:01+00:00,Ready,139556865
mendels_2024-05-29_13_40_00,mendels,2024-05-29T13:40:00+00:00,Ready,258518037
mendels_2024-05-29_13_30_01,mendels,2024-05-29T13:30:01+00:00,Ready,298823066
SiteA_2024-05-29_13_30_00,SiteA,2024-05-29T13:30:00+00:00,Ready,139986492
mendels_2024-05-29_13_20_00,mendels,2024-05-29T13:20:00+00:00,Ready,298182798
SiteA_2024-05-29_13_20_00,SiteA,2024-05-29T13:20:00+00:00,Ready,151826228
SiteA_2024-05-29_13_10_01,SiteA,2024-05-29T13:10:01+00:00,Ready,155128562
mendels_2024-05-29_13_10_00,mendels,2024-05-29T13:10:00+00:00,Ready,299975887
mendels_2024-05-29_13_00_00,mendels,2024-05-29T13:00:00+00:00,Ready,299923556
SiteA_2024-05-29_13_00_00,SiteA,2024-05-29T13:00:00+00:00,Ready,170669746
mendels_2024-05-29_12_50_01,mendels,2024-05-29T12:50:01+00:00,Ready,299607716
SiteA_2024-05-29_12_50_00,SiteA,2024-05-29T12:50:00+00:00,Ready,227005532
mendels_2024-05-29_12_40_00,mendels,2024-05-29T12:40:00+00:00,Ready,300105282
SiteA_2024-05-29_12_40_00,SiteA,2024-05-29T12:40:00+00:00,Ready,300038512
SiteA_2024-05-29_12_30_01,SiteA,2024-05-29T12:30:01+00:00,Ready,196114436
mendels_2024-05-29_12_30_00,mendels,2024-05-29T12:30:00+00:00,Ready,299949123
SiteA_2024-05-29_12_20_00,SiteA,2024-05-29T12:20:00+00:00,Ready,140309930
mendels_2024-05-29_12_20_00,mendels,2024-05-29T12:20:00+00:00,Ready,300085940
mendels_2024-05-29_12_10_01,mendels,2024-05-29T12:10:01+00:00,Ready,299607075
SiteA_2024-05-29_12_10_00,SiteA,2024-05-29T12:10:00+00:00,Ready,146826840
SiteA_2024-05-29_12_00_01,SiteA,2024-05-29T12:00:01+00:00,Ready,163023371
mendels_2024-05-29_12_00_00,mendels,2024-05-29T12:00:00+00:00,Ready,300091346
SiteA_2024-05-29_11_50_00,SiteA,2024-05-29T11:50:00+00:00,Ready,146593786
mendels_2024-05-29_11_50_00,mendels,2024-05-29T11:50:00+00:00,Ready,300119851
mendels_2024-05-29_11_40_01,mendels,2024-05-29T11:40:01+00:00,Ready,299599388
SiteA_2024-05-29_11_40_00,SiteA,2024-05-29T11:40:00+00:00,Ready,152762653
SiteA_2024-05-29_11_30_00,SiteA,2024-05-29T11:30:00+00:00,Ready,173519430
mendels_2024-05-29_11_30_00,mendels,2024-05-29T11:30:00+00:00,Ready,300043683
SiteA_2024-05-29_11_20_01,SiteA,2024-05-29T11:20:01+00:00,Ready,170100263
mendels_2024-05-29_11_20_00,mendels,2024-05-29T11:20:00+00:00,Ready,276415000
mendels_2024-05-29_11_10_01,mendels,2024-05-29T11:10:01+00:00,Ready,240597942
SiteA_2024-05-29_11_10_00,SiteA,2024-05-29T11:10:00+00:00,Ready,187008638
mendels_2024-05-29_11_00_00,mendels,2024-05-29T11:00:00+00:00,Ready,279846400
SiteA_2024-05-29_11_00_00,SiteA,2024-05-29T11:00:00+00:00,Ready,163194803
SiteA_2024-05-29_10_50_01,SiteA,2024-05-29T10:50:01+00:00,Ready,166302469
mendels_2024-05-29_10_50_00,mendels,2024-05-29T10:50:00+00:00,Ready,300083904
mendels_2024-05-29_10_40_00,mendels,2024-05-29T10:40:00+00:00,Ready,293683336
SiteA_2024-05-29_10_40_00,SiteA,2024-05-29T10:40:00+00:00,Ready,183246620
mendels_2024-05-29_10_30_01,mendels,2024-05-29T10:30:01+00:00,Ready,235730797
SiteA_2024-05-29_10_30_00,SiteA,2024-05-29T10:30:00+00:00,Ready,201563700
SiteA_2024-05-29_10_20_01,SiteA,2024-05-29T10:20:01+00:00,Ready,201070741
mendels_2024-05-29_10_20_00,mendels,2024-05-29T10:20:00+00:00,Ready,294784477
mendels_2024-05-29_10_10_00,mendels,2024-05-29T10:10:00+00:00,Ready,300061144
SiteA_2024-05-29_10_10_00,SiteA,2024-05-29T10:10:00+00:00,Ready,178992873
mendels_2024-05-29_10_00_01,mendels,2024-05-29T10:00:01+00:00,Ready,292752166
SiteA_2024-05-29_10_00_00,SiteA,2024-05-29T10:00:00+00:00,Ready,206677421
SiteA_2024-05-29_09_50_00,SiteA,2024-05-29T09:50:00+00:00,Ready,204036383
mendels_2024-05-29_09_50_00,mendels,2024-05-29T09:50:00+00:00,Ready,299958127
SiteA_2024-05-29_09_40_01,SiteA,2024-05-29T09:40:01+00:00,Ready,192186157
mendels_2024-05-29_09_40_00,mendels,2024-05-29T09:40:00+00:00,Ready,297690837
mendels_2024-05-29_09_30_01,mendels,2024-05-29T09:30:01+00:00,Ready,298223240
SiteA_2024-05-29_09_30_00,SiteA,2024-05-29T09:30:00+00:00,Ready,192093658
SiteA_2024-05-29_09_20_00,SiteA,2024-05-29T09:20:00+00:00,Ready,164190089
mendels_2024-05-29_09_20_00,mendels,2024-05-29T09:20:00+00:00,Ready,300033363
SiteA_2024-05-29_09_10_01,SiteA,2024-05-29T09:10:01+00:00,Ready,172051996
mendels_2024-05-29_09_10_00,mendels,2024-05-29T09:10:00+00:00,Ready,299510542
mendels_2024-05-29_09_00_01,mendels,2024-05-29T09:00:01+00:00,Ready,293367333
SiteA_2024-05-29_09_00_00,SiteA,2024-05-29T09:00:00+00:00,Ready,192180619
mendels_2024-05-29_08_55_40,mendels,2024-05-29T08:55:40+00:00,Ready,128445214
SiteA_2024-05-29_08_50_00,SiteA,2024-05-29T08:50:00+00:00,Ready,189324549
SiteA_2024-05-29_08_40_01,SiteA,2024-05-29T08:40:01+00:00,Ready,198522789
SiteA_2024-05-29_08_30_00,SiteA,2024-05-29T08:30:00+00:00,Ready,197337029
SiteA_2024-05-29_08_20_00,SiteA,2024-05-29T08:20:00+00:00,Ready,204372144
SiteA_2024-05-29_08_10_01,SiteA,2024-05-29T08:10:01+00:00,Ready,196368427
SiteA_2024-05-29_08_01_30,SiteA,2024-05-29T08:01:30+00:00,Ready,176752226
SiteA_2024-05-28_19_50_00,SiteA,2024-05-28T19:50:00+00:00,Ready,249535119
SiteA_2024-05-28_19_40_01,SiteA,2024-05-28T19:40:01+00:00,Ready,221110161
SiteA_2024-05-28_19_30_00,SiteA,2024-05-28T19:30:00+00:00,Ready,174895293
SiteA_2024-05-28_19_20_00,SiteA,2024-05-28T19:20:00+00:00,Ready,189481759
SiteA_2024-05-28_19_10_01,SiteA,2024-05-28T19:10:01+00:00,Ready,155914812
SiteA_2024-05-28_19_00_00,SiteA,2024-05-28T19:00:00+00:00,Ready,165145072
mendels_2024-05-28_19_00_00,mendels,2024-05-28T19:00:00+00:00,Ready,149684272
SiteA_2024-05-28_18_50_00,SiteA,2024-05-28T18:50:00+00:00,Ready,246523387
mendels_2024-05-28_18_50_00,mendels,2024-05-28T18:50:00+00:00,Ready,258013703
mendels_2024-05-28_18_40_01,mendels,2024-05-28T18:40:01+00:00,Ready,273211067
SiteA_2024-05-28_18_40_00,SiteA,2024-05-28T18:40:00+00:00,Ready,243905085
SiteA_2024-05-28_18_30_01,SiteA,2024-05-28T18:30:01+00:00,Ready,178000866
mendels_2024-05-28_18_30_00,mendels,2024-05-28T18:30:00+00:00,Ready,300034262
SiteA_2024-05-28_18_20_00,SiteA,2024-05-28T18:20:00+00:00,Ready,213001881
mendels_2024-05-28_18_20_00,mendels,2024-05-28T18:20:00+00:00,Ready,300059505
mendels_2024-05-28_18_10_01,mendels,2024-05-28T18:10:01+00:00,Ready,299610764
SiteA_2024-05-28_18_10_00,SiteA,2024-05-28T18:10:00+00:00,Ready,167852520
SiteA_2024-05-28_18_00_01,SiteA,2024-05-28T18:00:01+00:00,Ready,153889547
mendels_2024-05-28_18_00_00,mendels,2024-05-28T18:00:00+00:00,Ready,297520499
SiteA_2024-05-28_17_50_00,SiteA,2024-05-28T17:50:00+00:00,Ready,203114708
mendels_2024-05-28_17_50_00,mendels,2024-05-28T17:50:00+00:00,Ready,297042996
mendels_2024-05-28_17_40_00,mendels,2024-05-28T17:40:00+00:00,Ready,300098950
SiteA_2024-05-28_17_40_00,SiteA,2024-05-28T17:40:00+00:00,Ready,225782592
mendels_2024-05-28_17_30_00,mendels,2024-05-28T17:30:00+00:00,Ready,300019396
SiteA_2024-05-28_17_30_00,SiteA,2024-05-28T17:30:00+00:00,Ready,165814859
mendels_2024-05-28_17_20_01,mendels,2024-05-28T17:20:01+00:00,Ready,299522306
SiteA_2024-05-28_17_20_01,SiteA,2024-05-28T17:20:01+00:00,Ready,169221396
SiteA_2024-05-28_17_10_00,SiteA,2024-05-28T17:10:00+00:00,Ready,146808391
mendels_2024-05-28_17_10_00,mendels,2024-05-28T17:10:00+00:00,Ready,300102060
SiteA_2024-05-28_17_00_00,SiteA,2024-05-28T17:00:00+00:00,Ready,152751783
mendels_2024-05-28_17_00_00,mendels,2024-05-28T17:00:00+00:00,Ready,299621064
SiteA_2024-05-28_16_50_00,SiteA,2024-05-28T16:50:00+00:00,Ready,145409369
mendels_2024-05-28_16_50_00,mendels,2024-05-28T16:50:00+00:00,Ready,300031262
SiteA_2024-05-28_16_40_01,SiteA,2024-05-28T16:40:01+00:00,Ready,156359940
mendels_2024-05-28_16_40_01,mendels,2024-05-28T16:40:01+00:00,Ready,268406593
mendels_2024-05-28_16_30_00,mendels,2024-05-28T16:30:00+00:00,Ready,298440700
SiteA_2024-05-28_16_30_00,SiteA,2024-05-28T16:30:00+00:00,Ready,169094674
mendels_2024-05-28_16_20_00,mendels,2024-05-28T16:20:00+00:00,Ready,284395933
SiteA_2024-05-28_16_20_00,SiteA,2024-05-28T16:20:00+00:00,Ready,194195900
mendels_2024-05-28_16_10_01,mendels,2024-05-28T16:10:01+00:00,Ready,299576357
SiteA_2024-05-28_16_10_01,SiteA,2024-05-28T16:10:01+00:00,Ready,152813861
mendels_2024-05-28_16_00_00,mendels,2024-05-28T16:00:00+00:00,Ready,300109132
SiteA_2024-05-28_16_00_00,SiteA,2024-05-28T16:00:00+00:00,Ready,215018207
mendels_2024-05-28_15_50_00,mendels,2024-05-28T15:50:00+00:00,Ready,300120872
SiteA_2024-05-28_15_50_00,SiteA,2024-05-28T15:50:00+00:00,Ready,195159698
mendels_2024-05-28_15_40_00,mendels,2024-05-28T15:40:00+00:00,Ready,300091501
SiteA_2024-05-28_15_40_00,SiteA,2024-05-28T15:40:00+00:00,Ready,174550226
mendels_2024-05-28_15_30_01,mendels,2024-05-28T15:30:01+00:00,Ready,299598050
SiteA_2024-05-28_15_30_01,SiteA,2024-05-28T15:30:01+00:00,Ready,153232084
SiteA_2024-05-28_15_20_00,SiteA,2024-05-28T15:20:00+00:00,Ready,168271878
mendels_2024-05-28_15_20_00,mendels,2024-05-28T15:20:00+00:00,Ready,300052602
SiteA_2024-05-28_15_10_00,SiteA,2024-05-28T15:10:00+00:00,Ready,186980426
mendels_2024-05-28_15_10_00,mendels,2024-05-28T15:10:00+00:00,Ready,299709157
SiteA_2024-05-28_15_00_01,SiteA,2024-05-28T15:00:01+00:00,Ready,163591478
mendels_2024-05-28_15_00_00,mendels,2024-05-28T15:00:00+00:00,Ready,300011602
mendels_2024-05-28_14_50_01,mendels,2024-05-28T14:50:01+00:00,Ready,299601021
SiteA_2024-05-28_14_50_00,SiteA,2024-05-28T14:50:00+00:00,Ready,179084467
mendels_2024-05-28_14_40_00,mendels,2024-05-28T14:40:00+00:00,Ready,300061300
SiteA_2024-05-28_14_40_00,SiteA,2024-05-28T14:40:00+00:00,Ready,164475462
SiteA_2024-05-28_14_30_00,SiteA,2024-05-28T14:30:00+00:00,Ready,145058290
mendels_2024-05-28_14_30_00,mendels,2024-05-28T14:30:00+00:00,Ready,300101607
mendels_2024-05-28_14_20_01,mendels,2024-05-28T14:20:01+00:00,Ready,299610991
SiteA_2024-05-28_14_20_01,SiteA,2024-05-28T14:20:01+00:00,Ready,173311755
SiteA_2024-05-28_14_10_00,SiteA,2024-05-28T14:10:00+00:00,Ready,180906373
mendels_2024-05-28_14_10_00,mendels,2024-05-28T14:10:00+00:00,Ready,300045697
SiteA_2024-05-28_14_00_00,SiteA,2024-05-28T14:00:00+00:00,Ready,169085420
mendels_2024-05-28_14_00_00,mendels,2024-05-28T14:00:00+00:00,Ready,300042205
mendels_2024-05-28_13_50_01,mendels,2024-05-28T13:50:01+00:00,Ready,299588461
SiteA_2024-05-28_13_50_00,SiteA,2024-05-28T13:50:00+00:00,Ready,190722689
SiteA_2024-05-28_13_40_01,SiteA,2024-05-28T13:40:01+00:00,Ready,189530432
mendels_2024-05-28_13_40_00,mendels,2024-05-28T13:40:00+00:00,Ready,300103547
mendels_2024-05-28_13_30_00,mendels,2024-05-28T13:30:00+00:00,Ready,300116651
SiteA_2024-05-28_13_30_00,SiteA,2024-05-28T13:30:00+00:00,Ready,200714406
mendels_2024-05-28_13_20_00,mendels,2024-05-28T13:20:00+00:00,Ready,300097193
SiteA_2024-05-28_13_20_00,SiteA,2024-05-28T13:20:00+00:00,Ready,220516877
mendels_2024-05-28_13_10_01,mendels,2024-05-28T13:10:01+00:00,Ready,299567271
SiteA_2024-05-28_13_10_00,SiteA,2024-05-28T13:10:00+00:00,Ready,203288929
SiteA_2024-05-28_13_00_01,SiteA,2024-05-28T13:00:01+00:00,Ready,175437063
mendels_2024-05-28_13_00_00,mendels,2024-05-28T13:00:00+00:00,Ready,300116525
SiteA_2024-05-28_12_50_00,SiteA,2024-05-28T12:50:00+00:00,Ready,229834489
mendels_2024-05-28_12_50_00,mendels,2024-05-28T12:50:00+00:00,Ready,300054073
mendels_2024-05-28_12_40_01,mendels,2024-05-28T12:40:01+00:00,Ready,299567621
SiteA_2024-05-28_12_40_00,SiteA,2024-05-28T12:40:00+00:00,Ready,185302789
SiteA_2024-05-28_12_30_01,SiteA,2024-05-28T12:30:01+00:00,Ready,182773970
mendels_2024-05-28_12_30_00,mendels,2024-05-28T12:30:00+00:00,Ready,300080762
SiteA_2024-05-28_12_20_00,SiteA,2024-05-28T12:20:00+00:00,Ready,201386729
mendels_2024-05-28_12_20_00,mendels,2024-05-28T12:20:00+00:00,Ready,299974236
mendels_2024-05-28_12_10_01,mendels,2024-05-28T12:10:01+00:00,Ready,299202150
SiteA_2024-05-28_12_10_00,SiteA,2024-05-28T12:10:00+00:00,Ready,241831123
mendels_2024-05-28_12_00_00,mendels,2024-05-28T12:00:00+00:00,Ready,300107475
SiteA_2024-05-28_12_00_00,SiteA,2024-05-28T12:00:00+00:00,Ready,234349988
mendels_2024-05-28_11_50_01,mendels,2024-05-28T11:50:01+00:00,Ready,299503964
SiteA_2024-05-28_11_50_01,SiteA,2024-05-28T11:50:01+00:00,Ready,241102002
SiteA_2024-05-28_11_40_00,SiteA,2024-05-28T11:40:00+00:00,Ready,278297122
mendels_2024-05-28_11_40_00,mendels,2024-05-28T11:40:00+00:00,Ready,300076728
mendels_2024-05-28_11_30_00,mendels,2024-05-28T11:30:00+00:00,Ready,300089573
SiteA_2024-05-28_11_30_00,SiteA,2024-05-28T11:30:00+00:00,Ready,214773455
SiteA_2024-05-28_11_20_00,SiteA,2024-05-28T11:20:00+00:00,Ready,200702729
mendels_2024-05-28_11_20_00,mendels,2024-05-28T11:20:00+00:00,Ready,300047358
mendels_2024-05-28_11_10_01,mendels,2024-05-28T11:10:01+00:00,Ready,299601343
SiteA_2024-05-28_11_10_01,SiteA,2024-05-28T11:10:01+00:00,Ready,212022908
mendels_2024-05-28_11_00_00,mendels,2024-05-28T11:00:00+00:00,Ready,300067120
SiteA_2024-05-28_11_00_00,SiteA,2024-05-28T11:00:00+00:00,Ready,175081267
mendels_2024-05-28_10_50_00,mendels,2024-05-28T10:50:00+00:00,Ready,300063162
SiteA_2024-05-28_10_50_00,SiteA,2024-05-28T10:50:00+00:00,Ready,203509699
SiteA_2024-05-28_10_40_00,SiteA,2024-05-28T10:40:00+00:00,Ready,182029712
mendels_2024-05-28_10_40_00,mendels,2024-05-28T10:40:00+00:00,Ready,300064529
SiteA_2024-05-28_10_30_00,SiteA,2024-05-28T10:30:00+00:00,Ready,192712017
mendels_2024-05-28_10_30_00,mendels,2024-05-28T10:30:00+00:00,Ready,300065439
mendels_2024-05-28_10_20_01,mendels,2024-05-28T10:20:01+00:00,Ready,299368714
SiteA_2024-05-28_10_20_01,SiteA,2024-05-28T10:20:01+00:00,Ready,204724176
SiteA_2024-05-28_10_10_00,SiteA,2024-05-28T10:10:00+00:00,Ready,198240418
mendels_2024-05-28_10_10_00,mendels,2024-05-28T10:10:00+00:00,Ready,300081209
mendels_2024-05-28_10_00_01,mendels,2024-05-28T10:00:01+00:00,Ready,299495566
SiteA_2024-05-28_10_00_00,SiteA,2024-05-28T10:00:00+00:00,Ready,186140281
SiteA_2024-05-28_09_50_00,SiteA,2024-05-28T09:50:00+00:00,Ready,205994127
mendels_2024-05-28_09_50_00,mendels,2024-05-28T09:50:00+00:00,Ready,300082397
SiteA_2024-05-28_09_40_01,SiteA,2024-05-28T09:40:01+00:00,Ready,264801930
mendels_2024-05-28_09_40_00,mendels,2024-05-28T09:40:00+00:00,Ready,300067190
mendels_2024-05-28_09_30_01,mendels,2024-05-28T09:30:01+00:00,Ready,299606979
SiteA_2024-05-28_09_30_00,SiteA,2024-05-28T09:30:00+00:00,Ready,243741181
SiteA_2024-05-28_09_20_00,SiteA,2024-05-28T09:20:00+00:00,Ready,220686723
mendels_2024-05-28_09_20_00,mendels,2024-05-28T09:20:00+00:00,Ready,300106104
SiteA_2024-05-28_09_10_00,SiteA,2024-05-28T09:10:00+00:00,Ready,210689563
mendels_2024-05-28_09_10_00,mendels,2024-05-28T09:10:00+00:00,Ready,300049397
SiteA_2024-05-28_09_00_01,SiteA,2024-05-28T09:00:01+00:00,Ready,202219152
mendels_2024-05-28_09_00_00,mendels,2024-05-28T09:00:00+00:00,Ready,300101499
mendels_2024-05-28_08_55_41,mendels,2024-05-28T08:55:41+00:00,Ready,129424235
SiteA_2024-05-28_08_50_00,SiteA,2024-05-28T08:50:00+00:00,Ready,206953680
SiteA_2024-05-28_08_40_00,SiteA,2024-05-28T08:40:00+00:00,Ready,226124996
SiteA_2024-05-28_08_30_01,SiteA,2024-05-28T08:30:01+00:00,Ready,249975223
SiteA_2024-05-28_08_20_00,SiteA,2024-05-28T08:20:00+00:00,Ready,244986406
SiteA_2024-05-28_08_10_00,SiteA,2024-05-28T08:10:00+00:00,Ready,300101123
SiteA_2024-05-28_08_01_31,SiteA,2024-05-28T08:01:31+00:00,Ready,236765026
SiteA_2024-05-27_19_50_00,SiteA,2024-05-27T19:50:00+00:00,Ready,299106352
SiteA_2024-05-27_19_40_00,SiteA,2024-05-27T19:40:00+00:00,Ready,299889250
SiteA_2024-05-27_19_30_01,SiteA,2024-05-27T19:30:01+00:00,Ready,298657632
SiteA_2024-05-27_19_20_00,SiteA,2024-05-27T19:20:00+00:00,Ready,249313728
SiteA_2024-05-27_19_10_00,SiteA,2024-05-27T19:10:00+00:00,Ready,189956843
SiteA_2024-05-27_19_00_01,SiteA,2024-05-27T19:00:01+00:00,Ready,167447609
mendels_2024-05-27_19_00_00,mendels,2024-05-27T19:00:00+00:00,Ready,143921152
SiteA_2024-05-27_18_50_00,SiteA,2024-05-27T18:50:00+00:00,Ready,174517404
mendels_2024-05-27_18_50_00,mendels,2024-05-27T18:50:00+00:00,Ready,300097011
mendels_2024-05-27_18_40_01,mendels,2024-05-27T18:40:01+00:00,Ready,276527783
SiteA_2024-05-27_18_40_00,SiteA,2024-05-27T18:40:00+00:00,Ready,169233120
mendels_2024-05-27_18_30_00,mendels,2024-05-27T18:30:00+00:00,Ready,300098535
SiteA_2024-05-27_18_30_00,SiteA,2024-05-27T18:30:00+00:00,Ready,214786348
SiteA_2024-05-27_18_20_01,SiteA,2024-05-27T18:20:01+00:00,Ready,285676435
mendels_2024-05-27_18_20_00,mendels,2024-05-27T18:20:00+00:00,Ready,300123452
mendels_2024-05-27_18_10_01,mendels,2024-05-27T18:10:01+00:00,Ready,299555301
SiteA_2024-05-27_18_10_00,SiteA,2024-05-27T18:10:00+00:00,Ready,277529471
SiteA_2024-05-27_18_00_00,SiteA,2024-05-27T18:00:00+00:00,Ready,246465146
mendels_2024-05-27_18_00_00,mendels,2024-05-27T18:00:00+00:00,Ready,300058311
mendels_2024-05-27_17_50_00,mendels,2024-05-27T17:50:00+00:00,Ready,299974093
SiteA_2024-05-27_17_50_00,SiteA,2024-05-27T17:50:00+00:00,Ready,177836676
SiteA_2024-05-27_17_40_01,SiteA,2024-05-27T17:40:01+00:00,Ready,177563764
mendels_2024-05-27_17_40_00,mendels,2024-05-27T17:40:00+00:00,Ready,300074008
SiteA_2024-05-27_17_30_00,SiteA,2024-05-27T17:30:00+00:00,Ready,192362605
mendels_2024-05-27_17_30_00,mendels,2024-05-27T17:30:00+00:00,Ready,300102038
mendels_2024-05-27_17_20_01,mendels,2024-05-27T17:20:01+00:00,Ready,299557900
SiteA_2024-05-27_17_20_00,SiteA,2024-05-27T17:20:00+00:00,Ready,194725435
mendels_2024-05-27_17_10_00,mendels,2024-05-27T17:10:00+00:00,Ready,300105068
SiteA_2024-05-27_17_10_00,SiteA,2024-05-27T17:10:00+00:00,Ready,181050988
SiteA_2024-05-27_17_00_01,SiteA,2024-05-27T17:00:01+00:00,Ready,188227638
mendels_2024-05-27_17_00_00,mendels,2024-05-27T17:00:00+00:00,Ready,300031641
mendels_2024-05-27_16_50_01,mendels,2024-05-27T16:50:01+00:00,Ready,299622824
SiteA_2024-05-27_16_50_00,SiteA,2024-05-27T16:50:00+00:00,Ready,217183859
SiteA_2024-05-27_16_40_00,SiteA,2024-05-27T16:40:00+00:00,Ready,191821898
mendels_2024-05-27_16_40_00,mendels,2024-05-27T16:40:00+00:00,Ready,300090693
mendels_2024-05-27_16_30_00,mendels,2024-05-27T16:30:00+00:00,Ready,300078419
SiteA_2024-05-27_16_30_00,SiteA,2024-05-27T16:30:00+00:00,Ready,226220269
mendels_2024-05-27_16_20_01,mendels,2024-05-27T16:20:01+00:00,Ready,299609875
SiteA_2024-05-27_16_20_01,SiteA,2024-05-27T16:20:01+00:00,Ready,204966153
SiteA_2024-05-27_16_10_00,SiteA,2024-05-27T16:10:00+00:00,Ready,234371474
mendels_2024-05-27_16_10_00,mendels,2024-05-27T16:10:00+00:00,Ready,300059309
mendels_2024-05-27_16_00_00,mendels,2024-05-27T16:00:00+00:00,Ready,300099050
SiteA_2024-05-27_16_00_00,SiteA,2024-05-27T16:00:00+00:00,Ready,257429084
SiteA_2024-05-27_15_50_01,SiteA,2024-05-27T15:50:01+00:00,Ready,290429394
mendels_2024-05-27_15_50_00,mendels,2024-05-27T15:50:00+00:00,Ready,300048001
SiteA_2024-05-27_15_40_00,SiteA,2024-05-27T15:40:00+00:00,Ready,240547217
mendels_2024-05-27_15_40_00,mendels,2024-05-27T15:40:00+00:00,Ready,300099518
mendels_2024-05-27_15_30_01,mendels,2024-05-27T15:30:01+00:00,Ready,299554504
SiteA_2024-05-27_15_30_00,SiteA,2024-05-27T15:30:00+00:00,Ready,176848663
mendels_2024-05-27_15_20_00,mendels,2024-05-27T15:20:00+00:00,Ready,300049809
SiteA_2024-05-27_15_20_00,SiteA,2024-05-27T15:20:00+00:00,Ready,148826584
SiteA_2024-05-27_15_10_01,SiteA,2024-05-27T15:10:01+00:00,Ready,133588708
mendels_2024-05-27_15_10_00,mendels,2024-05-27T15:10:00+00:00,Ready,300019357
mendels_2024-05-27_15_00_01,mendels,2024-05-27T15:00:01+00:00,Ready,299601961
SiteA_2024-05-27_15_00_00,SiteA,2024-05-27T15:00:00+00:00,Ready,143738087
mendels_2024-05-27_14_50_00,mendels,2024-05-27T14:50:00+00:00,Ready,300083454
SiteA_2024-05-27_14_50_00,SiteA,2024-05-27T14:50:00+00:00,Ready,143944208
SiteA_2024-05-27_14_40_01,SiteA,2024-05-27T14:40:01+00:00,Ready,153859940
mendels_2024-05-27_14_40_00,mendels,2024-05-27T14:40:00+00:00,Ready,300042694
SiteA_2024-05-27_14_30_00,SiteA,2024-05-27T14:30:00+00:00,Ready,163393068
mendels_2024-05-27_14_30_00,mendels,2024-05-27T14:30:00+00:00,Ready,300010726
mendels_2024-05-27_14_20_01,mendels,2024-05-27T14:20:01+00:00,Ready,280476905
SiteA_2024-05-27_14_20_00,SiteA,2024-05-27T14:20:00+00:00,Ready,167085529
mendels_2024-05-27_14_10_00,mendels,2024-05-27T14:10:00+00:00,Ready,299899302
SiteA_2024-05-27_14_10_00,SiteA,2024-05-27T14:10:00+00:00,Ready,161653498
SiteA_2024-05-27_14_00_01,SiteA,2024-05-27T14:00:01+00:00,Ready,174371604
mendels_2024-05-27_14_00_00,mendels,2024-05-27T14:00:00+00:00,Ready,299897746
mendels_2024-05-27_13_50_01,mendels,2024-05-27T13:50:01+00:00,Ready,295469546
SiteA_2024-05-27_13_50_00,SiteA,2024-05-27T13:50:00+00:00,Ready,182109404
mendels_2024-05-27_13_40_00,mendels,2024-05-27T13:40:00+00:00,Ready,300043746
SiteA_2024-05-27_13_40_00,SiteA,2024-05-27T13:40:00+00:00,Ready,160297793
mendels_2024-05-27_13_30_00,mendels,2024-05-27T13:30:00+00:00,Ready,299272466
SiteA_2024-05-27_13_30_00,SiteA,2024-05-27T13:30:00+00:00,Ready,149052053
mendels_2024-05-27_13_20_01,mendels,2024-05-27T13:20:01+00:00,Ready,298661433
SiteA_2024-05-27_13_20_01,SiteA,2024-05-27T13:20:01+00:00,Ready,149932647
SiteA_2024-05-27_13_10_00,SiteA,2024-05-27T13:10:00+00:00,Ready,169476825
mendels_2024-05-27_13_10_00,mendels,2024-05-27T13:10:00+00:00,Ready,300020879
SiteA_2024-05-27_13_00_00,SiteA,2024-05-27T13:00:00+00:00,Ready,151492585
mendels_2024-05-27_13_00_00,mendels,2024-05-27T13:00:00+00:00,Ready,300100297
mendels_2024-05-27_12_50_01,mendels,2024-05-27T12:50:01+00:00,Ready,291607937
SiteA_2024-05-27_12_50_01,SiteA,2024-05-27T12:50:01+00:00,Ready,155964533
mendels_2024-05-27_12_40_00,mendels,2024-05-27T12:40:00+00:00,Ready,278665504
SiteA_2024-05-27_12_40_00,SiteA,2024-05-27T12:40:00+00:00,Ready,167976927
SiteA_2024-05-27_12_30_00,SiteA,2024-05-27T12:30:00+00:00,Ready,175153267
mendels_2024-05-27_12_30_00,mendels,2024-05-27T12:30:00+00:00,Ready,282955230
SiteA_2024-05-27_12_20_01,SiteA,2024-05-27T12:20:01+00:00,Ready,166669779
mendels_2024-05-27_12_20_00,mendels,2024-05-27T12:20:00+00:00,Ready,292899122
mendels_2024-05-27_12_10_00,mendels,2024-05-27T12:10:00+00:00,Ready,294900173
SiteA_2024-05-27_12_10_00,SiteA,2024-05-27T12:10:00+00:00,Ready,152779982
mendels_2024-05-27_12_00_01,mendels,2024-05-27T12:00:01+00:00,Ready,299463845
SiteA_2024-05-27_12_00_00,SiteA,2024-05-27T12:00:00+00:00,Ready,148129748
mendels_2024-05-27_11_50_00,mendels,2024-05-27T11:50:00+00:00,Ready,300019818
SiteA_2024-05-27_11_50_00,SiteA,2024-05-27T11:50:00+00:00,Ready,146725540
SiteA_2024-05-27_11_40_01,SiteA,2024-05-27T11:40:01+00:00,Ready,140999093
mendels_2024-05-27_11_40_00,mendels,2024-05-27T11:40:00+00:00,Ready,300032187
mendels_2024-05-27_11_30_01,mendels,2024-05-27T11:30:01+00:00,Ready,299607770
SiteA_2024-05-27_11_30_00,SiteA,2024-05-27T11:30:00+00:00,Ready,139772036
SiteA_2024-05-27_11_20_00,SiteA,2024-05-27T11:20:00+00:00,Ready,144875878
mendels_2024-05-27_11_20_00,mendels,2024-05-27T11:20:00+00:00,Ready,300072182
SiteA_2024-05-27_11_10_01,SiteA,2024-05-27T11:10:01+00:00,Ready,145195880
mendels_2024-05-27_11_10_00,mendels,2024-05-27T11:10:00+00:00,Ready,300080590
mendels_2024-05-27_11_00_01,mendels,2024-05-27T11:00:01+00:00,Ready,299612924
SiteA_2024-05-27_11_00_00,SiteA,2024-05-27T11:00:00+00:00,Ready,140791825
mendels_2024-05-27_10_50_00,mendels,2024-05-27T10:50:00+00:00,Ready,300108506
SiteA_2024-05-27_10_50_00,SiteA,2024-05-27T10:50:00+00:00,Ready,170341300
SiteA_2024-05-27_10_40_01,SiteA,2024-05-27T10:40:01+00:00,Ready,168097276
mendels_2024-05-27_10_40_00,mendels,2024-05-27T10:40:00+00:00,Ready,299980573
mendels_2024-05-27_10_30_00,mendels,2024-05-27T10:30:00+00:00,Ready,292618683
SiteA_2024-05-27_10_30_00,SiteA,2024-05-27T10:30:00+00:00,Ready,150868389
mendels_2024-05-27_10_20_01,mendels,2024-05-27T10:20:01+00:00,Ready,299451184
SiteA_2024-05-27_10_20_00,SiteA,2024-05-27T10:20:00+00:00,Ready,158737925
SiteA_2024-05-27_10_10_00,SiteA,2024-05-27T10:10:00+00:00,Ready,164573322
mendels_2024-05-27_10_10_00,mendels,2024-05-27T10:10:00+00:00,Ready,300083995
SiteA_2024-05-27_10_00_01,SiteA,2024-05-27T10:00:01+00:00,Ready,158951495
mendels_2024-05-27_10_00_00,mendels,2024-05-27T10:00:00+00:00,Ready,300031531
SiteA_2024-05-27_09_50_00,SiteA,2024-05-27T09:50:00+00:00,Ready,154097693
mendels_2024-05-27_09_50_00,mendels,2024-05-27T09:50:00+00:00,Ready,299963062
mendels_2024-05-27_09_40_01,mendels,2024-05-27T09:40:01+00:00,Ready,299516676
SiteA_2024-05-27_09_40_00,SiteA,2024-05-27T09:40:00+00:00,Ready,151192011
mendels_2024-05-27_09_30_00,mendels,2024-05-27T09:30:00+00:00,Ready,299054806
SiteA_2024-05-27_09_30_00,SiteA,2024-05-27T09:30:00+00:00,Ready,148887544
SiteA_2024-05-27_09_20_01,SiteA,2024-05-27T09:20:01+00:00,Ready,147823803
mendels_2024-05-27_09_20_00,mendels,2024-05-27T09:20:00+00:00,Ready,300100224
mendels_2024-05-27_09_10_01,mendels,2024-05-27T09:10:01+00:00,Ready,299521426
SiteA_2024-05-27_09_10_00,SiteA,2024-05-27T09:10:00+00:00,Ready,146492162
mendels_2024-05-27_09_00_00,mendels,2024-05-27T09:00:00+00:00,Ready,300017514
SiteA_2024-05-27_09_00_00,SiteA,2024-05-27T09:00:00+00:00,Ready,143957616
mendels_2024-05-27_08_55_36,mendels,2024-05-27T08:55:36+00:00,Ready,131938632
SiteA_2024-05-27_08_50_01,SiteA,2024-05-27T08:50:01+00:00,Ready,145194851
SiteA_2024-05-27_08_40_00,SiteA,2024-05-27T08:40:00+00:00,Ready,144703096
SiteA_2024-05-27_08_30_00,SiteA,2024-05-27T08:30:00+00:00,Ready,143091782
SiteA_2024-05-27_08_20_00,SiteA,2024-05-27T08:20:00+00:00,Ready,142753395
SiteA_2024-05-27_08_10_01,SiteA,2024-05-27T08:10:01+00:00,Ready,142309994
SiteA_2024-05-27_08_01_29,SiteA,2024-05-27T08:01:29+00:00,Ready,124839110
SiteA_2024-05-26_19_50_00,SiteA,2024-05-26T19:50:00+00:00,Ready,237077333
SiteA_2024-05-26_19_40_00,SiteA,2024-05-26T19:40:00+00:00,Ready,232376885
SiteA_2024-05-26_19_30_00,SiteA,2024-05-26T19:30:00+00:00,Ready,229875385
SiteA_2024-05-26_19_20_01,SiteA,2024-05-26T19:20:01+00:00,Ready,193632851
SiteA_2024-05-26_19_10_00,SiteA,2024-05-26T19:10:00+00:00,Ready,155961870
mendels_2024-05-26_19_00_01,mendels,2024-05-26T19:00:01+00:00,Ready,137105408
SiteA_2024-05-26_19_00_00,SiteA,2024-05-26T19:00:00+00:00,Ready,137758430
SiteA_2024-05-26_18_50_01,SiteA,2024-05-26T18:50:01+00:00,Ready,140700683
mendels_2024-05-26_18_50_00,mendels,2024-05-26T18:50:00+00:00,Ready,300064012
mendels_2024-05-26_18_40_00,mendels,2024-05-26T18:40:00+00:00,Ready,300082312
SiteA_2024-05-26_18_40_00,SiteA,2024-05-26T18:40:00+00:00,Ready,139785753
mendels_2024-05-26_18_30_01,mendels,2024-05-26T18:30:01+00:00,Ready,299544554
SiteA_2024-05-26_18_30_00,SiteA,2024-05-26T18:30:00+00:00,Ready,145038579
SiteA_2024-05-26_18_20_00,SiteA,2024-05-26T18:20:00+00:00,Ready,143526620
mendels_2024-05-26_18_20_00,mendels,2024-05-26T18:20:00+00:00,Ready,290249290
SiteA_2024-05-26_18_10_01,SiteA,2024-05-26T18:10:01+00:00,Ready,144748731
mendels_2024-05-26_18_10_00,mendels,2024-05-26T18:10:00+00:00,Ready,281313026
mendels_2024-05-26_18_00_01,mendels,2024-05-26T18:00:01+00:00,Ready,284902978
SiteA_2024-05-26_18_00_00,SiteA,2024-05-26T18:00:00+00:00,Ready,139308400
SiteA_2024-05-26_17_50_00,SiteA,2024-05-26T17:50:00+00:00,Ready,141143805
mendels_2024-05-26_17_50_00,mendels,2024-05-26T17:50:00+00:00,Ready,295099627
SiteA_2024-05-26_17_40_01,SiteA,2024-05-26T17:40:01+00:00,Ready,147652642
mendels_2024-05-26_17_40_00,mendels,2024-05-26T17:40:00+00:00,Ready,289129138
SiteA_2024-05-26_17_30_00,SiteA,2024-05-26T17:30:00+00:00,Ready,148670889
mendels_2024-05-26_17_30_00,mendels,2024-05-26T17:30:00+00:00,Ready,299477191
mendels_2024-05-26_17_20_01,mendels,2024-05-26T17:20:01+00:00,Ready,299607474
SiteA_2024-05-26_17_20_00,SiteA,2024-05-26T17:20:00+00:00,Ready,151266162
SiteA_2024-05-26_17_10_00,SiteA,2024-05-26T17:10:00+00:00,Ready,154513189
mendels_2024-05-26_17_10_00,mendels,2024-05-26T17:10:00+00:00,Ready,300070408
mendels_2024-05-26_17_00_00,mendels,2024-05-26T17:00:00+00:00,Ready,300107906
SiteA_2024-05-26_17_00_00,SiteA,2024-05-26T17:00:00+00:00,Ready,159845582
mendels_2024-05-26_16_50_01,mendels,2024-05-26T16:50:01+00:00,Ready,299607881
SiteA_2024-05-26_16_50_01,SiteA,2024-05-26T16:50:01+00:00,Ready,169870714
SiteA_2024-05-26_16_40_00,SiteA,2024-05-26T16:40:00+00:00,Ready,153722014
mendels_2024-05-26_16_40_00,mendels,2024-05-26T16:40:00+00:00,Ready,290973826
SiteA_2024-05-26_16_30_00,SiteA,2024-05-26T16:30:00+00:00,Ready,161831827
mendels_2024-05-26_16_30_00,mendels,2024-05-26T16:30:00+00:00,Ready,272775282
mendels_2024-05-26_16_20_01,mendels,2024-05-26T16:20:01+00:00,Ready,289316004
SiteA_2024-05-26_16_20_00,SiteA,2024-05-26T16:20:00+00:00,Ready,172959069
SiteA_2024-05-26_16_10_01,SiteA,2024-05-26T16:10:01+00:00,Ready,191003390
mendels_2024-05-26_16_10_00,mendels,2024-05-26T16:10:00+00:00,Ready,300086276
SiteA_2024-05-26_16_00_00,SiteA,2024-05-26T16:00:00+00:00,Ready,189451034
mendels_2024-05-26_16_00_00,mendels,2024-05-26T16:00:00+00:00,Ready,287092942
SiteA_2024-05-26_15_50_00,SiteA,2024-05-26T15:50:00+00:00,Ready,206238975
mendels_2024-05-26_15_50_00,mendels,2024-05-26T15:50:00+00:00,Ready,286420250
mendels_2024-05-26_15_40_01,mendels,2024-05-26T15:40:01+00:00,Ready,241558699
SiteA_2024-05-26_15_40_00,SiteA,2024-05-26T15:40:00+00:00,Ready,180042771
SiteA_2024-05-26_15_30_01,SiteA,2024-05-26T15:30:01+00:00,Ready,181342695
mendels_2024-05-26_15_30_00,mendels,2024-05-26T15:30:00+00:00,Ready,227367860
mendels_2024-05-26_15_20_01,mendels,2024-05-26T15:20:01+00:00,Ready,269640221
SiteA_2024-05-26_15_20_00,SiteA,2024-05-26T15:20:00+00:00,Ready,135950885
mendels_2024-05-26_15_10_00,mendels,2024-05-26T15:10:00+00:00,Ready,283592475
SiteA_2024-05-26_15_10_00,SiteA,2024-05-26T15:10:00+00:00,Ready,136944397
SiteA_2024-05-26_15_00_00,SiteA,2024-05-26T15:00:00+00:00,Ready,130384553
mendels_2024-05-26_15_00_00,mendels,2024-05-26T15:00:00+00:00,Ready,281775047
mendels_2024-05-26_14_50_01,mendels,2024-05-26T14:50:01+00:00,Ready,274939991
SiteA_2024-05-26_14_50_01,SiteA,2024-05-26T14:50:01+00:00,Ready,131713492
mendels_2024-05-26_14_40_00,mendels,2024-05-26T14:40:00+00:00,Ready,267979613
SiteA_2024-05-26_14_40_00,SiteA,2024-05-26T14:40:00+00:00,Ready,138828311
mendels_2024-05-26_14_30_00,mendels,2024-05-26T14:30:00+00:00,Ready,300104372
SiteA_2024-05-26_14_30_00,SiteA,2024-05-26T14:30:00+00:00,Ready,125664518
mendels_2024-05-26_14_20_01,mendels,2024-05-26T14:20:01+00:00,Ready,297601425
SiteA_2024-05-26_14_20_01,SiteA,2024-05-26T14:20:01+00:00,Ready,134110680
mendels_2024-05-26_14_10_00,mendels,2024-05-26T14:10:00+00:00,Ready,292140083
SiteA_2024-05-26_14_10_00,SiteA,2024-05-26T14:10:00+00:00,Ready,127630923
SiteA_2024-05-26_14_00_00,SiteA,2024-05-26T14:00:00+00:00,Ready,127719428
mendels_2024-05-26_14_00_00,mendels,2024-05-26T14:00:00+00:00,Ready,300100287
mendels_2024-05-26_13_50_01,mendels,2024-05-26T13:50:01+00:00,Ready,282148765
SiteA_2024-05-26_13_50_00,SiteA,2024-05-26T13:50:00+00:00,Ready,130099674
SiteA_2024-05-26_13_40_00,SiteA,2024-05-26T13:40:00+00:00,Ready,135377909
mendels_2024-05-26_13_40_00,mendels,2024-05-26T13:40:00+00:00,Ready,299421469
SiteA_2024-05-26_13_30_01,SiteA,2024-05-26T13:30:01+00:00,Ready,145137195
mendels_2024-05-26_13_30_00,mendels,2024-05-26T13:30:00+00:00,Ready,300055165
mendels_2024-05-26_13_20_00,mendels,2024-05-26T13:20:00+00:00,Ready,299175250
SiteA_2024-05-26_13_20_00,SiteA,2024-05-26T13:20:00+00:00,Ready,148239590
mendels_2024-05-26_13_10_01,mendels,2024-05-26T13:10:01+00:00,Ready,279567672
SiteA_2024-05-26_13_10_00,SiteA,2024-05-26T13:10:00+00:00,Ready,158614670
SiteA_2024-05-26_13_00_01,SiteA,2024-05-26T13:00:01+00:00,Ready,175685374
mendels_2024-05-26_13_00_00,mendels,2024-05-26T13:00:00+00:00,Ready,299834204
mendels_2024-05-26_12_50_00,mendels,2024-05-26T12:50:00+00:00,Ready,289549325
SiteA_2024-05-26_12_50_00,SiteA,2024-05-26T12:50:00+00:00,Ready,176163104
SiteA_2024-05-26_12_40_00,SiteA,2024-05-26T12:40:00+00:00,Ready,193607127
mendels_2024-05-26_12_40_00,mendels,2024-05-26T12:40:00+00:00,Ready,288853156
mendels_2024-05-26_12_30_01,mendels,2024-05-26T12:30:01+00:00,Ready,298963355
SiteA_2024-05-26_12_30_00,SiteA,2024-05-26T12:30:00+00:00,Ready,181756908
SiteA_2024-05-26_12_20_01,SiteA,2024-05-26T12:20:01+00:00,Ready,176316758
mendels_2024-05-26_12_20_00,mendels,2024-05-26T12:20:00+00:00,Ready,267044936
SiteA_2024-05-26_12_10_00,SiteA,2024-05-26T12:10:00+00:00,Ready,172948318
mendels_2024-05-26_12_10_00,mendels,2024-05-26T12:10:00+00:00,Ready,261487029
mendels_2024-05-26_12_00_01,mendels,2024-05-26T12:00:01+00:00,Ready,283182280
SiteA_2024-05-26_12_00_00,SiteA,2024-05-26T12:00:00+00:00,Ready,157145579
SiteA_2024-05-26_11_50_01,SiteA,2024-05-26T11:50:01+00:00,Ready,147695504
mendels_2024-05-26_11_50_00,mendels,2024-05-26T11:50:00+00:00,Ready,299681848
SiteA_2024-05-26_11_40_00,SiteA,2024-05-26T11:40:00+00:00,Ready,145867405
mendels_2024-05-26_11_40_00,mendels,2024-05-26T11:40:00+00:00,Ready,286605205
mendels_2024-05-26_11_30_00,mendels,2024-05-26T11:30:00+00:00,Ready,280890832
SiteA_2024-05-26_11_30_00,SiteA,2024-05-26T11:30:00+00:00,Ready,139370901
mendels_2024-05-26_11_20_01,mendels,2024-05-26T11:20:01+00:00,Ready,237677348
SiteA_2024-05-26_11_20_00,SiteA,2024-05-26T11:20:00+00:00,Ready,140634924
SiteA_2024-05-26_11_10_01,SiteA,2024-05-26T11:10:01+00:00,Ready,145307974
mendels_2024-05-26_11_10_00,mendels,2024-05-26T11:10:00+00:00,Ready,272404364
SiteA_2024-05-26_11_00_00,SiteA,2024-05-26T11:00:00+00:00,Ready,141780039
mendels_2024-05-26_11_00_00,mendels,2024-05-26T11:00:00+00:00,Ready,298820743
mendels_2024-05-26_10_50_00,mendels,2024-05-26T10:50:00+00:00,Ready,298363459
SiteA_2024-05-26_10_50_00,SiteA,2024-05-26T10:50:00+00:00,Ready,143943047
mendels_2024-05-26_10_40_01,mendels,2024-05-26T10:40:01+00:00,Ready,280313416
SiteA_2024-05-26_10_40_01,SiteA,2024-05-26T10:40:01+00:00,Ready,141679764
mendels_2024-05-26_10_30_00,mendels,2024-05-26T10:30:00+00:00,Ready,298798371
SiteA_2024-05-26_10_30_00,SiteA,2024-05-26T10:30:00+00:00,Ready,137812680
SiteA_2024-05-26_10_20_00,SiteA,2024-05-26T10:20:00+00:00,Ready,138167884
mendels_2024-05-26_10_20_00,mendels,2024-05-26T10:20:00+00:00,Ready,300074368
mendels_2024-05-26_10_10_01,mendels,2024-05-26T10:10:01+00:00,Ready,297590234
SiteA_2024-05-26_10_10_01,SiteA,2024-05-26T10:10:01+00:00,Ready,142459980
SiteA_2024-05-26_10_00_00,SiteA,2024-05-26T10:00:00+00:00,Ready,142731336
mendels_2024-05-26_10_00_00,mendels,2024-05-26T10:00:00+00:00,Ready,300103912
mendels_2024-05-26_09_50_00,mendels,2024-05-26T09:50:00+00:00,Ready,299673442
SiteA_2024-05-26_09_50_00,SiteA,2024-05-26T09:50:00+00:00,Ready,139098265
SiteA_2024-05-26_09_40_01,SiteA,2024-05-26T09:40:01+00:00,Ready,138949986
mendels_2024-05-26_09_40_01,mendels,2024-05-26T09:40:01+00:00,Ready,299012215
mendels_2024-05-26_09_30_00,mendels,2024-05-26T09:30:00+00:00,Ready,300047235
SiteA_2024-05-26_09_30_00,SiteA,2024-05-26T09:30:00+00:00,Ready,142616951
mendels_2024-05-26_09_20_00,mendels,2024-05-26T09:20:00+00:00,Ready,300019459
SiteA_2024-05-26_09_20_00,SiteA,2024-05-26T09:20:00+00:00,Ready,139685311
SiteA_2024-05-26_09_10_01,SiteA,2024-05-26T09:10:01+00:00,Ready,139574682
mendels_2024-05-26_09_10_01,mendels,2024-05-26T09:10:01+00:00,Ready,299604663
mendels_2024-05-26_09_00_00,mendels,2024-05-26T09:00:00+00:00,Ready,299761533
SiteA_2024-05-26_09_00_00,SiteA,2024-05-26T09:00:00+00:00,Ready,139269359
mendels_2024-05-26_08_55_36,mendels,2024-05-26T08:55:36+00:00,Ready,126366430
SiteA_2024-05-26_08_50_00,SiteA,2024-05-26T08:50:00+00:00,Ready,139211335
SiteA_2024-05-26_08_40_00,SiteA,2024-05-26T08:40:00+00:00,Ready,143943506
SiteA_2024-05-26_08_30_01,SiteA,2024-05-26T08:30:01+00:00,Ready,151843714
SiteA_2024-05-26_08_20_00,SiteA,2024-05-26T08:20:00+00:00,Ready,137997881
SiteA_2024-05-26_08_10_00,SiteA,2024-05-26T08:10:00+00:00,Ready,137139503
SiteA_2024-05-26_08_01_31,SiteA,2024-05-26T08:01:31+00:00,Ready,113811877
SiteA_2024-05-25_20_00_01,SiteA,2024-05-25T20:00:01+00:00,Ready,0
SiteA_2024-05-25_19_50_00,SiteA,2024-05-25T19:50:00+00:00,Ready,204214272
SiteA_2024-05-25_19_40_00,SiteA,2024-05-25T19:40:00+00:00,Ready,221873934
SiteA_2024-05-25_19_30_00,SiteA,2024-05-25T19:30:00+00:00,Ready,217324012
SiteA_2024-05-25_19_20_01,SiteA,2024-05-25T19:20:01+00:00,Ready,207161399
SiteA_2024-05-25_19_10_00,SiteA,2024-05-25T19:10:00+00:00,Ready,230366180
mendels_2024-05-25_19_00_00,mendels,2024-05-25T19:00:00+00:00,Ready,148377600
SiteA_2024-05-25_19_00_00,SiteA,2024-05-25T19:00:00+00:00,Ready,234365847
mendels_2024-05-25_18_50_01,mendels,2024-05-25T18:50:01+00:00,Ready,263228712
SiteA_2024-05-25_18_50_00,SiteA,2024-05-25T18:50:00+00:00,Ready,239186457
SiteA_2024-05-25_18_40_01,SiteA,2024-05-25T18:40:01+00:00,Ready,242793422
mendels_2024-05-25_18_40_00,mendels,2024-05-25T18:40:00+00:00,Ready,156053305
mendels_2024-05-25_18_30_00,mendels,2024-05-25T18:30:00+00:00,Ready,299883761
SiteA_2024-05-25_18_30_00,SiteA,2024-05-25T18:30:00+00:00,Ready,242266334
SiteA_2024-05-25_18_20_00,SiteA,2024-05-25T18:20:00+00:00,Ready,288156339
mendels_2024-05-25_18_20_00,mendels,2024-05-25T18:20:00+00:00,Ready,300064900
mendels_2024-05-25_18_10_01,mendels,2024-05-25T18:10:01+00:00,Ready,299546521
SiteA_2024-05-25_18_10_01,SiteA,2024-05-25T18:10:01+00:00,Ready,299560787
SiteA_2024-05-25_18_00_00,SiteA,2024-05-25T18:00:00+00:00,Ready,300112008
mendels_2024-05-25_18_00_00,mendels,2024-05-25T18:00:00+00:00,Ready,300057866
SiteA_2024-05-25_17_50_00,SiteA,2024-05-25T17:50:00+00:00,Ready,300075017
mendels_2024-05-25_17_50_00,mendels,2024-05-25T17:50:00+00:00,Ready,300021622
mendels_2024-05-25_17_40_01,mendels,2024-05-25T17:40:01+00:00,Ready,299567637
SiteA_2024-05-25_17_40_00,SiteA,2024-05-25T17:40:00+00:00,Ready,299946259
SiteA_2024-05-25_17_30_01,SiteA,2024-05-25T17:30:01+00:00,Ready,299569095
mendels_2024-05-25_17_30_00,mendels,2024-05-25T17:30:00+00:00,Ready,300092412
mendels_2024-05-25_17_20_00,mendels,2024-05-25T17:20:00+00:00,Ready,300010500
SiteA_2024-05-25_17_20_00,SiteA,2024-05-25T17:20:00+00:00,Ready,252445211
mendels_2024-05-25_17_10_01,mendels,2024-05-25T17:10:01+00:00,Ready,299459611
SiteA_2024-05-25_17_10_00,SiteA,2024-05-25T17:10:00+00:00,Ready,245166050
SiteA_2024-05-25_17_00_01,SiteA,2024-05-25T17:00:01+00:00,Ready,194905324
mendels_2024-05-25_17_00_00,mendels,2024-05-25T17:00:00+00:00,Ready,300003942
mendels_2024-05-25_16_50_00,mendels,2024-05-25T16:50:00+00:00,Ready,300043347
SiteA_2024-05-25_16_50_00,SiteA,2024-05-25T16:50:00+00:00,Ready,153851206
SiteA_2024-05-25_16_40_00,SiteA,2024-05-25T16:40:00+00:00,Ready,139411144
mendels_2024-05-25_16_40_00,mendels,2024-05-25T16:40:00+00:00,Ready,299967513
SiteA_2024-05-25_16_30_01,SiteA,2024-05-25T16:30:01+00:00,Ready,134804157
mendels_2024-05-25_16_30_00,mendels,2024-05-25T16:30:00+00:00,Ready,300086410
mendels_2024-05-25_16_20_01,mendels,2024-05-25T16:20:01+00:00,Ready,299613020
SiteA_2024-05-25_16_20_00,SiteA,2024-05-25T16:20:00+00:00,Ready,135426959
mendels_2024-05-25_16_10_00,mendels,2024-05-25T16:10:00+00:00,Ready,299975909
SiteA_2024-05-25_16_10_00,SiteA,2024-05-25T16:10:00+00:00,Ready,131298433
SiteA_2024-05-25_16_00_01,SiteA,2024-05-25T16:00:01+00:00,Ready,137071253
mendels_2024-05-25_16_00_00,mendels,2024-05-25T16:00:00+00:00,Ready,295018303
mendels_2024-05-25_15_50_01,mendels,2024-05-25T15:50:01+00:00,Ready,299606876
SiteA_2024-05-25_15_50_00,SiteA,2024-05-25T15:50:00+00:00,Ready,157239355
mendels_2024-05-25_15_40_00,mendels,2024-05-25T15:40:00+00:00,Ready,300045832
SiteA_2024-05-25_15_40_00,SiteA,2024-05-25T15:40:00+00:00,Ready,136177761
SiteA_2024-05-25_15_30_01,SiteA,2024-05-25T15:30:01+00:00,Ready,139263083
mendels_2024-05-25_15_30_00,mendels,2024-05-25T15:30:00+00:00,Ready,258270879
mendels_2024-05-25_15_20_01,mendels,2024-05-25T15:20:01+00:00,Ready,249406728
SiteA_2024-05-25_15_20_00,SiteA,2024-05-25T15:20:00+00:00,Ready,140077999
SiteA_2024-05-25_15_10_00,SiteA,2024-05-25T15:10:00+00:00,Ready,144651820
mendels_2024-05-25_15_10_00,mendels,2024-05-25T15:10:00+00:00,Ready,221449406
mendels_2024-05-25_15_00_00,mendels,2024-05-25T15:00:00+00:00,Ready,255600254
SiteA_2024-05-25_15_00_00,SiteA,2024-05-25T15:00:00+00:00,Ready,148975992
SiteA_2024-05-25_14_50_01,SiteA,2024-05-25T14:50:01+00:00,Ready,139940629
mendels_2024-05-25_14_50_01,mendels,2024-05-25T14:50:01+00:00,Ready,287105642
mendels_2024-05-25_14_40_00,mendels,2024-05-25T14:40:00+00:00,Ready,259135439
SiteA_2024-05-25_14_40_00,SiteA,2024-05-25T14:40:00+00:00,Ready,193435498
SiteA_2024-05-25_14_30_00,SiteA,2024-05-25T14:30:00+00:00,Ready,206801470
mendels_2024-05-25_14_30_00,mendels,2024-05-25T14:30:00+00:00,Ready,245613733
SiteA_2024-05-25_14_20_00,SiteA,2024-05-25T14:20:00+00:00,Ready,199725269
mendels_2024-05-25_14_20_00,mendels,2024-05-25T14:20:00+00:00,Ready,242711627
SiteA_2024-05-25_14_10_01,SiteA,2024-05-25T14:10:01+00:00,Ready,161436215
mendels_2024-05-25_14_10_01,mendels,2024-05-25T14:10:01+00:00,Ready,293278063
mendels_2024-05-25_14_00_00,mendels,2024-05-25T14:00:00+00:00,Ready,279393246
SiteA_2024-05-25_14_00_00,SiteA,2024-05-25T14:00:00+00:00,Ready,148105370
SiteA_2024-05-25_13_50_00,SiteA,2024-05-25T13:50:00+00:00,Ready,149473306
mendels_2024-05-25_13_50_00,mendels,2024-05-25T13:50:00+00:00,Ready,295319464
mendels_2024-05-25_13_40_00,mendels,2024-05-25T13:40:00+00:00,Ready,300082789
SiteA_2024-05-25_13_40_00,SiteA,2024-05-25T13:40:00+00:00,Ready,156821288
SiteA_2024-05-25_13_30_01,SiteA,2024-05-25T13:30:01+00:00,Ready,185899093
mendels_2024-05-25_13_30_01,mendels,2024-05-25T13:30:01+00:00,Ready,299487055
mendels_2024-05-25_13_20_00,mendels,2024-05-25T13:20:00+00:00,Ready,299671172
SiteA_2024-05-25_13_20_00,SiteA,2024-05-25T13:20:00+00:00,Ready,173016394
SiteA_2024-05-25_13_10_00,SiteA,2024-05-25T13:10:00+00:00,Ready,176082617
mendels_2024-05-25_13_10_00,mendels,2024-05-25T13:10:00+00:00,Ready,298226510
mendels_2024-05-25_13_00_01,mendels,2024-05-25T13:00:01+00:00,Ready,299531403
SiteA_2024-05-25_13_00_01,SiteA,2024-05-25T13:00:01+00:00,Ready,180928138
mendels_2024-05-25_12_50_00,mendels,2024-05-25T12:50:00+00:00,Ready,294551106
SiteA_2024-05-25_12_50_00,SiteA,2024-05-25T12:50:00+00:00,Ready,195248592
mendels_2024-05-25_12_40_00,mendels,2024-05-25T12:40:00+00:00,Ready,300078539
SiteA_2024-05-25_12_40_00,SiteA,2024-05-25T12:40:00+00:00,Ready,204452499
mendels_2024-05-25_12_30_00,mendels,2024-05-25T12:30:00+00:00,Ready,300107163
SiteA_2024-05-25_12_30_00,SiteA,2024-05-25T12:30:00+00:00,Ready,180714295
SiteA_2024-05-25_12_20_01,SiteA,2024-05-25T12:20:01+00:00,Ready,203385003
mendels_2024-05-25_12_20_01,mendels,2024-05-25T12:20:01+00:00,Ready,299620888
SiteA_2024-05-25_12_10_00,SiteA,2024-05-25T12:10:00+00:00,Ready,167029681
mendels_2024-05-25_12_10_00,mendels,2024-05-25T12:10:00+00:00,Ready,300083657
mendels_2024-05-25_12_00_00,mendels,2024-05-25T12:00:00+00:00,Ready,300020783
SiteA_2024-05-25_12_00_00,SiteA,2024-05-25T12:00:00+00:00,Ready,157703841
mendels_2024-05-25_11_50_01,mendels,2024-05-25T11:50:01+00:00,Ready,299591540
SiteA_2024-05-25_11_50_00,SiteA,2024-05-25T11:50:00+00:00,Ready,160814463
SiteA_2024-05-25_11_40_01,SiteA,2024-05-25T11:40:01+00:00,Ready,186468277
mendels_2024-05-25_11_40_00,mendels,2024-05-25T11:40:00+00:00,Ready,300100182
mendels_2024-05-25_11_30_00,mendels,2024-05-25T11:30:00+00:00,Ready,299672665
SiteA_2024-05-25_11_30_00,SiteA,2024-05-25T11:30:00+00:00,Ready,172581288
SiteA_2024-05-25_11_20_00,SiteA,2024-05-25T11:20:00+00:00,Ready,219420083
mendels_2024-05-25_11_20_00,mendels,2024-05-25T11:20:00+00:00,Ready,300121778
mendels_2024-05-25_11_10_01,mendels,2024-05-25T11:10:01+00:00,Ready,299171554
SiteA_2024-05-25_11_10_01,SiteA,2024-05-25T11:10:01+00:00,Ready,175960693
mendels_2024-05-25_11_00_00,mendels,2024-05-25T11:00:00+00:00,Ready,300029867
SiteA_2024-05-25_11_00_00,SiteA,2024-05-25T11:00:00+00:00,Ready,206833402
mendels_2024-05-25_10_50_00,mendels,2024-05-25T10:50:00+00:00,Ready,300071689
SiteA_2024-05-25_10_50_00,SiteA,2024-05-25T10:50:00+00:00,Ready,177246789
SiteA_2024-05-25_10_40_01,SiteA,2024-05-25T10:40:01+00:00,Ready,182298643
mendels_2024-05-25_10_40_00,mendels,2024-05-25T10:40:00+00:00,Ready,279857632
mendels_2024-05-25_10_30_01,mendels,2024-05-25T10:30:01+00:00,Ready,299481954
SiteA_2024-05-25_10_30_00,SiteA,2024-05-25T10:30:00+00:00,Ready,187705320
mendels_2024-05-25_10_20_00,mendels,2024-05-25T10:20:00+00:00,Ready,300063182
SiteA_2024-05-25_10_20_00,SiteA,2024-05-25T10:20:00+00:00,Ready,184727182
SiteA_2024-05-25_10_10_01,SiteA,2024-05-25T10:10:01+00:00,Ready,182047649
mendels_2024-05-25_10_10_00,mendels,2024-05-25T10:10:00+00:00,Ready,300065049
mendels_2024-05-25_10_00_01,mendels,2024-05-25T10:00:01+00:00,Ready,299613011
SiteA_2024-05-25_10_00_00,SiteA,2024-05-25T10:00:00+00:00,Ready,174698349
SiteA_2024-05-25_09_50_00,SiteA,2024-05-25T09:50:00+00:00,Ready,182440919
mendels_2024-05-25_09_50_00,mendels,2024-05-25T09:50:00+00:00,Ready,300112911
SiteA_2024-05-25_09_40_00,SiteA,2024-05-25T09:40:00+00:00,Ready,171885218
mendels_2024-05-25_09_40_00,mendels,2024-05-25T09:40:00+00:00,Ready,300084561
SiteA_2024-05-25_09_30_00,SiteA,2024-05-25T09:30:00+00:00,Ready,152292026
mendels_2024-05-25_09_30_00,mendels,2024-05-25T09:30:00+00:00,Ready,299476839
mendels_2024-05-25_09_20_01,mendels,2024-05-25T09:20:01+00:00,Ready,296463139
SiteA_2024-05-25_09_20_01,SiteA,2024-05-25T09:20:01+00:00,Ready,147158403
SiteA_2024-05-25_09_10_00,SiteA,2024-05-25T09:10:00+00:00,Ready,160213720
mendels_2024-05-25_09_10_00,mendels,2024-05-25T09:10:00+00:00,Ready,300055764
mendels_2024-05-25_09_00_00,mendels,2024-05-25T09:00:00+00:00,Ready,298677482
SiteA_2024-05-25_09_00_00,SiteA,2024-05-25T09:00:00+00:00,Ready,164503846
mendels_2024-05-25_08_55_40,mendels,2024-05-25T08:55:40+00:00,Ready,118264728
SiteA_2024-05-25_08_50_01,SiteA,2024-05-25T08:50:01+00:00,Ready,170208880
SiteA_2024-05-25_08_40_00,SiteA,2024-05-25T08:40:00+00:00,Ready,162975526
SiteA_2024-05-25_08_30_00,SiteA,2024-05-25T08:30:00+00:00,Ready,161162500
SiteA_2024-05-25_08_20_00,SiteA,2024-05-25T08:20:00+00:00,Ready,160483035
SiteA_2024-05-25_08_10_00,SiteA,2024-05-25T08:10:00+00:00,Ready,163450169
SiteA_2024-05-25_08_01_30,SiteA,2024-05-25T08:01:30+00:00,Ready,136629204
SiteA_2024-05-24_19_50_00,SiteA,2024-05-24T19:50:00+00:00,Ready,264324316
SiteA_2024-05-24_19_40_00,SiteA,2024-05-24T19:40:00+00:00,Ready,260546466
SiteA_2024-05-24_19_30_00,SiteA,2024-05-24T19:30:00+00:00,Ready,265249300
SiteA_2024-05-24_19_20_01,SiteA,2024-05-24T19:20:01+00:00,Ready,231863272
SiteA_2024-05-24_19_10_00,SiteA,2024-05-24T19:10:00+00:00,Ready,205303258
mendels_2024-05-24_19_00_01,mendels,2024-05-24T19:00:01+00:00,Ready,145227776
SiteA_2024-05-24_19_00_00,SiteA,2024-05-24T19:00:00+00:00,Ready,195386118
SiteA_2024-05-24_18_50_01,SiteA,2024-05-24T18:50:01+00:00,Ready,166708010
mendels_2024-05-24_18_50_00,mendels,2024-05-24T18:50:00+00:00,Ready,296881602
mendels_2024-05-24_18_40_00,mendels,2024-05-24T18:40:00+00:00,Ready,219814557
SiteA_2024-05-24_18_40_00,SiteA,2024-05-24T18:40:00+00:00,Ready,168274351
mendels_2024-05-24_18_30_01,mendels,2024-05-24T18:30:01+00:00,Ready,244876454
SiteA_2024-05-24_18_30_00,SiteA,2024-05-24T18:30:00+00:00,Ready,155766516
SiteA_2024-05-24_18_20_00,SiteA,2024-05-24T18:20:00+00:00,Ready,162089232
mendels_2024-05-24_18_20_00,mendels,2024-05-24T18:20:00+00:00,Ready,300062461
SiteA_2024-05-24_18_10_01,SiteA,2024-05-24T18:10:01+00:00,Ready,209985260
mendels_2024-05-24_18_10_00,mendels,2024-05-24T18:10:00+00:00,Ready,300101606
SiteA_2024-05-24_18_00_00,SiteA,2024-05-24T18:00:00+00:00,Ready,196403323
mendels_2024-05-24_18_00_00,mendels,2024-05-24T18:00:00+00:00,Ready,300124023
mendels_2024-05-24_17_50_01,mendels,2024-05-24T17:50:01+00:00,Ready,286353091
SiteA_2024-05-24_17_50_00,SiteA,2024-05-24T17:50:00+00:00,Ready,174512271
SiteA_2024-05-24_17_40_01,SiteA,2024-05-24T17:40:01+00:00,Ready,155202063
mendels_2024-05-24_17_40_00,mendels,2024-05-24T17:40:00+00:00,Ready,299929150
mendels_2024-05-24_17_30_00,mendels,2024-05-24T17:30:00+00:00,Ready,284189454
SiteA_2024-05-24_17_30_00,SiteA,2024-05-24T17:30:00+00:00,Ready,209512121
mendels_2024-05-24_17_20_01,mendels,2024-05-24T17:20:01+00:00,Ready,299607740
SiteA_2024-05-24_17_20_00,SiteA,2024-05-24T17:20:00+00:00,Ready,173384177
mendels_2024-05-24_17_10_00,mendels,2024-05-24T17:10:00+00:00,Ready,300061898
SiteA_2024-05-24_17_10_00,SiteA,2024-05-24T17:10:00+00:00,Ready,171261627
SiteA_2024-05-24_17_00_01,SiteA,2024-05-24T17:00:01+00:00,Ready,184043409
mendels_2024-05-24_17_00_00,mendels,2024-05-24T17:00:00+00:00,Ready,300061871
mendels_2024-05-24_16_50_01,mendels,2024-05-24T16:50:01+00:00,Ready,299156985
SiteA_2024-05-24_16_50_00,SiteA,2024-05-24T16:50:00+00:00,Ready,207173237
mendels_2024-05-24_16_40_00,mendels,2024-05-24T16:40:00+00:00,Ready,298672053
SiteA_2024-05-24_16_40_00,SiteA,2024-05-24T16:40:00+00:00,Ready,228339856
SiteA_2024-05-24_16_30_00,SiteA,2024-05-24T16:30:00+00:00,Ready,217288837
mendels_2024-05-24_16_30_00,mendels,2024-05-24T16:30:00+00:00,Ready,299422227
mendels_2024-05-24_16_20_01,mendels,2024-05-24T16:20:01+00:00,Ready,272248143
SiteA_2024-05-24_16_20_00,SiteA,2024-05-24T16:20:00+00:00,Ready,238418326
SiteA_2024-05-24_16_10_01,SiteA,2024-05-24T16:10:01+00:00,Ready,230281071
mendels_2024-05-24_16_10_00,mendels,2024-05-24T16:10:00+00:00,Ready,300101975
mendels_2024-05-24_16_00_00,mendels,2024-05-24T16:00:00+00:00,Ready,300070152
SiteA_2024-05-24_16_00_00,SiteA,2024-05-24T16:00:00+00:00,Ready,264184308
mendels_2024-05-24_15_50_00,mendels,2024-05-24T15:50:00+00:00,Ready,300103849
SiteA_2024-05-24_15_50_00,SiteA,2024-05-24T15:50:00+00:00,Ready,190193313
mendels_2024-05-24_15_40_01,mendels,2024-05-24T15:40:01+00:00,Ready,299616200
SiteA_2024-05-24_15_40_01,SiteA,2024-05-24T15:40:01+00:00,Ready,206099349
SiteA_2024-05-24_15_30_00,SiteA,2024-05-24T15:30:00+00:00,Ready,151126592
mendels_2024-05-24_15_30_00,mendels,2024-05-24T15:30:00+00:00,Ready,300064756
mendels_2024-05-24_15_20_00,mendels,2024-05-24T15:20:00+00:00,Ready,300051945
SiteA_2024-05-24_15_20_00,SiteA,2024-05-24T15:20:00+00:00,Ready,175527694
SiteA_2024-05-24_15_10_01,SiteA,2024-05-24T15:10:01+00:00,Ready,128245298
mendels_2024-05-24_15_10_00,mendels,2024-05-24T15:10:00+00:00,Ready,300034490
mendels_2024-05-24_15_00_01,mendels,2024-05-24T15:00:01+00:00,Ready,299581097
SiteA_2024-05-24_15_00_00,SiteA,2024-05-24T15:00:00+00:00,Ready,148830973
SiteA_2024-05-24_14_50_00,SiteA,2024-05-24T14:50:00+00:00,Ready,141996748
mendels_2024-05-24_14_50_00,mendels,2024-05-24T14:50:00+00:00,Ready,300083055
SiteA_2024-05-24_14_40_01,SiteA,2024-05-24T14:40:01+00:00,Ready,145760279
mendels_2024-05-24_14_40_00,mendels,2024-05-24T14:40:00+00:00,Ready,299214523
mendels_2024-05-24_14_30_00,mendels,2024-05-24T14:30:00+00:00,Ready,300104900
SiteA_2024-05-24_14_30_00,SiteA,2024-05-24T14:30:00+00:00,Ready,145212187
mendels_2024-05-24_14_20_01,mendels,2024-05-24T14:20:01+00:00,Ready,299597718
SiteA_2024-05-24_14_20_00,SiteA,2024-05-24T14:20:00+00:00,Ready,127849153
mendels_2024-05-24_14_10_00,mendels,2024-05-24T14:10:00+00:00,Ready,300037738
SiteA_2024-05-24_14_10_00,SiteA,2024-05-24T14:10:00+00:00,Ready,151522850
SiteA_2024-05-24_14_00_00,SiteA,2024-05-24T14:00:00+00:00,Ready,131202689
mendels_2024-05-24_14_00_00,mendels,2024-05-24T14:00:00+00:00,Ready,296529429
SiteA_2024-05-24_13_50_01,SiteA,2024-05-24T13:50:01+00:00,Ready,134059765
mendels_2024-05-24_13_50_00,mendels,2024-05-24T13:50:00+00:00,Ready,300081173
mendels_2024-05-24_13_40_01,mendels,2024-05-24T13:40:01+00:00,Ready,299575278
SiteA_2024-05-24_13_40_00,SiteA,2024-05-24T13:40:00+00:00,Ready,148236162
mendels_2024-05-24_13_30_00,mendels,2024-05-24T13:30:00+00:00,Ready,300103221
SiteA_2024-05-24_13_30_00,SiteA,2024-05-24T13:30:00+00:00,Ready,145092281
SiteA_2024-05-24_13_20_00,SiteA,2024-05-24T13:20:00+00:00,Ready,152202879
mendels_2024-05-24_13_20_00,mendels,2024-05-24T13:20:00+00:00,Ready,300105945
SiteA_2024-05-24_13_10_01,SiteA,2024-05-24T13:10:01+00:00,Ready,161369826
mendels_2024-05-24_13_10_00,mendels,2024-05-24T13:10:00+00:00,Ready,300122158
mendels_2024-05-24_13_00_01,mendels,2024-05-24T13:00:01+00:00,Ready,299557141
SiteA_2024-05-24_13_00_00,SiteA,2024-05-24T13:00:00+00:00,Ready,173911520
SiteA_2024-05-24_12_50_00,SiteA,2024-05-24T12:50:00+00:00,Ready,176638855
mendels_2024-05-24_12_50_00,mendels,2024-05-24T12:50:00+00:00,Ready,299885027
SiteA_2024-05-24_12_40_01,SiteA,2024-05-24T12:40:01+00:00,Ready,159135577
mendels_2024-05-24_12_40_00,mendels,2024-05-24T12:40:00+00:00,Ready,286190572
mendels_2024-05-24_12_30_00,mendels,2024-05-24T12:30:00+00:00,Ready,290853105
SiteA_2024-05-24_12_30_00,SiteA,2024-05-24T12:30:00+00:00,Ready,173939026
mendels_2024-05-24_12_20_01,mendels,2024-05-24T12:20:01+00:00,Ready,261563609
SiteA_2024-05-24_12_20_00,SiteA,2024-05-24T12:20:00+00:00,Ready,170190839
SiteA_2024-05-24_12_10_00,SiteA,2024-05-24T12:10:00+00:00,Ready,164241983
mendels_2024-05-24_12_10_00,mendels,2024-05-24T12:10:00+00:00,Ready,284343019
mendels_2024-05-24_12_00_01,mendels,2024-05-24T12:00:01+00:00,Ready,298312964
SiteA_2024-05-24_12_00_01,SiteA,2024-05-24T12:00:01+00:00,Ready,164966347
mendels_2024-05-24_11_50_00,mendels,2024-05-24T11:50:00+00:00,Ready,298941322
SiteA_2024-05-24_11_50_00,SiteA,2024-05-24T11:50:00+00:00,Ready,184159238
mendels_2024-05-24_11_40_00,mendels,2024-05-24T11:40:00+00:00,Ready,291869140
SiteA_2024-05-24_11_40_00,SiteA,2024-05-24T11:40:00+00:00,Ready,172987611
mendels_2024-05-24_11_30_01,mendels,2024-05-24T11:30:01+00:00,Ready,292014444
SiteA_2024-05-24_11_30_00,SiteA,2024-05-24T11:30:00+00:00,Ready,188148285
SiteA_2024-05-24_11_20_01,SiteA,2024-05-24T11:20:01+00:00,Ready,174623627
mendels_2024-05-24_11_20_00,mendels,2024-05-24T11:20:00+00:00,Ready,300103510
SiteA_2024-05-24_11_10_00,SiteA,2024-05-24T11:10:00+00:00,Ready,163555872
mendels_2024-05-24_11_10_00,mendels,2024-05-24T11:10:00+00:00,Ready,282758017
SiteA_2024-05-24_11_00_00,SiteA,2024-05-24T11:00:00+00:00,Ready,173884261
mendels_2024-05-24_11_00_00,mendels,2024-05-24T11:00:00+00:00,Ready,292888358
SiteA_2024-05-24_10_50_00,SiteA,2024-05-24T10:50:00+00:00,Ready,166398088
mendels_2024-05-24_10_50_00,mendels,2024-05-24T10:50:00+00:00,Ready,299744271
mendels_2024-05-24_10_40_01,mendels,2024-05-24T10:40:01+00:00,Ready,287609731
SiteA_2024-05-24_10_40_01,SiteA,2024-05-24T10:40:01+00:00,Ready,173068740
SiteA_2024-05-24_10_30_00,SiteA,2024-05-24T10:30:00+00:00,Ready,187270623
mendels_2024-05-24_10_30_00,mendels,2024-05-24T10:30:00+00:00,Ready,295989077
SiteA_2024-05-24_10_20_00,SiteA,2024-05-24T10:20:00+00:00,Ready,158593878
mendels_2024-05-24_10_20_00,mendels,2024-05-24T10:20:00+00:00,Ready,253398286
mendels_2024-05-24_10_10_01,mendels,2024-05-24T10:10:01+00:00,Ready,248747610
SiteA_2024-05-24_10_10_01,SiteA,2024-05-24T10:10:01+00:00,Ready,153632917
SiteA_2024-05-24_10_00_00,SiteA,2024-05-24T10:00:00+00:00,Ready,161900356
mendels_2024-05-24_10_00_00,mendels,2024-05-24T10:00:00+00:00,Ready,300088277
mendels_2024-05-24_09_50_00,mendels,2024-05-24T09:50:00+00:00,Ready,281837411
SiteA_2024-05-24_09_50_00,SiteA,2024-05-24T09:50:00+00:00,Ready,160525136
mendels_2024-05-24_09_40_00,mendels,2024-05-24T09:40:00+00:00,Ready,279226462
SiteA_2024-05-24_09_40_00,SiteA,2024-05-24T09:40:00+00:00,Ready,161188801
SiteA_2024-05-24_09_30_01,SiteA,2024-05-24T09:30:01+00:00,Ready,156880625
mendels_2024-05-24_09_30_01,mendels,2024-05-24T09:30:01+00:00,Ready,268961612
SiteA_2024-05-24_09_20_00,SiteA,2024-05-24T09:20:00+00:00,Ready,159588443
mendels_2024-05-24_09_20_00,mendels,2024-05-24T09:20:00+00:00,Ready,274072693
mendels_2024-05-24_09_10_01,mendels,2024-05-24T09:10:01+00:00,Ready,298493229
SiteA_2024-05-24_09_10_00,SiteA,2024-05-24T09:10:00+00:00,Ready,150415575
SiteA_2024-05-24_09_00_00,SiteA,2024-05-24T09:00:00+00:00,Ready,152310704
mendels_2024-05-24_09_00_00,mendels,2024-05-24T09:00:00+00:00,Ready,287142254
mendels_2024-05-24_08_55_40,mendels,2024-05-24T08:55:40+00:00,Ready,129871217
SiteA_2024-05-24_08_50_01,SiteA,2024-05-24T08:50:01+00:00,Ready,158272923
SiteA_2024-05-24_08_40_00,SiteA,2024-05-24T08:40:00+00:00,Ready,163418223
SiteA_2024-05-24_08_30_00,SiteA,2024-05-24T08:30:00+00:00,Ready,161829636
SiteA_2024-05-24_08_20_00,SiteA,2024-05-24T08:20:00+00:00,Ready,163725059
SiteA_2024-05-24_08_10_01,SiteA,2024-05-24T08:10:01+00:00,Ready,160966506
SiteA_2024-05-24_08_01_29,SiteA,2024-05-24T08:01:29+00:00,Ready,138013156
SiteA_2024-05-23_19_50_00,SiteA,2024-05-23T19:50:00+00:00,Ready,263246391
SiteA_2024-05-23_19_40_01,SiteA,2024-05-23T19:40:01+00:00,Ready,282315334
SiteA_2024-05-23_19_30_00,SiteA,2024-05-23T19:30:00+00:00,Ready,286949919
SiteA_2024-05-23_19_20_00,SiteA,2024-05-23T19:20:00+00:00,Ready,243858262
SiteA_2024-05-23_19_10_00,SiteA,2024-05-23T19:10:00+00:00,Ready,208357525
SiteA_2024-05-23_19_00_00,SiteA,2024-05-23T19:00:00+00:00,Ready,193610895
mendels_2024-05-23_19_00_00,mendels,2024-05-23T19:00:00+00:00,Ready,146280448
mendels_2024-05-23_18_50_01,mendels,2024-05-23T18:50:01+00:00,Ready,299529303
SiteA_2024-05-23_18_50_01,SiteA,2024-05-23T18:50:01+00:00,Ready,179444729
SiteA_2024-05-23_18_40_00,SiteA,2024-05-23T18:40:00+00:00,Ready,168228569
mendels_2024-05-23_18_40_00,mendels,2024-05-23T18:40:00+00:00,Ready,272057080
mendels_2024-05-23_18_30_00,mendels,2024-05-23T18:30:00+00:00,Ready,297992871
SiteA_2024-05-23_18_30_00,SiteA,2024-05-23T18:30:00+00:00,Ready,186298826
txt,mendels,2024-05-23T18:20:25+00:00,Ready,19021305
mendels_2024-05-23_18_20_01,mendels,2024-05-23T18:20:01+00:00,Ready,299337431
SiteA_2024-05-23_18_20_00,SiteA,2024-05-23T18:20:00+00:00,Ready,275438424
SiteA_2024-05-23_18_10_01,SiteA,2024-05-23T18:10:01+00:00,Ready,269687429
mendels_2024-05-23_18_10_00,mendels,2024-05-23T18:10:00+00:00,Ready,300107299
mendels_2024-05-23_18_00_00,mendels,2024-05-23T18:00:00+00:00,Ready,299929843
SiteA_2024-05-23_18_00_00,SiteA,2024-05-23T18:00:00+00:00,Ready,193719489
SiteA_2024-05-23_17_50_00,SiteA,2024-05-23T17:50:00+00:00,Ready,187644236
mendels_2024-05-23_17_50_00,mendels,2024-05-23T17:50:00+00:00,Ready,299362433
mendels_2024-05-23_17_40_01,mendels,2024-05-23T17:40:01+00:00,Ready,299630535
SiteA_2024-05-23_17_40_00,SiteA,2024-05-23T17:40:00+00:00,Ready,196623166
SiteA_2024-05-23_17_30_01,SiteA,2024-05-23T17:30:01+00:00,Ready,181929310
mendels_2024-05-23_17_30_00,mendels,2024-05-23T17:30:00+00:00,Ready,300095973
SiteA_2024-05-23_17_20_00,SiteA,2024-05-23T17:20:00+00:00,Ready,157748714
mendels_2024-05-23_17_20_00,mendels,2024-05-23T17:20:00+00:00,Ready,300084874
mendels_2024-05-23_17_10_01,mendels,2024-05-23T17:10:01+00:00,Ready,299593398
SiteA_2024-05-23_17_10_00,SiteA,2024-05-23T17:10:00+00:00,Ready,149849107
SiteA_2024-05-23_17_00_01,SiteA,2024-05-23T17:00:01+00:00,Ready,159715701
mendels_2024-05-23_17_00_00,mendels,2024-05-23T17:00:00+00:00,Ready,300032165
SiteA_2024-05-23_16_50_00,SiteA,2024-05-23T16:50:00+00:00,Ready,147780177
mendels_2024-05-23_16_50_00,mendels,2024-05-23T16:50:00+00:00,Ready,300100392
mendels_2024-05-23_16_40_01,mendels,2024-05-23T16:40:01+00:00,Ready,299589951
SiteA_2024-05-23_16_40_00,SiteA,2024-05-23T16:40:00+00:00,Ready,150560104
SiteA_2024-05-23_16_30_01,SiteA,2024-05-23T16:30:01+00:00,Ready,151769704
mendels_2024-05-23_16_30_00,mendels,2024-05-23T16:30:00+00:00,Ready,299607610
mendels_2024-05-23_16_20_00,mendels,2024-05-23T16:20:00+00:00,Ready,300113621
SiteA_2024-05-23_16_20_00,SiteA,2024-05-23T16:20:00+00:00,Ready,149113205
mendels_2024-05-23_16_10_01,mendels,2024-05-23T16:10:01+00:00,Ready,299581302
SiteA_2024-05-23_16_10_00,SiteA,2024-05-23T16:10:00+00:00,Ready,156875287
SiteA_2024-05-23_16_00_01,SiteA,2024-05-23T16:00:01+00:00,Ready,153366521
mendels_2024-05-23_16_00_00,mendels,2024-05-23T16:00:00+00:00,Ready,300093939
SiteA_2024-05-23_15_50_00,SiteA,2024-05-23T15:50:00+00:00,Ready,168342578
mendels_2024-05-23_15_50_00,mendels,2024-05-23T15:50:00+00:00,Ready,300104806
mendels_2024-05-23_15_40_01,mendels,2024-05-23T15:40:01+00:00,Ready,299325314
SiteA_2024-05-23_15_40_00,SiteA,2024-05-23T15:40:00+00:00,Ready,160419337
SiteA_2024-05-23_15_30_11,SiteA,2024-05-23T15:30:11+00:00,Ready,173281835
mendels_2024-05-23_15_30_00,mendels,2024-05-23T15:30:00+00:00,Ready,300087295
SiteA_2024-05-23_15_20_01,SiteA,2024-05-23T15:20:01+00:00,Ready,149465635
mendels_2024-05-23_15_20_00,mendels,2024-05-23T15:20:00+00:00,Ready,300063581
SiteA_2024-05-23_15_10_00,SiteA,2024-05-23T15:10:00+00:00,Ready,145287476
mendels_2024-05-23_15_10_00,mendels,2024-05-23T15:10:00+00:00,Ready,300099501
SiteA_2024-05-23_15_00_00,SiteA,2024-05-23T15:00:00+00:00,Ready,144836794
mendels_2024-05-23_15_00_00,mendels,2024-05-23T15:00:00+00:00,Ready,300093601
mendels_2024-05-23_14_50_01,mendels,2024-05-23T14:50:01+00:00,Ready,299591221
SiteA_2024-05-23_14_50_00,SiteA,2024-05-23T14:50:00+00:00,Ready,135813702
SiteA_2024-05-23_14_40_00,SiteA,2024-05-23T14:40:00+00:00,Ready,139365227
mendels_2024-05-23_14_40_00,mendels,2024-05-23T14:40:00+00:00,Ready,299969490
SiteA_2024-05-23_14_30_01,SiteA,2024-05-23T14:30:01+00:00,Ready,143641492
mendels_2024-05-23_14_30_00,mendels,2024-05-23T14:30:00+00:00,Ready,300082809
mendels_2024-05-23_14_20_01,mendels,2024-05-23T14:20:01+00:00,Ready,298697446
SiteA_2024-05-23_14_20_00,SiteA,2024-05-23T14:20:00+00:00,Ready,132872581
mendels_2024-05-23_14_10_00,mendels,2024-05-23T14:10:00+00:00,Ready,300081002
SiteA_2024-05-23_14_10_00,SiteA,2024-05-23T14:10:00+00:00,Ready,144349535
mendels_2024-05-23_14_00_00,mendels,2024-05-23T14:00:00+00:00,Ready,300014834
SiteA_2024-05-23_14_00_00,SiteA,2024-05-23T14:00:00+00:00,Ready,138341397
SiteA_2024-05-23_13_50_01,SiteA,2024-05-23T13:50:01+00:00,Ready,143654066
mendels_2024-05-23_13_50_01,mendels,2024-05-23T13:50:01+00:00,Ready,299610138
mendels_2024-05-23_13_40_00,mendels,2024-05-23T13:40:00+00:00,Ready,300062026
SiteA_2024-05-23_13_40_00,SiteA,2024-05-23T13:40:00+00:00,Ready,147033813
SiteA_2024-05-23_13_30_00,SiteA,2024-05-23T13:30:00+00:00,Ready,143490093
mendels_2024-05-23_13_30_00,mendels,2024-05-23T13:30:00+00:00,Ready,300100493
mendels_2024-05-23_13_20_01,mendels,2024-05-23T13:20:01+00:00,Ready,299517609
SiteA_2024-05-23_13_20_01,SiteA,2024-05-23T13:20:01+00:00,Ready,163208187
SiteA_2024-05-23_13_10_00,SiteA,2024-05-23T13:10:00+00:00,Ready,151450524
mendels_2024-05-23_13_10_00,mendels,2024-05-23T13:10:00+00:00,Ready,282771747
mendels_2024-05-23_13_00_00,mendels,2024-05-23T13:00:00+00:00,Ready,300069334
SiteA_2024-05-23_13_00_00,SiteA,2024-05-23T13:00:00+00:00,Ready,168735233
mendels_2024-05-23_12_50_01,mendels,2024-05-23T12:50:01+00:00,Ready,281516269
SiteA_2024-05-23_12_50_01,SiteA,2024-05-23T12:50:01+00:00,Ready,174805291
SiteA_2024-05-23_12_40_00,SiteA,2024-05-23T12:40:00+00:00,Ready,163231595
mendels_2024-05-23_12_40_00,mendels,2024-05-23T12:40:00+00:00,Ready,278039942
mendels_2024-05-23_12_30_00,mendels,2024-05-23T12:30:00+00:00,Ready,299730396
SiteA_2024-05-23_12_30_00,SiteA,2024-05-23T12:30:00+00:00,Ready,177736353
mendels_2024-05-23_12_20_00,mendels,2024-05-23T12:20:00+00:00,Ready,296873649
SiteA_2024-05-23_12_20_00,SiteA,2024-05-23T12:20:00+00:00,Ready,195526139
mendels_2024-05-23_12_10_01,mendels,2024-05-23T12:10:01+00:00,Ready,299590338
SiteA_2024-05-23_12_10_00,SiteA,2024-05-23T12:10:00+00:00,Ready,181259880
SiteA_2024-05-23_12_00_01,SiteA,2024-05-23T12:00:01+00:00,Ready,163192745
mendels_2024-05-23_12_00_00,mendels,2024-05-23T12:00:00+00:00,Ready,300077884
SiteA_2024-05-23_11_50_00,SiteA,2024-05-23T11:50:00+00:00,Ready,154475606
mendels_2024-05-23_11_50_00,mendels,2024-05-23T11:50:00+00:00,Ready,300098396
mendels_2024-05-23_11_40_01,mendels,2024-05-23T11:40:01+00:00,Ready,299585883
SiteA_2024-05-23_11_40_00,SiteA,2024-05-23T11:40:00+00:00,Ready,156074143
SiteA_2024-05-23_11_30_00,SiteA,2024-05-23T11:30:00+00:00,Ready,168167515
mendels_2024-05-23_11_30_00,mendels,2024-05-23T11:30:00+00:00,Ready,298889448
SiteA_2024-05-23_11_20_01,SiteA,2024-05-23T11:20:01+00:00,Ready,158946909
mendels_2024-05-23_11_20_00,mendels,2024-05-23T11:20:00+00:00,Ready,270277124
mendels_2024-05-23_11_10_01,mendels,2024-05-23T11:10:01+00:00,Ready,221178212
SiteA_2024-05-23_11_10_00,SiteA,2024-05-23T11:10:00+00:00,Ready,158473219
SiteA_2024-05-23_11_00_00,SiteA,2024-05-23T11:00:00+00:00,Ready,155128545
mendels_2024-05-23_11_00_00,mendels,2024-05-23T11:00:00+00:00,Ready,293804472
SiteA_2024-05-23_10_50_01,SiteA,2024-05-23T10:50:01+00:00,Ready,146161368
mendels_2024-05-23_10_50_00,mendels,2024-05-23T10:50:00+00:00,Ready,294531233
mendels_2024-05-23_10_40_00,mendels,2024-05-23T10:40:00+00:00,Ready,263076731
SiteA_2024-05-23_10_40_00,SiteA,2024-05-23T10:40:00+00:00,Ready,150216285
mendels_2024-05-23_10_30_01,mendels,2024-05-23T10:30:01+00:00,Ready,225387947
SiteA_2024-05-23_10_30_00,SiteA,2024-05-23T10:30:00+00:00,Ready,152772538
SiteA_2024-05-23_10_20_00,SiteA,2024-05-23T10:20:00+00:00,Ready,149178990
mendels_2024-05-23_10_20_00,mendels,2024-05-23T10:20:00+00:00,Ready,240799117
mendels_2024-05-23_10_10_00,mendels,2024-05-23T10:10:00+00:00,Ready,251485304
SiteA_2024-05-23_10_10_00,SiteA,2024-05-23T10:10:00+00:00,Ready,146023379
SiteA_2024-05-23_10_00_01,SiteA,2024-05-23T10:00:01+00:00,Ready,147070869
mendels_2024-05-23_10_00_01,mendels,2024-05-23T10:00:01+00:00,Ready,260424800
SiteA_2024-05-23_09_50_00,SiteA,2024-05-23T09:50:00+00:00,Ready,149297326
mendels_2024-05-23_09_50_00,mendels,2024-05-23T09:50:00+00:00,Ready,260521416
SiteA_2024-05-23_09_40_00,SiteA,2024-05-23T09:40:00+00:00,Ready,149150901
mendels_2024-05-23_09_40_00,mendels,2024-05-23T09:40:00+00:00,Ready,207763267
mendels_2024-05-23_09_30_01,mendels,2024-05-23T09:30:01+00:00,Ready,258776220
SiteA_2024-05-23_09_30_00,SiteA,2024-05-23T09:30:00+00:00,Ready,149262236
SiteA_2024-05-23_09_20_01,SiteA,2024-05-23T09:20:01+00:00,Ready,137280430
mendels_2024-05-23_09_20_00,mendels,2024-05-23T09:20:00+00:00,Ready,237508048
SiteA_2024-05-23_09_10_00,SiteA,2024-05-23T09:10:00+00:00,Ready,133668202
mendels_2024-05-23_09_10_00,mendels,2024-05-23T09:10:00+00:00,Ready,273096544
mendels_2024-05-23_09_00_00,mendels,2024-05-23T09:00:00+00:00,Ready,202082325
SiteA_2024-05-23_09_00_00,SiteA,2024-05-23T09:00:00+00:00,Ready,134717655
mendels_2024-05-23_08_55_38,mendels,2024-05-23T08:55:38+00:00,Ready,84080713
SiteA_2024-05-23_08_50_01,SiteA,2024-05-23T08:50:01+00:00,Ready,135710408
SiteA_2024-05-23_08_40_00,SiteA,2024-05-23T08:40:00+00:00,Ready,135878262
SiteA_2024-05-23_08_30_00,SiteA,2024-05-23T08:30:00+00:00,Ready,137024812
SiteA_2024-05-23_08_20_00,SiteA,2024-05-23T08:20:00+00:00,Ready,139428879
SiteA_2024-05-23_08_10_01,SiteA,2024-05-23T08:10:01+00:00,Ready,149757620
SiteA_2024-05-23_08_01_30,SiteA,2024-05-23T08:01:30+00:00,Ready,151080292
SiteA_2024-05-22_20_00_00,SiteA,2024-05-22T20:00:00+00:00,Ready,0
SiteA_2024-05-22_19_50_00,SiteA,2024-05-22T19:50:00+00:00,Ready,278401024
SiteA_2024-05-22_19_40_01,SiteA,2024-05-22T19:40:01+00:00,Ready,239408051
SiteA_2024-05-22_19_30_00,SiteA,2024-05-22T19:30:00+00:00,Ready,226316046
SiteA_2024-05-22_19_20_00,SiteA,2024-05-22T19:20:00+00:00,Ready,197348068
SiteA_2024-05-22_19_10_00,SiteA,2024-05-22T19:10:00+00:00,Ready,159658446
SiteA_2024-05-22_19_00_01,SiteA,2024-05-22T19:00:01+00:00,Ready,136911923
mendels_2024-05-22_19_00_00,mendels,2024-05-22T19:00:00+00:00,Ready,149684272
mendels_2024-05-22_18_50_01,mendels,2024-05-22T18:50:01+00:00,Ready,299562452
SiteA_2024-05-22_18_50_00,SiteA,2024-05-22T18:50:00+00:00,Ready,135690098
mendels_2024-05-22_18_40_00,mendels,2024-05-22T18:40:00+00:00,Ready,300058051
SiteA_2024-05-22_18_40_00,SiteA,2024-05-22T18:40:00+00:00,Ready,134744284
SiteA_2024-05-22_18_30_01,SiteA,2024-05-22T18:30:01+00:00,Ready,134319264
mendels_2024-05-22_18_30_00,mendels,2024-05-22T18:30:00+00:00,Ready,203380424
mendels_2024-05-22_18_20_01,mendels,2024-05-22T18:20:01+00:00,Ready,271669945
SiteA_2024-05-22_18_20_00,SiteA,2024-05-22T18:20:00+00:00,Ready,133089626
mendels_2024-05-22_18_10_00,mendels,2024-05-22T18:10:00+00:00,Ready,268360713
SiteA_2024-05-22_18_10_00,SiteA,2024-05-22T18:10:00+00:00,Ready,133614864
mendels_2024-05-22_18_00_00,mendels,2024-05-22T18:00:00+00:00,Ready,204264902
SiteA_2024-05-22_18_00_00,SiteA,2024-05-22T18:00:00+00:00,Ready,138564003
SiteA_2024-05-22_17_50_01,SiteA,2024-05-22T17:50:01+00:00,Ready,141972384
mendels_2024-05-22_17_50_01,mendels,2024-05-22T17:50:01+00:00,Ready,193487841
mendels_2024-05-22_17_40_00,mendels,2024-05-22T17:40:00+00:00,Ready,253652328
SiteA_2024-05-22_17_40_00,SiteA,2024-05-22T17:40:00+00:00,Ready,141021672
mendels_2024-05-22_17_30_00,mendels,2024-05-22T17:30:00+00:00,Ready,280924757
SiteA_2024-05-22_17_30_00,SiteA,2024-05-22T17:30:00+00:00,Ready,137710079
mendels_2024-05-22_17_20_01,mendels,2024-05-22T17:20:01+00:00,Ready,265177800
SiteA_2024-05-22_17_20_01,SiteA,2024-05-22T17:20:01+00:00,Ready,138064486
mendels_2024-05-22_17_10_00,mendels,2024-05-22T17:10:00+00:00,Ready,274683240
SiteA_2024-05-22_17_10_00,SiteA,2024-05-22T17:10:00+00:00,Ready,139645773
SiteA_2024-05-22_17_00_00,SiteA,2024-05-22T17:00:00+00:00,Ready,164663717
mendels_2024-05-22_17_00_00,mendels,2024-05-22T17:00:00+00:00,Ready,292150734
mendels_2024-05-22_16_50_01,mendels,2024-05-22T16:50:01+00:00,Ready,291687873
SiteA_2024-05-22_16_50_00,SiteA,2024-05-22T16:50:00+00:00,Ready,168393140
SiteA_2024-05-22_16_40_00,SiteA,2024-05-22T16:40:00+00:00,Ready,199193950
mendels_2024-05-22_16_40_00,mendels,2024-05-22T16:40:00+00:00,Ready,289404456
SiteA_2024-05-22_16_30_01,SiteA,2024-05-22T16:30:01+00:00,Ready,157473073
mendels_2024-05-22_16_30_00,mendels,2024-05-22T16:30:00+00:00,Ready,245036172
SiteA_2024-05-22_16_20_00,SiteA,2024-05-22T16:20:00+00:00,Ready,139733845
mendels_2024-05-22_16_20_00,mendels,2024-05-22T16:20:00+00:00,Ready,215754159
mendels_2024-05-22_16_10_01,mendels,2024-05-22T16:10:01+00:00,Ready,257363956
SiteA_2024-05-22_16_10_01,SiteA,2024-05-22T16:10:01+00:00,Ready,153814388
SiteA_2024-05-22_16_00_00,SiteA,2024-05-22T16:00:00+00:00,Ready,136193387
mendels_2024-05-22_16_00_00,mendels,2024-05-22T16:00:00+00:00,Ready,297288262
SiteA_2024-05-22_15_50_00,SiteA,2024-05-22T15:50:00+00:00,Ready,139312160
mendels_2024-05-22_15_50_00,mendels,2024-05-22T15:50:00+00:00,Ready,300107594
mendels_2024-05-22_15_40_01,mendels,2024-05-22T15:40:01+00:00,Ready,299233437
SiteA_2024-05-22_15_40_00,SiteA,2024-05-22T15:40:00+00:00,Ready,156879614
SiteA_2024-05-22_15_30_01,SiteA,2024-05-22T15:30:01+00:00,Ready,156157944
mendels_2024-05-22_15_30_00,mendels,2024-05-22T15:30:00+00:00,Ready,300055072
mendels_2024-05-22_15_20_00,mendels,2024-05-22T15:20:00+00:00,Ready,300045773
SiteA_2024-05-22_15_20_00,SiteA,2024-05-22T15:20:00+00:00,Ready,122336756
mendels_2024-05-22_15_10_00,mendels,2024-05-22T15:10:00+00:00,Ready,300051580
SiteA_2024-05-22_15_10_00,SiteA,2024-05-22T15:10:00+00:00,Ready,122257468
SiteA_2024-05-22_15_00_01,SiteA,2024-05-22T15:00:01+00:00,Ready,126551522
mendels_2024-05-22_15_00_00,mendels,2024-05-22T15:00:00+00:00,Ready,283688601
mendels_2024-05-22_14_50_01,mendels,2024-05-22T14:50:01+00:00,Ready,276646895
SiteA_2024-05-22_14_50_00,SiteA,2024-05-22T14:50:00+00:00,Ready,127356489
mendels_2024-05-22_14_40_00,mendels,2024-05-22T14:40:00+00:00,Ready,300109936
SiteA_2024-05-22_14_40_00,SiteA,2024-05-22T14:40:00+00:00,Ready,124285652
mendels_2024-05-22_14_30_00,mendels,2024-05-22T14:30:00+00:00,Ready,286726287
SiteA_2024-05-22_14_30_00,SiteA,2024-05-22T14:30:00+00:00,Ready,129580602
mendels_2024-05-22_14_20_01,mendels,2024-05-22T14:20:01+00:00,Ready,299608852
SiteA_2024-05-22_14_20_01,SiteA,2024-05-22T14:20:01+00:00,Ready,277833449
SiteA_2024-05-22_14_10_00,SiteA,2024-05-22T14:10:00+00:00,Ready,300105005
mendels_2024-05-22_14_10_00,mendels,2024-05-22T14:10:00+00:00,Ready,299991958
mendels_2024-05-22_14_00_00,mendels,2024-05-22T14:00:00+00:00,Ready,300101756
SiteA_2024-05-22_14_00_00,SiteA,2024-05-22T14:00:00+00:00,Ready,299977713
SiteA_2024-05-22_13_50_01,SiteA,2024-05-22T13:50:01+00:00,Ready,299561019
mendels_2024-05-22_13_50_00,mendels,2024-05-22T13:50:00+00:00,Ready,299783990
mendels_2024-05-22_13_40_01,mendels,2024-05-22T13:40:01+00:00,Ready,299615873
SiteA_2024-05-22_13_40_00,SiteA,2024-05-22T13:40:00+00:00,Ready,252109143
SiteA_2024-05-22_13_30_00,SiteA,2024-05-22T13:30:00+00:00,Ready,204608941
mendels_2024-05-22_13_30_00,mendels,2024-05-22T13:30:00+00:00,Ready,300050856
SiteA_2024-05-22_13_20_01,SiteA,2024-05-22T13:20:01+00:00,Ready,201850096
mendels_2024-05-22_13_20_00,mendels,2024-05-22T13:20:00+00:00,Ready,300109201
mendels_2024-05-22_13_10_00,mendels,2024-05-22T13:10:00+00:00,Ready,300025776
SiteA_2024-05-22_13_10_00,SiteA,2024-05-22T13:10:00+00:00,Ready,237720568
mendels_2024-05-22_13_00_01,mendels,2024-05-22T13:00:01+00:00,Ready,299563801
SiteA_2024-05-22_13_00_00,SiteA,2024-05-22T13:00:00+00:00,Ready,262549260
mendels_2024-05-22_12_50_00,mendels,2024-05-22T12:50:00+00:00,Ready,300056064
SiteA_2024-05-22_12_50_00,SiteA,2024-05-22T12:50:00+00:00,Ready,205278719
SiteA_2024-05-22_12_40_01,SiteA,2024-05-22T12:40:01+00:00,Ready,214887849
mendels_2024-05-22_12_40_00,mendels,2024-05-22T12:40:00+00:00,Ready,300104153
SiteA_2024-05-22_12_30_00,SiteA,2024-05-22T12:30:00+00:00,Ready,215062478
mendels_2024-05-22_12_30_00,mendels,2024-05-22T12:30:00+00:00,Ready,300034748
mendels_2024-05-22_12_20_01,mendels,2024-05-22T12:20:01+00:00,Ready,299484370
SiteA_2024-05-22_12_20_00,SiteA,2024-05-22T12:20:00+00:00,Ready,208376586
SiteA_2024-05-22_12_10_01,SiteA,2024-05-22T12:10:01+00:00,Ready,188365925
mendels_2024-05-22_12_10_00,mendels,2024-05-22T12:10:00+00:00,Ready,300086582
mendels_2024-05-22_12_00_00,mendels,2024-05-22T12:00:00+00:00,Ready,299995220
SiteA_2024-05-22_12_00_00,SiteA,2024-05-22T12:00:00+00:00,Ready,220899977
SiteA_2024-05-22_11_50_00,SiteA,2024-05-22T11:50:00+00:00,Ready,235073449
mendels_2024-05-22_11_50_00,mendels,2024-05-22T11:50:00+00:00,Ready,300102761
mendels_2024-05-22_11_40_00,mendels,2024-05-22T11:40:00+00:00,Ready,300104497
SiteA_2024-05-22_11_40_00,SiteA,2024-05-22T11:40:00+00:00,Ready,215995470
mendels_2024-05-22_11_30_01,mendels,2024-05-22T11:30:01+00:00,Ready,299580824
SiteA_2024-05-22_11_30_01,SiteA,2024-05-22T11:30:01+00:00,Ready,198075304
mendels_2024-05-22_11_20_00,mendels,2024-05-22T11:20:00+00:00,Ready,300066480
SiteA_2024-05-22_11_20_00,SiteA,2024-05-22T11:20:00+00:00,Ready,211701482
mendels_2024-05-22_11_10_00,mendels,2024-05-22T11:10:00+00:00,Ready,300062456
SiteA_2024-05-22_11_10_00,SiteA,2024-05-22T11:10:00+00:00,Ready,226176804
SiteA_2024-05-22_11_00_01,SiteA,2024-05-22T11:00:01+00:00,Ready,214002144
mendels_2024-05-22_11_00_01,mendels,2024-05-22T11:00:01+00:00,Ready,299590950
mendels_2024-05-22_10_50_00,mendels,2024-05-22T10:50:00+00:00,Ready,290233214
SiteA_2024-05-22_10_50_00,SiteA,2024-05-22T10:50:00+00:00,Ready,218932580
mendels_2024-05-22_10_40_00,mendels,2024-05-22T10:40:00+00:00,Ready,300075591
SiteA_2024-05-22_10_40_00,SiteA,2024-05-22T10:40:00+00:00,Ready,192684430
mendels_2024-05-22_10_30_01,mendels,2024-05-22T10:30:01+00:00,Ready,299605277
SiteA_2024-05-22_10_30_01,SiteA,2024-05-22T10:30:01+00:00,Ready,204409948
SiteA_2024-05-22_10_20_00,SiteA,2024-05-22T10:20:00+00:00,Ready,184603500
mendels_2024-05-22_10_20_00,mendels,2024-05-22T10:20:00+00:00,Ready,299865608
mendels_2024-05-22_10_10_00,mendels,2024-05-22T10:10:00+00:00,Ready,300096383
SiteA_2024-05-22_10_10_00,SiteA,2024-05-22T10:10:00+00:00,Ready,195841307
SiteA_2024-05-22_10_00_01,SiteA,2024-05-22T10:00:01+00:00,Ready,196050315
mendels_2024-05-22_10_00_01,mendels,2024-05-22T10:00:01+00:00,Ready,299592672
mendels_2024-05-22_09_50_00,mendels,2024-05-22T09:50:00+00:00,Ready,299915481
SiteA_2024-05-22_09_50_00,SiteA,2024-05-22T09:50:00+00:00,Ready,197028992
SiteA_2024-05-22_09_40_00,SiteA,2024-05-22T09:40:00+00:00,Ready,176423300
mendels_2024-05-22_09_40_00,mendels,2024-05-22T09:40:00+00:00,Ready,300099976
SiteA_2024-05-22_09_30_01,SiteA,2024-05-22T09:30:01+00:00,Ready,188298667
mendels_2024-05-22_09_30_00,mendels,2024-05-22T09:30:00+00:00,Ready,297391015
mendels_2024-05-22_09_20_01,mendels,2024-05-22T09:20:01+00:00,Ready,299551571
SiteA_2024-05-22_09_20_00,SiteA,2024-05-22T09:20:00+00:00,Ready,174785299
mendels_2024-05-22_09_10_00,mendels,2024-05-22T09:10:00+00:00,Ready,300059575
SiteA_2024-05-22_09_10_00,SiteA,2024-05-22T09:10:00+00:00,Ready,170853782
SiteA_2024-05-22_09_00_00,SiteA,2024-05-22T09:00:00+00:00,Ready,180478347
mendels_2024-05-22_09_00_00,mendels,2024-05-22T09:00:00+00:00,Ready,295384120
mendels_2024-05-22_08_55_38,mendels,2024-05-22T08:55:38+00:00,Ready,130703713
SiteA_2024-05-22_08_50_01,SiteA,2024-05-22T08:50:01+00:00,Ready,175786016
SiteA_2024-05-22_08_40_00,SiteA,2024-05-22T08:40:00+00:00,Ready,176412774
SiteA_2024-05-22_08_30_00,SiteA,2024-05-22T08:30:00+00:00,Ready,179388082
SiteA_2024-05-22_08_20_01,SiteA,2024-05-22T08:20:01+00:00,Ready,181207975
SiteA_2024-05-22_08_10_00,SiteA,2024-05-22T08:10:00+00:00,Ready,172531954
SiteA_2024-05-22_08_01_29,SiteA,2024-05-22T08:01:29+00:00,Ready,147685488
SiteA_2024-05-21_19_50_00,SiteA,2024-05-21T19:50:00+00:00,Ready,282458297
SiteA_2024-05-21_19_40_00,SiteA,2024-05-21T19:40:00+00:00,Ready,287215963
SiteA_2024-05-21_19_30_00,SiteA,2024-05-21T19:30:00+00:00,Ready,271229225
SiteA_2024-05-21_19_20_01,SiteA,2024-05-21T19:20:01+00:00,Ready,235715853
SiteA_2024-05-21_19_10_00,SiteA,2024-05-21T19:10:00+00:00,Ready,217359703
SiteA_2024-05-21_19_00_00,SiteA,2024-05-21T19:00:00+00:00,Ready,202581003
mendels_2024-05-21_19_00_00,mendels,2024-05-21T19:00:00+00:00,Ready,149422128
mendels_2024-05-21_18_50_00,mendels,2024-05-21T18:50:00+00:00,Ready,291270191
SiteA_2024-05-21_18_50_00,SiteA,2024-05-21T18:50:00+00:00,Ready,200197922
SiteA_2024-05-21_18_40_01,SiteA,2024-05-21T18:40:01+00:00,Ready,187968998
mendels_2024-05-21_18_40_00,mendels,2024-05-21T18:40:00+00:00,Ready,260365848
mendels_2024-05-21_18_30_01,mendels,2024-05-21T18:30:01+00:00,Ready,243929016
SiteA_2024-05-21_18_30_00,SiteA,2024-05-21T18:30:00+00:00,Ready,193284989
SiteA_2024-05-21_18_20_00,SiteA,2024-05-21T18:20:00+00:00,Ready,222502913
mendels_2024-05-21_18_20_00,mendels,2024-05-21T18:20:00+00:00,Ready,295959686
SiteA_2024-05-21_18_10_00,SiteA,2024-05-21T18:10:00+00:00,Ready,300099026
mendels_2024-05-21_18_10_00,mendels,2024-05-21T18:10:00+00:00,Ready,299790547
SiteA_2024-05-21_18_00_01,SiteA,2024-05-21T18:00:01+00:00,Ready,276246962
mendels_2024-05-21_18_00_01,mendels,2024-05-21T18:00:01+00:00,Ready,260177470
SiteA_2024-05-21_17_50_00,SiteA,2024-05-21T17:50:00+00:00,Ready,178021852
mendels_2024-05-21_17_50_00,mendels,2024-05-21T17:50:00+00:00,Ready,294196671
mendels_2024-05-21_17_40_00,mendels,2024-05-21T17:40:00+00:00,Ready,300092196
SiteA_2024-05-21_17_40_00,SiteA,2024-05-21T17:40:00+00:00,Ready,155313649
SiteA_2024-05-21_17_30_01,SiteA,2024-05-21T17:30:01+00:00,Ready,216257867
mendels_2024-05-21_17_30_01,mendels,2024-05-21T17:30:01+00:00,Ready,299604471
mendels_2024-05-21_17_20_00,mendels,2024-05-21T17:20:00+00:00,Ready,300095232
SiteA_2024-05-21_17_20_00,SiteA,2024-05-21T17:20:00+00:00,Ready,193169113
mendels_2024-05-21_17_10_00,mendels,2024-05-21T17:10:00+00:00,Ready,300098833
SiteA_2024-05-21_17_10_00,SiteA,2024-05-21T17:10:00+00:00,Ready,199228174
mendels_2024-05-21_17_00_00,mendels,2024-05-21T17:00:00+00:00,Ready,300041020
SiteA_2024-05-21_17_00_00,SiteA,2024-05-21T17:00:00+00:00,Ready,190864922
mendels_2024-05-21_16_50_01,mendels,2024-05-21T16:50:01+00:00,Ready,299575755
SiteA_2024-05-21_16_50_00,SiteA,2024-05-21T16:50:00+00:00,Ready,218824702
SiteA_2024-05-21_16_40_01,SiteA,2024-05-21T16:40:01+00:00,Ready,240336567
mendels_2024-05-21_16_40_00,mendels,2024-05-21T16:40:00+00:00,Ready,300035463
mendels_2024-05-21_16_30_00,mendels,2024-05-21T16:30:00+00:00,Ready,300098670
SiteA_2024-05-21_16_30_00,SiteA,2024-05-21T16:30:00+00:00,Ready,232807321
mendels_2024-05-21_16_20_00,mendels,2024-05-21T16:20:00+00:00,Ready,300120193
SiteA_2024-05-21_16_20_00,SiteA,2024-05-21T16:20:00+00:00,Ready,257997776
mendels_2024-05-21_16_10_01,mendels,2024-05-21T16:10:01+00:00,Ready,299579918
SiteA_2024-05-21_16_10_00,SiteA,2024-05-21T16:10:00+00:00,Ready,253625582
SiteA_2024-05-21_16_00_01,SiteA,2024-05-21T16:00:01+00:00,Ready,295455709
mendels_2024-05-21_16_00_00,mendels,2024-05-21T16:00:00+00:00,Ready,293135242
mendels_2024-05-21_15_50_00,mendels,2024-05-21T15:50:00+00:00,Ready,300027577
SiteA_2024-05-21_15_50_00,SiteA,2024-05-21T15:50:00+00:00,Ready,276164676
SiteA_2024-05-21_15_40_00,SiteA,2024-05-21T15:40:00+00:00,Ready,214917288
mendels_2024-05-21_15_40_00,mendels,2024-05-21T15:40:00+00:00,Ready,300089865
mendels_2024-05-21_15_30_01,mendels,2024-05-21T15:30:01+00:00,Ready,299627368
SiteA_2024-05-21_15_30_00,SiteA,2024-05-21T15:30:00+00:00,Ready,250040817
SiteA_2024-05-21_15_20_01,SiteA,2024-05-21T15:20:01+00:00,Ready,164537591
mendels_2024-05-21_15_20_00,mendels,2024-05-21T15:20:00+00:00,Ready,300059825
SiteA_2024-05-21_15_10_00,SiteA,2024-05-21T15:10:00+00:00,Ready,155327677
mendels_2024-05-21_15_10_00,mendels,2024-05-21T15:10:00+00:00,Ready,299766241
mendels_2024-05-21_15_00_00,mendels,2024-05-21T15:00:00+00:00,Ready,300083642
SiteA_2024-05-21_15_00_00,SiteA,2024-05-21T15:00:00+00:00,Ready,145947978
SiteA_2024-05-21_14_50_01,SiteA,2024-05-21T14:50:01+00:00,Ready,147812481
mendels_2024-05-21_14_50_01,mendels,2024-05-21T14:50:01+00:00,Ready,299606274
SiteA_2024-05-21_14_40_00,SiteA,2024-05-21T14:40:00+00:00,Ready,139811701
mendels_2024-05-21_14_40_00,mendels,2024-05-21T14:40:00+00:00,Ready,300049715
mendels_2024-05-21_14_30_00,mendels,2024-05-21T14:30:00+00:00,Ready,298259677
SiteA_2024-05-21_14_30_00,SiteA,2024-05-21T14:30:00+00:00,Ready,146308452
mendels_2024-05-21_14_20_00,mendels,2024-05-21T14:20:00+00:00,Ready,300098280
SiteA_2024-05-21_14_20_00,SiteA,2024-05-21T14:20:00+00:00,Ready,156088961
SiteA_2024-05-21_14_10_01,SiteA,2024-05-21T14:10:01+00:00,Ready,158417813
mendels_2024-05-21_14_10_01,mendels,2024-05-21T14:10:01+00:00,Ready,299488333
mendels_2024-05-21_14_00_00,mendels,2024-05-21T14:00:00+00:00,Ready,300067623
SiteA_2024-05-21_14_00_00,SiteA,2024-05-21T14:00:00+00:00,Ready,156353506
mendels_2024-05-21_13_50_00,mendels,2024-05-21T13:50:00+00:00,Ready,300080770
SiteA_2024-05-21_13_50_00,SiteA,2024-05-21T13:50:00+00:00,Ready,165178738
mendels_2024-05-21_13_40_00,mendels,2024-05-21T13:40:00+00:00,Ready,300045281
SiteA_2024-05-21_13_40_00,SiteA,2024-05-21T13:40:00+00:00,Ready,172905295
mendels_2024-05-21_13_30_01,mendels,2024-05-21T13:30:01+00:00,Ready,299589908
SiteA_2024-05-21_13_30_01,SiteA,2024-05-21T13:30:01+00:00,Ready,201291516
mendels_2024-05-21_13_20_00,mendels,2024-05-21T13:20:00+00:00,Ready,300096959
SiteA_2024-05-21_13_20_00,SiteA,2024-05-21T13:20:00+00:00,Ready,164720299
SiteA_2024-05-21_13_10_00,SiteA,2024-05-21T13:10:00+00:00,Ready,206437345
mendels_2024-05-21_13_10_00,mendels,2024-05-21T13:10:00+00:00,Ready,300101604
mendels_2024-05-21_13_00_01,mendels,2024-05-21T13:00:01+00:00,Ready,299613102
SiteA_2024-05-21_13_00_00,SiteA,2024-05-21T13:00:00+00:00,Ready,236194809
SiteA_2024-05-21_12_50_01,SiteA,2024-05-21T12:50:01+00:00,Ready,234715455
mendels_2024-05-21_12_50_00,mendels,2024-05-21T12:50:00+00:00,Ready,300095143
mendels_2024-05-21_12_40_00,mendels,2024-05-21T12:40:00+00:00,Ready,300083858
SiteA_2024-05-21_12_40_00,SiteA,2024-05-21T12:40:00+00:00,Ready,238578276
mendels_2024-05-21_12_30_01,mendels,2024-05-21T12:30:01+00:00,Ready,299595318
SiteA_2024-05-21_12_30_00,SiteA,2024-05-21T12:30:00+00:00,Ready,204057852
mendels_2024-05-21_12_20_00,mendels,2024-05-21T12:20:00+00:00,Ready,300052503
SiteA_2024-05-21_12_20_00,SiteA,2024-05-21T12:20:00+00:00,Ready,247584974
SiteA_2024-05-21_12_10_01,SiteA,2024-05-21T12:10:01+00:00,Ready,239544520
mendels_2024-05-21_12_10_00,mendels,2024-05-21T12:10:00+00:00,Ready,299965696
mendels_2024-05-21_12_00_01,mendels,2024-05-21T12:00:01+00:00,Ready,299609251
SiteA_2024-05-21_12_00_00,SiteA,2024-05-21T12:00:00+00:00,Ready,222014003
mendels_2024-05-21_11_50_00,mendels,2024-05-21T11:50:00+00:00,Ready,299957346
SiteA_2024-05-21_11_50_00,SiteA,2024-05-21T11:50:00+00:00,Ready,244811918
SiteA_2024-05-21_11_40_01,SiteA,2024-05-21T11:40:01+00:00,Ready,234695417
mendels_2024-05-21_11_40_00,mendels,2024-05-21T11:40:00+00:00,Ready,300051156
mendels_2024-05-21_11_30_01,mendels,2024-05-21T11:30:01+00:00,Ready,299534333
SiteA_2024-05-21_11_30_00,SiteA,2024-05-21T11:30:00+00:00,Ready,231185060
SiteA_2024-05-21_11_20_00,SiteA,2024-05-21T11:20:00+00:00,Ready,247863352
mendels_2024-05-21_11_20_00,mendels,2024-05-21T11:20:00+00:00,Ready,300087444
mendels_2024-05-21_11_10_00,mendels,2024-05-21T11:10:00+00:00,Ready,300078167
SiteA_2024-05-21_11_10_00,SiteA,2024-05-21T11:10:00+00:00,Ready,229686043
mendels_2024-05-21_11_00_01,mendels,2024-05-21T11:00:01+00:00,Ready,299582061
SiteA_2024-05-21_11_00_01,SiteA,2024-05-21T11:00:01+00:00,Ready,196868779
mendels_2024-05-21_10_50_00,mendels,2024-05-21T10:50:00+00:00,Ready,300091209
SiteA_2024-05-21_10_50_00,SiteA,2024-05-21T10:50:00+00:00,Ready,195601274
mendels_2024-05-21_10_40_00,mendels,2024-05-21T10:40:00+00:00,Ready,300079873
SiteA_2024-05-21_10_40_00,SiteA,2024-05-21T10:40:00+00:00,Ready,178573322
SiteA_2024-05-21_10_30_01,SiteA,2024-05-21T10:30:01+00:00,Ready,203658287
mendels_2024-05-21_10_30_00,mendels,2024-05-21T10:30:00+00:00,Ready,300032044
mendels_2024-05-21_10_20_01,mendels,2024-05-21T10:20:01+00:00,Ready,299578190
SiteA_2024-05-21_10_20_00,SiteA,2024-05-21T10:20:00+00:00,Ready,180195758
SiteA_2024-05-21_10_10_00,SiteA,2024-05-21T10:10:00+00:00,Ready,202796962
mendels_2024-05-21_10_10_00,mendels,2024-05-21T10:10:00+00:00,Ready,300078435
SiteA_2024-05-21_10_00_00,SiteA,2024-05-21T10:00:00+00:00,Ready,192700382
mendels_2024-05-21_10_00_00,mendels,2024-05-21T10:00:00+00:00,Ready,300101037
SiteA_2024-05-21_09_50_01,SiteA,2024-05-21T09:50:01+00:00,Ready,204060433
mendels_2024-05-21_09_50_01,mendels,2024-05-21T09:50:01+00:00,Ready,299533414
SiteA_2024-05-21_09_40_00,SiteA,2024-05-21T09:40:00+00:00,Ready,182905617
mendels_2024-05-21_09_40_00,mendels,2024-05-21T09:40:00+00:00,Ready,300100446
SiteA_2024-05-21_09_30_00,SiteA,2024-05-21T09:30:00+00:00,Ready,188686683
mendels_2024-05-21_09_30_00,mendels,2024-05-21T09:30:00+00:00,Ready,300073148
SiteA_2024-05-21_09_20_01,SiteA,2024-05-21T09:20:01+00:00,Ready,188308281
mendels_2024-05-21_09_20_00,mendels,2024-05-21T09:20:00+00:00,Ready,300084933
mendels_2024-05-21_09_10_01,mendels,2024-05-21T09:10:01+00:00,Ready,299609762
SiteA_2024-05-21_09_10_00,SiteA,2024-05-21T09:10:00+00:00,Ready,184611380
SiteA_2024-05-21_09_00_00,SiteA,2024-05-21T09:00:00+00:00,Ready,183686351
mendels_2024-05-21_09_00_00,mendels,2024-05-21T09:00:00+00:00,Ready,300086858
mendels_2024-05-21_08_55_35,mendels,2024-05-21T08:55:35+00:00,Ready,132445348
SiteA_2024-05-21_08_50_01,SiteA,2024-05-21T08:50:01+00:00,Ready,168974348
SiteA_2024-05-21_08_40_00,SiteA,2024-05-21T08:40:00+00:00,Ready,168214415
SiteA_2024-05-21_08_30_00,SiteA,2024-05-21T08:30:00+00:00,Ready,165589965
SiteA_2024-05-21_08_20_00,SiteA,2024-05-21T08:20:00+00:00,Ready,182585265
SiteA_2024-05-21_08_10_01,SiteA,2024-05-21T08:10:01+00:00,Ready,168267016
SiteA_2024-05-21_08_01_29,SiteA,2024-05-21T08:01:29+00:00,Ready,136600987
SiteA_2024-05-20_20_00_00,SiteA,2024-05-20T20:00:00+00:00,Ready,0
SiteA_2024-05-20_19_50_00,SiteA,2024-05-20T19:50:00+00:00,Ready,250351616
SiteA_2024-05-20_19_40_01,SiteA,2024-05-20T19:40:01+00:00,Ready,263213018
SiteA_2024-05-20_19_30_00,SiteA,2024-05-20T19:30:00+00:00,Ready,249610280
SiteA_2024-05-20_19_20_00,SiteA,2024-05-20T19:20:00+00:00,Ready,214025578
SiteA_2024-05-20_19_10_01,SiteA,2024-05-20T19:10:01+00:00,Ready,188321860
mendels_2024-05-20_19_00_00,mendels,2024-05-20T19:00:00+00:00,Ready,150999040
SiteA_2024-05-20_19_00_00,SiteA,2024-05-20T19:00:00+00:00,Ready,165559096
mendels_2024-05-20_18_50_01,mendels,2024-05-20T18:50:01+00:00,Ready,258585448
SiteA_2024-05-20_18_50_00,SiteA,2024-05-20T18:50:00+00:00,Ready,156554069
SiteA_2024-05-20_18_40_01,SiteA,2024-05-20T18:40:01+00:00,Ready,157800493
mendels_2024-05-20_18_40_00,mendels,2024-05-20T18:40:00+00:00,Ready,230418501
SiteA_2024-05-20_18_30_00,SiteA,2024-05-20T18:30:00+00:00,Ready,180766132
mendels_2024-05-20_18_30_00,mendels,2024-05-20T18:30:00+00:00,Ready,151868503
mendels_2024-05-20_18_20_01,mendels,2024-05-20T18:20:01+00:00,Ready,232947728
SiteA_2024-05-20_18_20_00,SiteA,2024-05-20T18:20:00+00:00,Ready,217690558
SiteA_2024-05-20_18_10_00,SiteA,2024-05-20T18:10:00+00:00,Ready,238579592
mendels_2024-05-20_18_10_00,mendels,2024-05-20T18:10:00+00:00,Ready,290830496
SiteA_2024-05-20_18_00_01,SiteA,2024-05-20T18:00:01+00:00,Ready,191638314
mendels_2024-05-20_18_00_00,mendels,2024-05-20T18:00:00+00:00,Ready,247533867
mendels_2024-05-20_17_50_01,mendels,2024-05-20T17:50:01+00:00,Ready,299138086
SiteA_2024-05-20_17_50_00,SiteA,2024-05-20T17:50:00+00:00,Ready,126664590
SiteA_2024-05-20_17_40_00,SiteA,2024-05-20T17:40:00+00:00,Ready,146408284
mendels_2024-05-20_17_40_00,mendels,2024-05-20T17:40:00+00:00,Ready,300019113
SiteA_2024-05-20_17_30_01,SiteA,2024-05-20T17:30:01+00:00,Ready,164253401
mendels_2024-05-20_17_30_00,mendels,2024-05-20T17:30:00+00:00,Ready,292846792
mendels_2024-05-20_17_20_01,mendels,2024-05-20T17:20:01+00:00,Ready,299610511
SiteA_2024-05-20_17_20_00,SiteA,2024-05-20T17:20:00+00:00,Ready,166065736
mendels_2024-05-20_17_10_00,mendels,2024-05-20T17:10:00+00:00,Ready,299204611
SiteA_2024-05-20_17_10_00,SiteA,2024-05-20T17:10:00+00:00,Ready,174519856
SiteA_2024-05-20_17_00_01,SiteA,2024-05-20T17:00:01+00:00,Ready,161584476
mendels_2024-05-20_17_00_00,mendels,2024-05-20T17:00:00+00:00,Ready,299969320
mendels_2024-05-20_16_50_01,mendels,2024-05-20T16:50:01+00:00,Ready,299425184
SiteA_2024-05-20_16_50_00,SiteA,2024-05-20T16:50:00+00:00,Ready,163675443
SiteA_2024-05-20_16_40_00,SiteA,2024-05-20T16:40:00+00:00,Ready,196347865
mendels_2024-05-20_16_40_00,mendels,2024-05-20T16:40:00+00:00,Ready,296936471
SiteA_2024-05-20_16_30_00,SiteA,2024-05-20T16:30:00+00:00,Ready,167213671
mendels_2024-05-20_16_30_00,mendels,2024-05-20T16:30:00+00:00,Ready,300072776
mendels_2024-05-20_16_20_01,mendels,2024-05-20T16:20:01+00:00,Ready,299564085
SiteA_2024-05-20_16_20_01,SiteA,2024-05-20T16:20:01+00:00,Ready,198215218
mendels_2024-05-20_16_10_00,mendels,2024-05-20T16:10:00+00:00,Ready,300080538
SiteA_2024-05-20_16_10_00,SiteA,2024-05-20T16:10:00+00:00,Ready,154076415
mendels_2024-05-20_16_00_00,mendels,2024-05-20T16:00:00+00:00,Ready,300093440
SiteA_2024-05-20_16_00_00,SiteA,2024-05-20T16:00:00+00:00,Ready,174457255
SiteA_2024-05-20_15_50_00,SiteA,2024-05-20T15:50:00+00:00,Ready,190252432
mendels_2024-05-20_15_50_00,mendels,2024-05-20T15:50:00+00:00,Ready,300019120
mendels_2024-05-20_15_40_01,mendels,2024-05-20T15:40:01+00:00,Ready,299582412
SiteA_2024-05-20_15_40_01,SiteA,2024-05-20T15:40:01+00:00,Ready,157545373
SiteA_2024-05-20_15_30_00,SiteA,2024-05-20T15:30:00+00:00,Ready,178379541
mendels_2024-05-20_15_30_00,mendels,2024-05-20T15:30:00+00:00,Ready,300023070
SiteA_2024-05-20_15_20_01,SiteA,2024-05-20T15:20:01+00:00,Ready,140711963
mendels_2024-05-20_15_20_00,mendels,2024-05-20T15:20:00+00:00,Ready,279557793
SiteA_2024-05-20_15_10_00,SiteA,2024-05-20T15:10:00+00:00,Ready,137860749
mendels_2024-05-20_15_10_00,mendels,2024-05-20T15:10:00+00:00,Ready,299305305
mendels_2024-05-20_15_00_01,mendels,2024-05-20T15:00:01+00:00,Ready,299488079
SiteA_2024-05-20_15_00_00,SiteA,2024-05-20T15:00:00+00:00,Ready,127419018
SiteA_2024-05-20_14_50_00,SiteA,2024-05-20T14:50:00+00:00,Ready,131950684
mendels_2024-05-20_14_50_00,mendels,2024-05-20T14:50:00+00:00,Ready,300022702
SiteA_2024-05-20_14_40_01,SiteA,2024-05-20T14:40:01+00:00,Ready,129531892
mendels_2024-05-20_14_40_00,mendels,2024-05-20T14:40:00+00:00,Ready,299992724
mendels_2024-05-20_14_30_00,mendels,2024-05-20T14:30:00+00:00,Ready,300093851
SiteA_2024-05-20_14_30_00,SiteA,2024-05-20T14:30:00+00:00,Ready,143932798
mendels_2024-05-20_14_20_01,mendels,2024-05-20T14:20:01+00:00,Ready,299613211
SiteA_2024-05-20_14_20_00,SiteA,2024-05-20T14:20:00+00:00,Ready,143757594
mendels_2024-05-20_14_10_00,mendels,2024-05-20T14:10:00+00:00,Ready,300096071
SiteA_2024-05-20_14_10_00,SiteA,2024-05-20T14:10:00+00:00,Ready,135672049
mendels_2024-05-20_14_00_00,mendels,2024-05-20T14:00:00+00:00,Ready,300104583
SiteA_2024-05-20_14_00_00,SiteA,2024-05-20T14:00:00+00:00,Ready,136390711
mendels_2024-05-20_13_50_01,mendels,2024-05-20T13:50:01+00:00,Ready,299605417
SiteA_2024-05-20_13_50_01,SiteA,2024-05-20T13:50:01+00:00,Ready,127914681
SiteA_2024-05-20_13_40_00,SiteA,2024-05-20T13:40:00+00:00,Ready,142809970
mendels_2024-05-20_13_40_00,mendels,2024-05-20T13:40:00+00:00,Ready,293903331
SiteA_2024-05-20_13_30_00,SiteA,2024-05-20T13:30:00+00:00,Ready,146495822
mendels_2024-05-20_13_30_00,mendels,2024-05-20T13:30:00+00:00,Ready,297913705
mendels_2024-05-20_13_20_01,mendels,2024-05-20T13:20:01+00:00,Ready,285449492
SiteA_2024-05-20_13_20_00,SiteA,2024-05-20T13:20:00+00:00,Ready,163015124
SiteA_2024-05-20_13_10_01,SiteA,2024-05-20T13:10:01+00:00,Ready,173793518
mendels_2024-05-20_13_10_00,mendels,2024-05-20T13:10:00+00:00,Ready,300073685
mendels_2024-05-20_13_00_00,mendels,2024-05-20T13:00:00+00:00,Ready,300121779
SiteA_2024-05-20_13_00_00,SiteA,2024-05-20T13:00:00+00:00,Ready,178900618
SiteA_2024-05-20_12_50_00,SiteA,2024-05-20T12:50:00+00:00,Ready,166905668
mendels_2024-05-20_12_50_00,mendels,2024-05-20T12:50:00+00:00,Ready,297784651
mendels_2024-05-20_12_40_01,mendels,2024-05-20T12:40:01+00:00,Ready,292049049
SiteA_2024-05-20_12_40_00,SiteA,2024-05-20T12:40:00+00:00,Ready,174482755
SiteA_2024-05-20_12_30_01,SiteA,2024-05-20T12:30:01+00:00,Ready,162373793
mendels_2024-05-20_12_30_00,mendels,2024-05-20T12:30:00+00:00,Ready,266067031
SiteA_2024-05-20_12_20_00,SiteA,2024-05-20T12:20:00+00:00,Ready,172053175
mendels_2024-05-20_12_20_00,mendels,2024-05-20T12:20:00+00:00,Ready,248040045
mendels_2024-05-20_12_10_00,mendels,2024-05-20T12:10:00+00:00,Ready,235498074
SiteA_2024-05-20_12_10_00,SiteA,2024-05-20T12:10:00+00:00,Ready,174396431
mendels_2024-05-20_12_00_01,mendels,2024-05-20T12:00:01+00:00,Ready,292699162
SiteA_2024-05-20_12_00_00,SiteA,2024-05-20T12:00:00+00:00,Ready,181157120
SiteA_2024-05-20_11_50_01,SiteA,2024-05-20T11:50:01+00:00,Ready,189691609
mendels_2024-05-20_11_50_00,mendels,2024-05-20T11:50:00+00:00,Ready,300099495
mendels_2024-05-20_11_40_01,mendels,2024-05-20T11:40:01+00:00,Ready,281466121
SiteA_2024-05-20_11_40_00,SiteA,2024-05-20T11:40:00+00:00,Ready,185686989
mendels_2024-05-20_11_30_00,mendels,2024-05-20T11:30:00+00:00,Ready,300078714
SiteA_2024-05-20_11_30_00,SiteA,2024-05-20T11:30:00+00:00,Ready,168936185
mendels_2024-05-20_11_20_00,mendels,2024-05-20T11:20:00+00:00,Ready,300072937
SiteA_2024-05-20_11_20_00,SiteA,2024-05-20T11:20:00+00:00,Ready,178083486
SiteA_2024-05-20_11_10_01,SiteA,2024-05-20T11:10:01+00:00,Ready,175626086
mendels_2024-05-20_11_10_00,mendels,2024-05-20T11:10:00+00:00,Ready,276971182
mendels_2024-05-20_11_00_01,mendels,2024-05-20T11:00:01+00:00,Ready,298186763
SiteA_2024-05-20_11_00_00,SiteA,2024-05-20T11:00:00+00:00,Ready,183534858
mendels_2024-05-20_10_50_00,mendels,2024-05-20T10:50:00+00:00,Ready,287925292
SiteA_2024-05-20_10_50_00,SiteA,2024-05-20T10:50:00+00:00,Ready,175440225
SiteA_2024-05-20_10_40_01,SiteA,2024-05-20T10:40:01+00:00,Ready,177820582
mendels_2024-05-20_10_40_00,mendels,2024-05-20T10:40:00+00:00,Ready,299484481
SiteA_2024-05-20_10_30_00,SiteA,2024-05-20T10:30:00+00:00,Ready,175503504
mendels_2024-05-20_10_30_00,mendels,2024-05-20T10:30:00+00:00,Ready,284961036
mendels_2024-05-20_10_20_01,mendels,2024-05-20T10:20:01+00:00,Ready,299560629
SiteA_2024-05-20_10_20_00,SiteA,2024-05-20T10:20:00+00:00,Ready,164148564
SiteA_2024-05-20_10_10_01,SiteA,2024-05-20T10:10:01+00:00,Ready,172898535
mendels_2024-05-20_10_10_00,mendels,2024-05-20T10:10:00+00:00,Ready,297159636
mendels_2024-05-20_10_00_00,mendels,2024-05-20T10:00:00+00:00,Ready,297823040
SiteA_2024-05-20_10_00_00,SiteA,2024-05-20T10:00:00+00:00,Ready,159527702
mendels_2024-05-20_09_50_01,mendels,2024-05-20T09:50:01+00:00,Ready,255695339
SiteA_2024-05-20_09_50_00,SiteA,2024-05-20T09:50:00+00:00,Ready,159912536
mendels_2024-05-20_09_40_00,mendels,2024-05-20T09:40:00+00:00,Ready,292927920
SiteA_2024-05-20_09_40_00,SiteA,2024-05-20T09:40:00+00:00,Ready,159317136
SiteA_2024-05-20_09_30_01,SiteA,2024-05-20T09:30:01+00:00,Ready,161930168
mendels_2024-05-20_09_30_00,mendels,2024-05-20T09:30:00+00:00,Ready,286844643
mendels_2024-05-20_09_20_00,mendels,2024-05-20T09:20:00+00:00,Ready,248007457
SiteA_2024-05-20_09_20_00,SiteA,2024-05-20T09:20:00+00:00,Ready,152070038
mendels_2024-05-20_09_10_01,mendels,2024-05-20T09:10:01+00:00,Ready,266172711
SiteA_2024-05-20_09_10_00,SiteA,2024-05-20T09:10:00+00:00,Ready,145815683
SiteA_2024-05-20_09_00_01,SiteA,2024-05-20T09:00:01+00:00,Ready,149813128
mendels_2024-05-20_09_00_00,mendels,2024-05-20T09:00:00+00:00,Ready,237599075
mendels_2024-05-20_08_55_35,mendels,2024-05-20T08:55:35+00:00,Ready,132412410
SiteA_2024-05-20_08_50_00,SiteA,2024-05-20T08:50:00+00:00,Ready,153481316
SiteA_2024-05-20_08_40_00,SiteA,2024-05-20T08:40:00+00:00,Ready,160672535
SiteA_2024-05-20_08_30_00,SiteA,2024-05-20T08:30:00+00:00,Ready,160559284
SiteA_2024-05-20_08_20_01,SiteA,2024-05-20T08:20:01+00:00,Ready,162180480
SiteA_2024-05-20_08_10_00,SiteA,2024-05-20T08:10:00+00:00,Ready,158217530
SiteA_2024-05-20_08_01_30,SiteA,2024-05-20T08:01:30+00:00,Ready,132638887
SiteA_2024-05-19_20_00_00,SiteA,2024-05-19T20:00:00+00:00,Ready,0
SiteA_2024-05-19_19_50_00,SiteA,2024-05-19T19:50:00+00:00,Ready,283643904
SiteA_2024-05-19_19_40_00,SiteA,2024-05-19T19:40:00+00:00,Ready,282549712
SiteA_2024-05-19_19_30_01,SiteA,2024-05-19T19:30:01+00:00,Ready,285241348
SiteA_2024-05-19_19_20_00,SiteA,2024-05-19T19:20:00+00:00,Ready,256539277
SiteA_2024-05-19_19_10_00,SiteA,2024-05-19T19:10:00+00:00,Ready,217100484
mendels_2024-05-19_19_00_01,mendels,2024-05-19T19:00:01+00:00,Ready,145494016
SiteA_2024-05-19_19_00_01,SiteA,2024-05-19T19:00:01+00:00,Ready,192328306
mendels_2024-05-19_18_50_00,mendels,2024-05-19T18:50:00+00:00,Ready,292414958
SiteA_2024-05-19_18_50_00,SiteA,2024-05-19T18:50:00+00:00,Ready,173414222
SiteA_2024-05-19_18_40_00,SiteA,2024-05-19T18:40:00+00:00,Ready,155354297
mendels_2024-05-19_18_40_00,mendels,2024-05-19T18:40:00+00:00,Ready,237978391
mendels_2024-05-19_18_30_01,mendels,2024-05-19T18:30:01+00:00,Ready,151125046
SiteA_2024-05-19_18_30_00,SiteA,2024-05-19T18:30:00+00:00,Ready,150926239
SiteA_2024-05-19_18_20_01,SiteA,2024-05-19T18:20:01+00:00,Ready,147541231
mendels_2024-05-19_18_20_00,mendels,2024-05-19T18:20:00+00:00,Ready,163607995
SiteA_2024-05-19_18_10_00,SiteA,2024-05-19T18:10:00+00:00,Ready,153010726
mendels_2024-05-19_18_10_00,mendels,2024-05-19T18:10:00+00:00,Ready,182501537
mendels_2024-05-19_18_00_00,mendels,2024-05-19T18:00:00+00:00,Ready,152259140
SiteA_2024-05-19_18_00_00,SiteA,2024-05-19T18:00:00+00:00,Ready,150292396
mendels_2024-05-19_17_50_01,mendels,2024-05-19T17:50:01+00:00,Ready,194286369
SiteA_2024-05-19_17_50_00,SiteA,2024-05-19T17:50:00+00:00,Ready,109708138
SiteA_2024-05-19_17_40_01,SiteA,2024-05-19T17:40:01+00:00,Ready,124356024
mendels_2024-05-19_17_40_00,mendels,2024-05-19T17:40:00+00:00,Ready,223707365
SiteA_2024-05-19_17_30_00,SiteA,2024-05-19T17:30:00+00:00,Ready,143498601
mendels_2024-05-19_17_30_00,mendels,2024-05-19T17:30:00+00:00,Ready,205659531
mendels_2024-05-19_17_20_01,mendels,2024-05-19T17:20:01+00:00,Ready,211317398
SiteA_2024-05-19_17_20_00,SiteA,2024-05-19T17:20:00+00:00,Ready,151304027
SiteA_2024-05-19_17_10_01,SiteA,2024-05-19T17:10:01+00:00,Ready,150926830
mendels_2024-05-19_17_10_00,mendels,2024-05-19T17:10:00+00:00,Ready,212048510
SiteA_2024-05-19_17_00_00,SiteA,2024-05-19T17:00:00+00:00,Ready,154268862
mendels_2024-05-19_17_00_00,mendels,2024-05-19T17:00:00+00:00,Ready,234505327
SiteA_2024-05-19_16_50_00,SiteA,2024-05-19T16:50:00+00:00,Ready,152881783
mendels_2024-05-19_16_50_00,mendels,2024-05-19T16:50:00+00:00,Ready,229998626
mendels_2024-05-19_16_40_01,mendels,2024-05-19T16:40:01+00:00,Ready,220387139
SiteA_2024-05-19_16_40_00,SiteA,2024-05-19T16:40:00+00:00,Ready,175907800
SiteA_2024-05-19_16_30_01,SiteA,2024-05-19T16:30:01+00:00,Ready,175905764
mendels_2024-05-19_16_30_00,mendels,2024-05-19T16:30:00+00:00,Ready,237531381
SiteA_2024-05-19_16_20_00,SiteA,2024-05-19T16:20:00+00:00,Ready,160853438
mendels_2024-05-19_16_20_00,mendels,2024-05-19T16:20:00+00:00,Ready,257579840
SiteA_2024-05-19_16_10_00,SiteA,2024-05-19T16:10:00+00:00,Ready,179397607
mendels_2024-05-19_16_10_00,mendels,2024-05-19T16:10:00+00:00,Ready,233903242
SiteA_2024-05-19_16_00_01,SiteA,2024-05-19T16:00:01+00:00,Ready,146343638
mendels_2024-05-19_16_00_01,mendels,2024-05-19T16:00:01+00:00,Ready,254330665
SiteA_2024-05-19_15_50_00,SiteA,2024-05-19T15:50:00+00:00,Ready,142762016
mendels_2024-05-19_15_50_00,mendels,2024-05-19T15:50:00+00:00,Ready,250980563
SiteA_2024-05-19_15_40_00,SiteA,2024-05-19T15:40:00+00:00,Ready,139605421
mendels_2024-05-19_15_40_00,mendels,2024-05-19T15:40:00+00:00,Ready,268768072
mendels_2024-05-19_15_30_01,mendels,2024-05-19T15:30:01+00:00,Ready,245355401
SiteA_2024-05-19_15_30_00,SiteA,2024-05-19T15:30:00+00:00,Ready,143913154
SiteA_2024-05-19_15_20_01,SiteA,2024-05-19T15:20:01+00:00,Ready,145261442
mendels_2024-05-19_15_20_00,mendels,2024-05-19T15:20:00+00:00,Ready,295355146
mendels_2024-05-19_15_10_00,mendels,2024-05-19T15:10:00+00:00,Ready,291312950
SiteA_2024-05-19_15_10_00,SiteA,2024-05-19T15:10:00+00:00,Ready,146843113
mendels_2024-05-19_15_00_01,mendels,2024-05-19T15:00:01+00:00,Ready,295211377
SiteA_2024-05-19_15_00_00,SiteA,2024-05-19T15:00:00+00:00,Ready,139331082
SiteA_2024-05-19_14_50_01,SiteA,2024-05-19T14:50:01+00:00,Ready,141072201
mendels_2024-05-19_14_50_00,mendels,2024-05-19T14:50:00+00:00,Ready,244854607
mendels_2024-05-19_14_40_00,mendels,2024-05-19T14:40:00+00:00,Ready,299291014
SiteA_2024-05-19_14_40_00,SiteA,2024-05-19T14:40:00+00:00,Ready,135052795
mendels_2024-05-19_14_30_01,mendels,2024-05-19T14:30:01+00:00,Ready,299612373
SiteA_2024-05-19_14_30_00,SiteA,2024-05-19T14:30:00+00:00,Ready,137546097
SiteA_2024-05-19_14_20_00,SiteA,2024-05-19T14:20:00+00:00,Ready,138620015
mendels_2024-05-19_14_20_00,mendels,2024-05-19T14:20:00+00:00,Ready,285943512
mendels_2024-05-19_14_10_00,mendels,2024-05-19T14:10:00+00:00,Ready,223383237
SiteA_2024-05-19_14_10_00,SiteA,2024-05-19T14:10:00+00:00,Ready,137587882
SiteA_2024-05-19_14_00_01,SiteA,2024-05-19T14:00:01+00:00,Ready,144167182
mendels_2024-05-19_14_00_00,mendels,2024-05-19T14:00:00+00:00,Ready,245665803
SiteA_2024-05-19_13_50_00,SiteA,2024-05-19T13:50:00+00:00,Ready,139470406
mendels_2024-05-19_13_50_00,mendels,2024-05-19T13:50:00+00:00,Ready,237642389
mendels_2024-05-19_13_40_01,mendels,2024-05-19T13:40:01+00:00,Ready,199203830
SiteA_2024-05-19_13_40_00,SiteA,2024-05-19T13:40:00+00:00,Ready,146602436
SiteA_2024-05-19_13_30_01,SiteA,2024-05-19T13:30:01+00:00,Ready,150096540
mendels_2024-05-19_13_30_00,mendels,2024-05-19T13:30:00+00:00,Ready,256715212
SiteA_2024-05-19_13_20_00,SiteA,2024-05-19T13:20:00+00:00,Ready,142340198
mendels_2024-05-19_13_20_00,mendels,2024-05-19T13:20:00+00:00,Ready,264976508
mendels_2024-05-19_13_10_01,mendels,2024-05-19T13:10:01+00:00,Ready,299540096
SiteA_2024-05-19_13_10_00,SiteA,2024-05-19T13:10:00+00:00,Ready,143896410
mendels_2024-05-19_13_00_00,mendels,2024-05-19T13:00:00+00:00,Ready,223288192
SiteA_2024-05-19_13_00_00,SiteA,2024-05-19T13:00:00+00:00,Ready,141341890
SiteA_2024-05-19_12_50_01,SiteA,2024-05-19T12:50:01+00:00,Ready,143494373
mendels_2024-05-19_12_50_00,mendels,2024-05-19T12:50:00+00:00,Ready,208022634
SiteA_2024-05-19_12_40_00,SiteA,2024-05-19T12:40:00+00:00,Ready,143277306
mendels_2024-05-19_12_40_00,mendels,2024-05-19T12:40:00+00:00,Ready,223650359
SiteA_2024-05-19_12_30_00,SiteA,2024-05-19T12:30:00+00:00,Ready,142265930
mendels_2024-05-19_12_30_00,mendels,2024-05-19T12:30:00+00:00,Ready,219587376
SiteA_2024-05-19_12_20_01,SiteA,2024-05-19T12:20:01+00:00,Ready,149453104
mendels_2024-05-19_12_20_01,mendels,2024-05-19T12:20:01+00:00,Ready,232701279
mendels_2024-05-19_12_10_00,mendels,2024-05-19T12:10:00+00:00,Ready,235624217
SiteA_2024-05-19_12_10_00,SiteA,2024-05-19T12:10:00+00:00,Ready,142638319
SiteA_2024-05-19_12_00_00,SiteA,2024-05-19T12:00:00+00:00,Ready,140135896
mendels_2024-05-19_12_00_00,mendels,2024-05-19T12:00:00+00:00,Ready,204170799
mendels_2024-05-19_11_50_01,mendels,2024-05-19T11:50:01+00:00,Ready,238258743
SiteA_2024-05-19_11_50_00,SiteA,2024-05-19T11:50:00+00:00,Ready,140776022
SiteA_2024-05-19_11_40_01,SiteA,2024-05-19T11:40:01+00:00,Ready,142215515
mendels_2024-05-19_11_40_00,mendels,2024-05-19T11:40:00+00:00,Ready,227101626
mendels_2024-05-19_11_30_00,mendels,2024-05-19T11:30:00+00:00,Ready,229657115
SiteA_2024-05-19_11_30_00,SiteA,2024-05-19T11:30:00+00:00,Ready,138810804
mendels_2024-05-19_11_20_01,mendels,2024-05-19T11:20:01+00:00,Ready,227446851
SiteA_2024-05-19_11_20_00,SiteA,2024-05-19T11:20:00+00:00,Ready,140379379
SiteA_2024-05-19_11_10_01,SiteA,2024-05-19T11:10:01+00:00,Ready,139491055
mendels_2024-05-19_11_10_00,mendels,2024-05-19T11:10:00+00:00,Ready,202416496
mendels_2024-05-19_11_00_00,mendels,2024-05-19T11:00:00+00:00,Ready,172848855
SiteA_2024-05-19_11_00_00,SiteA,2024-05-19T11:00:00+00:00,Ready,140373867
mendels_2024-05-19_10_50_01,mendels,2024-05-19T10:50:01+00:00,Ready,211984817
SiteA_2024-05-19_10_50_00,SiteA,2024-05-19T10:50:00+00:00,Ready,140794997
mendels_2024-05-19_10_40_00,mendels,2024-05-19T10:40:00+00:00,Ready,198319818
SiteA_2024-05-19_10_40_00,SiteA,2024-05-19T10:40:00+00:00,Ready,138612835
SiteA_2024-05-19_10_30_01,SiteA,2024-05-19T10:30:01+00:00,Ready,137422038
mendels_2024-05-19_10_30_00,mendels,2024-05-19T10:30:00+00:00,Ready,182376933
mendels_2024-05-19_10_20_00,mendels,2024-05-19T10:20:00+00:00,Ready,224023984
SiteA_2024-05-19_10_20_00,SiteA,2024-05-19T10:20:00+00:00,Ready,139383999
mendels_2024-05-19_10_10_01,mendels,2024-05-19T10:10:01+00:00,Ready,192132499
SiteA_2024-05-19_10_10_00,SiteA,2024-05-19T10:10:00+00:00,Ready,139112216
mendels_2024-05-19_10_00_00,mendels,2024-05-19T10:00:00+00:00,Ready,194377067
SiteA_2024-05-19_10_00_00,SiteA,2024-05-19T10:00:00+00:00,Ready,136856791
SiteA_2024-05-19_09_50_01,SiteA,2024-05-19T09:50:01+00:00,Ready,137261117
mendels_2024-05-19_09_50_00,mendels,2024-05-19T09:50:00+00:00,Ready,197359046
mendels_2024-05-19_09_40_01,mendels,2024-05-19T09:40:01+00:00,Ready,207976467
SiteA_2024-05-19_09_40_00,SiteA,2024-05-19T09:40:00+00:00,Ready,138710527
SiteA_2024-05-19_09_30_00,SiteA,2024-05-19T09:30:00+00:00,Ready,138929517
mendels_2024-05-19_09_30_00,mendels,2024-05-19T09:30:00+00:00,Ready,224211835
SiteA_2024-05-19_09_20_01,SiteA,2024-05-19T09:20:01+00:00,Ready,138107576
mendels_2024-05-19_09_20_00,mendels,2024-05-19T09:20:00+00:00,Ready,204311699
mendels_2024-05-19_09_10_01,mendels,2024-05-19T09:10:01+00:00,Ready,213361110
SiteA_2024-05-19_09_10_00,SiteA,2024-05-19T09:10:00+00:00,Ready,135453371
SiteA_2024-05-19_09_00_00,SiteA,2024-05-19T09:00:00+00:00,Ready,137114405
mendels_2024-05-19_09_00_00,mendels,2024-05-19T09:00:00+00:00,Ready,212643729
mendels_2024-05-19_08_55_34,mendels,2024-05-19T08:55:34+00:00,Ready,100444139
SiteA_2024-05-19_08_50_00,SiteA,2024-05-19T08:50:00+00:00,Ready,136413964
SiteA_2024-05-19_08_40_01,SiteA,2024-05-19T08:40:01+00:00,Ready,137049269
SiteA_2024-05-19_08_30_00,SiteA,2024-05-19T08:30:00+00:00,Ready,135281506
SiteA_2024-05-19_08_20_00,SiteA,2024-05-19T08:20:00+00:00,Ready,136034460
SiteA_2024-05-19_08_10_01,SiteA,2024-05-19T08:10:01+00:00,Ready,136077473
SiteA_2024-05-19_08_01_30,SiteA,2024-05-19T08:01:30+00:00,Ready,113946233
SiteA_2024-05-18_19_50_00,SiteA,2024-05-18T19:50:00+00:00,Ready,292818944
SiteA_2024-05-18_19_40_00,SiteA,2024-05-18T19:40:00+00:00,Ready,297486893
SiteA_2024-05-18_19_30_00,SiteA,2024-05-18T19:30:00+00:00,Ready,291976072
SiteA_2024-05-18_19_20_01,SiteA,2024-05-18T19:20:01+00:00,Ready,203877799
SiteA_2024-05-18_19_10_00,SiteA,2024-05-18T19:10:00+00:00,Ready,194793068
mendels_2024-05-18_19_00_00,mendels,2024-05-18T19:00:00+00:00,Ready,149159984
SiteA_2024-05-18_19_00_00,SiteA,2024-05-18T19:00:00+00:00,Ready,168804778
SiteA_2024-05-18_18_50_01,SiteA,2024-05-18T18:50:01+00:00,Ready,160079132
mendels_2024-05-18_18_50_00,mendels,2024-05-18T18:50:00+00:00,Ready,300112849
mendels_2024-05-18_18_40_01,mendels,2024-05-18T18:40:01+00:00,Ready,251331077
SiteA_2024-05-18_18_40_00,SiteA,2024-05-18T18:40:00+00:00,Ready,149358791
mendels_2024-05-18_18_30_00,mendels,2024-05-18T18:30:00+00:00,Ready,227956449
SiteA_2024-05-18_18_30_00,SiteA,2024-05-18T18:30:00+00:00,Ready,147513806
SiteA_2024-05-18_18_20_00,SiteA,2024-05-18T18:20:00+00:00,Ready,168636891
mendels_2024-05-18_18_20_00,mendels,2024-05-18T18:20:00+00:00,Ready,297741851
SiteA_2024-05-18_18_10_01,SiteA,2024-05-18T18:10:01+00:00,Ready,157537644
mendels_2024-05-18_18_10_00,mendels,2024-05-18T18:10:00+00:00,Ready,300096587
mendels_2024-05-18_18_00_01,mendels,2024-05-18T18:00:01+00:00,Ready,286816573
SiteA_2024-05-18_18_00_00,SiteA,2024-05-18T18:00:00+00:00,Ready,168116124
SiteA_2024-05-18_17_50_00,SiteA,2024-05-18T17:50:00+00:00,Ready,140166824
mendels_2024-05-18_17_50_00,mendels,2024-05-18T17:50:00+00:00,Ready,300043103
SiteA_2024-05-18_17_40_00,SiteA,2024-05-18T17:40:00+00:00,Ready,143141525
mendels_2024-05-18_17_40_00,mendels,2024-05-18T17:40:00+00:00,Ready,300065033
mendels_2024-05-18_17_30_01,mendels,2024-05-18T17:30:01+00:00,Ready,299583060
SiteA_2024-05-18_17_30_00,SiteA,2024-05-18T17:30:00+00:00,Ready,141712389
SiteA_2024-05-18_17_20_01,SiteA,2024-05-18T17:20:01+00:00,Ready,137046891
mendels_2024-05-18_17_20_00,mendels,2024-05-18T17:20:00+00:00,Ready,300086280
SiteA_2024-05-18_17_10_00,SiteA,2024-05-18T17:10:00+00:00,Ready,146464722
mendels_2024-05-18_17_10_00,mendels,2024-05-18T17:10:00+00:00,Ready,299998985
mendels_2024-05-18_17_00_01,mendels,2024-05-18T17:00:01+00:00,Ready,299552748
SiteA_2024-05-18_17_00_00,SiteA,2024-05-18T17:00:00+00:00,Ready,142121838
mendels_2024-05-18_16_50_00,mendels,2024-05-18T16:50:00+00:00,Ready,300064962
SiteA_2024-05-18_16_50_00,SiteA,2024-05-18T16:50:00+00:00,Ready,133060477
SiteA_2024-05-18_16_40_01,SiteA,2024-05-18T16:40:01+00:00,Ready,141336665
mendels_2024-05-18_16_40_00,mendels,2024-05-18T16:40:00+00:00,Ready,300120191
mendels_2024-05-18_16_30_00,mendels,2024-05-18T16:30:00+00:00,Ready,300091579
SiteA_2024-05-18_16_30_00,SiteA,2024-05-18T16:30:00+00:00,Ready,145364297
mendels_2024-05-18_16_20_01,mendels,2024-05-18T16:20:01+00:00,Ready,299606052
SiteA_2024-05-18_16_20_00,SiteA,2024-05-18T16:20:00+00:00,Ready,139571645
SiteA_2024-05-18_16_10_01,SiteA,2024-05-18T16:10:01+00:00,Ready,143893122
mendels_2024-05-18_16_10_00,mendels,2024-05-18T16:10:00+00:00,Ready,295190335
mendels_2024-05-18_16_00_00,mendels,2024-05-18T16:00:00+00:00,Ready,300100972
SiteA_2024-05-18_16_00_00,SiteA,2024-05-18T16:00:00+00:00,Ready,142170775
mendels_2024-05-18_15_50_01,mendels,2024-05-18T15:50:01+00:00,Ready,290731333
SiteA_2024-05-18_15_50_00,SiteA,2024-05-18T15:50:00+00:00,Ready,149048741
SiteA_2024-05-18_15_40_01,SiteA,2024-05-18T15:40:01+00:00,Ready,142943852
mendels_2024-05-18_15_40_00,mendels,2024-05-18T15:40:00+00:00,Ready,299791909
mendels_2024-05-18_15_30_01,mendels,2024-05-18T15:30:01+00:00,Ready,295963534
SiteA_2024-05-18_15_30_00,SiteA,2024-05-18T15:30:00+00:00,Ready,151280738
mendels_2024-05-18_15_20_00,mendels,2024-05-18T15:20:00+00:00,Ready,298977856
SiteA_2024-05-18_15_20_00,SiteA,2024-05-18T15:20:00+00:00,Ready,141306874
mendels_2024-05-18_15_10_00,mendels,2024-05-18T15:10:00+00:00,Ready,299990567
SiteA_2024-05-18_15_10_00,SiteA,2024-05-18T15:10:00+00:00,Ready,140912089
SiteA_2024-05-18_15_00_01,SiteA,2024-05-18T15:00:01+00:00,Ready,142530153
mendels_2024-05-18_15_00_00,mendels,2024-05-18T15:00:00+00:00,Ready,295704164
mendels_2024-05-18_14_50_01,mendels,2024-05-18T14:50:01+00:00,Ready,299562856
SiteA_2024-05-18_14_50_00,SiteA,2024-05-18T14:50:00+00:00,Ready,141782381
mendels_2024-05-18_14_40_00,mendels,2024-05-18T14:40:00+00:00,Ready,298748370
SiteA_2024-05-18_14_40_00,SiteA,2024-05-18T14:40:00+00:00,Ready,144450407
SiteA_2024-05-18_14_30_01,SiteA,2024-05-18T14:30:01+00:00,Ready,146173078
mendels_2024-05-18_14_30_00,mendels,2024-05-18T14:30:00+00:00,Ready,298830440
mendels_2024-05-18_14_20_01,mendels,2024-05-18T14:20:01+00:00,Ready,291279793
SiteA_2024-05-18_14_20_00,SiteA,2024-05-18T14:20:00+00:00,Ready,156092465
mendels_2024-05-18_14_10_00,mendels,2024-05-18T14:10:00+00:00,Ready,300060046
SiteA_2024-05-18_14_10_00,SiteA,2024-05-18T14:10:00+00:00,Ready,159619895
SiteA_2024-05-18_14_00_01,SiteA,2024-05-18T14:00:01+00:00,Ready,156408161
mendels_2024-05-18_14_00_00,mendels,2024-05-18T14:00:00+00:00,Ready,300118442
mendels_2024-05-18_13_50_01,mendels,2024-05-18T13:50:01+00:00,Ready,294766975
SiteA_2024-05-18_13_50_00,SiteA,2024-05-18T13:50:00+00:00,Ready,158281815
mendels_2024-05-18_13_40_00,mendels,2024-05-18T13:40:00+00:00,Ready,300045928
SiteA_2024-05-18_13_40_00,SiteA,2024-05-18T13:40:00+00:00,Ready,158350721
SiteA_2024-05-18_13_30_00,SiteA,2024-05-18T13:30:00+00:00,Ready,153557399
mendels_2024-05-18_13_30_00,mendels,2024-05-18T13:30:00+00:00,Ready,287247879
SiteA_2024-05-18_13_20_01,SiteA,2024-05-18T13:20:01+00:00,Ready,151358506
mendels_2024-05-18_13_20_00,mendels,2024-05-18T13:20:00+00:00,Ready,300091506
mendels_2024-05-18_13_10_01,mendels,2024-05-18T13:10:01+00:00,Ready,298058886
SiteA_2024-05-18_13_10_00,SiteA,2024-05-18T13:10:00+00:00,Ready,147125687
mendels_2024-05-18_13_00_00,mendels,2024-05-18T13:00:00+00:00,Ready,295315824
SiteA_2024-05-18_13_00_00,SiteA,2024-05-18T13:00:00+00:00,Ready,154526500
SiteA_2024-05-18_12_50_01,SiteA,2024-05-18T12:50:01+00:00,Ready,153306054
mendels_2024-05-18_12_50_00,mendels,2024-05-18T12:50:00+00:00,Ready,297149966
mendels_2024-05-18_12_40_01,mendels,2024-05-18T12:40:01+00:00,Ready,299057076
SiteA_2024-05-18_12_40_00,SiteA,2024-05-18T12:40:00+00:00,Ready,150543026
SiteA_2024-05-18_12_30_00,SiteA,2024-05-18T12:30:00+00:00,Ready,154826161
mendels_2024-05-18_12_30_00,mendels,2024-05-18T12:30:00+00:00,Ready,300040179
SiteA_2024-05-18_12_20_00,SiteA,2024-05-18T12:20:00+00:00,Ready,145678820
mendels_2024-05-18_12_20_00,mendels,2024-05-18T12:20:00+00:00,Ready,300077744
SiteA_2024-05-18_12_10_01,SiteA,2024-05-18T12:10:01+00:00,Ready,146686213
mendels_2024-05-18_12_10_01,mendels,2024-05-18T12:10:01+00:00,Ready,299449557
SiteA_2024-05-18_12_00_00,SiteA,2024-05-18T12:00:00+00:00,Ready,145622195
mendels_2024-05-18_12_00_00,mendels,2024-05-18T12:00:00+00:00,Ready,245819512
mendels_2024-05-18_11_50_00,mendels,2024-05-18T11:50:00+00:00,Ready,257652531
SiteA_2024-05-18_11_50_00,SiteA,2024-05-18T11:50:00+00:00,Ready,140429939
SiteA_2024-05-18_11_40_01,SiteA,2024-05-18T11:40:01+00:00,Ready,139762610
mendels_2024-05-18_11_40_00,mendels,2024-05-18T11:40:00+00:00,Ready,282610009
mendels_2024-05-18_11_30_01,mendels,2024-05-18T11:30:01+00:00,Ready,289639879
SiteA_2024-05-18_11_30_00,SiteA,2024-05-18T11:30:00+00:00,Ready,142422236
mendels_2024-05-18_11_20_00,mendels,2024-05-18T11:20:00+00:00,Ready,299076696
SiteA_2024-05-18_11_20_00,SiteA,2024-05-18T11:20:00+00:00,Ready,137266825
SiteA_2024-05-18_11_10_01,SiteA,2024-05-18T11:10:01+00:00,Ready,136010286
mendels_2024-05-18_11_10_00,mendels,2024-05-18T11:10:00+00:00,Ready,294519385
mendels_2024-05-18_11_00_01,mendels,2024-05-18T11:00:01+00:00,Ready,298546978
SiteA_2024-05-18_11_00_00,SiteA,2024-05-18T11:00:00+00:00,Ready,136265044
mendels_2024-05-18_10_50_00,mendels,2024-05-18T10:50:00+00:00,Ready,300109427
SiteA_2024-05-18_10_50_00,SiteA,2024-05-18T10:50:00+00:00,Ready,137477152
SiteA_2024-05-18_10_40_01,SiteA,2024-05-18T10:40:01+00:00,Ready,138160706
mendels_2024-05-18_10_40_00,mendels,2024-05-18T10:40:00+00:00,Ready,297232861
mendels_2024-05-18_10_30_00,mendels,2024-05-18T10:30:00+00:00,Ready,268484248
SiteA_2024-05-18_10_30_00,SiteA,2024-05-18T10:30:00+00:00,Ready,133944842
mendels_2024-05-18_10_20_01,mendels,2024-05-18T10:20:01+00:00,Ready,273715867
SiteA_2024-05-18_10_20_00,SiteA,2024-05-18T10:20:00+00:00,Ready,132291877
SiteA_2024-05-18_10_10_01,SiteA,2024-05-18T10:10:01+00:00,Ready,130684884
mendels_2024-05-18_10_10_00,mendels,2024-05-18T10:10:00+00:00,Ready,237299670
mendels_2024-05-18_10_00_00,mendels,2024-05-18T10:00:00+00:00,Ready,226917859
SiteA_2024-05-18_10_00_00,SiteA,2024-05-18T10:00:00+00:00,Ready,133251842
mendels_2024-05-18_09_50_01,mendels,2024-05-18T09:50:01+00:00,Ready,266289964
SiteA_2024-05-18_09_50_00,SiteA,2024-05-18T09:50:00+00:00,Ready,133707346
SiteA_2024-05-18_09_40_01,SiteA,2024-05-18T09:40:01+00:00,Ready,130699954
mendels_2024-05-18_09_40_00,mendels,2024-05-18T09:40:00+00:00,Ready,295729883
SiteA_2024-05-18_09_30_00,SiteA,2024-05-18T09:30:00+00:00,Ready,135888815
mendels_2024-05-18_09_30_00,mendels,2024-05-18T09:30:00+00:00,Ready,264017315
mendels_2024-05-18_09_20_01,mendels,2024-05-18T09:20:01+00:00,Ready,275683821
SiteA_2024-05-18_09_20_00,SiteA,2024-05-18T09:20:00+00:00,Ready,133750645
SiteA_2024-05-18_09_10_00,SiteA,2024-05-18T09:10:00+00:00,Ready,133377390
mendels_2024-05-18_09_10_00,mendels,2024-05-18T09:10:00+00:00,Ready,291351565
SiteA_2024-05-18_09_00_00,SiteA,2024-05-18T09:00:00+00:00,Ready,133551284
mendels_2024-05-18_09_00_00,mendels,2024-05-18T09:00:00+00:00,Ready,252796372
mendels_2024-05-18_08_55_40,mendels,2024-05-18T08:55:40+00:00,Ready,116150761
SiteA_2024-05-18_08_50_01,SiteA,2024-05-18T08:50:01+00:00,Ready,133156960
SiteA_2024-05-18_08_40_00,SiteA,2024-05-18T08:40:00+00:00,Ready,133677061
SiteA_2024-05-18_08_30_00,SiteA,2024-05-18T08:30:00+00:00,Ready,133039119
SiteA_2024-05-18_08_20_01,SiteA,2024-05-18T08:20:01+00:00,Ready,132141712
SiteA_2024-05-18_08_10_00,SiteA,2024-05-18T08:10:00+00:00,Ready,133222346
SiteA_2024-05-18_08_01_30,SiteA,2024-05-18T08:01:30+00:00,Ready,160422554
SiteA_2024-05-17_20_00_01,SiteA,2024-05-17T20:00:01+00:00,Ready,0
SiteA_2024-05-17_19_50_00,SiteA,2024-05-17T19:50:00+00:00,Ready,293605376
SiteA_2024-05-17_19_40_00,SiteA,2024-05-17T19:40:00+00:00,Ready,258486922
SiteA_2024-05-17_19_30_01,SiteA,2024-05-17T19:30:01+00:00,Ready,233629018
SiteA_2024-05-17_19_20_00,SiteA,2024-05-17T19:20:00+00:00,Ready,208940182
SiteA_2024-05-17_19_10_00,SiteA,2024-05-17T19:10:00+00:00,Ready,175338481
mendels_2024-05-17_19_00_00,mendels,2024-05-17T19:00:00+00:00,Ready,150343680
SiteA_2024-05-17_19_00_00,SiteA,2024-05-17T19:00:00+00:00,Ready,199969719
SiteA_2024-05-17_18_50_01,SiteA,2024-05-17T18:50:01+00:00,Ready,223404695
mendels_2024-05-17_18_50_01,mendels,2024-05-17T18:50:01+00:00,Ready,299546429
SiteA_2024-05-17_18_40_00,SiteA,2024-05-17T18:40:00+00:00,Ready,237857824
mendels_2024-05-17_18_40_00,mendels,2024-05-17T18:40:00+00:00,Ready,300052625
mendels_2024-05-17_18_30_00,mendels,2024-05-17T18:30:00+00:00,Ready,300060678
SiteA_2024-05-17_18_30_00,SiteA,2024-05-17T18:30:00+00:00,Ready,217727370
mendels_2024-05-17_18_20_01,mendels,2024-05-17T18:20:01+00:00,Ready,299552537
SiteA_2024-05-17_18_20_01,SiteA,2024-05-17T18:20:01+00:00,Ready,233922191
mendels_2024-05-17_18_10_00,mendels,2024-05-17T18:10:00+00:00,Ready,300050329
SiteA_2024-05-17_18_10_00,SiteA,2024-05-17T18:10:00+00:00,Ready,232551804
mendels_2024-05-17_18_00_00,mendels,2024-05-17T18:00:00+00:00,Ready,300098140
SiteA_2024-05-17_18_00_00,SiteA,2024-05-17T18:00:00+00:00,Ready,231632412
mendels_2024-05-17_17_50_00,mendels,2024-05-17T17:50:00+00:00,Ready,300094857
SiteA_2024-05-17_17_50_00,SiteA,2024-05-17T17:50:00+00:00,Ready,228105827
mendels_2024-05-17_17_40_01,mendels,2024-05-17T17:40:01+00:00,Ready,299593915
SiteA_2024-05-17_17_40_01,SiteA,2024-05-17T17:40:01+00:00,Ready,237843624
mendels_2024-05-17_17_30_00,mendels,2024-05-17T17:30:00+00:00,Ready,300106847
SiteA_2024-05-17_17_30_00,SiteA,2024-05-17T17:30:00+00:00,Ready,224783076
SiteA_2024-05-17_17_20_00,SiteA,2024-05-17T17:20:00+00:00,Ready,189353433
mendels_2024-05-17_17_20_00,mendels,2024-05-17T17:20:00+00:00,Ready,300048269
mendels_2024-05-17_17_10_01,mendels,2024-05-17T17:10:01+00:00,Ready,299467323
SiteA_2024-05-17_17_10_00,SiteA,2024-05-17T17:10:00+00:00,Ready,164710628
SiteA_2024-05-17_17_00_01,SiteA,2024-05-17T17:00:01+00:00,Ready,146241890
mendels_2024-05-17_17_00_00,mendels,2024-05-17T17:00:00+00:00,Ready,299789227
SiteA_2024-05-17_16_50_00,SiteA,2024-05-17T16:50:00+00:00,Ready,142415025
mendels_2024-05-17_16_50_00,mendels,2024-05-17T16:50:00+00:00,Ready,300076555
mendels_2024-05-17_16_40_01,mendels,2024-05-17T16:40:01+00:00,Ready,299478875
SiteA_2024-05-17_16_40_00,SiteA,2024-05-17T16:40:00+00:00,Ready,146934651
SiteA_2024-05-17_16_30_01,SiteA,2024-05-17T16:30:01+00:00,Ready,144248685
mendels_2024-05-17_16_30_00,mendels,2024-05-17T16:30:00+00:00,Ready,300069284
SiteA_2024-05-17_16_20_00,SiteA,2024-05-17T16:20:00+00:00,Ready,144454390
mendels_2024-05-17_16_20_00,mendels,2024-05-17T16:20:00+00:00,Ready,289921538
SiteA_2024-05-17_16_10_00,SiteA,2024-05-17T16:10:00+00:00,Ready,143163506
mendels_2024-05-17_16_10_00,mendels,2024-05-17T16:10:00+00:00,Ready,298038293
mendels_2024-05-17_16_00_01,mendels,2024-05-17T16:00:01+00:00,Ready,280932428
SiteA_2024-05-17_16_00_01,SiteA,2024-05-17T16:00:01+00:00,Ready,142355344
SiteA_2024-05-17_15_50_00,SiteA,2024-05-17T15:50:00+00:00,Ready,143560319
mendels_2024-05-17_15_50_00,mendels,2024-05-17T15:50:00+00:00,Ready,295409383
SiteA_2024-05-17_15_40_00,SiteA,2024-05-17T15:40:00+00:00,Ready,141819268
mendels_2024-05-17_15_40_00,mendels,2024-05-17T15:40:00+00:00,Ready,300100249
mendels_2024-05-17_15_30_01,mendels,2024-05-17T15:30:01+00:00,Ready,297531683
SiteA_2024-05-17_15_30_01,SiteA,2024-05-17T15:30:01+00:00,Ready,143112056
SiteA_2024-05-17_15_20_00,SiteA,2024-05-17T15:20:00+00:00,Ready,139008583
mendels_2024-05-17_15_20_00,mendels,2024-05-17T15:20:00+00:00,Ready,300088804
SiteA_2024-05-17_15_10_00,SiteA,2024-05-17T15:10:00+00:00,Ready,145464891
mendels_2024-05-17_15_10_00,mendels,2024-05-17T15:10:00+00:00,Ready,300073691
SiteA_2024-05-17_15_00_01,SiteA,2024-05-17T15:00:01+00:00,Ready,141109845
mendels_2024-05-17_15_00_00,mendels,2024-05-17T15:00:00+00:00,Ready,300096525
mendels_2024-05-17_14_50_01,mendels,2024-05-17T14:50:01+00:00,Ready,293292894
SiteA_2024-05-17_14_50_00,SiteA,2024-05-17T14:50:00+00:00,Ready,139419648
mendels_2024-05-17_14_40_00,mendels,2024-05-17T14:40:00+00:00,Ready,300080310
SiteA_2024-05-17_14_40_00,SiteA,2024-05-17T14:40:00+00:00,Ready,140340323
SiteA_2024-05-17_14_30_00,SiteA,2024-05-17T14:30:00+00:00,Ready,145465404
mendels_2024-05-17_14_30_00,mendels,2024-05-17T14:30:00+00:00,Ready,300078364
mendels_2024-05-17_14_20_01,mendels,2024-05-17T14:20:01+00:00,Ready,294755227
SiteA_2024-05-17_14_20_01,SiteA,2024-05-17T14:20:01+00:00,Ready,145265389
SiteA_2024-05-17_14_10_00,SiteA,2024-05-17T14:10:00+00:00,Ready,148966683
mendels_2024-05-17_14_10_00,mendels,2024-05-17T14:10:00+00:00,Ready,298718301
SiteA_2024-05-17_14_00_00,SiteA,2024-05-17T14:00:00+00:00,Ready,146275949
mendels_2024-05-17_14_00_00,mendels,2024-05-17T14:00:00+00:00,Ready,299959135
mendels_2024-05-17_13_50_00,mendels,2024-05-17T13:50:00+00:00,Ready,296116439
SiteA_2024-05-17_13_50_00,SiteA,2024-05-17T13:50:00+00:00,Ready,146857247
mendels_2024-05-17_13_40_01,mendels,2024-05-17T13:40:01+00:00,Ready,299612419
SiteA_2024-05-17_13_40_00,SiteA,2024-05-17T13:40:00+00:00,Ready,145428954
SiteA_2024-05-17_13_30_01,SiteA,2024-05-17T13:30:01+00:00,Ready,148392883
mendels_2024-05-17_13_30_00,mendels,2024-05-17T13:30:00+00:00,Ready,290967744
mendels_2024-05-17_13_20_00,mendels,2024-05-17T13:20:00+00:00,Ready,293775497
SiteA_2024-05-17_13_20_00,SiteA,2024-05-17T13:20:00+00:00,Ready,151870514
mendels_2024-05-17_13_10_00,mendels,2024-05-17T13:10:00+00:00,Ready,291762769
SiteA_2024-05-17_13_10_00,SiteA,2024-05-17T13:10:00+00:00,Ready,138700197
mendels_2024-05-17_13_00_01,mendels,2024-05-17T13:00:01+00:00,Ready,299624769
SiteA_2024-05-17_13_00_01,SiteA,2024-05-17T13:00:01+00:00,Ready,142702886
SiteA_2024-05-17_12_50_00,SiteA,2024-05-17T12:50:00+00:00,Ready,144884225
mendels_2024-05-17_12_50_00,mendels,2024-05-17T12:50:00+00:00,Ready,239661015
SiteA_2024-05-17_12_40_00,SiteA,2024-05-17T12:40:00+00:00,Ready,142969178
mendels_2024-05-17_12_40_00,mendels,2024-05-17T12:40:00+00:00,Ready,227912574
mendels_2024-05-17_12_30_01,mendels,2024-05-17T12:30:01+00:00,Ready,243085291
SiteA_2024-05-17_12_30_00,SiteA,2024-05-17T12:30:00+00:00,Ready,141498595
SiteA_2024-05-17_12_20_01,SiteA,2024-05-17T12:20:01+00:00,Ready,147149896
mendels_2024-05-17_12_20_00,mendels,2024-05-17T12:20:00+00:00,Ready,270252505
SiteA_2024-05-17_12_10_00,SiteA,2024-05-17T12:10:00+00:00,Ready,156858471
mendels_2024-05-17_12_10_00,mendels,2024-05-17T12:10:00+00:00,Ready,296963395
mendels_2024-05-17_12_00_01,mendels,2024-05-17T12:00:01+00:00,Ready,209855544
SiteA_2024-05-17_12_00_00,SiteA,2024-05-17T12:00:00+00:00,Ready,149466036
mendels_2024-05-17_11_50_00,mendels,2024-05-17T11:50:00+00:00,Ready,273595295
SiteA_2024-05-17_11_50_00,SiteA,2024-05-17T11:50:00+00:00,Ready,147788809
SiteA_2024-05-17_11_40_01,SiteA,2024-05-17T11:40:01+00:00,Ready,141737056
mendels_2024-05-17_11_40_00,mendels,2024-05-17T11:40:00+00:00,Ready,248563410
SiteA_2024-05-17_11_30_00,SiteA,2024-05-17T11:30:00+00:00,Ready,149258640
mendels_2024-05-17_11_30_00,mendels,2024-05-17T11:30:00+00:00,Ready,267446011
mendels_2024-05-17_11_20_01,mendels,2024-05-17T11:20:01+00:00,Ready,214108452
SiteA_2024-05-17_11_20_00,SiteA,2024-05-17T11:20:00+00:00,Ready,140972137
mendels_2024-05-17_11_10_00,mendels,2024-05-17T11:10:00+00:00,Ready,267223334
SiteA_2024-05-17_11_10_00,SiteA,2024-05-17T11:10:00+00:00,Ready,144530135
SiteA_2024-05-17_11_00_01,SiteA,2024-05-17T11:00:01+00:00,Ready,138411754
mendels_2024-05-17_11_00_00,mendels,2024-05-17T11:00:00+00:00,Ready,299237868
mendels_2024-05-17_10_50_01,mendels,2024-05-17T10:50:01+00:00,Ready,290650129
SiteA_2024-05-17_10_50_00,SiteA,2024-05-17T10:50:00+00:00,Ready,139384013
mendels_2024-05-17_10_40_00,mendels,2024-05-17T10:40:00+00:00,Ready,263300694
SiteA_2024-05-17_10_40_00,SiteA,2024-05-17T10:40:00+00:00,Ready,141702173
mendels_2024-05-17_10_30_00,mendels,2024-05-17T10:30:00+00:00,Ready,282388259
SiteA_2024-05-17_10_30_00,SiteA,2024-05-17T10:30:00+00:00,Ready,141267012
SiteA_2024-05-17_10_20_01,SiteA,2024-05-17T10:20:01+00:00,Ready,152711746
mendels_2024-05-17_10_20_00,mendels,2024-05-17T10:20:00+00:00,Ready,300088028
mendels_2024-05-17_10_10_01,mendels,2024-05-17T10:10:01+00:00,Ready,243888745
SiteA_2024-05-17_10_10_00,SiteA,2024-05-17T10:10:00+00:00,Ready,141792028
SiteA_2024-05-17_10_00_00,SiteA,2024-05-17T10:00:00+00:00,Ready,141382355
mendels_2024-05-17_10_00_00,mendels,2024-05-17T10:00:00+00:00,Ready,261663816
SiteA_2024-05-17_09_50_01,SiteA,2024-05-17T09:50:01+00:00,Ready,143497959
mendels_2024-05-17_09_50_00,mendels,2024-05-17T09:50:00+00:00,Ready,225519583
mendels_2024-05-17_09_40_01,mendels,2024-05-17T09:40:01+00:00,Ready,255871990
SiteA_2024-05-17_09_40_00,SiteA,2024-05-17T09:40:00+00:00,Ready,144079926
SiteA_2024-05-17_09_30_00,SiteA,2024-05-17T09:30:00+00:00,Ready,142017469
mendels_2024-05-17_09_30_00,mendels,2024-05-17T09:30:00+00:00,Ready,290022006
SiteA_2024-05-17_09_20_01,SiteA,2024-05-17T09:20:01+00:00,Ready,146930592
mendels_2024-05-17_09_20_00,mendels,2024-05-17T09:20:00+00:00,Ready,272917945
mendels_2024-05-17_09_10_01,mendels,2024-05-17T09:10:01+00:00,Ready,299612786
SiteA_2024-05-17_09_10_00,SiteA,2024-05-17T09:10:00+00:00,Ready,142611644
mendels_2024-05-17_09_00_00,mendels,2024-05-17T09:00:00+00:00,Ready,300105780
SiteA_2024-05-17_09_00_00,SiteA,2024-05-17T09:00:00+00:00,Ready,152142057
mendels_2024-05-17_08_55_40,mendels,2024-05-17T08:55:40+00:00,Ready,110227762
SiteA_2024-05-17_08_50_01,SiteA,2024-05-17T08:50:01+00:00,Ready,148683223
SiteA_2024-05-17_08_40_00,SiteA,2024-05-17T08:40:00+00:00,Ready,142783303
SiteA_2024-05-17_08_30_00,SiteA,2024-05-17T08:30:00+00:00,Ready,149952855
SiteA_2024-05-17_08_20_00,SiteA,2024-05-17T08:20:00+00:00,Ready,146040368
SiteA_2024-05-17_08_10_01,SiteA,2024-05-17T08:10:01+00:00,Ready,145488011
SiteA_2024-05-17_08_01_30,SiteA,2024-05-17T08:01:30+00:00,Ready,120918027
SiteA_2024-05-16_19_50_00,SiteA,2024-05-16T19:50:00+00:00,Ready,286789632
SiteA_2024-05-16_19_40_01,SiteA,2024-05-16T19:40:01+00:00,Ready,286197103
SiteA_2024-05-16_19_30_00,SiteA,2024-05-16T19:30:00+00:00,Ready,267687783
SiteA_2024-05-16_19_20_00,SiteA,2024-05-16T19:20:00+00:00,Ready,212960531
SiteA_2024-05-16_19_10_00,SiteA,2024-05-16T19:10:00+00:00,Ready,169381711
SiteA_2024-05-16_19_00_01,SiteA,2024-05-16T19:00:01+00:00,Ready,149342526
mendels_2024-05-16_19_00_00,mendels,2024-05-16T19:00:00+00:00,Ready,149159984
mendels_2024-05-16_18_50_01,mendels,2024-05-16T18:50:01+00:00,Ready,283569650
SiteA_2024-05-16_18_50_00,SiteA,2024-05-16T18:50:00+00:00,Ready,143828403
mendels_2024-05-16_18_40_00,mendels,2024-05-16T18:40:00+00:00,Ready,258099103
SiteA_2024-05-16_18_40_00,SiteA,2024-05-16T18:40:00+00:00,Ready,139951556
SiteA_2024-05-16_18_31_06,SiteA,2024-05-16T18:31:06+00:00,Ready,125270833
mendels_2024-05-16_18_30_00,mendels,2024-05-16T18:30:00+00:00,Ready,243214377
mendels_2024-05-16_18_20_01,mendels,2024-05-16T18:20:01+00:00,Ready,242181069
mendels_2024-05-16_18_10_00,mendels,2024-05-16T18:10:00+00:00,Ready,299964146
mendels_2024-05-16_18_00_00,mendels,2024-05-16T18:00:00+00:00,Ready,206656186
mendels_2024-05-16_17_50_00,mendels,2024-05-16T17:50:00+00:00,Ready,223503434
mendels_2024-05-16_17_40_01,mendels,2024-05-16T17:40:01+00:00,Ready,246963602
mendels_2024-05-16_17_30_00,mendels,2024-05-16T17:30:00+00:00,Ready,284465526
mendels_2024-05-16_17_20_00,mendels,2024-05-16T17:20:00+00:00,Ready,294904320
mendels_2024-05-16_17_11_04,mendels,2024-05-16T17:11:04+00:00,Ready,262208146
mendels_2024-05-16_11_00_00,mendels,2024-05-16T11:00:00+00:00,Ready,146538544
mendels_2024-05-16_10_50_00,mendels,2024-05-16T10:50:00+00:00,Ready,231675116
mendels_2024-05-16_10_40_01,mendels,2024-05-16T10:40:01+00:00,Ready,295519465
mendels_2024-05-16_10_30_00,mendels,2024-05-16T10:30:00+00:00,Ready,206596888
mendels_2024-05-16_10_20_00,mendels,2024-05-16T10:20:00+00:00,Ready,179348210
mendels_2024-05-16_10_10_00,mendels,2024-05-16T10:10:00+00:00,Ready,209143023
mendels_2024-05-16_10_00_01,mendels,2024-05-16T10:00:01+00:00,Ready,249598407
mendels_2024-05-16_09_50_00,mendels,2024-05-16T09:50:00+00:00,Ready,254153885
mendels_2024-05-16_09_40_00,mendels,2024-05-16T09:40:00+00:00,Ready,253400764
mendels_2024-05-16_09_30_00,mendels,2024-05-16T09:30:00+00:00,Ready,225333631
mendels_2024-05-16_09_20_01,mendels,2024-05-16T09:20:01+00:00,Ready,215030979
mendels_2024-05-16_09_10_00,mendels,2024-05-16T09:10:00+00:00,Ready,206067000
mendels_2024-05-16_09_00_00,mendels,2024-05-16T09:00:00+00:00,Ready,278271139
mendels_2024-05-16_08_55_35,mendels,2024-05-16T08:55:35+00:00,Ready,105924535
mendels_2024-05-15_19_00_00,mendels,2024-05-15T19:00:00+00:00,Ready,149684272
mendels_2024-05-15_18_50_00,mendels,2024-05-15T18:50:00+00:00,Ready,300078032
mendels_2024-05-15_18_40_01,mendels,2024-05-15T18:40:01+00:00,Ready,299573461
mendels_2024-05-15_18_30_00,mendels,2024-05-15T18:30:00+00:00,Ready,300087414
mendels_2024-05-15_18_20_00,mendels,2024-05-15T18:20:00+00:00,Ready,300065881
mendels_2024-05-15_18_10_00,mendels,2024-05-15T18:10:00+00:00,Ready,300051288
mendels_2024-05-15_18_00_01,mendels,2024-05-15T18:00:01+00:00,Ready,299450792
mendels_2024-05-15_17_50_00,mendels,2024-05-15T17:50:00+00:00,Ready,296722407
mendels_2024-05-15_17_40_00,mendels,2024-05-15T17:40:00+00:00,Ready,300045750
mendels_2024-05-15_17_30_00,mendels,2024-05-15T17:30:00+00:00,Ready,300043718
mendels_2024-05-15_17_20_01,mendels,2024-05-15T17:20:01+00:00,Ready,299599506
mendels_2024-05-15_17_10_00,mendels,2024-05-15T17:10:00+00:00,Ready,300097051
mendels_2024-05-15_17_00_00,mendels,2024-05-15T17:00:00+00:00,Ready,300094159
mendels_2024-05-15_16_50_01,mendels,2024-05-15T16:50:01+00:00,Ready,299577893
mendels_2024-05-15_16_40_00,mendels,2024-05-15T16:40:00+00:00,Ready,299912313
mendels_2024-05-15_16_30_00,mendels,2024-05-15T16:30:00+00:00,Ready,299756833
mendels_2024-05-15_16_20_01,mendels,2024-05-15T16:20:01+00:00,Ready,299446721
mendels_2024-05-15_16_10_00,mendels,2024-05-15T16:10:00+00:00,Ready,296058456
mendels_2024-05-15_16_00_00,mendels,2024-05-15T16:00:00+00:00,Ready,298441644
mendels_2024-05-15_15_50_00,mendels,2024-05-15T15:50:00+00:00,Ready,300097686
mendels_2024-05-15_15_40_01,mendels,2024-05-15T15:40:01+00:00,Ready,276686129
mendels_2024-05-15_15_30_00,mendels,2024-05-15T15:30:00+00:00,Ready,247431912
mendels_2024-05-15_15_20_00,mendels,2024-05-15T15:20:00+00:00,Ready,280626612
mendels_2024-05-15_15_10_01,mendels,2024-05-15T15:10:01+00:00,Ready,290409790
mendels_2024-05-15_15_00_00,mendels,2024-05-15T15:00:00+00:00,Ready,253006607
mendels_2024-05-15_14_50_00,mendels,2024-05-15T14:50:00+00:00,Ready,220245133
mendels_2024-05-15_14_40_00,mendels,2024-05-15T14:40:00+00:00,Ready,225816214
mendels_2024-05-15_14_30_01,mendels,2024-05-15T14:30:01+00:00,Ready,286034734
mendels_2024-05-15_14_20_00,mendels,2024-05-15T14:20:00+00:00,Ready,216014126
mendels_2024-05-15_14_10_01,mendels,2024-05-15T14:10:01+00:00,Ready,279087173
mendels_2024-05-15_14_00_00,mendels,2024-05-15T14:00:00+00:00,Ready,291337075
mendels_2024-05-15_13_50_00,mendels,2024-05-15T13:50:00+00:00,Ready,220896671
mendels_2024-05-15_13_40_01,mendels,2024-05-15T13:40:01+00:00,Ready,188608011
mendels_2024-05-15_13_30_00,mendels,2024-05-15T13:30:00+00:00,Ready,183901839
mendels_2024-05-15_13_20_00,mendels,2024-05-15T13:20:00+00:00,Ready,237833545
mendels_2024-05-15_13_10_00,mendels,2024-05-15T13:10:00+00:00,Ready,216777420
mendels_2024-05-15_13_00_01,mendels,2024-05-15T13:00:01+00:00,Ready,224648080
mendels_2024-05-15_12_50_00,mendels,2024-05-15T12:50:00+00:00,Ready,218152736
mendels_2024-05-15_12_40_00,mendels,2024-05-15T12:40:00+00:00,Ready,251012665
mendels_2024-05-15_12_30_00,mendels,2024-05-15T12:30:00+00:00,Ready,280675003
mendels_2024-05-15_12_20_01,mendels,2024-05-15T12:20:01+00:00,Ready,224411079
mendels_2024-05-15_12_10_00,mendels,2024-05-15T12:10:00+00:00,Ready,204851134
mendels_2024-05-15_12_00_00,mendels,2024-05-15T12:00:00+00:00,Ready,212674734
mendels_2024-05-15_11_50_00,mendels,2024-05-15T11:50:00+00:00,Ready,230742540
mendels_2024-05-15_11_40_01,mendels,2024-05-15T11:40:01+00:00,Ready,207419794
mendels_2024-05-15_11_30_00,mendels,2024-05-15T11:30:00+00:00,Ready,208143379
mendels_2024-05-15_11_20_01,mendels,2024-05-15T11:20:01+00:00,Ready,208114661
mendels_2024-05-15_11_10_00,mendels,2024-05-15T11:10:00+00:00,Ready,232664169
mendels_2024-05-15_11_00_00,mendels,2024-05-15T11:00:00+00:00,Ready,189317494
mendels_2024-05-15_10_50_00,mendels,2024-05-15T10:50:00+00:00,Ready,217314323
mendels_2024-05-15_10_40_01,mendels,2024-05-15T10:40:01+00:00,Ready,270370984
mendels_2024-05-15_10_30_00,mendels,2024-05-15T10:30:00+00:00,Ready,297045008
mendels_2024-05-15_10_20_00,mendels,2024-05-15T10:20:00+00:00,Ready,287051914
mendels_2024-05-15_10_10_01,mendels,2024-05-15T10:10:01+00:00,Ready,281702728
mendels_2024-05-15_10_00_00,mendels,2024-05-15T10:00:00+00:00,Ready,289622328
mendels_2024-05-15_09_50_00,mendels,2024-05-15T09:50:00+00:00,Ready,294594594
mendels_2024-05-15_09_40_00,mendels,2024-05-15T09:40:00+00:00,Ready,297201609
mendels_2024-05-15_09_30_00,mendels,2024-05-15T09:30:00+00:00,Ready,299705405
mendels_2024-05-15_09_20_01,mendels,2024-05-15T09:20:01+00:00,Ready,297394291
mendels_2024-05-15_09_10_00,mendels,2024-05-15T09:10:00+00:00,Ready,298478141
mendels_2024-05-15_09_00_00,mendels,2024-05-15T09:00:00+00:00,Ready,300055059
mendels_2024-05-15_08_55_41,mendels,2024-05-15T08:55:41+00:00,Ready,124359862
mendels_2024-05-14_19_00_01,mendels,2024-05-14T19:00:01+00:00,Ready,141037568
mendels_2024-05-14_18_50_00,mendels,2024-05-14T18:50:00+00:00,Ready,300095793
mendels_2024-05-14_18_40_00,mendels,2024-05-14T18:40:00+00:00,Ready,300023342
mendels_2024-05-14_18_30_01,mendels,2024-05-14T18:30:01+00:00,Ready,299518846
mendels_2024-05-14_18_20_00,mendels,2024-05-14T18:20:00+00:00,Ready,300069747
mendels_2024-05-14_18_10_00,mendels,2024-05-14T18:10:00+00:00,Ready,300021586
mendels_2024-05-14_18_00_01,mendels,2024-05-14T18:00:01+00:00,Ready,299566381
mendels_2024-05-14_17_50_00,mendels,2024-05-14T17:50:00+00:00,Ready,300024485
mendels_2024-05-14_17_40_00,mendels,2024-05-14T17:40:00+00:00,Ready,300061821
mendels_2024-05-14_17_30_01,mendels,2024-05-14T17:30:01+00:00,Ready,299603606
mendels_2024-05-14_17_20_00,mendels,2024-05-14T17:20:00+00:00,Ready,300094453
mendels_2024-05-14_17_10_00,mendels,2024-05-14T17:10:00+00:00,Ready,300048534
SiteA_2024-05-14_17_10_00,SiteA,2024-05-14T17:10:00+00:00,Ready,185602048
SiteA_2024-05-14_17_00_01,SiteA,2024-05-14T17:00:01+00:00,Ready,166014206
mendels_2024-05-14_17_00_00,mendels,2024-05-14T17:00:00+00:00,Ready,300086920
mendels_2024-05-14_16_50_01,mendels,2024-05-14T16:50:01+00:00,Ready,299595204
SiteA_2024-05-14_16_50_00,SiteA,2024-05-14T16:50:00+00:00,Ready,167738019
SiteA_2024-05-14_16_40_00,SiteA,2024-05-14T16:40:00+00:00,Ready,169242916
mendels_2024-05-14_16_40_00,mendels,2024-05-14T16:40:00+00:00,Ready,299821849
SiteA_2024-05-14_16_30_01,SiteA,2024-05-14T16:30:01+00:00,Ready,148635754
mendels_2024-05-14_16_30_00,mendels,2024-05-14T16:30:00+00:00,Ready,300026952
SiteA_2024-05-14_16_20_00,SiteA,2024-05-14T16:20:00+00:00,Ready,149858424
mendels_2024-05-14_16_20_00,mendels,2024-05-14T16:20:00+00:00,Ready,299927788
mendels_2024-05-14_16_10_01,mendels,2024-05-14T16:10:01+00:00,Ready,291739054
SiteA_2024-05-14_16_10_00,SiteA,2024-05-14T16:10:00+00:00,Ready,176502395
mendels_2024-05-14_16_00_00,mendels,2024-05-14T16:00:00+00:00,Ready,297321300
SiteA_2024-05-14_16_00_00,SiteA,2024-05-14T16:00:00+00:00,Ready,170106941
SiteA_2024-05-14_15_50_01,SiteA,2024-05-14T15:50:01+00:00,Ready,161697688
mendels_2024-05-14_15_50_00,mendels,2024-05-14T15:50:00+00:00,Ready,283876488
SiteA_2024-05-14_15_40_00,SiteA,2024-05-14T15:40:00+00:00,Ready,150247659
mendels_2024-05-14_15_40_00,mendels,2024-05-14T15:40:00+00:00,Ready,297986191
mendels_2024-05-14_15_30_01,mendels,2024-05-14T15:30:01+00:00,Ready,299007874
SiteA_2024-05-14_15_30_00,SiteA,2024-05-14T15:30:00+00:00,Ready,143624342
SiteA_2024-05-14_15_20_01,SiteA,2024-05-14T15:20:01+00:00,Ready,137468389
mendels_2024-05-14_15_20_00,mendels,2024-05-14T15:20:00+00:00,Ready,300064155
mendels_2024-05-14_15_10_00,mendels,2024-05-14T15:10:00+00:00,Ready,296261834
SiteA_2024-05-14_15_10_00,SiteA,2024-05-14T15:10:00+00:00,Ready,149803848
SiteA_2024-05-14_15_00_00,SiteA,2024-05-14T15:00:00+00:00,Ready,147305779
mendels_2024-05-14_15_00_00,mendels,2024-05-14T15:00:00+00:00,Ready,300083406
mendels_2024-05-14_14_50_00,mendels,2024-05-14T14:50:00+00:00,Ready,288644959
SiteA_2024-05-14_14_50_00,SiteA,2024-05-14T14:50:00+00:00,Ready,175487878
mendels_2024-05-14_14_40_01,mendels,2024-05-14T14:40:01+00:00,Ready,297069492
SiteA_2024-05-14_14_40_00,SiteA,2024-05-14T14:40:00+00:00,Ready,153258856
SiteA_2024-05-14_14_30_01,SiteA,2024-05-14T14:30:01+00:00,Ready,136405072
mendels_2024-05-14_14_30_00,mendels,2024-05-14T14:30:00+00:00,Ready,300013616
mendels_2024-05-14_14_20_00,mendels,2024-05-14T14:20:00+00:00,Ready,299327673
SiteA_2024-05-14_14_20_00,SiteA,2024-05-14T14:20:00+00:00,Ready,138316957
mendels_2024-05-14_14_10_01,mendels,2024-05-14T14:10:01+00:00,Ready,299612680
SiteA_2024-05-14_14_10_00,SiteA,2024-05-14T14:10:00+00:00,Ready,134546606
SiteA_2024-05-14_14_00_01,SiteA,2024-05-14T14:00:01+00:00,Ready,134843731
mendels_2024-05-14_14_00_00,mendels,2024-05-14T14:00:00+00:00,Ready,299258894
SiteA_2024-05-14_13_50_00,SiteA,2024-05-14T13:50:00+00:00,Ready,135767661
mendels_2024-05-14_13_50_00,mendels,2024-05-14T13:50:00+00:00,Ready,300088723
SiteA_2024-05-14_13_40_00,SiteA,2024-05-14T13:40:00+00:00,Ready,143180233
mendels_2024-05-14_13_40_00,mendels,2024-05-14T13:40:00+00:00,Ready,300088862
mendels_2024-05-14_13_30_01,mendels,2024-05-14T13:30:01+00:00,Ready,299584850
SiteA_2024-05-14_13_30_00,SiteA,2024-05-14T13:30:00+00:00,Ready,142479935
SiteA_2024-05-14_13_20_01,SiteA,2024-05-14T13:20:01+00:00,Ready,144639785
mendels_2024-05-14_13_20_00,mendels,2024-05-14T13:20:00+00:00,Ready,299964881
SiteA_2024-05-14_13_10_00,SiteA,2024-05-14T13:10:00+00:00,Ready,139933329
mendels_2024-05-14_13_10_00,mendels,2024-05-14T13:10:00+00:00,Ready,299864437
mendels_2024-05-14_13_00_01,mendels,2024-05-14T13:00:01+00:00,Ready,295471916
SiteA_2024-05-14_13_00_00,SiteA,2024-05-14T13:00:00+00:00,Ready,146535063
SiteA_2024-05-14_12_50_00,SiteA,2024-05-14T12:50:00+00:00,Ready,136758806
mendels_2024-05-14_12_50_00,mendels,2024-05-14T12:50:00+00:00,Ready,300108657
SiteA_2024-05-14_12_40_01,SiteA,2024-05-14T12:40:01+00:00,Ready,145368500
mendels_2024-05-14_12_40_00,mendels,2024-05-14T12:40:00+00:00,Ready,300101102
mendels_2024-05-14_12_30_00,mendels,2024-05-14T12:30:00+00:00,Ready,300087978
SiteA_2024-05-14_12_30_00,SiteA,2024-05-14T12:30:00+00:00,Ready,148827406
SiteA_2024-05-14_12_20_01,SiteA,2024-05-14T12:20:01+00:00,Ready,142433381
mendels_2024-05-14_12_20_00,mendels,2024-05-14T12:20:00+00:00,Ready,300004554
mendels_2024-05-14_12_10_01,mendels,2024-05-14T12:10:01+00:00,Ready,299628008
SiteA_2024-05-14_12_10_00,SiteA,2024-05-14T12:10:00+00:00,Ready,134508982
SiteA_2024-05-14_12_00_00,SiteA,2024-05-14T12:00:00+00:00,Ready,132676492
mendels_2024-05-14_12_00_00,mendels,2024-05-14T12:00:00+00:00,Ready,255986646
mendels_2024-05-14_11_50_00,mendels,2024-05-14T11:50:00+00:00,Ready,299785564
SiteA_2024-05-14_11_50_00,SiteA,2024-05-14T11:50:00+00:00,Ready,129006677
SiteA_2024-05-14_11_40_01,SiteA,2024-05-14T11:40:01+00:00,Ready,130341047
mendels_2024-05-14_11_40_00,mendels,2024-05-14T11:40:00+00:00,Ready,269350800
mendels_2024-05-14_11_30_01,mendels,2024-05-14T11:30:01+00:00,Ready,240051028
SiteA_2024-05-14_11_30_00,SiteA,2024-05-14T11:30:00+00:00,Ready,131112736
SiteA_2024-05-14_11_20_00,SiteA,2024-05-14T11:20:00+00:00,Ready,131275288
mendels_2024-05-14_11_20_00,mendels,2024-05-14T11:20:00+00:00,Ready,196505135
SiteA_2024-05-14_11_10_01,SiteA,2024-05-14T11:10:01+00:00,Ready,132064277
mendels_2024-05-14_11_10_00,mendels,2024-05-14T11:10:00+00:00,Ready,173055556
SiteA_2024-05-14_11_00_00,SiteA,2024-05-14T11:00:00+00:00,Ready,134111408
mendels_2024-05-14_11_00_00,mendels,2024-05-14T11:00:00+00:00,Ready,195058785
mendels_2024-05-14_10_50_01,mendels,2024-05-14T10:50:01+00:00,Ready,161966952
SiteA_2024-05-14_10_50_00,SiteA,2024-05-14T10:50:00+00:00,Ready,157506828
SiteA_2024-05-14_10_40_01,SiteA,2024-05-14T10:40:01+00:00,Ready,152398564
mendels_2024-05-14_10_40_00,mendels,2024-05-14T10:40:00+00:00,Ready,184306730
SiteA_2024-05-14_10_30_00,SiteA,2024-05-14T10:30:00+00:00,Ready,141844738
mendels_2024-05-14_10_30_00,mendels,2024-05-14T10:30:00+00:00,Ready,191417455
mendels_2024-05-14_10_20_01,mendels,2024-05-14T10:20:01+00:00,Ready,203377318
SiteA_2024-05-14_10_20_00,SiteA,2024-05-14T10:20:00+00:00,Ready,144988516
SiteA_2024-05-14_10_10_00,SiteA,2024-05-14T10:10:00+00:00,Ready,138238655
mendels_2024-05-14_10_10_00,mendels,2024-05-14T10:10:00+00:00,Ready,253942932
SiteA_2024-05-14_10_00_01,SiteA,2024-05-14T10:00:01+00:00,Ready,134486378
mendels_2024-05-14_10_00_00,mendels,2024-05-14T10:00:00+00:00,Ready,293714331
mendels_2024-05-14_09_50_01,mendels,2024-05-14T09:50:01+00:00,Ready,269126025
SiteA_2024-05-14_09_50_00,SiteA,2024-05-14T09:50:00+00:00,Ready,135905453
SiteA_2024-05-14_09_40_00,SiteA,2024-05-14T09:40:00+00:00,Ready,133815217
mendels_2024-05-14_09_40_00,mendels,2024-05-14T09:40:00+00:00,Ready,231482571
SiteA_2024-05-14_09_30_00,SiteA,2024-05-14T09:30:00+00:00,Ready,135382385
mendels_2024-05-14_09_30_00,mendels,2024-05-14T09:30:00+00:00,Ready,206321213
mendels_2024-05-14_09_20_01,mendels,2024-05-14T09:20:01+00:00,Ready,178189135
SiteA_2024-05-14_09_20_01,SiteA,2024-05-14T09:20:01+00:00,Ready,133308376
SiteA_2024-05-14_09_10_00,SiteA,2024-05-14T09:10:00+00:00,Ready,134264761
mendels_2024-05-14_09_10_00,mendels,2024-05-14T09:10:00+00:00,Ready,201787746
SiteA_2024-05-14_09_00_00,SiteA,2024-05-14T09:00:00+00:00,Ready,133593286
mendels_2024-05-14_09_00_00,mendels,2024-05-14T09:00:00+00:00,Ready,213268740
mendels_2024-05-14_08_55_40,mendels,2024-05-14T08:55:40+00:00,Ready,98822055
SiteA_2024-05-14_08_50_01,SiteA,2024-05-14T08:50:01+00:00,Ready,133352841
SiteA_2024-05-14_08_40_00,SiteA,2024-05-14T08:40:00+00:00,Ready,134488329
SiteA_2024-05-14_08_30_00,SiteA,2024-05-14T08:30:00+00:00,Ready,134022593
SiteA_2024-05-14_08_20_00,SiteA,2024-05-14T08:20:00+00:00,Ready,135247043
SiteA_2024-05-14_08_10_01,SiteA,2024-05-14T08:10:01+00:00,Ready,134484145
SiteA_2024-05-14_08_01_29,SiteA,2024-05-14T08:01:29+00:00,Ready,112281934
SiteA_2024-05-13_20_00_00,SiteA,2024-05-13T20:00:00+00:00,Ready,0
SiteA_2024-05-13_19_50_00,SiteA,2024-05-13T19:50:00+00:00,Ready,254820072
SiteA_2024-05-13_19_40_01,SiteA,2024-05-13T19:40:01+00:00,Ready,245416792
SiteA_2024-05-13_19_30_00,SiteA,2024-05-13T19:30:00+00:00,Ready,213558001
SiteA_2024-05-13_19_20_00,SiteA,2024-05-13T19:20:00+00:00,Ready,194690773
SiteA_2024-05-13_19_10_01,SiteA,2024-05-13T19:10:01+00:00,Ready,186819902
mendels_2024-05-13_19_00_01,mendels,2024-05-13T19:00:01+00:00,Ready,138153984
SiteA_2024-05-13_19_00_00,SiteA,2024-05-13T19:00:00+00:00,Ready,173803133
SiteA_2024-05-13_18_50_00,SiteA,2024-05-13T18:50:00+00:00,Ready,168555407
mendels_2024-05-13_18_50_00,mendels,2024-05-13T18:50:00+00:00,Ready,300063889
SiteA_2024-05-13_18_40_00,SiteA,2024-05-13T18:40:00+00:00,Ready,168366720
mendels_2024-05-13_18_40_00,mendels,2024-05-13T18:40:00+00:00,Ready,300068851
mendels_2024-05-13_18_30_01,mendels,2024-05-13T18:30:01+00:00,Ready,226685165
SiteA_2024-05-13_18_30_01,SiteA,2024-05-13T18:30:01+00:00,Ready,244619696
mendels_2024-05-13_18_20_00,mendels,2024-05-13T18:20:00+00:00,Ready,299067179
SiteA_2024-05-13_18_20_00,SiteA,2024-05-13T18:20:00+00:00,Ready,288915150
SiteA_2024-05-13_18_10_00,SiteA,2024-05-13T18:10:00+00:00,Ready,272986396
mendels_2024-05-13_18_10_00,mendels,2024-05-13T18:10:00+00:00,Ready,300077737
mendels_2024-05-13_18_00_01,mendels,2024-05-13T18:00:01+00:00,Ready,299603892
SiteA_2024-05-13_18_00_00,SiteA,2024-05-13T18:00:00+00:00,Ready,273797105
SiteA_2024-05-13_17_50_01,SiteA,2024-05-13T17:50:01+00:00,Ready,135315400
mendels_2024-05-13_17_50_00,mendels,2024-05-13T17:50:00+00:00,Ready,300126712
mendels_2024-05-13_17_40_00,mendels,2024-05-13T17:40:00+00:00,Ready,300087370
SiteA_2024-05-13_17_40_00,SiteA,2024-05-13T17:40:00+00:00,Ready,175078353
SiteA_2024-05-13_17_30_00,SiteA,2024-05-13T17:30:00+00:00,Ready,187631194
mendels_2024-05-13_17_30_00,mendels,2024-05-13T17:30:00+00:00,Ready,300119250
mendels_2024-05-13_17_20_01,mendels,2024-05-13T17:20:01+00:00,Ready,299607829
SiteA_2024-05-13_17_20_01,SiteA,2024-05-13T17:20:01+00:00,Ready,190528558
mendels_2024-05-13_17_10_00,mendels,2024-05-13T17:10:00+00:00,Ready,300089371
SiteA_2024-05-13_17_10_00,SiteA,2024-05-13T17:10:00+00:00,Ready,169086842
mendels_2024-05-13_17_00_00,mendels,2024-05-13T17:00:00+00:00,Ready,300078956
SiteA_2024-05-13_17_00_00,SiteA,2024-05-13T17:00:00+00:00,Ready,179813146
SiteA_2024-05-13_16_50_01,SiteA,2024-05-13T16:50:01+00:00,Ready,195615689
mendels_2024-05-13_16_50_00,mendels,2024-05-13T16:50:00+00:00,Ready,300077978
mendels_2024-05-13_16_40_01,mendels,2024-05-13T16:40:01+00:00,Ready,299580176
SiteA_2024-05-13_16_40_00,SiteA,2024-05-13T16:40:00+00:00,Ready,271972016
SiteA_2024-05-13_16_30_00,SiteA,2024-05-13T16:30:00+00:00,Ready,221513850
mendels_2024-05-13_16_30_00,mendels,2024-05-13T16:30:00+00:00,Ready,300064713
SiteA_2024-05-13_16_20_00,SiteA,2024-05-13T16:20:00+00:00,Ready,273834250
mendels_2024-05-13_16_20_00,mendels,2024-05-13T16:20:00+00:00,Ready,300100742
SiteA_2024-05-13_16_10_01,SiteA,2024-05-13T16:10:01+00:00,Ready,215282461
mendels_2024-05-13_16_10_00,mendels,2024-05-13T16:10:00+00:00,Ready,299641390
mendels_2024-05-13_16_00_00,mendels,2024-05-13T16:00:00+00:00,Ready,300003319
SiteA_2024-05-13_16_00_00,SiteA,2024-05-13T16:00:00+00:00,Ready,263190181
mendels_2024-05-13_15_50_01,mendels,2024-05-13T15:50:01+00:00,Ready,297178504
SiteA_2024-05-13_15_50_00,SiteA,2024-05-13T15:50:00+00:00,Ready,298023179
mendels_2024-05-13_15_40_00,mendels,2024-05-13T15:40:00+00:00,Ready,300050219
SiteA_2024-05-13_15_40_00,SiteA,2024-05-13T15:40:00+00:00,Ready,259576484
SiteA_2024-05-13_15_30_00,SiteA,2024-05-13T15:30:00+00:00,Ready,136855310
mendels_2024-05-13_15_30_00,mendels,2024-05-13T15:30:00+00:00,Ready,299940531
SiteA_2024-05-13_15_20_01,SiteA,2024-05-13T15:20:01+00:00,Ready,128433659
mendels_2024-05-13_15_20_00,mendels,2024-05-13T15:20:00+00:00,Ready,300054677
mendels_2024-05-13_15_10_01,mendels,2024-05-13T15:10:01+00:00,Ready,299609816
SiteA_2024-05-13_15_10_00,SiteA,2024-05-13T15:10:00+00:00,Ready,126669812
mendels_2024-05-13_15_00_00,mendels,2024-05-13T15:00:00+00:00,Ready,300123107
SiteA_2024-05-13_15_00_00,SiteA,2024-05-13T15:00:00+00:00,Ready,128002572
mendels_2024-05-13_14_50_01,mendels,2024-05-13T14:50:01+00:00,Ready,299608376
SiteA_2024-05-13_14_50_01,SiteA,2024-05-13T14:50:01+00:00,Ready,127209720
mendels_2024-05-13_14_40_00,mendels,2024-05-13T14:40:00+00:00,Ready,300044724
SiteA_2024-05-13_14_40_00,SiteA,2024-05-13T14:40:00+00:00,Ready,137071222
SiteA_2024-05-13_14_30_00,SiteA,2024-05-13T14:30:00+00:00,Ready,133592675
mendels_2024-05-13_14_30_00,mendels,2024-05-13T14:30:00+00:00,Ready,299198849
SiteA_2024-05-13_14_20_00,SiteA,2024-05-13T14:20:00+00:00,Ready,130412163
mendels_2024-05-13_14_20_00,mendels,2024-05-13T14:20:00+00:00,Ready,300101366
mendels_2024-05-13_14_10_01,mendels,2024-05-13T14:10:01+00:00,Ready,299609957
SiteA_2024-05-13_14_10_01,SiteA,2024-05-13T14:10:01+00:00,Ready,123522265
SiteA_2024-05-13_14_00_00,SiteA,2024-05-13T14:00:00+00:00,Ready,131449643
mendels_2024-05-13_14_00_00,mendels,2024-05-13T14:00:00+00:00,Ready,300094058
mendels_2024-05-13_13_50_00,mendels,2024-05-13T13:50:00+00:00,Ready,299460806
SiteA_2024-05-13_13_50_00,SiteA,2024-05-13T13:50:00+00:00,Ready,131101247
mendels_2024-05-13_13_40_01,mendels,2024-05-13T13:40:01+00:00,Ready,299582806
SiteA_2024-05-13_13_40_01,SiteA,2024-05-13T13:40:01+00:00,Ready,127547794
mendels_2024-05-13_13_30_00,mendels,2024-05-13T13:30:00+00:00,Ready,300093592
SiteA_2024-05-13_13_30_00,SiteA,2024-05-13T13:30:00+00:00,Ready,130848992
mendels_2024-05-13_13_20_00,mendels,2024-05-13T13:20:00+00:00,Ready,300046899
SiteA_2024-05-13_13_20_00,SiteA,2024-05-13T13:20:00+00:00,Ready,139064104
mendels_2024-05-13_13_10_01,mendels,2024-05-13T13:10:01+00:00,Ready,299610679
SiteA_2024-05-13_13_10_00,SiteA,2024-05-13T13:10:00+00:00,Ready,162535876
SiteA_2024-05-13_13_00_01,SiteA,2024-05-13T13:00:01+00:00,Ready,182898467
mendels_2024-05-13_13_00_00,mendels,2024-05-13T13:00:00+00:00,Ready,300077046
SiteA_2024-05-13_12_50_00,SiteA,2024-05-13T12:50:00+00:00,Ready,188464303
mendels_2024-05-13_12_50_00,mendels,2024-05-13T12:50:00+00:00,Ready,300095503
SiteA_2024-05-13_12_40_00,SiteA,2024-05-13T12:40:00+00:00,Ready,185354825
mendels_2024-05-13_12_40_00,mendels,2024-05-13T12:40:00+00:00,Ready,300071554
mendels_2024-05-13_12_30_01,mendels,2024-05-13T12:30:01+00:00,Ready,299545797
SiteA_2024-05-13_12_30_01,SiteA,2024-05-13T12:30:01+00:00,Ready,209088152
SiteA_2024-05-13_12_20_00,SiteA,2024-05-13T12:20:00+00:00,Ready,175693765
mendels_2024-05-13_12_20_00,mendels,2024-05-13T12:20:00+00:00,Ready,300100757
SiteA_2024-05-13_12_10_00,SiteA,2024-05-13T12:10:00+00:00,Ready,192744579
mendels_2024-05-13_12_10_00,mendels,2024-05-13T12:10:00+00:00,Ready,300109193
mendels_2024-05-13_12_00_01,mendels,2024-05-13T12:00:01+00:00,Ready,299603134
SiteA_2024-05-13_12_00_00,SiteA,2024-05-13T12:00:00+00:00,Ready,181930264
SiteA_2024-05-13_11_50_00,SiteA,2024-05-13T11:50:00+00:00,Ready,161152632
mendels_2024-05-13_11_50_00,mendels,2024-05-13T11:50:00+00:00,Ready,300118938
mendels_2024-05-13_11_40_00,mendels,2024-05-13T11:40:00+00:00,Ready,300095945
SiteA_2024-05-13_11_40_00,SiteA,2024-05-13T11:40:00+00:00,Ready,158335661
mendels_2024-05-13_11_30_01,mendels,2024-05-13T11:30:01+00:00,Ready,299620095
SiteA_2024-05-13_11_30_01,SiteA,2024-05-13T11:30:01+00:00,Ready,193260223
mendels_2024-05-13_11_20_00,mendels,2024-05-13T11:20:00+00:00,Ready,299593719
SiteA_2024-05-13_11_20_00,SiteA,2024-05-13T11:20:00+00:00,Ready,166333550
mendels_2024-05-13_11_10_00,mendels,2024-05-13T11:10:00+00:00,Ready,300113538
SiteA_2024-05-13_11_10_00,SiteA,2024-05-13T11:10:00+00:00,Ready,156862372
SiteA_2024-05-13_11_00_01,SiteA,2024-05-13T11:00:01+00:00,Ready,154315755
mendels_2024-05-13_11_00_00,mendels,2024-05-13T11:00:00+00:00,Ready,300113383
mendels_2024-05-13_10_50_01,mendels,2024-05-13T10:50:01+00:00,Ready,298257773
SiteA_2024-05-13_10_50_00,SiteA,2024-05-13T10:50:00+00:00,Ready,149116451
mendels_2024-05-13_10_40_00,mendels,2024-05-13T10:40:00+00:00,Ready,300050755
SiteA_2024-05-13_10_40_00,SiteA,2024-05-13T10:40:00+00:00,Ready,145427996
SiteA_2024-05-13_10_30_00,SiteA,2024-05-13T10:30:00+00:00,Ready,138139927
mendels_2024-05-13_10_30_00,mendels,2024-05-13T10:30:00+00:00,Ready,300052076
SiteA_2024-05-13_10_20_01,SiteA,2024-05-13T10:20:01+00:00,Ready,138009892
mendels_2024-05-13_10_20_00,mendels,2024-05-13T10:20:00+00:00,Ready,288477757
mendels_2024-05-13_10_10_01,mendels,2024-05-13T10:10:01+00:00,Ready,297824449
SiteA_2024-05-13_10_10_00,SiteA,2024-05-13T10:10:00+00:00,Ready,140775694
mendels_2024-05-13_10_00_00,mendels,2024-05-13T10:00:00+00:00,Ready,300099729
SiteA_2024-05-13_10_00_00,SiteA,2024-05-13T10:00:00+00:00,Ready,148086706
SiteA_2024-05-13_09_50_00,SiteA,2024-05-13T09:50:00+00:00,Ready,148077740
mendels_2024-05-13_09_50_00,mendels,2024-05-13T09:50:00+00:00,Ready,292386364
mendels_2024-05-13_09_40_01,mendels,2024-05-13T09:40:01+00:00,Ready,254658821
SiteA_2024-05-13_09_40_01,SiteA,2024-05-13T09:40:01+00:00,Ready,168349861
SiteA_2024-05-13_09_30_00,SiteA,2024-05-13T09:30:00+00:00,Ready,190339758
mendels_2024-05-13_09_30_00,mendels,2024-05-13T09:30:00+00:00,Ready,278432151
mendels_2024-05-13_09_20_00,mendels,2024-05-13T09:20:00+00:00,Ready,252060920
SiteA_2024-05-13_09_20_00,SiteA,2024-05-13T09:20:00+00:00,Ready,180949147
SiteA_2024-05-13_09_10_01,SiteA,2024-05-13T09:10:01+00:00,Ready,192225442
mendels_2024-05-13_09_10_00,mendels,2024-05-13T09:10:00+00:00,Ready,269767134
mendels_2024-05-13_09_00_01,mendels,2024-05-13T09:00:01+00:00,Ready,296253825
SiteA_2024-05-13_09_00_00,SiteA,2024-05-13T09:00:00+00:00,Ready,181138862
mendels_2024-05-13_08_55_35,mendels,2024-05-13T08:55:35+00:00,Ready,125851579
SiteA_2024-05-13_08_50_00,SiteA,2024-05-13T08:50:00+00:00,Ready,162718034
SiteA_2024-05-13_08_40_01,SiteA,2024-05-13T08:40:01+00:00,Ready,160986591
SiteA_2024-05-13_08_30_00,SiteA,2024-05-13T08:30:00+00:00,Ready,156067541
SiteA_2024-05-13_08_20_00,SiteA,2024-05-13T08:20:00+00:00,Ready,154373487
SiteA_2024-05-13_08_10_00,SiteA,2024-05-13T08:10:00+00:00,Ready,157389717
SiteA_2024-05-13_08_01_30,SiteA,2024-05-13T08:01:30+00:00,Ready,128883176
SiteA_2024-05-12_19_50_00,SiteA,2024-05-12T19:50:00+00:00,Ready,246647660
SiteA_2024-05-12_19_40_00,SiteA,2024-05-12T19:40:00+00:00,Ready,244887959
SiteA_2024-05-12_19_30_00,SiteA,2024-05-12T19:30:00+00:00,Ready,224593823
SiteA_2024-05-12_19_20_01,SiteA,2024-05-12T19:20:01+00:00,Ready,184913651
SiteA_2024-05-12_19_10_00,SiteA,2024-05-12T19:10:00+00:00,Ready,158592605
SiteA_2024-05-12_19_00_00,SiteA,2024-05-12T19:00:00+00:00,Ready,134962739
mendels_2024-05-12_19_00_00,mendels,2024-05-12T19:00:00+00:00,Ready,149422128
mendels_2024-05-12_18_50_01,mendels,2024-05-12T18:50:01+00:00,Ready,299611973
SiteA_2024-05-12_18_50_00,SiteA,2024-05-12T18:50:00+00:00,Ready,141135462
SiteA_2024-05-12_18_40_01,SiteA,2024-05-12T18:40:01+00:00,Ready,146835320
mendels_2024-05-12_18_40_00,mendels,2024-05-12T18:40:00+00:00,Ready,299131394
mendels_2024-05-12_18_30_00,mendels,2024-05-12T18:30:00+00:00,Ready,160046119
SiteA_2024-05-12_18_30_00,SiteA,2024-05-12T18:30:00+00:00,Ready,157225070
SiteA_2024-05-12_18_20_00,SiteA,2024-05-12T18:20:00+00:00,Ready,178426082
mendels_2024-05-12_18_20_00,mendels,2024-05-12T18:20:00+00:00,Ready,271424850
mendels_2024-05-12_18_10_01,mendels,2024-05-12T18:10:01+00:00,Ready,272342598
SiteA_2024-05-12_18_10_01,SiteA,2024-05-12T18:10:01+00:00,Ready,181438641
SiteA_2024-05-12_18_00_00,SiteA,2024-05-12T18:00:00+00:00,Ready,135946774
mendels_2024-05-12_18_00_00,mendels,2024-05-12T18:00:00+00:00,Ready,296080147
mendels_2024-05-12_17_50_00,mendels,2024-05-12T17:50:00+00:00,Ready,247478546
SiteA_2024-05-12_17_50_00,SiteA,2024-05-12T17:50:00+00:00,Ready,127100347
mendels_2024-05-12_17_40_01,mendels,2024-05-12T17:40:01+00:00,Ready,299556070
SiteA_2024-05-12_17_40_00,SiteA,2024-05-12T17:40:00+00:00,Ready,152039124
SiteA_2024-05-12_17_30_01,SiteA,2024-05-12T17:30:01+00:00,Ready,157174507
mendels_2024-05-12_17_30_00,mendels,2024-05-12T17:30:00+00:00,Ready,283227524
SiteA_2024-05-12_17_20_00,SiteA,2024-05-12T17:20:00+00:00,Ready,175769793
mendels_2024-05-12_17_20_00,mendels,2024-05-12T17:20:00+00:00,Ready,300073085
SiteA_2024-05-12_17_10_00,SiteA,2024-05-12T17:10:00+00:00,Ready,138705223
mendels_2024-05-12_17_10_00,mendels,2024-05-12T17:10:00+00:00,Ready,300052306
mendels_2024-05-12_17_00_01,mendels,2024-05-12T17:00:01+00:00,Ready,299594790
SiteA_2024-05-12_17_00_00,SiteA,2024-05-12T17:00:00+00:00,Ready,130448300
SiteA_2024-05-12_16_50_01,SiteA,2024-05-12T16:50:01+00:00,Ready,173382989
mendels_2024-05-12_16_50_00,mendels,2024-05-12T16:50:00+00:00,Ready,300123455
mendels_2024-05-12_16_40_00,mendels,2024-05-12T16:40:00+00:00,Ready,300083836
SiteA_2024-05-12_16_40_00,SiteA,2024-05-12T16:40:00+00:00,Ready,155323637
mendels_2024-05-12_16_30_01,mendels,2024-05-12T16:30:01+00:00,Ready,253980767
SiteA_2024-05-12_16_30_00,SiteA,2024-05-12T16:30:00+00:00,Ready,139045322
SiteA_2024-05-12_16_20_01,SiteA,2024-05-12T16:20:01+00:00,Ready,162909733
mendels_2024-05-12_16_20_00,mendels,2024-05-12T16:20:00+00:00,Ready,239876723
mendels_2024-05-12_16_10_00,mendels,2024-05-12T16:10:00+00:00,Ready,189133917
SiteA_2024-05-12_16_10_00,SiteA,2024-05-12T16:10:00+00:00,Ready,148463640
SiteA_2024-05-12_16_00_00,SiteA,2024-05-12T16:00:00+00:00,Ready,144611381
mendels_2024-05-12_16_00_00,mendels,2024-05-12T16:00:00+00:00,Ready,189920861
SiteA_2024-05-12_15_50_01,SiteA,2024-05-12T15:50:01+00:00,Ready,151472370
mendels_2024-05-12_15_50_01,mendels,2024-05-12T15:50:01+00:00,Ready,256699308
SiteA_2024-05-12_15_40_00,SiteA,2024-05-12T15:40:00+00:00,Ready,193991563
mendels_2024-05-12_15_40_00,mendels,2024-05-12T15:40:00+00:00,Ready,279344332
SiteA_2024-05-12_15_30_00,SiteA,2024-05-12T15:30:00+00:00,Ready,145055107
mendels_2024-05-12_15_30_00,mendels,2024-05-12T15:30:00+00:00,Ready,297359909
SiteA_2024-05-12_15_20_01,SiteA,2024-05-12T15:20:01+00:00,Ready,140714351
mendels_2024-05-12_15_20_00,mendels,2024-05-12T15:20:00+00:00,Ready,298547998
mendels_2024-05-12_15_10_01,mendels,2024-05-12T15:10:01+00:00,Ready,299609609
SiteA_2024-05-12_15_10_00,SiteA,2024-05-12T15:10:00+00:00,Ready,138647798
mendels_2024-05-12_15_00_00,mendels,2024-05-12T15:00:00+00:00,Ready,299809999
SiteA_2024-05-12_15_00_00,SiteA,2024-05-12T15:00:00+00:00,Ready,138739828
SiteA_2024-05-12_14_50_01,SiteA,2024-05-12T14:50:01+00:00,Ready,142928096
mendels_2024-05-12_14_50_00,mendels,2024-05-12T14:50:00+00:00,Ready,251614457
SiteA_2024-05-12_14_40_00,SiteA,2024-05-12T14:40:00+00:00,Ready,154030535
mendels_2024-05-12_14_40_00,mendels,2024-05-12T14:40:00+00:00,Ready,265851487
mendels_2024-05-12_14_30_01,mendels,2024-05-12T14:30:01+00:00,Ready,299610137
SiteA_2024-05-12_14_30_00,SiteA,2024-05-12T14:30:00+00:00,Ready,166661491
SiteA_2024-05-12_14_20_01,SiteA,2024-05-12T14:20:01+00:00,Ready,142799149
mendels_2024-05-12_14_20_00,mendels,2024-05-12T14:20:00+00:00,Ready,300027518
SiteA_2024-05-12_14_10_00,SiteA,2024-05-12T14:10:00+00:00,Ready,146417841
mendels_2024-05-12_14_10_00,mendels,2024-05-12T14:10:00+00:00,Ready,295099406
mendels_2024-05-12_14_00_00,mendels,2024-05-12T14:00:00+00:00,Ready,298842345
SiteA_2024-05-12_14_00_00,SiteA,2024-05-12T14:00:00+00:00,Ready,138193649
mendels_2024-05-12_13_50_01,mendels,2024-05-12T13:50:01+00:00,Ready,299587266
SiteA_2024-05-12_13_50_00,SiteA,2024-05-12T13:50:00+00:00,Ready,144644247
SiteA_2024-05-12_13_40_01,SiteA,2024-05-12T13:40:01+00:00,Ready,144278376
mendels_2024-05-12_13_40_00,mendels,2024-05-12T13:40:00+00:00,Ready,299150914
mendels_2024-05-12_13_30_01,mendels,2024-05-12T13:30:01+00:00,Ready,256121349
SiteA_2024-05-12_13_30_00,SiteA,2024-05-12T13:30:00+00:00,Ready,134088506
mendels_2024-05-12_13_20_00,mendels,2024-05-12T13:20:00+00:00,Ready,299963067
SiteA_2024-05-12_13_20_00,SiteA,2024-05-12T13:20:00+00:00,Ready,148040364
mendels_2024-05-12_13_10_00,mendels,2024-05-12T13:10:00+00:00,Ready,300008169
SiteA_2024-05-12_13_10_00,SiteA,2024-05-12T13:10:00+00:00,Ready,154107150
SiteA_2024-05-12_13_00_01,SiteA,2024-05-12T13:00:01+00:00,Ready,165709821
mendels_2024-05-12_13_00_01,mendels,2024-05-12T13:00:01+00:00,Ready,299429107
mendels_2024-05-12_12_50_00,mendels,2024-05-12T12:50:00+00:00,Ready,299929438
SiteA_2024-05-12_12_50_00,SiteA,2024-05-12T12:50:00+00:00,Ready,192308885
SiteA_2024-05-12_12_40_00,SiteA,2024-05-12T12:40:00+00:00,Ready,167900244
mendels_2024-05-12_12_40_00,mendels,2024-05-12T12:40:00+00:00,Ready,299956374
SiteA_2024-05-12_12_30_01,SiteA,2024-05-12T12:30:01+00:00,Ready,159182622
mendels_2024-05-12_12_30_00,mendels,2024-05-12T12:30:00+00:00,Ready,300034623
SiteA_2024-05-12_12_20_00,SiteA,2024-05-12T12:20:00+00:00,Ready,147761892
mendels_2024-05-12_12_20_00,mendels,2024-05-12T12:20:00+00:00,Ready,300097463
mendels_2024-05-12_12_10_01,mendels,2024-05-12T12:10:01+00:00,Ready,299577881
SiteA_2024-05-12_12_10_00,SiteA,2024-05-12T12:10:00+00:00,Ready,139548204
mendels_2024-05-12_12_00_00,mendels,2024-05-12T12:00:00+00:00,Ready,299178655
SiteA_2024-05-12_12_00_00,SiteA,2024-05-12T12:00:00+00:00,Ready,164349568
SiteA_2024-05-12_11_50_01,SiteA,2024-05-12T11:50:01+00:00,Ready,144576806
mendels_2024-05-12_11_50_00,mendels,2024-05-12T11:50:00+00:00,Ready,267892315
SiteA_2024-05-12_11_40_00,SiteA,2024-05-12T11:40:00+00:00,Ready,133536739
mendels_2024-05-12_11_40_00,mendels,2024-05-12T11:40:00+00:00,Ready,300099276
mendels_2024-05-12_11_30_01,mendels,2024-05-12T11:30:01+00:00,Ready,299609846
SiteA_2024-05-12_11_30_01,SiteA,2024-05-12T11:30:01+00:00,Ready,131608442
mendels_2024-05-12_11_20_00,mendels,2024-05-12T11:20:00+00:00,Ready,299725315
SiteA_2024-05-12_11_20_00,SiteA,2024-05-12T11:20:00+00:00,Ready,138492102
SiteA_2024-05-12_11_10_00,SiteA,2024-05-12T11:10:00+00:00,Ready,138770892
mendels_2024-05-12_11_10_00,mendels,2024-05-12T11:10:00+00:00,Ready,300062760
mendels_2024-05-12_11_00_01,mendels,2024-05-12T11:00:01+00:00,Ready,299588920
SiteA_2024-05-12_11_00_00,SiteA,2024-05-12T11:00:00+00:00,Ready,155981606
mendels_2024-05-12_10_50_00,mendels,2024-05-12T10:50:00+00:00,Ready,299990693
SiteA_2024-05-12_10_50_00,SiteA,2024-05-12T10:50:00+00:00,Ready,153815732
SiteA_2024-05-12_10_40_01,SiteA,2024-05-12T10:40:01+00:00,Ready,133539941
mendels_2024-05-12_10_40_00,mendels,2024-05-12T10:40:00+00:00,Ready,280229593
SiteA_2024-05-12_10_30_00,SiteA,2024-05-12T10:30:00+00:00,Ready,147216540
mendels_2024-05-12_10_30_00,mendels,2024-05-12T10:30:00+00:00,Ready,273597348
mendels_2024-05-12_10_20_01,mendels,2024-05-12T10:20:01+00:00,Ready,279329253
SiteA_2024-05-12_10_20_00,SiteA,2024-05-12T10:20:00+00:00,Ready,143492852
SiteA_2024-05-12_10_10_01,SiteA,2024-05-12T10:10:01+00:00,Ready,138883082
mendels_2024-05-12_10_10_00,mendels,2024-05-12T10:10:00+00:00,Ready,256453741
mendels_2024-05-12_10_00_00,mendels,2024-05-12T10:00:00+00:00,Ready,267132421
SiteA_2024-05-12_10_00_00,SiteA,2024-05-12T10:00:00+00:00,Ready,146939346
mendels_2024-05-12_09_50_01,mendels,2024-05-12T09:50:01+00:00,Ready,284085955
SiteA_2024-05-12_09_50_00,SiteA,2024-05-12T09:50:00+00:00,Ready,140054070
SiteA_2024-05-12_09_40_01,SiteA,2024-05-12T09:40:01+00:00,Ready,143438276
mendels_2024-05-12_09_40_00,mendels,2024-05-12T09:40:00+00:00,Ready,281190108
SiteA_2024-05-12_09_30_00,SiteA,2024-05-12T09:30:00+00:00,Ready,141738212
mendels_2024-05-12_09_30_00,mendels,2024-05-12T09:30:00+00:00,Ready,300064426
mendels_2024-05-12_09_20_01,mendels,2024-05-12T09:20:01+00:00,Ready,299464181
SiteA_2024-05-12_09_20_00,SiteA,2024-05-12T09:20:00+00:00,Ready,132434702
SiteA_2024-05-12_09_10_01,SiteA,2024-05-12T09:10:01+00:00,Ready,139311222
mendels_2024-05-12_09_10_00,mendels,2024-05-12T09:10:00+00:00,Ready,300100300
SiteA_2024-05-12_09_00_00,SiteA,2024-05-12T09:00:00+00:00,Ready,146142186
mendels_2024-05-12_09_00_00,mendels,2024-05-12T09:00:00+00:00,Ready,297586790
mendels_2024-05-12_08_55_36,mendels,2024-05-12T08:55:36+00:00,Ready,129698329
SiteA_2024-05-12_08_50_00,SiteA,2024-05-12T08:50:00+00:00,Ready,138206162
SiteA_2024-05-12_08_40_01,SiteA,2024-05-12T08:40:01+00:00,Ready,191432055
SiteA_2024-05-12_08_30_00,SiteA,2024-05-12T08:30:00+00:00,Ready,206234025
SiteA_2024-05-12_08_20_00,SiteA,2024-05-12T08:20:00+00:00,Ready,200897783
SiteA_2024-05-12_08_10_01,SiteA,2024-05-12T08:10:01+00:00,Ready,211144186
SiteA_2024-05-12_08_01_30,SiteA,2024-05-12T08:01:30+00:00,Ready,174917273
mendels_2024-05-11_19_00_01,mendels,2024-05-11T19:00:01+00:00,Ready,141299712
mendels_2024-05-11_18_50_00,mendels,2024-05-11T18:50:00+00:00,Ready,300091501
mendels_2024-05-11_18_40_00,mendels,2024-05-11T18:40:00+00:00,Ready,300094233
mendels_2024-05-11_18_30_00,mendels,2024-05-11T18:30:00+00:00,Ready,299632443
mendels_2024-05-11_18_20_01,mendels,2024-05-11T18:20:01+00:00,Ready,295633074
mendels_2024-05-11_18_10_00,mendels,2024-05-11T18:10:00+00:00,Ready,268785323
mendels_2024-05-11_18_00_00,mendels,2024-05-11T18:00:00+00:00,Ready,219385809
mendels_2024-05-11_17_50_00,mendels,2024-05-11T17:50:00+00:00,Ready,264430800
mendels_2024-05-11_17_40_01,mendels,2024-05-11T17:40:01+00:00,Ready,288488283
mendels_2024-05-11_17_30_00,mendels,2024-05-11T17:30:00+00:00,Ready,290324944
mendels_2024-05-11_17_20_00,mendels,2024-05-11T17:20:00+00:00,Ready,297647867
mendels_2024-05-11_17_10_01,mendels,2024-05-11T17:10:01+00:00,Ready,286558577
mendels_2024-05-11_17_00_00,mendels,2024-05-11T17:00:00+00:00,Ready,289140656
mendels_2024-05-11_16_50_00,mendels,2024-05-11T16:50:00+00:00,Ready,272922145
mendels_2024-05-11_16_40_00,mendels,2024-05-11T16:40:00+00:00,Ready,248767074
mendels_2024-05-11_16_30_01,mendels,2024-05-11T16:30:01+00:00,Ready,274352707
mendels_2024-05-11_16_20_00,mendels,2024-05-11T16:20:00+00:00,Ready,280637326
mendels_2024-05-11_16_10_00,mendels,2024-05-11T16:10:00+00:00,Ready,299028241
mendels_2024-05-11_16_00_01,mendels,2024-05-11T16:00:01+00:00,Ready,299608625
mendels_2024-05-11_15_50_00,mendels,2024-05-11T15:50:00+00:00,Ready,300028868
mendels_2024-05-11_15_40_00,mendels,2024-05-11T15:40:00+00:00,Ready,300102751
mendels_2024-05-11_15_30_00,mendels,2024-05-11T15:30:00+00:00,Ready,300065004
mendels_2024-05-11_15_20_01,mendels,2024-05-11T15:20:01+00:00,Ready,299471789
mendels_2024-05-11_15_10_00,mendels,2024-05-11T15:10:00+00:00,Ready,299146101
mendels_2024-05-11_15_00_00,mendels,2024-05-11T15:00:00+00:00,Ready,300050241
mendels_2024-05-11_14_50_01,mendels,2024-05-11T14:50:01+00:00,Ready,299574957
mendels_2024-05-11_14_40_00,mendels,2024-05-11T14:40:00+00:00,Ready,299976333
mendels_2024-05-11_14_30_00,mendels,2024-05-11T14:30:00+00:00,Ready,300053448
mendels_2024-05-11_14_20_01,mendels,2024-05-11T14:20:01+00:00,Ready,298914071
mendels_2024-05-11_14_10_00,mendels,2024-05-11T14:10:00+00:00,Ready,300088388
mendels_2024-05-11_14_00_00,mendels,2024-05-11T14:00:00+00:00,Ready,300046028
mendels_2024-05-11_13_50_00,mendels,2024-05-11T13:50:00+00:00,Ready,299990596
mendels_2024-05-11_13_40_01,mendels,2024-05-11T13:40:01+00:00,Ready,284675587
mendels_2024-05-11_13_30_00,mendels,2024-05-11T13:30:00+00:00,Ready,299328158
mendels_2024-05-11_13_20_01,mendels,2024-05-11T13:20:01+00:00,Ready,299554856
mendels_2024-05-11_13_10_00,mendels,2024-05-11T13:10:00+00:00,Ready,300101492
mendels_2024-05-11_13_00_00,mendels,2024-05-11T13:00:00+00:00,Ready,299629444
mendels_2024-05-11_12_50_00,mendels,2024-05-11T12:50:00+00:00,Ready,298962928
mendels_2024-05-11_12_40_00,mendels,2024-05-11T12:40:00+00:00,Ready,300109983
mendels_2024-05-11_12_30_01,mendels,2024-05-11T12:30:01+00:00,Ready,287142236
mendels_2024-05-11_12_20_00,mendels,2024-05-11T12:20:00+00:00,Ready,299796312
mendels_2024-05-11_12_10_00,mendels,2024-05-11T12:10:00+00:00,Ready,300061201
mendels_2024-05-11_12_00_01,mendels,2024-05-11T12:00:01+00:00,Ready,294234569
mendels_2024-05-11_11_50_00,mendels,2024-05-11T11:50:00+00:00,Ready,300058500
mendels_2024-05-11_11_40_00,mendels,2024-05-11T11:40:00+00:00,Ready,300058799
mendels_2024-05-11_11_30_00,mendels,2024-05-11T11:30:00+00:00,Ready,299634023
mendels_2024-05-11_11_20_01,mendels,2024-05-11T11:20:01+00:00,Ready,298815133
mendels_2024-05-11_11_10_00,mendels,2024-05-11T11:10:00+00:00,Ready,300096537
mendels_2024-05-11_11_00_00,mendels,2024-05-11T11:00:00+00:00,Ready,300064588
mendels_2024-05-11_10_50_00,mendels,2024-05-11T10:50:00+00:00,Ready,299699721
mendels_2024-05-11_10_40_00,mendels,2024-05-11T10:40:00+00:00,Ready,299601831
mendels_2024-05-11_10_30_01,mendels,2024-05-11T10:30:01+00:00,Ready,299562543
mendels_2024-05-11_10_20_00,mendels,2024-05-11T10:20:00+00:00,Ready,298835657
mendels_2024-05-11_10_10_00,mendels,2024-05-11T10:10:00+00:00,Ready,280755855
mendels_2024-05-11_10_00_01,mendels,2024-05-11T10:00:01+00:00,Ready,284192828
mendels_2024-05-11_09_50_00,mendels,2024-05-11T09:50:00+00:00,Ready,300105506
mendels_2024-05-11_09_40_00,mendels,2024-05-11T09:40:00+00:00,Ready,279230889
mendels_2024-05-11_09_30_01,mendels,2024-05-11T09:30:01+00:00,Ready,246652920
SiteA_2024-05-11_09_30_00,SiteA,2024-05-11T09:30:00+00:00,Ready,60035072
SiteA_2024-05-11_09_20_01,SiteA,2024-05-11T09:20:01+00:00,Ready,157119685
mendels_2024-05-11_09_20_00,mendels,2024-05-11T09:20:00+00:00,Ready,245463107
SiteA_2024-05-11_09_10_00,SiteA,2024-05-11T09:10:00+00:00,Ready,138089418
mendels_2024-05-11_09_10_00,mendels,2024-05-11T09:10:00+00:00,Ready,296481605
mendels_2024-05-11_09_00_01,mendels,2024-05-11T09:00:01+00:00,Ready,229216389
SiteA_2024-05-11_09_00_00,SiteA,2024-05-11T09:00:00+00:00,Ready,133823059
mendels_2024-05-11_08_55_36,mendels,2024-05-11T08:55:36+00:00,Ready,99015730
SiteA_2024-05-11_08_50_01,SiteA,2024-05-11T08:50:01+00:00,Ready,139296347
SiteA_2024-05-11_08_40_00,SiteA,2024-05-11T08:40:00+00:00,Ready,152178076
SiteA_2024-05-11_08_30_00,SiteA,2024-05-11T08:30:00+00:00,Ready,136997760
SiteA_2024-05-11_08_20_00,SiteA,2024-05-11T08:20:00+00:00,Ready,146467633
SiteA_2024-05-11_08_10_01,SiteA,2024-05-11T08:10:01+00:00,Ready,130702903
SiteA_2024-05-11_08_01_29,SiteA,2024-05-11T08:01:29+00:00,Ready,111649076
SiteA_2024-05-10_20_00_00,SiteA,2024-05-10T20:00:00+00:00,Ready,0
SiteA_2024-05-10_19_50_00,SiteA,2024-05-10T19:50:00+00:00,Ready,299372544
SiteA_2024-05-10_19_40_01,SiteA,2024-05-10T19:40:01+00:00,Ready,236319697
SiteA_2024-05-10_19_30_00,SiteA,2024-05-10T19:30:00+00:00,Ready,234536240
SiteA_2024-05-10_19_20_00,SiteA,2024-05-10T19:20:00+00:00,Ready,233241759
SiteA_2024-05-10_19_10_01,SiteA,2024-05-10T19:10:01+00:00,Ready,231426743
SiteA_2024-05-10_19_00_00,SiteA,2024-05-10T19:00:00+00:00,Ready,227545498
mendels_2024-05-10_19_00_00,mendels,2024-05-10T19:00:00+00:00,Ready,145231872
SiteA_2024-05-10_18_50_00,SiteA,2024-05-10T18:50:00+00:00,Ready,223764738
mendels_2024-05-10_18_50_00,mendels,2024-05-10T18:50:00+00:00,Ready,300058579
mendels_2024-05-10_18_40_00,mendels,2024-05-10T18:40:00+00:00,Ready,300078307
SiteA_2024-05-10_18_40_00,SiteA,2024-05-10T18:40:00+00:00,Ready,229476482
SiteA_2024-05-10_18_30_01,SiteA,2024-05-10T18:30:01+00:00,Ready,198141816
mendels_2024-05-10_18_30_00,mendels,2024-05-10T18:30:00+00:00,Ready,299645051
mendels_2024-05-10_18_20_01,mendels,2024-05-10T18:20:01+00:00,Ready,299552790
SiteA_2024-05-10_18_20_00,SiteA,2024-05-10T18:20:00+00:00,Ready,153230581
mendels_2024-05-10_18_10_00,mendels,2024-05-10T18:10:00+00:00,Ready,299996077
SiteA_2024-05-10_18_10_00,SiteA,2024-05-10T18:10:00+00:00,Ready,155963577
SiteA_2024-05-10_18_00_00,SiteA,2024-05-10T18:00:00+00:00,Ready,150005492
mendels_2024-05-10_18_00_00,mendels,2024-05-10T18:00:00+00:00,Ready,273975914
SiteA_2024-05-10_17_50_01,SiteA,2024-05-10T17:50:01+00:00,Ready,179817537
mendels_2024-05-10_17_50_01,mendels,2024-05-10T17:50:01+00:00,Ready,271545919
SiteA_2024-05-10_17_40_00,SiteA,2024-05-10T17:40:00+00:00,Ready,150697419
mendels_2024-05-10_17_40_00,mendels,2024-05-10T17:40:00+00:00,Ready,270727426
SiteA_2024-05-10_17_30_00,SiteA,2024-05-10T17:30:00+00:00,Ready,131347539
mendels_2024-05-10_17_30_00,mendels,2024-05-10T17:30:00+00:00,Ready,281476388
mendels_2024-05-10_17_20_01,mendels,2024-05-10T17:20:01+00:00,Ready,287285678
SiteA_2024-05-10_17_20_01,SiteA,2024-05-10T17:20:01+00:00,Ready,134051193
mendels_2024-05-10_17_10_00,mendels,2024-05-10T17:10:00+00:00,Ready,299874768
SiteA_2024-05-10_17_10_00,SiteA,2024-05-10T17:10:00+00:00,Ready,133898822
SiteA_2024-05-10_17_00_00,SiteA,2024-05-10T17:00:00+00:00,Ready,141079883
mendels_2024-05-10_17_00_00,mendels,2024-05-10T17:00:00+00:00,Ready,267444349
SiteA_2024-05-10_16_50_01,SiteA,2024-05-10T16:50:01+00:00,Ready,141944499
mendels_2024-05-10_16_50_00,mendels,2024-05-10T16:50:00+00:00,Ready,273789149
mendels_2024-05-10_16_40_01,mendels,2024-05-10T16:40:01+00:00,Ready,287271386
SiteA_2024-05-10_16_40_00,SiteA,2024-05-10T16:40:00+00:00,Ready,148462143
mendels_2024-05-10_16_30_00,mendels,2024-05-10T16:30:00+00:00,Ready,298019399
SiteA_2024-05-10_16_30_00,SiteA,2024-05-10T16:30:00+00:00,Ready,133806645
SiteA_2024-05-10_16_20_01,SiteA,2024-05-10T16:20:01+00:00,Ready,146004465
mendels_2024-05-10_16_20_00,mendels,2024-05-10T16:20:00+00:00,Ready,297487729
mendels_2024-05-10_16_10_01,mendels,2024-05-10T16:10:01+00:00,Ready,299612796
SiteA_2024-05-10_16_10_00,SiteA,2024-05-10T16:10:00+00:00,Ready,145602962
mendels_2024-05-10_16_00_00,mendels,2024-05-10T16:00:00+00:00,Ready,297469988
SiteA_2024-05-10_16_00_00,SiteA,2024-05-10T16:00:00+00:00,Ready,149527653
SiteA_2024-05-10_15_50_00,SiteA,2024-05-10T15:50:00+00:00,Ready,151550008
mendels_2024-05-10_15_50_00,mendels,2024-05-10T15:50:00+00:00,Ready,299884590
SiteA_2024-05-10_15_40_01,SiteA,2024-05-10T15:40:01+00:00,Ready,145234412
mendels_2024-05-10_15_40_00,mendels,2024-05-10T15:40:00+00:00,Ready,300101263
mendels_2024-05-10_15_30_01,mendels,2024-05-10T15:30:01+00:00,Ready,299362574
SiteA_2024-05-10_15_30_00,SiteA,2024-05-10T15:30:00+00:00,Ready,153384669
SiteA_2024-05-10_15_20_00,SiteA,2024-05-10T15:20:00+00:00,Ready,164173380
mendels_2024-05-10_15_20_00,mendels,2024-05-10T15:20:00+00:00,Ready,300022927
mendels_2024-05-10_15_10_00,mendels,2024-05-10T15:10:00+00:00,Ready,300047291
SiteA_2024-05-10_15_10_00,SiteA,2024-05-10T15:10:00+00:00,Ready,159157285
mendels_2024-05-10_15_00_00,mendels,2024-05-10T15:00:00+00:00,Ready,300110887
SiteA_2024-05-10_15_00_00,SiteA,2024-05-10T15:00:00+00:00,Ready,176550928
mendels_2024-05-10_14_50_01,mendels,2024-05-10T14:50:01+00:00,Ready,299625974
SiteA_2024-05-10_14_50_01,SiteA,2024-05-10T14:50:01+00:00,Ready,148472303
SiteA_2024-05-10_14_40_00,SiteA,2024-05-10T14:40:00+00:00,Ready,149331513
mendels_2024-05-10_14_40_00,mendels,2024-05-10T14:40:00+00:00,Ready,300095178
SiteA_2024-05-10_14_30_00,SiteA,2024-05-10T14:30:00+00:00,Ready,144336371
mendels_2024-05-10_14_30_00,mendels,2024-05-10T14:30:00+00:00,Ready,299402039
SiteA_2024-05-10_14_20_01,SiteA,2024-05-10T14:20:01+00:00,Ready,134324240
mendels_2024-05-10_14_20_00,mendels,2024-05-10T14:20:00+00:00,Ready,299774719
mendels_2024-05-10_14_10_01,mendels,2024-05-10T14:10:01+00:00,Ready,299558667
SiteA_2024-05-10_14_10_00,SiteA,2024-05-10T14:10:00+00:00,Ready,143315408
SiteA_2024-05-10_14_00_00,SiteA,2024-05-10T14:00:00+00:00,Ready,138698231
mendels_2024-05-10_14_00_00,mendels,2024-05-10T14:00:00+00:00,Ready,299944145
SiteA_2024-05-10_13_50_00,SiteA,2024-05-10T13:50:00+00:00,Ready,143732162
mendels_2024-05-10_13_50_00,mendels,2024-05-10T13:50:00+00:00,Ready,297375414
SiteA_2024-05-10_13_40_01,SiteA,2024-05-10T13:40:01+00:00,Ready,143175834
mendels_2024-05-10_13_40_00,mendels,2024-05-10T13:40:00+00:00,Ready,300086752
mendels_2024-05-10_13_30_01,mendels,2024-05-10T13:30:01+00:00,Ready,299562110
SiteA_2024-05-10_13_30_00,SiteA,2024-05-10T13:30:00+00:00,Ready,140059028
mendels_2024-05-10_13_20_00,mendels,2024-05-10T13:20:00+00:00,Ready,297697850
SiteA_2024-05-10_13_20_00,SiteA,2024-05-10T13:20:00+00:00,Ready,146020348
SiteA_2024-05-10_13_10_01,SiteA,2024-05-10T13:10:01+00:00,Ready,146014437
mendels_2024-05-10_13_10_00,mendels,2024-05-10T13:10:00+00:00,Ready,299413329
mendels_2024-05-10_13_00_01,mendels,2024-05-10T13:00:01+00:00,Ready,299576433
SiteA_2024-05-10_13_00_00,SiteA,2024-05-10T13:00:00+00:00,Ready,143197009
mendels_2024-05-10_12_50_00,mendels,2024-05-10T12:50:00+00:00,Ready,296134311
SiteA_2024-05-10_12_50_00,SiteA,2024-05-10T12:50:00+00:00,Ready,152876110
SiteA_2024-05-10_12_40_01,SiteA,2024-05-10T12:40:01+00:00,Ready,170968669
mendels_2024-05-10_12_40_01,mendels,2024-05-10T12:40:01+00:00,Ready,292518982
mendels_2024-05-10_12_30_00,mendels,2024-05-10T12:30:00+00:00,Ready,297748665
SiteA_2024-05-10_12_30_00,SiteA,2024-05-10T12:30:00+00:00,Ready,173640196
SiteA_2024-05-10_12_20_00,SiteA,2024-05-10T12:20:00+00:00,Ready,172457693
mendels_2024-05-10_12_20_00,mendels,2024-05-10T12:20:00+00:00,Ready,270731776
mendels_2024-05-10_12_10_01,mendels,2024-05-10T12:10:01+00:00,Ready,298971567
SiteA_2024-05-10_12_10_00,SiteA,2024-05-10T12:10:00+00:00,Ready,178907655
mendels_2024-05-10_12_00_00,mendels,2024-05-10T12:00:00+00:00,Ready,300106412
SiteA_2024-05-10_12_00_00,SiteA,2024-05-10T12:00:00+00:00,Ready,182379582
SiteA_2024-05-10_11_50_01,SiteA,2024-05-10T11:50:01+00:00,Ready,185651943
mendels_2024-05-10_11_50_00,mendels,2024-05-10T11:50:00+00:00,Ready,253597789
mendels_2024-05-10_11_40_00,mendels,2024-05-10T11:40:00+00:00,Ready,299416138
SiteA_2024-05-10_11_40_00,SiteA,2024-05-10T11:40:00+00:00,Ready,165327727
mendels_2024-05-10_11_30_01,mendels,2024-05-10T11:30:01+00:00,Ready,299609175
SiteA_2024-05-10_11_30_00,SiteA,2024-05-10T11:30:00+00:00,Ready,175563586
SiteA_2024-05-10_11_20_00,SiteA,2024-05-10T11:20:00+00:00,Ready,147692565
mendels_2024-05-10_11_20_00,mendels,2024-05-10T11:20:00+00:00,Ready,300098027
SiteA_2024-05-10_11_10_01,SiteA,2024-05-10T11:10:01+00:00,Ready,153444916
mendels_2024-05-10_11_10_00,mendels,2024-05-10T11:10:00+00:00,Ready,299426054
SiteA_2024-05-10_11_00_00,SiteA,2024-05-10T11:00:00+00:00,Ready,167674515
mendels_2024-05-10_11_00_00,mendels,2024-05-10T11:00:00+00:00,Ready,300099704
mendels_2024-05-10_10_50_01,mendels,2024-05-10T10:50:01+00:00,Ready,299563299
SiteA_2024-05-10_10_50_00,SiteA,2024-05-10T10:50:00+00:00,Ready,209543973
SiteA_2024-05-10_10_40_01,SiteA,2024-05-10T10:40:01+00:00,Ready,174181649
mendels_2024-05-10_10_40_00,mendels,2024-05-10T10:40:00+00:00,Ready,300079755
mendels_2024-05-10_10_30_00,mendels,2024-05-10T10:30:00+00:00,Ready,299713641
SiteA_2024-05-10_10_30_00,SiteA,2024-05-10T10:30:00+00:00,Ready,173780408
mendels_2024-05-10_10_20_01,mendels,2024-05-10T10:20:01+00:00,Ready,299605570
SiteA_2024-05-10_10_20_00,SiteA,2024-05-10T10:20:00+00:00,Ready,163803372
SiteA_2024-05-10_10_10_01,SiteA,2024-05-10T10:10:01+00:00,Ready,163504211
mendels_2024-05-10_10_10_00,mendels,2024-05-10T10:10:00+00:00,Ready,299212763
SiteA_2024-05-10_10_00_00,SiteA,2024-05-10T10:00:00+00:00,Ready,167124233
mendels_2024-05-10_10_00_00,mendels,2024-05-10T10:00:00+00:00,Ready,300078070
mendels_2024-05-10_09_50_01,mendels,2024-05-10T09:50:01+00:00,Ready,273360823
SiteA_2024-05-10_09_50_00,SiteA,2024-05-10T09:50:00+00:00,Ready,159881229
SiteA_2024-05-10_09_40_01,SiteA,2024-05-10T09:40:01+00:00,Ready,158885535
mendels_2024-05-10_09_40_00,mendels,2024-05-10T09:40:00+00:00,Ready,294265634
mendels_2024-05-10_09_30_00,mendels,2024-05-10T09:30:00+00:00,Ready,299526815
SiteA_2024-05-10_09_30_00,SiteA,2024-05-10T09:30:00+00:00,Ready,149895944
SiteA_2024-05-10_09_20_00,SiteA,2024-05-10T09:20:00+00:00,Ready,155152339
mendels_2024-05-10_09_20_00,mendels,2024-05-10T09:20:00+00:00,Ready,300094260
mendels_2024-05-10_09_10_01,mendels,2024-05-10T09:10:01+00:00,Ready,299585608
SiteA_2024-05-10_09_10_00,SiteA,2024-05-10T09:10:00+00:00,Ready,158562118
SiteA_2024-05-10_09_00_01,SiteA,2024-05-10T09:00:01+00:00,Ready,152001738
mendels_2024-05-10_09_00_00,mendels,2024-05-10T09:00:00+00:00,Ready,300098811
mendels_2024-05-10_08_55_34,mendels,2024-05-10T08:55:34+00:00,Ready,132933865
SiteA_2024-05-10_08_50_00,SiteA,2024-05-10T08:50:00+00:00,Ready,169968769
SiteA_2024-05-10_08_40_00,SiteA,2024-05-10T08:40:00+00:00,Ready,209084719
SiteA_2024-05-10_08_30_00,SiteA,2024-05-10T08:30:00+00:00,Ready,218438116
SiteA_2024-05-10_08_20_01,SiteA,2024-05-10T08:20:01+00:00,Ready,227897613
SiteA_2024-05-10_08_10_00,SiteA,2024-05-10T08:10:00+00:00,Ready,234416526
SiteA_2024-05-10_08_01_29,SiteA,2024-05-10T08:01:29+00:00,Ready,191996809
SiteA_2024-05-09_19_50_00,SiteA,2024-05-09T19:50:00+00:00,Ready,299368496
SiteA_2024-05-09_19_40_01,SiteA,2024-05-09T19:40:01+00:00,Ready,299594507
SiteA_2024-05-09_19_30_00,SiteA,2024-05-09T19:30:00+00:00,Ready,300103278
SiteA_2024-05-09_19_20_00,SiteA,2024-05-09T19:20:00+00:00,Ready,300095254
SiteA_2024-05-09_19_10_00,SiteA,2024-05-09T19:10:00+00:00,Ready,300062008
SiteA_2024-05-09_19_00_01,SiteA,2024-05-09T19:00:01+00:00,Ready,240713967
mendels_2024-05-09_19_00_00,mendels,2024-05-09T19:00:00+00:00,Ready,149684272
SiteA_2024-05-09_18_50_00,SiteA,2024-05-09T18:50:00+00:00,Ready,239345895
mendels_2024-05-09_18_50_00,mendels,2024-05-09T18:50:00+00:00,Ready,299702919
mendels_2024-05-09_18_40_01,mendels,2024-05-09T18:40:01+00:00,Ready,299560220
SiteA_2024-05-09_18_40_00,SiteA,2024-05-09T18:40:00+00:00,Ready,259510370
SiteA_2024-05-09_18_30_00,SiteA,2024-05-09T18:30:00+00:00,Ready,239212092
mendels_2024-05-09_18_30_00,mendels,2024-05-09T18:30:00+00:00,Ready,300078168
SiteA_2024-05-09_18_20_00,SiteA,2024-05-09T18:20:00+00:00,Ready,244674057
mendels_2024-05-09_18_20_00,mendels,2024-05-09T18:20:00+00:00,Ready,299988352
mendels_2024-05-09_18_10_01,mendels,2024-05-09T18:10:01+00:00,Ready,299211630
SiteA_2024-05-09_18_10_01,SiteA,2024-05-09T18:10:01+00:00,Ready,204924112
SiteA_2024-05-09_18_00_00,SiteA,2024-05-09T18:00:00+00:00,Ready,147682774
mendels_2024-05-09_18_00_00,mendels,2024-05-09T18:00:00+00:00,Ready,300100217
mendels_2024-05-09_17_50_00,mendels,2024-05-09T17:50:00+00:00,Ready,299926856
SiteA_2024-05-09_17_50_00,SiteA,2024-05-09T17:50:00+00:00,Ready,137663829
SiteA_2024-05-09_17_40_01,SiteA,2024-05-09T17:40:01+00:00,Ready,153253191
mendels_2024-05-09_17_40_01,mendels,2024-05-09T17:40:01+00:00,Ready,299611667
mendels_2024-05-09_17_30_00,mendels,2024-05-09T17:30:00+00:00,Ready,299537048
SiteA_2024-05-09_17_30_00,SiteA,2024-05-09T17:30:00+00:00,Ready,183830552
mendels_2024-05-09_17_20_00,mendels,2024-05-09T17:20:00+00:00,Ready,300070708
SiteA_2024-05-09_17_20_00,SiteA,2024-05-09T17:20:00+00:00,Ready,225271573
mendels_2024-05-09_17_10_01,mendels,2024-05-09T17:10:01+00:00,Ready,299356815
SiteA_2024-05-09_17_10_01,SiteA,2024-05-09T17:10:01+00:00,Ready,171809124
mendels_2024-05-09_17_00_00,mendels,2024-05-09T17:00:00+00:00,Ready,300016086
SiteA_2024-05-09_17_00_00,SiteA,2024-05-09T17:00:00+00:00,Ready,176679466
SiteA_2024-05-09_16_50_00,SiteA,2024-05-09T16:50:00+00:00,Ready,155510160
mendels_2024-05-09_16_50_00,mendels,2024-05-09T16:50:00+00:00,Ready,300066772
mendels_2024-05-09_16_40_00,mendels,2024-05-09T16:40:00+00:00,Ready,299973073
SiteA_2024-05-09_16_40_00,SiteA,2024-05-09T16:40:00+00:00,Ready,150139801
SiteA_2024-05-09_16_30_01,SiteA,2024-05-09T16:30:01+00:00,Ready,134212013
mendels_2024-05-09_16_30_01,mendels,2024-05-09T16:30:01+00:00,Ready,285390169
mendels_2024-05-09_16_20_00,mendels,2024-05-09T16:20:00+00:00,Ready,300037472
SiteA_2024-05-09_16_20_00,SiteA,2024-05-09T16:20:00+00:00,Ready,137429677
mendels_2024-05-09_16_10_00,mendels,2024-05-09T16:10:00+00:00,Ready,298770368
SiteA_2024-05-09_16_10_00,SiteA,2024-05-09T16:10:00+00:00,Ready,148915996
SiteA_2024-05-09_16_00_00,SiteA,2024-05-09T16:00:00+00:00,Ready,141812963
mendels_2024-05-09_16_00_00,mendels,2024-05-09T16:00:00+00:00,Ready,300084940
mendels_2024-05-09_15_50_01,mendels,2024-05-09T15:50:01+00:00,Ready,299542488
SiteA_2024-05-09_15_50_01,SiteA,2024-05-09T15:50:01+00:00,Ready,142314323
SiteA_2024-05-09_15_40_00,SiteA,2024-05-09T15:40:00+00:00,Ready,137614576
mendels_2024-05-09_15_40_00,mendels,2024-05-09T15:40:00+00:00,Ready,300051503
mendels_2024-05-09_15_30_00,mendels,2024-05-09T15:30:00+00:00,Ready,299376142
SiteA_2024-05-09_15_30_00,SiteA,2024-05-09T15:30:00+00:00,Ready,141844115
mendels_2024-05-09_15_20_01,mendels,2024-05-09T15:20:01+00:00,Ready,299613296
SiteA_2024-05-09_15_20_00,SiteA,2024-05-09T15:20:00+00:00,Ready,141376400
SiteA_2024-05-09_15_10_01,SiteA,2024-05-09T15:10:01+00:00,Ready,144394211
mendels_2024-05-09_15_10_00,mendels,2024-05-09T15:10:00+00:00,Ready,299368690
mendels_2024-05-09_15_00_00,mendels,2024-05-09T15:00:00+00:00,Ready,300052835
SiteA_2024-05-09_15_00_00,SiteA,2024-05-09T15:00:00+00:00,Ready,147905347
mendels_2024-05-09_14_50_01,mendels,2024-05-09T14:50:01+00:00,Ready,299608523
SiteA_2024-05-09_14_50_00,SiteA,2024-05-09T14:50:00+00:00,Ready,149679321
SiteA_2024-05-09_14_40_01,SiteA,2024-05-09T14:40:01+00:00,Ready,144840902
mendels_2024-05-09_14_40_00,mendels,2024-05-09T14:40:00+00:00,Ready,300042600
mendels_2024-05-09_14_30_00,mendels,2024-05-09T14:30:00+00:00,Ready,300032160
SiteA_2024-05-09_14_30_00,SiteA,2024-05-09T14:30:00+00:00,Ready,145764464
SiteA_2024-05-09_14_20_00,SiteA,2024-05-09T14:20:00+00:00,Ready,139234742
mendels_2024-05-09_14_20_00,mendels,2024-05-09T14:20:00+00:00,Ready,300101796
mendels_2024-05-09_14_10_01,mendels,2024-05-09T14:10:01+00:00,Ready,299613983
SiteA_2024-05-09_14_10_01,SiteA,2024-05-09T14:10:01+00:00,Ready,139708180
SiteA_2024-05-09_14_00_00,SiteA,2024-05-09T14:00:00+00:00,Ready,140243116
mendels_2024-05-09_14_00_00,mendels,2024-05-09T14:00:00+00:00,Ready,299224186
mendels_2024-05-09_13_50_00,mendels,2024-05-09T13:50:00+00:00,Ready,299948871
SiteA_2024-05-09_13_50_00,SiteA,2024-05-09T13:50:00+00:00,Ready,148081846
mendels_2024-05-09_13_40_01,mendels,2024-05-09T13:40:01+00:00,Ready,299628779
SiteA_2024-05-09_13_40_01,SiteA,2024-05-09T13:40:01+00:00,Ready,145153321
SiteA_2024-05-09_13_30_00,SiteA,2024-05-09T13:30:00+00:00,Ready,141300817
mendels_2024-05-09_13_30_00,mendels,2024-05-09T13:30:00+00:00,Ready,289609349
SiteA_2024-05-09_13_20_00,SiteA,2024-05-09T13:20:00+00:00,Ready,140950798
mendels_2024-05-09_13_20_00,mendels,2024-05-09T13:20:00+00:00,Ready,284195087
SiteA_2024-05-09_13_10_01,SiteA,2024-05-09T13:10:01+00:00,Ready,151378733
mendels_2024-05-09_13_10_00,mendels,2024-05-09T13:10:00+00:00,Ready,287362329
mendels_2024-05-09_13_00_01,mendels,2024-05-09T13:00:01+00:00,Ready,292682067
SiteA_2024-05-09_13_00_00,SiteA,2024-05-09T13:00:00+00:00,Ready,154169531
SiteA_2024-05-09_12_50_00,SiteA,2024-05-09T12:50:00+00:00,Ready,145111400
mendels_2024-05-09_12_50_00,mendels,2024-05-09T12:50:00+00:00,Ready,300003799
SiteA_2024-05-09_12_40_00,SiteA,2024-05-09T12:40:00+00:00,Ready,146509711
mendels_2024-05-09_12_40_00,mendels,2024-05-09T12:40:00+00:00,Ready,296197156
mendels_2024-05-09_12_30_01,mendels,2024-05-09T12:30:01+00:00,Ready,264965010
SiteA_2024-05-09_12_30_01,SiteA,2024-05-09T12:30:01+00:00,Ready,138851043
mendels_2024-05-09_12_20_00,mendels,2024-05-09T12:20:00+00:00,Ready,294799586
SiteA_2024-05-09_12_20_00,SiteA,2024-05-09T12:20:00+00:00,Ready,139962013
mendels_2024-05-09_12_10_00,mendels,2024-05-09T12:10:00+00:00,Ready,300096339
SiteA_2024-05-09_12_10_00,SiteA,2024-05-09T12:10:00+00:00,Ready,149906315
SiteA_2024-05-09_12_00_01,SiteA,2024-05-09T12:00:01+00:00,Ready,150243775
mendels_2024-05-09_12_00_00,mendels,2024-05-09T12:00:00+00:00,Ready,300048050
mendels_2024-05-09_11_50_01,mendels,2024-05-09T11:50:01+00:00,Ready,297067338
SiteA_2024-05-09_11_50_00,SiteA,2024-05-09T11:50:00+00:00,Ready,140037089
SiteA_2024-05-09_11_40_01,SiteA,2024-05-09T11:40:01+00:00,Ready,144020642
mendels_2024-05-09_11_40_00,mendels,2024-05-09T11:40:00+00:00,Ready,298241977
mendels_2024-05-09_11_30_00,mendels,2024-05-09T11:30:00+00:00,Ready,300099930
SiteA_2024-05-09_11_30_00,SiteA,2024-05-09T11:30:00+00:00,Ready,142533471
mendels_2024-05-09_11_20_01,mendels,2024-05-09T11:20:01+00:00,Ready,299572700
SiteA_2024-05-09_11_20_00,SiteA,2024-05-09T11:20:00+00:00,Ready,137787362
SiteA_2024-05-09_11_10_00,SiteA,2024-05-09T11:10:00+00:00,Ready,137687112
mendels_2024-05-09_11_10_00,mendels,2024-05-09T11:10:00+00:00,Ready,300109247
SiteA_2024-05-09_11_00_01,SiteA,2024-05-09T11:00:01+00:00,Ready,141373291
mendels_2024-05-09_11_00_00,mendels,2024-05-09T11:00:00+00:00,Ready,300067741
mendels_2024-05-09_10_50_01,mendels,2024-05-09T10:50:01+00:00,Ready,299611180
SiteA_2024-05-09_10_50_00,SiteA,2024-05-09T10:50:00+00:00,Ready,141169894
SiteA_2024-05-09_10_40_01,SiteA,2024-05-09T10:40:01+00:00,Ready,139151101
mendels_2024-05-09_10_40_00,mendels,2024-05-09T10:40:00+00:00,Ready,290928645
SiteA_2024-05-09_10_30_00,SiteA,2024-05-09T10:30:00+00:00,Ready,148123449
mendels_2024-05-09_10_30_00,mendels,2024-05-09T10:30:00+00:00,Ready,297414258
mendels_2024-05-09_10_20_01,mendels,2024-05-09T10:20:01+00:00,Ready,299484422
SiteA_2024-05-09_10_20_00,SiteA,2024-05-09T10:20:00+00:00,Ready,147308514
SiteA_2024-05-09_10_10_00,SiteA,2024-05-09T10:10:00+00:00,Ready,153577031
mendels_2024-05-09_10_10_00,mendels,2024-05-09T10:10:00+00:00,Ready,298545959
SiteA_2024-05-09_10_00_01,SiteA,2024-05-09T10:00:01+00:00,Ready,160106599
mendels_2024-05-09_10_00_00,mendels,2024-05-09T10:00:00+00:00,Ready,292366143
mendels_2024-05-09_09_50_00,mendels,2024-05-09T09:50:00+00:00,Ready,300052772
SiteA_2024-05-09_09_50_00,SiteA,2024-05-09T09:50:00+00:00,Ready,161001163
mendels_2024-05-09_09_40_01,mendels,2024-05-09T09:40:01+00:00,Ready,298008102
SiteA_2024-05-09_09_40_00,SiteA,2024-05-09T09:40:00+00:00,Ready,157146367
SiteA_2024-05-09_09_30_00,SiteA,2024-05-09T09:30:00+00:00,Ready,159307488
mendels_2024-05-09_09_30_00,mendels,2024-05-09T09:30:00+00:00,Ready,268631332
SiteA_2024-05-09_09_20_01,SiteA,2024-05-09T09:20:01+00:00,Ready,152605811
mendels_2024-05-09_09_20_00,mendels,2024-05-09T09:20:00+00:00,Ready,275738081
mendels_2024-05-09_09_10_00,mendels,2024-05-09T09:10:00+00:00,Ready,275631254
SiteA_2024-05-09_09_10_00,SiteA,2024-05-09T09:10:00+00:00,Ready,147220744
mendels_2024-05-09_09_00_01,mendels,2024-05-09T09:00:01+00:00,Ready,253740135
SiteA_2024-05-09_09_00_00,SiteA,2024-05-09T09:00:00+00:00,Ready,140121742
mendels_2024-05-09_08_55_35,mendels,2024-05-09T08:55:35+00:00,Ready,129288027
SiteA_2024-05-09_08_50_01,SiteA,2024-05-09T08:50:01+00:00,Ready,150598123
SiteA_2024-05-09_08_40_00,SiteA,2024-05-09T08:40:00+00:00,Ready,147106171
SiteA_2024-05-09_08_30_00,SiteA,2024-05-09T08:30:00+00:00,Ready,153824493
SiteA_2024-05-09_08_20_01,SiteA,2024-05-09T08:20:01+00:00,Ready,136520810
SiteA_2024-05-09_08_10_00,SiteA,2024-05-09T08:10:00+00:00,Ready,142865661
SiteA_2024-05-09_08_01_29,SiteA,2024-05-09T08:01:29+00:00,Ready,124126359
SiteA_2024-05-08_19_50_00,SiteA,2024-05-08T19:50:00+00:00,Ready,252761127
SiteA_2024-05-08_19_40_01,SiteA,2024-05-08T19:40:01+00:00,Ready,263832630
SiteA_2024-05-08_19_30_00,SiteA,2024-05-08T19:30:00+00:00,Ready,254961355
SiteA_2024-05-08_19_20_00,SiteA,2024-05-08T19:20:00+00:00,Ready,222902812
SiteA_2024-05-08_19_10_00,SiteA,2024-05-08T19:10:00+00:00,Ready,184417008
SiteA_2024-05-08_19_00_01,SiteA,2024-05-08T19:00:01+00:00,Ready,173963272
mendels_2024-05-08_19_00_00,mendels,2024-05-08T19:00:00+00:00,Ready,149684272
mendels_2024-05-08_18_50_00,mendels,2024-05-08T18:50:00+00:00,Ready,300084570
SiteA_2024-05-08_18_50_00,SiteA,2024-05-08T18:50:00+00:00,Ready,164788310
mendels_2024-05-08_18_40_01,mendels,2024-05-08T18:40:01+00:00,Ready,299600980
SiteA_2024-05-08_18_40_00,SiteA,2024-05-08T18:40:00+00:00,Ready,172189359
SiteA_2024-05-08_18_30_01,SiteA,2024-05-08T18:30:01+00:00,Ready,205515597
mendels_2024-05-08_18_30_00,mendels,2024-05-08T18:30:00+00:00,Ready,300116786
SiteA_2024-05-08_18_20_00,SiteA,2024-05-08T18:20:00+00:00,Ready,292564386
mendels_2024-05-08_18_20_00,mendels,2024-05-08T18:20:00+00:00,Ready,300105561
mendels_2024-05-08_18_10_01,mendels,2024-05-08T18:10:01+00:00,Ready,299585186
SiteA_2024-05-08_18_10_00,SiteA,2024-05-08T18:10:00+00:00,Ready,252959039
SiteA_2024-05-08_18_00_01,SiteA,2024-05-08T18:00:01+00:00,Ready,206546296
mendels_2024-05-08_18_00_00,mendels,2024-05-08T18:00:00+00:00,Ready,300051938
SiteA_2024-05-08_17_50_00,SiteA,2024-05-08T17:50:00+00:00,Ready,245819882
mendels_2024-05-08_17_50_00,mendels,2024-05-08T17:50:00+00:00,Ready,300052581
SiteA_2024-05-08_17_40_00,SiteA,2024-05-08T17:40:00+00:00,Ready,227508568
mendels_2024-05-08_17_40_00,mendels,2024-05-08T17:40:00+00:00,Ready,300066076
mendels_2024-05-08_17_30_01,mendels,2024-05-08T17:30:01+00:00,Ready,299525102
SiteA_2024-05-08_17_30_00,SiteA,2024-05-08T17:30:00+00:00,Ready,224453338
SiteA_2024-05-08_17_20_00,SiteA,2024-05-08T17:20:00+00:00,Ready,206831005
mendels_2024-05-08_17_20_00,mendels,2024-05-08T17:20:00+00:00,Ready,300100628
SiteA_2024-05-08_17_10_01,SiteA,2024-05-08T17:10:01+00:00,Ready,233675661
mendels_2024-05-08_17_10_00,mendels,2024-05-08T17:10:00+00:00,Ready,300065822
SiteA_2024-05-08_17_00_00,SiteA,2024-05-08T17:00:00+00:00,Ready,299915195
mendels_2024-05-08_17_00_00,mendels,2024-05-08T17:00:00+00:00,Ready,300096097
mendels_2024-05-08_16_50_01,mendels,2024-05-08T16:50:01+00:00,Ready,299555659
SiteA_2024-05-08_16_50_00,SiteA,2024-05-08T16:50:00+00:00,Ready,280307465
SiteA_2024-05-08_16_40_01,SiteA,2024-05-08T16:40:01+00:00,Ready,298528546
mendels_2024-05-08_16_40_00,mendels,2024-05-08T16:40:00+00:00,Ready,300079734
SiteA_2024-05-08_16_30_00,SiteA,2024-05-08T16:30:00+00:00,Ready,296131800
mendels_2024-05-08_16_30_00,mendels,2024-05-08T16:30:00+00:00,Ready,300082492
mendels_2024-05-08_16_20_01,mendels,2024-05-08T16:20:01+00:00,Ready,299444882
SiteA_2024-05-08_16_20_00,SiteA,2024-05-08T16:20:00+00:00,Ready,243642669
SiteA_2024-05-08_16_10_00,SiteA,2024-05-08T16:10:00+00:00,Ready,203246620
mendels_2024-05-08_16_10_00,mendels,2024-05-08T16:10:00+00:00,Ready,300046185
SiteA_2024-05-08_16_00_01,SiteA,2024-05-08T16:00:01+00:00,Ready,299174024
mendels_2024-05-08_16_00_00,mendels,2024-05-08T16:00:00+00:00,Ready,300097913
fv,mendels,2024-05-08T15:50:26+00:00,Ready,22593124
mendels_2024-05-08_15_50_00,mendels,2024-05-08T15:50:00+00:00,Ready,300087525
SiteA_2024-05-08_15_50_00,SiteA,2024-05-08T15:50:00+00:00,Ready,282564642
mendels_2024-05-08_15_40_01,mendels,2024-05-08T15:40:01+00:00,Ready,299606985
SiteA_2024-05-08_15_40_00,SiteA,2024-05-08T15:40:00+00:00,Ready,236353468
SiteA_2024-05-08_15_30_00,SiteA,2024-05-08T15:30:00+00:00,Ready,200849158
mendels_2024-05-08_15_30_00,mendels,2024-05-08T15:30:00+00:00,Ready,300129704
SiteA_2024-05-08_15_20_01,SiteA,2024-05-08T15:20:01+00:00,Ready,162191896
mendels_2024-05-08_15_20_00,mendels,2024-05-08T15:20:00+00:00,Ready,300079686
mendels_2024-05-08_15_10_01,mendels,2024-05-08T15:10:01+00:00,Ready,299568277
SiteA_2024-05-08_15_10_00,SiteA,2024-05-08T15:10:00+00:00,Ready,176888933
mendels_2024-05-08_15_00_00,mendels,2024-05-08T15:00:00+00:00,Ready,300048548
SiteA_2024-05-08_15_00_00,SiteA,2024-05-08T15:00:00+00:00,Ready,178309644
SiteA_2024-05-08_14_50_00,SiteA,2024-05-08T14:50:00+00:00,Ready,177130027
mendels_2024-05-08_14_50_00,mendels,2024-05-08T14:50:00+00:00,Ready,299628935
mendels_2024-05-08_14_40_01,mendels,2024-05-08T14:40:01+00:00,Ready,299576893
SiteA_2024-05-08_14_40_01,SiteA,2024-05-08T14:40:01+00:00,Ready,180916100
SiteA_2024-05-08_14_30_00,SiteA,2024-05-08T14:30:00+00:00,Ready,178976923
mendels_2024-05-08_14_30_00,mendels,2024-05-08T14:30:00+00:00,Ready,300066677
SiteA_2024-05-08_14_20_00,SiteA,2024-05-08T14:20:00+00:00,Ready,204508128
mendels_2024-05-08_14_20_00,mendels,2024-05-08T14:20:00+00:00,Ready,300086220
mendels_2024-05-08_14_10_01,mendels,2024-05-08T14:10:01+00:00,Ready,299570631
SiteA_2024-05-08_14_10_01,SiteA,2024-05-08T14:10:01+00:00,Ready,204583643
mendels_2024-05-08_14_00_00,mendels,2024-05-08T14:00:00+00:00,Ready,300066907
SiteA_2024-05-08_14_00_00,SiteA,2024-05-08T14:00:00+00:00,Ready,189159731
SiteA_2024-05-08_13_50_00,SiteA,2024-05-08T13:50:00+00:00,Ready,199596404
mendels_2024-05-08_13_50_00,mendels,2024-05-08T13:50:00+00:00,Ready,300045511
mendels_2024-05-08_13_40_00,mendels,2024-05-08T13:40:00+00:00,Ready,300109283
SiteA_2024-05-08_13_40_00,SiteA,2024-05-08T13:40:00+00:00,Ready,209441781
SiteA_2024-05-08_13_30_01,SiteA,2024-05-08T13:30:01+00:00,Ready,193969640
mendels_2024-05-08_13_30_01,mendels,2024-05-08T13:30:01+00:00,Ready,299559701
SiteA_2024-05-08_13_20_00,SiteA,2024-05-08T13:20:00+00:00,Ready,213141165
mendels_2024-05-08_13_20_00,mendels,2024-05-08T13:20:00+00:00,Ready,300084024
mendels_2024-05-08_13_10_00,mendels,2024-05-08T13:10:00+00:00,Ready,300021530
SiteA_2024-05-08_13_10_00,SiteA,2024-05-08T13:10:00+00:00,Ready,212705044
mendels_2024-05-08_13_00_01,mendels,2024-05-08T13:00:01+00:00,Ready,299502704
SiteA_2024-05-08_13_00_00,SiteA,2024-05-08T13:00:00+00:00,Ready,278816701
SiteA_2024-05-08_12_50_01,SiteA,2024-05-08T12:50:01+00:00,Ready,282245956
mendels_2024-05-08_12_50_00,mendels,2024-05-08T12:50:00+00:00,Ready,300068053
SiteA_2024-05-08_12_40_00,SiteA,2024-05-08T12:40:00+00:00,Ready,236286859
mendels_2024-05-08_12_40_00,mendels,2024-05-08T12:40:00+00:00,Ready,299969359
mendels_2024-05-08_12_30_00,mendels,2024-05-08T12:30:00+00:00,Ready,299001778
SiteA_2024-05-08_12_30_00,SiteA,2024-05-08T12:30:00+00:00,Ready,258038897
mendels_2024-05-08_12_20_01,mendels,2024-05-08T12:20:01+00:00,Ready,298621272
SiteA_2024-05-08_12_20_01,SiteA,2024-05-08T12:20:01+00:00,Ready,257244091
SiteA_2024-05-08_12_10_00,SiteA,2024-05-08T12:10:00+00:00,Ready,283294375
mendels_2024-05-08_12_10_00,mendels,2024-05-08T12:10:00+00:00,Ready,300117295
SiteA_2024-05-08_12_00_00,SiteA,2024-05-08T12:00:00+00:00,Ready,273925312
mendels_2024-05-08_12_00_00,mendels,2024-05-08T12:00:00+00:00,Ready,300033172
SiteA_2024-05-08_11_50_01,SiteA,2024-05-08T11:50:01+00:00,Ready,296095292
mendels_2024-05-08_11_50_01,mendels,2024-05-08T11:50:01+00:00,Ready,299553315
mendels_2024-05-08_11_40_00,mendels,2024-05-08T11:40:00+00:00,Ready,300046185
SiteA_2024-05-08_11_40_00,SiteA,2024-05-08T11:40:00+00:00,Ready,266628281
mendels_2024-05-08_11_30_00,mendels,2024-05-08T11:30:00+00:00,Ready,299429658
SiteA_2024-05-08_11_30_00,SiteA,2024-05-08T11:30:00+00:00,Ready,291451317
SiteA_2024-05-08_11_20_00,SiteA,2024-05-08T11:20:00+00:00,Ready,281202256
mendels_2024-05-08_11_20_00,mendels,2024-05-08T11:20:00+00:00,Ready,300061836
SiteA_2024-05-08_11_10_01,SiteA,2024-05-08T11:10:01+00:00,Ready,258992711
mendels_2024-05-08_11_10_01,mendels,2024-05-08T11:10:01+00:00,Ready,298573895
mendels_2024-05-08_11_00_00,mendels,2024-05-08T11:00:00+00:00,Ready,300107568
SiteA_2024-05-08_11_00_00,SiteA,2024-05-08T11:00:00+00:00,Ready,294870944
mendels_2024-05-08_10_50_00,mendels,2024-05-08T10:50:00+00:00,Ready,300059513
SiteA_2024-05-08_10_50_00,SiteA,2024-05-08T10:50:00+00:00,Ready,285643692
mendels_2024-05-08_10_40_01,mendels,2024-05-08T10:40:01+00:00,Ready,299583196
SiteA_2024-05-08_10_40_00,SiteA,2024-05-08T10:40:00+00:00,Ready,283200776
SiteA_2024-05-08_10_30_01,SiteA,2024-05-08T10:30:01+00:00,Ready,252817373
mendels_2024-05-08_10_30_00,mendels,2024-05-08T10:30:00+00:00,Ready,299964123
SiteA_2024-05-08_10_20_00,SiteA,2024-05-08T10:20:00+00:00,Ready,245378884
mendels_2024-05-08_10_20_00,mendels,2024-05-08T10:20:00+00:00,Ready,299795353
mendels_2024-05-08_10_10_01,mendels,2024-05-08T10:10:01+00:00,Ready,299606809
SiteA_2024-05-08_10_10_00,SiteA,2024-05-08T10:10:00+00:00,Ready,200356044
SiteA_2024-05-08_10_00_00,SiteA,2024-05-08T10:00:00+00:00,Ready,210984808
mendels_2024-05-08_10_00_00,mendels,2024-05-08T10:00:00+00:00,Ready,299683445
SiteA_2024-05-08_09_50_01,SiteA,2024-05-08T09:50:01+00:00,Ready,255682189
mendels_2024-05-08_09_50_00,mendels,2024-05-08T09:50:00+00:00,Ready,299816068
SiteA_2024-05-08_09_40_00,SiteA,2024-05-08T09:40:00+00:00,Ready,224616417
mendels_2024-05-08_09_40_00,mendels,2024-05-08T09:40:00+00:00,Ready,300019160
mendels_2024-05-08_09_30_01,mendels,2024-05-08T09:30:01+00:00,Ready,299601011
SiteA_2024-05-08_09_30_00,SiteA,2024-05-08T09:30:00+00:00,Ready,235416640
SiteA_2024-05-08_09_20_01,SiteA,2024-05-08T09:20:01+00:00,Ready,206021292
mendels_2024-05-08_09_20_00,mendels,2024-05-08T09:20:00+00:00,Ready,300115429
SiteA_2024-05-08_09_10_00,SiteA,2024-05-08T09:10:00+00:00,Ready,207235890
mendels_2024-05-08_09_10_00,mendels,2024-05-08T09:10:00+00:00,Ready,300077912
mendels_2024-05-08_09_00_01,mendels,2024-05-08T09:00:01+00:00,Ready,299036792
SiteA_2024-05-08_09_00_00,SiteA,2024-05-08T09:00:00+00:00,Ready,222581428
mendels_2024-05-08_08_55_34,mendels,2024-05-08T08:55:34+00:00,Ready,132898729
SiteA_2024-05-08_08_50_01,SiteA,2024-05-08T08:50:01+00:00,Ready,230801162
SiteA_2024-05-08_08_40_00,SiteA,2024-05-08T08:40:00+00:00,Ready,230528722
SiteA_2024-05-08_08_30_00,SiteA,2024-05-08T08:30:00+00:00,Ready,217961422
SiteA_2024-05-08_08_20_00,SiteA,2024-05-08T08:20:00+00:00,Ready,184011478
SiteA_2024-05-08_08_10_01,SiteA,2024-05-08T08:10:01+00:00,Ready,184279700
SiteA_2024-05-08_08_01_30,SiteA,2024-05-08T08:01:30+00:00,Ready,141174969
SiteA_2024-05-07_20_00_00,SiteA,2024-05-07T20:00:00+00:00,Ready,0
SiteA_2024-05-07_19_50_00,SiteA,2024-05-07T19:50:00+00:00,Ready,220729344
SiteA_2024-05-07_19_40_01,SiteA,2024-05-07T19:40:01+00:00,Ready,216740334
SiteA_2024-05-07_19_30_00,SiteA,2024-05-07T19:30:00+00:00,Ready,213106251
SiteA_2024-05-07_19_20_00,SiteA,2024-05-07T19:20:00+00:00,Ready,146910362
SiteA_2024-05-07_19_10_01,SiteA,2024-05-07T19:10:01+00:00,Ready,136736740
SiteA_2024-05-07_19_00_00,SiteA,2024-05-07T19:00:00+00:00,Ready,137600769
mendels_2024-05-07_19_00_00,mendels,2024-05-07T19:00:00+00:00,Ready,149422128
mendels_2024-05-07_18_50_00,mendels,2024-05-07T18:50:00+00:00,Ready,300090097
SiteA_2024-05-07_18_50_00,SiteA,2024-05-07T18:50:00+00:00,Ready,145678088
mendels_2024-05-07_18_40_01,mendels,2024-05-07T18:40:01+00:00,Ready,296926539
SiteA_2024-05-07_18_40_00,SiteA,2024-05-07T18:40:00+00:00,Ready,140847697
SiteA_2024-05-07_18_30_01,SiteA,2024-05-07T18:30:01+00:00,Ready,144707793
mendels_2024-05-07_18_30_00,mendels,2024-05-07T18:30:00+00:00,Ready,247783422
SiteA_2024-05-07_18_20_00,SiteA,2024-05-07T18:20:00+00:00,Ready,132174168
mendels_2024-05-07_18_20_00,mendels,2024-05-07T18:20:00+00:00,Ready,260680391
mendels_2024-05-07_18_10_01,mendels,2024-05-07T18:10:01+00:00,Ready,270364974
SiteA_2024-05-07_18_10_00,SiteA,2024-05-07T18:10:00+00:00,Ready,147308329
mendels_2024-05-07_18_00_00,mendels,2024-05-07T18:00:00+00:00,Ready,297428594
SiteA_2024-05-07_18_00_00,SiteA,2024-05-07T18:00:00+00:00,Ready,138990782
SiteA_2024-05-07_17_50_01,SiteA,2024-05-07T17:50:01+00:00,Ready,144017864
mendels_2024-05-07_17_50_00,mendels,2024-05-07T17:50:00+00:00,Ready,293123955
mendels_2024-05-07_17_40_00,mendels,2024-05-07T17:40:00+00:00,Ready,289264256
SiteA_2024-05-07_17_40_00,SiteA,2024-05-07T17:40:00+00:00,Ready,137302359
mendels_2024-05-07_17_30_01,mendels,2024-05-07T17:30:01+00:00,Ready,299575876
SiteA_2024-05-07_17_30_00,SiteA,2024-05-07T17:30:00+00:00,Ready,138563478
SiteA_2024-05-07_17_20_01,SiteA,2024-05-07T17:20:01+00:00,Ready,145459812
mendels_2024-05-07_17_20_00,mendels,2024-05-07T17:20:00+00:00,Ready,299772140
mendels_2024-05-07_17_10_00,mendels,2024-05-07T17:10:00+00:00,Ready,299995934
SiteA_2024-05-07_17_10_00,SiteA,2024-05-07T17:10:00+00:00,Ready,148518737
SiteA_2024-05-07_17_00_00,SiteA,2024-05-07T17:00:00+00:00,Ready,154015009
mendels_2024-05-07_17_00_00,mendels,2024-05-07T17:00:00+00:00,Ready,300060099
mendels_2024-05-07_16_50_01,mendels,2024-05-07T16:50:01+00:00,Ready,299357348
SiteA_2024-05-07_16_50_01,SiteA,2024-05-07T16:50:01+00:00,Ready,148447640
mendels_2024-05-07_16_40_00,mendels,2024-05-07T16:40:00+00:00,Ready,300084157
SiteA_2024-05-07_16_40_00,SiteA,2024-05-07T16:40:00+00:00,Ready,152002552
SiteA_2024-05-07_16_30_00,SiteA,2024-05-07T16:30:00+00:00,Ready,147335800
mendels_2024-05-07_16_30_00,mendels,2024-05-07T16:30:00+00:00,Ready,299723544
mendels_2024-05-07_16_20_00,mendels,2024-05-07T16:20:00+00:00,Ready,299997529
SiteA_2024-05-07_16_20_00,SiteA,2024-05-07T16:20:00+00:00,Ready,159238705
SiteA_2024-05-07_16_10_01,SiteA,2024-05-07T16:10:01+00:00,Ready,148837473
mendels_2024-05-07_16_10_01,mendels,2024-05-07T16:10:01+00:00,Ready,299554622
mendels_2024-05-07_16_00_00,mendels,2024-05-07T16:00:00+00:00,Ready,298957900
SiteA_2024-05-07_16_00_00,SiteA,2024-05-07T16:00:00+00:00,Ready,144871815
SiteA_2024-05-07_15_50_00,SiteA,2024-05-07T15:50:00+00:00,Ready,149578680
mendels_2024-05-07_15_50_00,mendels,2024-05-07T15:50:00+00:00,Ready,300055040
SiteA_2024-05-07_15_40_00,SiteA,2024-05-07T15:40:00+00:00,Ready,150071553
mendels_2024-05-07_15_40_00,mendels,2024-05-07T15:40:00+00:00,Ready,300105540
mendels_2024-05-07_15_30_01,mendels,2024-05-07T15:30:01+00:00,Ready,299561843
SiteA_2024-05-07_15_30_01,SiteA,2024-05-07T15:30:01+00:00,Ready,134817834
SiteA_2024-05-07_15_20_00,SiteA,2024-05-07T15:20:00+00:00,Ready,146305518
mendels_2024-05-07_15_20_00,mendels,2024-05-07T15:20:00+00:00,Ready,300028963
SiteA_2024-05-07_15_10_00,SiteA,2024-05-07T15:10:00+00:00,Ready,144770019
mendels_2024-05-07_15_10_00,mendels,2024-05-07T15:10:00+00:00,Ready,299882540
mendels_2024-05-07_15_00_01,mendels,2024-05-07T15:00:01+00:00,Ready,299524700
SiteA_2024-05-07_15_00_00,SiteA,2024-05-07T15:00:00+00:00,Ready,145991700
SiteA_2024-05-07_14_50_01,SiteA,2024-05-07T14:50:01+00:00,Ready,138839274
mendels_2024-05-07_14_50_00,mendels,2024-05-07T14:50:00+00:00,Ready,299029513
SiteA_2024-05-07_14_40_00,SiteA,2024-05-07T14:40:00+00:00,Ready,141703645
mendels_2024-05-07_14_40_00,mendels,2024-05-07T14:40:00+00:00,Ready,299882599
mendels_2024-05-07_14_30_01,mendels,2024-05-07T14:30:01+00:00,Ready,299585013
SiteA_2024-05-07_14_30_00,SiteA,2024-05-07T14:30:00+00:00,Ready,142321259
SiteA_2024-05-07_14_20_00,SiteA,2024-05-07T14:20:00+00:00,Ready,144622816
mendels_2024-05-07_14_20_00,mendels,2024-05-07T14:20:00+00:00,Ready,300048603
SiteA_2024-05-07_14_10_01,SiteA,2024-05-07T14:10:01+00:00,Ready,140338898
mendels_2024-05-07_14_10_00,mendels,2024-05-07T14:10:00+00:00,Ready,298839848
mendels_2024-05-07_14_00_01,mendels,2024-05-07T14:00:01+00:00,Ready,295211191
SiteA_2024-05-07_14_00_00,SiteA,2024-05-07T14:00:00+00:00,Ready,155957370
mendels_2024-05-07_13_50_00,mendels,2024-05-07T13:50:00+00:00,Ready,300049523
SiteA_2024-05-07_13_50_00,SiteA,2024-05-07T13:50:00+00:00,Ready,144305282
SiteA_2024-05-07_13_40_00,SiteA,2024-05-07T13:40:00+00:00,Ready,143415557
mendels_2024-05-07_13_40_00,mendels,2024-05-07T13:40:00+00:00,Ready,300048036
SiteA_2024-05-07_13_30_01,SiteA,2024-05-07T13:30:01+00:00,Ready,151368979
mendels_2024-05-07_13_30_00,mendels,2024-05-07T13:30:00+00:00,Ready,299502406
mendels_2024-05-07_13_20_01,mendels,2024-05-07T13:20:01+00:00,Ready,271917690
SiteA_2024-05-07_13_20_00,SiteA,2024-05-07T13:20:00+00:00,Ready,170743043
SiteA_2024-05-07_13_10_00,SiteA,2024-05-07T13:10:00+00:00,Ready,154168342
mendels_2024-05-07_13_10_00,mendels,2024-05-07T13:10:00+00:00,Ready,300066620
SiteA_2024-05-07_13_00_01,SiteA,2024-05-07T13:00:01+00:00,Ready,149019279
mendels_2024-05-07_13_00_00,mendels,2024-05-07T13:00:00+00:00,Ready,292668253
SiteA_2024-05-07_12_50_00,SiteA,2024-05-07T12:50:00+00:00,Ready,146353443
mendels_2024-05-07_12_50_00,mendels,2024-05-07T12:50:00+00:00,Ready,300026133
mendels_2024-05-07_12_40_01,mendels,2024-05-07T12:40:01+00:00,Ready,293185973
SiteA_2024-05-07_12_40_00,SiteA,2024-05-07T12:40:00+00:00,Ready,156962678
SiteA_2024-05-07_12_30_00,SiteA,2024-05-07T12:30:00+00:00,Ready,145478671
mendels_2024-05-07_12_30_00,mendels,2024-05-07T12:30:00+00:00,Ready,300073186
SiteA_2024-05-07_12_20_01,SiteA,2024-05-07T12:20:01+00:00,Ready,162647518
mendels_2024-05-07_12_20_00,mendels,2024-05-07T12:20:00+00:00,Ready,299885406
mendels_2024-05-07_12_10_01,mendels,2024-05-07T12:10:01+00:00,Ready,299632715
SiteA_2024-05-07_12_10_00,SiteA,2024-05-07T12:10:00+00:00,Ready,159363085
SiteA_2024-05-07_12_00_00,SiteA,2024-05-07T12:00:00+00:00,Ready,141069192
mendels_2024-05-07_12_00_00,mendels,2024-05-07T12:00:00+00:00,Ready,299518811
mendels_2024-05-07_11_50_00,mendels,2024-05-07T11:50:00+00:00,Ready,289569563
SiteA_2024-05-07_11_50_00,SiteA,2024-05-07T11:50:00+00:00,Ready,136525189
SiteA_2024-05-07_11_40_01,SiteA,2024-05-07T11:40:01+00:00,Ready,141767207
mendels_2024-05-07_11_40_00,mendels,2024-05-07T11:40:00+00:00,Ready,286890823
mendels_2024-05-07_11_30_01,mendels,2024-05-07T11:30:01+00:00,Ready,229380461
SiteA_2024-05-07_11_30_00,SiteA,2024-05-07T11:30:00+00:00,Ready,142095509
mendels_2024-05-07_11_20_00,mendels,2024-05-07T11:20:00+00:00,Ready,247103246
SiteA_2024-05-07_11_20_00,SiteA,2024-05-07T11:20:00+00:00,Ready,146073558
SiteA_2024-05-07_11_10_01,SiteA,2024-05-07T11:10:01+00:00,Ready,138530720
mendels_2024-05-07_11_10_00,mendels,2024-05-07T11:10:00+00:00,Ready,210581778
SiteA_2024-05-07_11_00_00,SiteA,2024-05-07T11:00:00+00:00,Ready,141454746
mendels_2024-05-07_11_00_00,mendels,2024-05-07T11:00:00+00:00,Ready,239450741
mendels_2024-05-07_10_50_01,mendels,2024-05-07T10:50:01+00:00,Ready,221955461
SiteA_2024-05-07_10_50_00,SiteA,2024-05-07T10:50:00+00:00,Ready,144003716
SiteA_2024-05-07_10_40_01,SiteA,2024-05-07T10:40:01+00:00,Ready,138283652
mendels_2024-05-07_10_40_00,mendels,2024-05-07T10:40:00+00:00,Ready,225350864
SiteA_2024-05-07_10_30_00,SiteA,2024-05-07T10:30:00+00:00,Ready,135735401
mendels_2024-05-07_10_30_00,mendels,2024-05-07T10:30:00+00:00,Ready,203806867
mendels_2024-05-07_10_20_01,mendels,2024-05-07T10:20:01+00:00,Ready,183967598
SiteA_2024-05-07_10_20_00,SiteA,2024-05-07T10:20:00+00:00,Ready,137799708
SiteA_2024-05-07_10_10_01,SiteA,2024-05-07T10:10:01+00:00,Ready,139140555
mendels_2024-05-07_10_10_00,mendels,2024-05-07T10:10:00+00:00,Ready,176934519
mendels_2024-05-07_10_00_00,mendels,2024-05-07T10:00:00+00:00,Ready,199161702
SiteA_2024-05-07_10_00_00,SiteA,2024-05-07T10:00:00+00:00,Ready,139812791
mendels_2024-05-07_09_50_01,mendels,2024-05-07T09:50:01+00:00,Ready,191781011
SiteA_2024-05-07_09_50_00,SiteA,2024-05-07T09:50:00+00:00,Ready,139160771
SiteA_2024-05-07_09_40_00,SiteA,2024-05-07T09:40:00+00:00,Ready,140176857
mendels_2024-05-07_09_40_00,mendels,2024-05-07T09:40:00+00:00,Ready,230021792
SiteA_2024-05-07_09_30_01,SiteA,2024-05-07T09:30:01+00:00,Ready,138420887
mendels_2024-05-07_09_30_00,mendels,2024-05-07T09:30:00+00:00,Ready,261164490
mendels_2024-05-07_09_20_01,mendels,2024-05-07T09:20:01+00:00,Ready,266858071
SiteA_2024-05-07_09_20_00,SiteA,2024-05-07T09:20:00+00:00,Ready,138049969
mendels_2024-05-07_09_10_00,mendels,2024-05-07T09:10:00+00:00,Ready,271277120
SiteA_2024-05-07_09_10_00,SiteA,2024-05-07T09:10:00+00:00,Ready,144674937
SiteA_2024-05-07_09_00_01,SiteA,2024-05-07T09:00:01+00:00,Ready,144241468
mendels_2024-05-07_09_00_00,mendels,2024-05-07T09:00:00+00:00,Ready,290192932
mendels_2024-05-07_08_55_36,mendels,2024-05-07T08:55:36+00:00,Ready,116291669
SiteA_2024-05-07_08_50_00,SiteA,2024-05-07T08:50:00+00:00,Ready,142372945
SiteA_2024-05-07_08_40_00,SiteA,2024-05-07T08:40:00+00:00,Ready,150805419
SiteA_2024-05-07_08_30_00,SiteA,2024-05-07T08:30:00+00:00,Ready,138709329
SiteA_2024-05-07_08_20_01,SiteA,2024-05-07T08:20:01+00:00,Ready,138272817
SiteA_2024-05-07_08_10_00,SiteA,2024-05-07T08:10:00+00:00,Ready,141801583
SiteA_2024-05-07_08_01_29,SiteA,2024-05-07T08:01:29+00:00,Ready,118968742
SiteA_2024-05-06_19_50_00,SiteA,2024-05-06T19:50:00+00:00,Ready,255328304
SiteA_2024-05-06_19_40_00,SiteA,2024-05-06T19:40:00+00:00,Ready,224743498
SiteA_2024-05-06_19_30_01,SiteA,2024-05-06T19:30:01+00:00,Ready,219367006
SiteA_2024-05-06_19_20_00,SiteA,2024-05-06T19:20:00+00:00,Ready,168570670
SiteA_2024-05-06_19_10_00,SiteA,2024-05-06T19:10:00+00:00,Ready,134818843
SiteA_2024-05-06_19_00_01,SiteA,2024-05-06T19:00:01+00:00,Ready,128312947
mendels_2024-05-06_19_00_00,mendels,2024-05-06T19:00:00+00:00,Ready,148897840
mendels_2024-05-06_18_50_00,mendels,2024-05-06T18:50:00+00:00,Ready,300092430
SiteA_2024-05-06_18_50_00,SiteA,2024-05-06T18:50:00+00:00,Ready,128011624
mendels_2024-05-06_18_40_01,mendels,2024-05-06T18:40:01+00:00,Ready,299596279
SiteA_2024-05-06_18_40_00,SiteA,2024-05-06T18:40:00+00:00,Ready,128692355
mendels_2024-05-06_18_30_00,mendels,2024-05-06T18:30:00+00:00,Ready,300024180
SiteA_2024-05-06_18_30_00,SiteA,2024-05-06T18:30:00+00:00,Ready,128325977
SiteA_2024-05-06_18_20_01,SiteA,2024-05-06T18:20:01+00:00,Ready,129064979
mendels_2024-05-06_18_20_00,mendels,2024-05-06T18:20:00+00:00,Ready,295724805
mendels_2024-05-06_18_10_01,mendels,2024-05-06T18:10:01+00:00,Ready,298725808
SiteA_2024-05-06_18_10_00,SiteA,2024-05-06T18:10:00+00:00,Ready,132915558
SiteA_2024-05-06_18_00_00,SiteA,2024-05-06T18:00:00+00:00,Ready,128793175
mendels_2024-05-06_18_00_00,mendels,2024-05-06T18:00:00+00:00,Ready,282845382
mendels_2024-05-06_17_50_00,mendels,2024-05-06T17:50:00+00:00,Ready,284027028
SiteA_2024-05-06_17_50_00,SiteA,2024-05-06T17:50:00+00:00,Ready,128580942
mendels_2024-05-06_17_40_01,mendels,2024-05-06T17:40:01+00:00,Ready,263040088
SiteA_2024-05-06_17_40_00,SiteA,2024-05-06T17:40:00+00:00,Ready,136143326
SiteA_2024-05-06_17_30_01,SiteA,2024-05-06T17:30:01+00:00,Ready,136686408
mendels_2024-05-06_17_30_00,mendels,2024-05-06T17:30:00+00:00,Ready,241557265
mendels_2024-05-06_17_20_00,mendels,2024-05-06T17:20:00+00:00,Ready,216655545
SiteA_2024-05-06_17_20_00,SiteA,2024-05-06T17:20:00+00:00,Ready,148823033
mendels_2024-05-06_17_10_00,mendels,2024-05-06T17:10:00+00:00,Ready,213503572
SiteA_2024-05-06_17_10_00,SiteA,2024-05-06T17:10:00+00:00,Ready,176367938
mendels_2024-05-06_17_00_01,mendels,2024-05-06T17:00:01+00:00,Ready,203337434
SiteA_2024-05-06_17_00_01,SiteA,2024-05-06T17:00:01+00:00,Ready,156747575
mendels_2024-05-06_16_50_00,mendels,2024-05-06T16:50:00+00:00,Ready,225721185
SiteA_2024-05-06_16_50_00,SiteA,2024-05-06T16:50:00+00:00,Ready,162555873
mendels_2024-05-06_16_43_03,mendels,2024-05-06T16:43:03+00:00,Ready,132919921
SiteA_2024-05-06_16_40_00,SiteA,2024-05-06T16:40:00+00:00,Ready,181537290
SiteA_2024-05-06_16_30_01,SiteA,2024-05-06T16:30:01+00:00,Ready,150324921
mendels_2024-05-06_16_30_00,mendels,2024-05-06T16:30:00+00:00,Ready,0
mendels_2024-05-06_16_20_00,mendels,2024-05-06T16:20:00+00:00,Ready,0
SiteA_2024-05-06_16_20_00,SiteA,2024-05-06T16:20:00+00:00,Ready,146028251
mendels_2024-05-06_16_10_01,mendels,2024-05-06T16:10:01+00:00,Ready,0
SiteA_2024-05-06_16_10_00,SiteA,2024-05-06T16:10:00+00:00,Ready,139177308
mendels_2024-05-06_16_00_00,mendels,2024-05-06T16:00:00+00:00,Ready,0
SiteA_2024-05-06_16_00_00,SiteA,2024-05-06T16:00:00+00:00,Ready,147238534
mendels_2024-05-06_15_50_00,mendels,2024-05-06T15:50:00+00:00,Ready,0
SiteA_2024-05-06_15_50_00,SiteA,2024-05-06T15:50:00+00:00,Ready,152673647
SiteA_2024-05-06_15_40_01,SiteA,2024-05-06T15:40:01+00:00,Ready,180187880
mendels_2024-05-06_15_40_00,mendels,2024-05-06T15:40:00+00:00,Ready,0
SiteA_2024-05-06_15_30_00,SiteA,2024-05-06T15:30:00+00:00,Ready,141856223
mendels_2024-05-06_15_30_00,mendels,2024-05-06T15:30:00+00:00,Ready,0
mendels_2024-05-06_15_20_00,mendels,2024-05-06T15:20:00+00:00,Ready,0
SiteA_2024-05-06_15_20_00,SiteA,2024-05-06T15:20:00+00:00,Ready,135493720
mendels_2024-05-06_15_10_01,mendels,2024-05-06T15:10:01+00:00,Ready,0
SiteA_2024-05-06_15_10_00,SiteA,2024-05-06T15:10:00+00:00,Ready,137851157
SiteA_2024-05-06_15_00_01,SiteA,2024-05-06T15:00:01+00:00,Ready,138904832
mendels_2024-05-06_15_00_00,mendels,2024-05-06T15:00:00+00:00,Ready,0
SiteA_2024-05-06_14_50_00,SiteA,2024-05-06T14:50:00+00:00,Ready,128552598
mendels_2024-05-06_14_50_00,mendels,2024-05-06T14:50:00+00:00,Ready,0
mendels_2024-05-06_14_40_00,mendels,2024-05-06T14:40:00+00:00,Ready,0
SiteA_2024-05-06_14_40_00,SiteA,2024-05-06T14:40:00+00:00,Ready,134844324
SiteA_2024-05-06_14_30_01,SiteA,2024-05-06T14:30:01+00:00,Ready,136224592
mendels_2024-05-06_14_30_00,mendels,2024-05-06T14:30:00+00:00,Ready,0
SiteA_2024-05-06_14_20_00,SiteA,2024-05-06T14:20:00+00:00,Ready,142806298
mendels_2024-05-06_14_20_00,mendels,2024-05-06T14:20:00+00:00,Ready,0
mendels_2024-05-06_14_10_01,mendels,2024-05-06T14:10:01+00:00,Ready,0
SiteA_2024-05-06_14_10_00,SiteA,2024-05-06T14:10:00+00:00,Ready,142425933
SiteA_2024-05-06_14_00_01,SiteA,2024-05-06T14:00:01+00:00,Ready,148496980
mendels_2024-05-06_14_00_00,mendels,2024-05-06T14:00:00+00:00,Ready,0
mendels_2024-05-06_13_50_00,mendels,2024-05-06T13:50:00+00:00,Ready,0
SiteA_2024-05-06_13_50_00,SiteA,2024-05-06T13:50:00+00:00,Ready,143434215
mendels_2024-05-06_13_40_00,mendels,2024-05-06T13:40:00+00:00,Ready,0
SiteA_2024-05-06_13_40_00,SiteA,2024-05-06T13:40:00+00:00,Ready,163307360
mendels_2024-05-06_13_30_00,mendels,2024-05-06T13:30:00+00:00,Ready,0
SiteA_2024-05-06_13_30_00,SiteA,2024-05-06T13:30:00+00:00,Ready,148740676
SiteA_2024-05-06_13_20_01,SiteA,2024-05-06T13:20:01+00:00,Ready,142655683
mendels_2024-05-06_13_20_00,mendels,2024-05-06T13:20:00+00:00,Ready,0
mendels_2024-05-06_13_10_01,mendels,2024-05-06T13:10:01+00:00,Ready,0
SiteA_2024-05-06_13_10_00,SiteA,2024-05-06T13:10:00+00:00,Ready,152991360
SiteA_2024-05-06_13_00_00,SiteA,2024-05-06T13:00:00+00:00,Ready,154246918
mendels_2024-05-06_13_00_00,mendels,2024-05-06T13:00:00+00:00,Ready,0
SiteA_2024-05-06_12_50_01,SiteA,2024-05-06T12:50:01+00:00,Ready,149095575
mendels_2024-05-06_12_50_00,mendels,2024-05-06T12:50:00+00:00,Ready,0
SiteA_2024-05-06_12_40_00,SiteA,2024-05-06T12:40:00+00:00,Ready,174188291
mendels_2024-05-06_12_40_00,mendels,2024-05-06T12:40:00+00:00,Ready,0
SiteA_2024-05-06_12_30_00,SiteA,2024-05-06T12:30:00+00:00,Ready,158048518
mendels_2024-05-06_12_30_00,mendels,2024-05-06T12:30:00+00:00,Ready,0
SiteA_2024-05-06_12_20_01,SiteA,2024-05-06T12:20:01+00:00,Ready,143595162
mendels_2024-05-06_12_20_00,mendels,2024-05-06T12:20:00+00:00,Ready,0
mendels_2024-05-06_12_10_01,mendels,2024-05-06T12:10:01+00:00,Ready,0
SiteA_2024-05-06_12_10_00,SiteA,2024-05-06T12:10:00+00:00,Ready,147094608
mendels_2024-05-06_12_00_00,mendels,2024-05-06T12:00:00+00:00,Ready,0
SiteA_2024-05-06_12_00_00,SiteA,2024-05-06T12:00:00+00:00,Ready,144536451
mendels_2024-05-06_11_50_00,mendels,2024-05-06T11:50:00+00:00,Ready,0
SiteA_2024-05-06_11_50_00,SiteA,2024-05-06T11:50:00+00:00,Ready,151227561
SiteA_2024-05-06_11_40_01,SiteA,2024-05-06T11:40:01+00:00,Ready,150904330
mendels_2024-05-06_11_40_00,mendels,2024-05-06T11:40:00+00:00,Ready,0
SiteA_2024-05-06_11_30_00,SiteA,2024-05-06T11:30:00+00:00,Ready,162703852
mendels_2024-05-06_11_30_00,mendels,2024-05-06T11:30:00+00:00,Ready,0
mendels_2024-05-06_11_20_00,mendels,2024-05-06T11:20:00+00:00,Ready,0
SiteA_2024-05-06_11_20_00,SiteA,2024-05-06T11:20:00+00:00,Ready,149341079
mendels_2024-05-06_11_10_01,mendels,2024-05-06T11:10:01+00:00,Ready,0
SiteA_2024-05-06_11_10_00,SiteA,2024-05-06T11:10:00+00:00,Ready,146429959
SiteA_2024-05-06_11_00_01,SiteA,2024-05-06T11:00:01+00:00,Ready,140689373
mendels_2024-05-06_11_00_00,mendels,2024-05-06T11:00:00+00:00,Ready,0
mendels_2024-05-06_10_50_00,mendels,2024-05-06T10:50:00+00:00,Ready,0
SiteA_2024-05-06_10_50_00,SiteA,2024-05-06T10:50:00+00:00,Ready,131582264
SiteA_2024-05-06_10_40_00,SiteA,2024-05-06T10:40:00+00:00,Ready,138273683
mendels_2024-05-06_10_40_00,mendels,2024-05-06T10:40:00+00:00,Ready,0
SiteA_2024-05-06_10_30_00,SiteA,2024-05-06T10:30:00+00:00,Ready,133583586
mendels_2024-05-06_10_30_00,mendels,2024-05-06T10:30:00+00:00,Ready,0
SiteA_2024-05-06_10_20_01,SiteA,2024-05-06T10:20:01+00:00,Ready,134107644
mendels_2024-05-06_10_20_00,mendels,2024-05-06T10:20:00+00:00,Ready,0
mendels_2024-05-06_10_10_01,mendels,2024-05-06T10:10:01+00:00,Ready,0
SiteA_2024-05-06_10_10_00,SiteA,2024-05-06T10:10:00+00:00,Ready,133874480
SiteA_2024-05-06_10_00_01,SiteA,2024-05-06T10:00:01+00:00,Ready,132566282
mendels_2024-05-06_10_00_00,mendels,2024-05-06T10:00:00+00:00,Ready,0
SiteA_2024-05-06_09_50_00,SiteA,2024-05-06T09:50:00+00:00,Ready,133416628
mendels_2024-05-06_09_50_00,mendels,2024-05-06T09:50:00+00:00,Ready,0
SiteA_2024-05-06_09_40_00,SiteA,2024-05-06T09:40:00+00:00,Ready,146658104
mendels_2024-05-06_09_40_00,mendels,2024-05-06T09:40:00+00:00,Ready,0
mendels_2024-05-06_09_30_00,mendels,2024-05-06T09:30:00+00:00,Ready,0
SiteA_2024-05-06_09_30_00,SiteA,2024-05-06T09:30:00+00:00,Ready,141076270
SiteA_2024-05-06_09_20_01,SiteA,2024-05-06T09:20:01+00:00,Ready,133757162
mendels_2024-05-06_09_20_00,mendels,2024-05-06T09:20:00+00:00,Ready,0
SiteA_2024-05-06_09_10_00,SiteA,2024-05-06T09:10:00+00:00,Ready,154655783
mendels_2024-05-06_09_10_00,mendels,2024-05-06T09:10:00+00:00,Ready,0
mendels_2024-05-06_09_00_01,mendels,2024-05-06T09:00:01+00:00,Ready,0
SiteA_2024-05-06_09_00_00,SiteA,2024-05-06T09:00:00+00:00,Ready,134665696
mendels_2024-05-06_08_55_32,mendels,2024-05-06T08:55:32+00:00,Ready,569344
SiteA_2024-05-06_08_50_01,SiteA,2024-05-06T08:50:01+00:00,Ready,135999825
SiteA_2024-05-06_08_40_00,SiteA,2024-05-06T08:40:00+00:00,Ready,134800467
SiteA_2024-05-06_08_30_00,SiteA,2024-05-06T08:30:00+00:00,Ready,132465754
SiteA_2024-05-06_08_20_01,SiteA,2024-05-06T08:20:01+00:00,Ready,131944185
SiteA_2024-05-06_08_10_00,SiteA,2024-05-06T08:10:00+00:00,Ready,135212076
SiteA_2024-05-06_08_01_30,SiteA,2024-05-06T08:01:30+00:00,Ready,112080432
SiteA_2024-05-05_20_00_00,SiteA,2024-05-05T20:00:00+00:00,Ready,0
SiteA_2024-05-05_19_50_00,SiteA,2024-05-05T19:50:00+00:00,Ready,244322304
SiteA_2024-05-05_19_40_01,SiteA,2024-05-05T19:40:01+00:00,Ready,230267352
SiteA_2024-05-05_19_30_00,SiteA,2024-05-05T19:30:00+00:00,Ready,227595360
SiteA_2024-05-05_19_20_00,SiteA,2024-05-05T19:20:00+00:00,Ready,227821855
SiteA_2024-05-05_19_10_00,SiteA,2024-05-05T19:10:00+00:00,Ready,228250127
SiteA_2024-05-05_19_00_01,SiteA,2024-05-05T19:00:01+00:00,Ready,227105483
mendels_2024-05-05_19_00_00,mendels,2024-05-05T19:00:00+00:00,Ready,0
SiteA_2024-05-05_18_50_00,SiteA,2024-05-05T18:50:00+00:00,Ready,224260059
mendels_2024-05-05_18_50_00,mendels,2024-05-05T18:50:00+00:00,Ready,0
mendels_2024-05-05_18_40_00,mendels,2024-05-05T18:40:00+00:00,Ready,0
SiteA_2024-05-05_18_40_00,SiteA,2024-05-05T18:40:00+00:00,Ready,215379231
SiteA_2024-05-05_18_30_01,SiteA,2024-05-05T18:30:01+00:00,Ready,192941605
mendels_2024-05-05_18_30_00,mendels,2024-05-05T18:30:00+00:00,Ready,0
mendels_2024-05-05_18_20_01,mendels,2024-05-05T18:20:01+00:00,Ready,0
SiteA_2024-05-05_18_20_00,SiteA,2024-05-05T18:20:00+00:00,Ready,166035166
mendels_2024-05-05_18_10_00,mendels,2024-05-05T18:10:00+00:00,Ready,0
SiteA_2024-05-05_18_10_00,SiteA,2024-05-05T18:10:00+00:00,Ready,155535461
SiteA_2024-05-05_18_00_01,SiteA,2024-05-05T18:00:01+00:00,Ready,148640329
mendels_2024-05-05_18_00_00,mendels,2024-05-05T18:00:00+00:00,Ready,0
SiteA_2024-05-05_17_50_00,SiteA,2024-05-05T17:50:00+00:00,Ready,171535326
mendels_2024-05-05_17_50_00,mendels,2024-05-05T17:50:00+00:00,Ready,0
mendels_2024-05-05_17_40_00,mendels,2024-05-05T17:40:00+00:00,Ready,0
SiteA_2024-05-05_17_40_00,SiteA,2024-05-05T17:40:00+00:00,Ready,136273430
mendels_2024-05-05_17_30_00,mendels,2024-05-05T17:30:00+00:00,Ready,0
SiteA_2024-05-05_17_30_00,SiteA,2024-05-05T17:30:00+00:00,Ready,135152453
SiteA_2024-05-05_17_20_01,SiteA,2024-05-05T17:20:01+00:00,Ready,134701555
mendels_2024-05-05_17_20_01,mendels,2024-05-05T17:20:01+00:00,Ready,0
SiteA_2024-05-05_17_10_00,SiteA,2024-05-05T17:10:00+00:00,Ready,136068700
mendels_2024-05-05_17_10_00,mendels,2024-05-05T17:10:00+00:00,Ready,0
mendels_2024-05-05_17_00_00,mendels,2024-05-05T17:00:00+00:00,Ready,0
SiteA_2024-05-05_17_00_00,SiteA,2024-05-05T17:00:00+00:00,Ready,136005843
mendels_2024-05-05_16_50_00,mendels,2024-05-05T16:50:00+00:00,Ready,0
SiteA_2024-05-05_16_50_00,SiteA,2024-05-05T16:50:00+00:00,Ready,139557968
SiteA_2024-05-05_16_40_01,SiteA,2024-05-05T16:40:01+00:00,Ready,141318806
mendels_2024-05-05_16_40_00,mendels,2024-05-05T16:40:00+00:00,Ready,0
SiteA_2024-05-05_16_30_00,SiteA,2024-05-05T16:30:00+00:00,Ready,138336208
mendels_2024-05-05_16_30_00,mendels,2024-05-05T16:30:00+00:00,Ready,0
mendels_2024-05-05_16_20_01,mendels,2024-05-05T16:20:01+00:00,Ready,0
SiteA_2024-05-05_16_20_00,SiteA,2024-05-05T16:20:00+00:00,Ready,145766535
SiteA_2024-05-05_16_10_00,SiteA,2024-05-05T16:10:00+00:00,Ready,141586688
mendels_2024-05-05_16_10_00,mendels,2024-05-05T16:10:00+00:00,Ready,0
SiteA_2024-05-05_16_00_01,SiteA,2024-05-05T16:00:01+00:00,Ready,141683564
mendels_2024-05-05_16_00_00,mendels,2024-05-05T16:00:00+00:00,Ready,0
mendels_2024-05-05_15_50_00,mendels,2024-05-05T15:50:00+00:00,Ready,0
SiteA_2024-05-05_15_50_00,SiteA,2024-05-05T15:50:00+00:00,Ready,137739555
mendels_2024-05-05_15_40_00,mendels,2024-05-05T15:40:00+00:00,Ready,0
SiteA_2024-05-05_15_40_00,SiteA,2024-05-05T15:40:00+00:00,Ready,140930007
mendels_2024-05-05_15_30_00,mendels,2024-05-05T15:30:00+00:00,Ready,0
SiteA_2024-05-05_15_30_00,SiteA,2024-05-05T15:30:00+00:00,Ready,141560721
SiteA_2024-05-05_15_20_01,SiteA,2024-05-05T15:20:01+00:00,Ready,136387552
mendels_2024-05-05_15_20_00,mendels,2024-05-05T15:20:00+00:00,Ready,0
mendels_2024-05-05_15_10_01,mendels,2024-05-05T15:10:01+00:00,Ready,0
SiteA_2024-05-05_15_10_00,SiteA,2024-05-05T15:10:00+00:00,Ready,140558637
mendels_2024-05-05_15_00_00,mendels,2024-05-05T15:00:00+00:00,Ready,0
SiteA_2024-05-05_15_00_00,SiteA,2024-05-05T15:00:00+00:00,Ready,142382017
mendels_2024-05-05_14_50_00,mendels,2024-05-05T14:50:00+00:00,Ready,0
SiteA_2024-05-05_14_50_00,SiteA,2024-05-05T14:50:00+00:00,Ready,138623897
SiteA_2024-05-05_14_40_01,SiteA,2024-05-05T14:40:01+00:00,Ready,141751189
mendels_2024-05-05_14_40_00,mendels,2024-05-05T14:40:00+00:00,Ready,0
mendels_2024-05-05_14_30_00,mendels,2024-05-05T14:30:00+00:00,Ready,0
SiteA_2024-05-05_14_30_00,SiteA,2024-05-05T14:30:00+00:00,Ready,142604604
mendels_2024-05-05_14_20_00,mendels,2024-05-05T14:20:00+00:00,Ready,0
SiteA_2024-05-05_14_20_00,SiteA,2024-05-05T14:20:00+00:00,Ready,135373813
mendels_2024-05-05_14_10_01,mendels,2024-05-05T14:10:01+00:00,Ready,0
SiteA_2024-05-05_14_10_00,SiteA,2024-05-05T14:10:00+00:00,Ready,134811076
SiteA_2024-05-05_14_00_01,SiteA,2024-05-05T14:00:01+00:00,Ready,138771125
mendels_2024-05-05_14_00_00,mendels,2024-05-05T14:00:00+00:00,Ready,0
SiteA_2024-05-05_13_50_00,SiteA,2024-05-05T13:50:00+00:00,Ready,141469369
mendels_2024-05-05_13_50_00,mendels,2024-05-05T13:50:00+00:00,Ready,0
mendels_2024-05-05_13_40_00,mendels,2024-05-05T13:40:00+00:00,Ready,0
SiteA_2024-05-05_13_40_00,SiteA,2024-05-05T13:40:00+00:00,Ready,139189738
SiteA_2024-05-05_13_30_01,SiteA,2024-05-05T13:30:01+00:00,Ready,143525601
mendels_2024-05-05_13_30_00,mendels,2024-05-05T13:30:00+00:00,Ready,0
mendels_2024-05-05_13_20_00,mendels,2024-05-05T13:20:00+00:00,Ready,0
SiteA_2024-05-05_13_20_00,SiteA,2024-05-05T13:20:00+00:00,Ready,139685878
mendels_2024-05-05_13_10_00,mendels,2024-05-05T13:10:00+00:00,Ready,0
SiteA_2024-05-05_13_10_00,SiteA,2024-05-05T13:10:00+00:00,Ready,140897324
mendels_2024-05-05_13_00_01,mendels,2024-05-05T13:00:01+00:00,Ready,0
SiteA_2024-05-05_13_00_00,SiteA,2024-05-05T13:00:00+00:00,Ready,138343007
SiteA_2024-05-05_12_50_01,SiteA,2024-05-05T12:50:01+00:00,Ready,137834937
mendels_2024-05-05_12_50_00,mendels,2024-05-05T12:50:00+00:00,Ready,0
mendels_2024-05-05_12_40_00,mendels,2024-05-05T12:40:00+00:00,Ready,0
SiteA_2024-05-05_12_40_00,SiteA,2024-05-05T12:40:00+00:00,Ready,149756634
mendels_2024-05-05_12_30_00,mendels,2024-05-05T12:30:00+00:00,Ready,0
SiteA_2024-05-05_12_30_00,SiteA,2024-05-05T12:30:00+00:00,Ready,142351659
mendels_2024-05-05_12_20_00,mendels,2024-05-05T12:20:00+00:00,Ready,0
SiteA_2024-05-05_12_20_00,SiteA,2024-05-05T12:20:00+00:00,Ready,148208287
SiteA_2024-05-05_12_10_01,SiteA,2024-05-05T12:10:01+00:00,Ready,140862710
mendels_2024-05-05_12_10_00,mendels,2024-05-05T12:10:00+00:00,Ready,0
mendels_2024-05-05_12_00_01,mendels,2024-05-05T12:00:01+00:00,Ready,0
SiteA_2024-05-05_12_00_00,SiteA,2024-05-05T12:00:00+00:00,Ready,141659986
mendels_2024-05-05_11_50_00,mendels,2024-05-05T11:50:00+00:00,Ready,0
SiteA_2024-05-05_11_50_00,SiteA,2024-05-05T11:50:00+00:00,Ready,138485986
mendels_2024-05-05_11_40_00,mendels,2024-05-05T11:40:00+00:00,Ready,0
SiteA_2024-05-05_11_40_00,SiteA,2024-05-05T11:40:00+00:00,Ready,144141880
SiteA_2024-05-05_11_30_01,SiteA,2024-05-05T11:30:01+00:00,Ready,135491874
mendels_2024-05-05_11_30_00,mendels,2024-05-05T11:30:00+00:00,Ready,0
mendels_2024-05-05_11_20_00,mendels,2024-05-05T11:20:00+00:00,Ready,0
SiteA_2024-05-05_11_20_00,SiteA,2024-05-05T11:20:00+00:00,Ready,136814327
SiteA_2024-05-05_11_10_00,SiteA,2024-05-05T11:10:00+00:00,Ready,136896491
mendels_2024-05-05_11_10_00,mendels,2024-05-05T11:10:00+00:00,Ready,0
SiteA_2024-05-05_11_00_01,SiteA,2024-05-05T11:00:01+00:00,Ready,139889918
mendels_2024-05-05_11_00_01,mendels,2024-05-05T11:00:01+00:00,Ready,0
mendels_2024-05-05_10_50_00,mendels,2024-05-05T10:50:00+00:00,Ready,0
SiteA_2024-05-05_10_50_00,SiteA,2024-05-05T10:50:00+00:00,Ready,138038475
mendels_2024-05-05_10_40_00,mendels,2024-05-05T10:40:00+00:00,Ready,0
SiteA_2024-05-05_10_40_00,SiteA,2024-05-05T10:40:00+00:00,Ready,134420600
SiteA_2024-05-05_10_30_01,SiteA,2024-05-05T10:30:01+00:00,Ready,134163812
mendels_2024-05-05_10_30_00,mendels,2024-05-05T10:30:00+00:00,Ready,0
mendels_2024-05-05_10_20_00,mendels,2024-05-05T10:20:00+00:00,Ready,0
SiteA_2024-05-05_10_20_00,SiteA,2024-05-05T10:20:00+00:00,Ready,135395999
mendels_2024-05-05_10_10_01,mendels,2024-05-05T10:10:01+00:00,Ready,0
SiteA_2024-05-05_10_10_00,SiteA,2024-05-05T10:10:00+00:00,Ready,134212115
SiteA_2024-05-05_10_00_00,SiteA,2024-05-05T10:00:00+00:00,Ready,140298885
mendels_2024-05-05_10_00_00,mendels,2024-05-05T10:00:00+00:00,Ready,0
SiteA_2024-05-05_09_50_01,SiteA,2024-05-05T09:50:01+00:00,Ready,141398047
mendels_2024-05-05_09_50_00,mendels,2024-05-05T09:50:00+00:00,Ready,0
mendels_2024-05-05_09_40_00,mendels,2024-05-05T09:40:00+00:00,Ready,0
SiteA_2024-05-05_09_40_00,SiteA,2024-05-05T09:40:00+00:00,Ready,142136044
mendels_2024-05-05_09_30_00,mendels,2024-05-05T09:30:00+00:00,Ready,0
SiteA_2024-05-05_09_30_00,SiteA,2024-05-05T09:30:00+00:00,Ready,159266326
SiteA_2024-05-05_09_20_00,SiteA,2024-05-05T09:20:00+00:00,Ready,155475973
mendels_2024-05-05_09_20_00,mendels,2024-05-05T09:20:00+00:00,Ready,0
SiteA_2024-05-05_09_10_01,SiteA,2024-05-05T09:10:01+00:00,Ready,152139872
mendels_2024-05-05_09_10_00,mendels,2024-05-05T09:10:00+00:00,Ready,0
mendels_2024-05-05_09_00_01,mendels,2024-05-05T09:00:01+00:00,Ready,0
SiteA_2024-05-05_09_00_00,SiteA,2024-05-05T09:00:00+00:00,Ready,157815635
mendels_2024-05-05_08_55_31,mendels,2024-05-05T08:55:31+00:00,Ready,6201344
SiteA_2024-05-05_08_50_00,SiteA,2024-05-05T08:50:00+00:00,Ready,154052079
SiteA_2024-05-05_08_40_00,SiteA,2024-05-05T08:40:00+00:00,Ready,148693173
SiteA_2024-05-05_08_30_01,SiteA,2024-05-05T08:30:01+00:00,Ready,173277375
SiteA_2024-05-05_08_20_00,SiteA,2024-05-05T08:20:00+00:00,Ready,216551671
SiteA_2024-05-05_08_10_00,SiteA,2024-05-05T08:10:00+00:00,Ready,217177879
SiteA_2024-05-05_08_01_30,SiteA,2024-05-05T08:01:30+00:00,Ready,195508261
SiteA_2024-05-04_20_00_00,SiteA,2024-05-04T20:00:00+00:00,Ready,0
SiteA_2024-05-04_19_50_00,SiteA,2024-05-04T19:50:00+00:00,Ready,299110400
SiteA_2024-05-04_19_40_00,SiteA,2024-05-04T19:40:00+00:00,Ready,300079576
SiteA_2024-05-04_19_30_01,SiteA,2024-05-04T19:30:01+00:00,Ready,299587103
SiteA_2024-05-04_19_20_00,SiteA,2024-05-04T19:20:00+00:00,Ready,300086620
SiteA_2024-05-04_19_10_00,SiteA,2024-05-04T19:10:00+00:00,Ready,300106746
mendels_2024-05-04_19_00_00,mendels,2024-05-04T19:00:00+00:00,Ready,0
SiteA_2024-05-04_19_00_00,SiteA,2024-05-04T19:00:00+00:00,Ready,290599234
mendels_2024-05-04_18_50_01,mendels,2024-05-04T18:50:01+00:00,Ready,0
SiteA_2024-05-04_18_50_01,SiteA,2024-05-04T18:50:01+00:00,Ready,229518824
mendels_2024-05-04_18_40_00,mendels,2024-05-04T18:40:00+00:00,Ready,0
SiteA_2024-05-04_18_40_00,SiteA,2024-05-04T18:40:00+00:00,Ready,228635188
mendels_2024-05-04_18_30_00,mendels,2024-05-04T18:30:00+00:00,Ready,0
SiteA_2024-05-04_18_30_00,SiteA,2024-05-04T18:30:00+00:00,Ready,229198257
SiteA_2024-05-04_18_20_01,SiteA,2024-05-04T18:20:01+00:00,Ready,229230755
mendels_2024-05-04_18_20_00,mendels,2024-05-04T18:20:00+00:00,Ready,0
mendels_2024-05-04_18_10_00,mendels,2024-05-04T18:10:00+00:00,Ready,0
SiteA_2024-05-04_18_10_00,SiteA,2024-05-04T18:10:00+00:00,Ready,227119034
SiteA_2024-05-04_18_00_00,SiteA,2024-05-04T18:00:00+00:00,Ready,231441922
mendels_2024-05-04_18_00_00,mendels,2024-05-04T18:00:00+00:00,Ready,0
SiteA_2024-05-04_17_50_01,SiteA,2024-05-04T17:50:01+00:00,Ready,226524640
mendels_2024-05-04_17_50_00,mendels,2024-05-04T17:50:00+00:00,Ready,0
SiteA_2024-05-04_17_40_00,SiteA,2024-05-04T17:40:00+00:00,Ready,225839461
mendels_2024-05-04_17_40_00,mendels,2024-05-04T17:40:00+00:00,Ready,0
mendels_2024-05-04_17_30_01,mendels,2024-05-04T17:30:01+00:00,Ready,0
SiteA_2024-05-04_17_30_00,SiteA,2024-05-04T17:30:00+00:00,Ready,231656864
SiteA_2024-05-04_17_20_01,SiteA,2024-05-04T17:20:01+00:00,Ready,228196540
mendels_2024-05-04_17_20_00,mendels,2024-05-04T17:20:00+00:00,Ready,0
SiteA_2024-05-04_17_10_00,SiteA,2024-05-04T17:10:00+00:00,Ready,242448601
mendels_2024-05-04_17_10_00,mendels,2024-05-04T17:10:00+00:00,Ready,0
SiteA_2024-05-04_17_00_00,SiteA,2024-05-04T17:00:00+00:00,Ready,227878662
mendels_2024-05-04_17_00_00,mendels,2024-05-04T17:00:00+00:00,Ready,0
SiteA_2024-05-04_16_50_01,SiteA,2024-05-04T16:50:01+00:00,Ready,230072443
mendels_2024-05-04_16_50_00,mendels,2024-05-04T16:50:00+00:00,Ready,0
mendels_2024-05-04_16_40_00,mendels,2024-05-04T16:40:00+00:00,Ready,0
SiteA_2024-05-04_16_40_00,SiteA,2024-05-04T16:40:00+00:00,Ready,185089921
SiteA_2024-05-04_16_30_00,SiteA,2024-05-04T16:30:00+00:00,Ready,162297076
mendels_2024-05-04_16_30_00,mendels,2024-05-04T16:30:00+00:00,Ready,0
mendels_2024-05-04_16_20_01,mendels,2024-05-04T16:20:01+00:00,Ready,0
SiteA_2024-05-04_16_20_00,SiteA,2024-05-04T16:20:00+00:00,Ready,144695243
SiteA_2024-05-04_16_10_01,SiteA,2024-05-04T16:10:01+00:00,Ready,146514896
mendels_2024-05-04_16_10_00,mendels,2024-05-04T16:10:00+00:00,Ready,0
mendels_2024-05-04_16_00_00,mendels,2024-05-04T16:00:00+00:00,Ready,0
SiteA_2024-05-04_16_00_00,SiteA,2024-05-04T16:00:00+00:00,Ready,170054805
SiteA_2024-05-04_15_50_00,SiteA,2024-05-04T15:50:00+00:00,Ready,173370560
mendels_2024-05-04_15_50_00,mendels,2024-05-04T15:50:00+00:00,Ready,0
SiteA_2024-05-04_15_40_00,SiteA,2024-05-04T15:40:00+00:00,Ready,166854322
mendels_2024-05-04_15_40_00,mendels,2024-05-04T15:40:00+00:00,Ready,0
SiteA_2024-05-04_15_30_01,SiteA,2024-05-04T15:30:01+00:00,Ready,163493425
mendels_2024-05-04_15_30_00,mendels,2024-05-04T15:30:00+00:00,Ready,0
mendels_2024-05-04_15_20_01,mendels,2024-05-04T15:20:01+00:00,Ready,0
SiteA_2024-05-04_15_20_00,SiteA,2024-05-04T15:20:00+00:00,Ready,162052773
SiteA_2024-05-04_15_10_00,SiteA,2024-05-04T15:10:00+00:00,Ready,145852836
mendels_2024-05-04_15_10_00,mendels,2024-05-04T15:10:00+00:00,Ready,0
SiteA_2024-05-04_15_00_01,SiteA,2024-05-04T15:00:01+00:00,Ready,142572286
mendels_2024-05-04_15_00_00,mendels,2024-05-04T15:00:00+00:00,Ready,0
SiteA_2024-05-04_14_50_00,SiteA,2024-05-04T14:50:00+00:00,Ready,134833726
mendels_2024-05-04_14_50_00,mendels,2024-05-04T14:50:00+00:00,Ready,0
mendels_2024-05-04_14_40_00,mendels,2024-05-04T14:40:00+00:00,Ready,0
SiteA_2024-05-04_14_40_00,SiteA,2024-05-04T14:40:00+00:00,Ready,139529111
mendels_2024-05-04_14_30_00,mendels,2024-05-04T14:30:00+00:00,Ready,0
SiteA_2024-05-04_14_30_00,SiteA,2024-05-04T14:30:00+00:00,Ready,142125303
SiteA_2024-05-04_14_20_01,SiteA,2024-05-04T14:20:01+00:00,Ready,144003448
mendels_2024-05-04_14_20_00,mendels,2024-05-04T14:20:00+00:00,Ready,0
mendels_2024-05-04_14_10_01,mendels,2024-05-04T14:10:01+00:00,Ready,0
SiteA_2024-05-04_14_10_00,SiteA,2024-05-04T14:10:00+00:00,Ready,139714714
SiteA_2024-05-04_14_00_00,SiteA,2024-05-04T14:00:00+00:00,Ready,139252819
mendels_2024-05-04_14_00_00,mendels,2024-05-04T14:00:00+00:00,Ready,0
SiteA_2024-05-04_13_50_01,SiteA,2024-05-04T13:50:01+00:00,Ready,147127438
mendels_2024-05-04_13_50_00,mendels,2024-05-04T13:50:00+00:00,Ready,0
mendels_2024-05-04_13_40_00,mendels,2024-05-04T13:40:00+00:00,Ready,0
SiteA_2024-05-04_13_40_00,SiteA,2024-05-04T13:40:00+00:00,Ready,146204827
SiteA_2024-05-04_13_30_00,SiteA,2024-05-04T13:30:00+00:00,Ready,159324657
mendels_2024-05-04_13_30_00,mendels,2024-05-04T13:30:00+00:00,Ready,0
SiteA_2024-05-04_13_20_01,SiteA,2024-05-04T13:20:01+00:00,Ready,155411834
mendels_2024-05-04_13_20_00,mendels,2024-05-04T13:20:00+00:00,Ready,0
mendels_2024-05-04_13_10_01,mendels,2024-05-04T13:10:01+00:00,Ready,0
SiteA_2024-05-04_13_10_00,SiteA,2024-05-04T13:10:00+00:00,Ready,146801975
SiteA_2024-05-04_13_00_00,SiteA,2024-05-04T13:00:00+00:00,Ready,145543512
mendels_2024-05-04_13_00_00,mendels,2024-05-04T13:00:00+00:00,Ready,0
SiteA_2024-05-04_12_50_00,SiteA,2024-05-04T12:50:00+00:00,Ready,138210708
mendels_2024-05-04_12_50_00,mendels,2024-05-04T12:50:00+00:00,Ready,0
SiteA_2024-05-04_12_40_01,SiteA,2024-05-04T12:40:01+00:00,Ready,140838022
mendels_2024-05-04_12_40_00,mendels,2024-05-04T12:40:00+00:00,Ready,0
mendels_2024-05-04_12_30_00,mendels,2024-05-04T12:30:00+00:00,Ready,0
SiteA_2024-05-04_12_30_00,SiteA,2024-05-04T12:30:00+00:00,Ready,140711822
SiteA_2024-05-04_12_20_00,SiteA,2024-05-04T12:20:00+00:00,Ready,144121279
mendels_2024-05-04_12_20_00,mendels,2024-05-04T12:20:00+00:00,Ready,0
SiteA_2024-05-04_12_10_00,SiteA,2024-05-04T12:10:00+00:00,Ready,138829251
mendels_2024-05-04_12_10_00,mendels,2024-05-04T12:10:00+00:00,Ready,0
mendels_2024-05-04_12_00_01,mendels,2024-05-04T12:00:01+00:00,Ready,0
SiteA_2024-05-04_12_00_01,SiteA,2024-05-04T12:00:01+00:00,Ready,138628257
mendels_2024-05-04_11_50_00,mendels,2024-05-04T11:50:00+00:00,Ready,0
SiteA_2024-05-04_11_50_00,SiteA,2024-05-04T11:50:00+00:00,Ready,139410185
SiteA_2024-05-04_11_40_00,SiteA,2024-05-04T11:40:00+00:00,Ready,137984107
mendels_2024-05-04_11_40_00,mendels,2024-05-04T11:40:00+00:00,Ready,0
SiteA_2024-05-04_11_30_01,SiteA,2024-05-04T11:30:01+00:00,Ready,135667022
mendels_2024-05-04_11_30_00,mendels,2024-05-04T11:30:00+00:00,Ready,0
mendels_2024-05-04_11_20_00,mendels,2024-05-04T11:20:00+00:00,Ready,0
SiteA_2024-05-04_11_20_00,SiteA,2024-05-04T11:20:00+00:00,Ready,134503272
mendels_2024-05-04_11_10_01,mendels,2024-05-04T11:10:01+00:00,Ready,0
SiteA_2024-05-04_11_10_00,SiteA,2024-05-04T11:10:00+00:00,Ready,131289222
SiteA_2024-05-04_11_00_00,SiteA,2024-05-04T11:00:00+00:00,Ready,133673414
mendels_2024-05-04_11_00_00,mendels,2024-05-04T11:00:00+00:00,Ready,0
SiteA_2024-05-04_10_50_01,SiteA,2024-05-04T10:50:01+00:00,Ready,138563392
mendels_2024-05-04_10_50_00,mendels,2024-05-04T10:50:00+00:00,Ready,0
mendels_2024-05-04_10_40_00,mendels,2024-05-04T10:40:00+00:00,Ready,0
SiteA_2024-05-04_10_40_00,SiteA,2024-05-04T10:40:00+00:00,Ready,157510763
SiteA_2024-05-04_10_30_00,SiteA,2024-05-04T10:30:00+00:00,Ready,149041279
mendels_2024-05-04_10_30_00,mendels,2024-05-04T10:30:00+00:00,Ready,0
SiteA_2024-05-04_10_20_00,SiteA,2024-05-04T10:20:00+00:00,Ready,135309584
mendels_2024-05-04_10_20_00,mendels,2024-05-04T10:20:00+00:00,Ready,0
mendels_2024-05-04_10_10_01,mendels,2024-05-04T10:10:01+00:00,Ready,0
SiteA_2024-05-04_10_10_01,SiteA,2024-05-04T10:10:01+00:00,Ready,132657152
mendels_2024-05-04_10_00_00,mendels,2024-05-04T10:00:00+00:00,Ready,0
SiteA_2024-05-04_10_00_00,SiteA,2024-05-04T10:00:00+00:00,Ready,131918213
mendels_2024-05-04_09_50_00,mendels,2024-05-04T09:50:00+00:00,Ready,0
SiteA_2024-05-04_09_50_00,SiteA,2024-05-04T09:50:00+00:00,Ready,137696493
SiteA_2024-05-04_09_40_00,SiteA,2024-05-04T09:40:00+00:00,Ready,143383424
mendels_2024-05-04_09_40_00,mendels,2024-05-04T09:40:00+00:00,Ready,0
SiteA_2024-05-04_09_30_01,SiteA,2024-05-04T09:30:01+00:00,Ready,141271828
mendels_2024-05-04_09_30_00,mendels,2024-05-04T09:30:00+00:00,Ready,0
mendels_2024-05-04_09_20_00,mendels,2024-05-04T09:20:00+00:00,Ready,0
SiteA_2024-05-04_09_20_00,SiteA,2024-05-04T09:20:00+00:00,Ready,136011078
mendels_2024-05-04_09_10_01,mendels,2024-05-04T09:10:01+00:00,Ready,0
SiteA_2024-05-04_09_10_00,SiteA,2024-05-04T09:10:00+00:00,Ready,140219056
SiteA_2024-05-04_09_00_00,SiteA,2024-05-04T09:00:00+00:00,Ready,143260899
mendels_2024-05-04_09_00_00,mendels,2024-05-04T09:00:00+00:00,Ready,0
mendels_2024-05-04_08_55_32,mendels,2024-05-04T08:55:32+00:00,Ready,5316608
SiteA_2024-05-04_08_50_01,SiteA,2024-05-04T08:50:01+00:00,Ready,135361886
SiteA_2024-05-04_08_40_00,SiteA,2024-05-04T08:40:00+00:00,Ready,142556598
SiteA_2024-05-04_08_30_00,SiteA,2024-05-04T08:30:00+00:00,Ready,141789785
SiteA_2024-05-04_08_20_00,SiteA,2024-05-04T08:20:00+00:00,Ready,148047469
SiteA_2024-05-04_08_10_01,SiteA,2024-05-04T08:10:01+00:00,Ready,146555756
SiteA_2024-05-04_08_01_29,SiteA,2024-05-04T08:01:29+00:00,Ready,127456008
SiteA_2024-05-03_20_00_00,SiteA,2024-05-03T20:00:00+00:00,Ready,0
SiteA_2024-05-03_19_50_00,SiteA,2024-05-03T19:50:00+00:00,Ready,294653952
SiteA_2024-05-03_19_40_01,SiteA,2024-05-03T19:40:01+00:00,Ready,284174323
SiteA_2024-05-03_19_30_00,SiteA,2024-05-03T19:30:00+00:00,Ready,212023535
SiteA_2024-05-03_19_20_00,SiteA,2024-05-03T19:20:00+00:00,Ready,150600151
SiteA_2024-05-03_19_10_00,SiteA,2024-05-03T19:10:00+00:00,Ready,137075437
SiteA_2024-05-03_19_00_00,SiteA,2024-05-03T19:00:00+00:00,Ready,135427834
mendels_2024-05-03_19_00_00,mendels,2024-05-03T19:00:00+00:00,Ready,0
SiteA_2024-05-03_18_50_01,SiteA,2024-05-03T18:50:01+00:00,Ready,135959445
mendels_2024-05-03_18_50_01,mendels,2024-05-03T18:50:01+00:00,Ready,0
SiteA_2024-05-03_18_40_00,SiteA,2024-05-03T18:40:00+00:00,Ready,141200459
mendels_2024-05-03_18_40_00,mendels,2024-05-03T18:40:00+00:00,Ready,0
mendels_2024-05-03_18_30_00,mendels,2024-05-03T18:30:00+00:00,Ready,0
SiteA_2024-05-03_18_30_00,SiteA,2024-05-03T18:30:00+00:00,Ready,145164636
SiteA_2024-05-03_18_20_01,SiteA,2024-05-03T18:20:01+00:00,Ready,168261202
mendels_2024-05-03_18_20_00,mendels,2024-05-03T18:20:00+00:00,Ready,0
mendels_2024-05-03_18_10_00,mendels,2024-05-03T18:10:00+00:00,Ready,0
SiteA_2024-05-03_18_10_00,SiteA,2024-05-03T18:10:00+00:00,Ready,211373362
SiteA_2024-05-03_18_00_00,SiteA,2024-05-03T18:00:00+00:00,Ready,158625174
mendels_2024-05-03_18_00_00,mendels,2024-05-03T18:00:00+00:00,Ready,0
mendels_2024-05-03_17_50_01,mendels,2024-05-03T17:50:01+00:00,Ready,0
SiteA_2024-05-03_17_50_00,SiteA,2024-05-03T17:50:00+00:00,Ready,158251725
SiteA_2024-05-03_17_40_01,SiteA,2024-05-03T17:40:01+00:00,Ready,161610785
mendels_2024-05-03_17_40_00,mendels,2024-05-03T17:40:00+00:00,Ready,0
SiteA_2024-05-03_17_30_00,SiteA,2024-05-03T17:30:00+00:00,Ready,197154085
mendels_2024-05-03_17_30_00,mendels,2024-05-03T17:30:00+00:00,Ready,0
mendels_2024-05-03_17_20_00,mendels,2024-05-03T17:20:00+00:00,Ready,0
SiteA_2024-05-03_17_20_00,SiteA,2024-05-03T17:20:00+00:00,Ready,179752770
SiteA_2024-05-03_17_10_01,SiteA,2024-05-03T17:10:01+00:00,Ready,160729631
mendels_2024-05-03_17_10_00,mendels,2024-05-03T17:10:00+00:00,Ready,0
SiteA_2024-05-03_17_00_00,SiteA,2024-05-03T17:00:00+00:00,Ready,191770563
mendels_2024-05-03_17_00_00,mendels,2024-05-03T17:00:00+00:00,Ready,0
mendels_2024-05-03_16_50_01,mendels,2024-05-03T16:50:01+00:00,Ready,0
SiteA_2024-05-03_16_50_00,SiteA,2024-05-03T16:50:00+00:00,Ready,194951984
mendels_2024-05-03_16_40_00,mendels,2024-05-03T16:40:00+00:00,Ready,0
SiteA_2024-05-03_16_40_00,SiteA,2024-05-03T16:40:00+00:00,Ready,178968946
mendels_2024-05-03_16_30_00,mendels,2024-05-03T16:30:00+00:00,Ready,0
SiteA_2024-05-03_16_30_00,SiteA,2024-05-03T16:30:00+00:00,Ready,210129106
SiteA_2024-05-03_16_20_01,SiteA,2024-05-03T16:20:01+00:00,Ready,178377803
mendels_2024-05-03_16_20_00,mendels,2024-05-03T16:20:00+00:00,Ready,0
SiteA_2024-05-03_16_10_00,SiteA,2024-05-03T16:10:00+00:00,Ready,167047383
mendels_2024-05-03_16_10_00,mendels,2024-05-03T16:10:00+00:00,Ready,0
mendels_2024-05-03_16_00_01,mendels,2024-05-03T16:00:01+00:00,Ready,0
SiteA_2024-05-03_16_00_00,SiteA,2024-05-03T16:00:00+00:00,Ready,178010644
SiteA_2024-05-03_15_50_00,SiteA,2024-05-03T15:50:00+00:00,Ready,163201917
mendels_2024-05-03_15_50_00,mendels,2024-05-03T15:50:00+00:00,Ready,0
SiteA_2024-05-03_15_40_01,SiteA,2024-05-03T15:40:01+00:00,Ready,184912080
mendels_2024-05-03_15_40_00,mendels,2024-05-03T15:40:00+00:00,Ready,0
SiteA_2024-05-03_15_30_00,SiteA,2024-05-03T15:30:00+00:00,Ready,155779168
mendels_2024-05-03_15_30_00,mendels,2024-05-03T15:30:00+00:00,Ready,0
mendels_2024-05-03_15_20_00,mendels,2024-05-03T15:20:00+00:00,Ready,0
SiteA_2024-05-03_15_20_00,SiteA,2024-05-03T15:20:00+00:00,Ready,144303631
mendels_2024-05-03_15_10_00,mendels,2024-05-03T15:10:00+00:00,Ready,0
SiteA_2024-05-03_15_10_00,SiteA,2024-05-03T15:10:00+00:00,Ready,146020032
SiteA_2024-05-03_15_00_01,SiteA,2024-05-03T15:00:01+00:00,Ready,143362686
mendels_2024-05-03_15_00_00,mendels,2024-05-03T15:00:00+00:00,Ready,0
SiteA_2024-05-03_14_50_00,SiteA,2024-05-03T14:50:00+00:00,Ready,143414648
mendels_2024-05-03_14_50_00,mendels,2024-05-03T14:50:00+00:00,Ready,0
mendels_2024-05-03_14_40_01,mendels,2024-05-03T14:40:01+00:00,Ready,0
SiteA_2024-05-03_14_40_00,SiteA,2024-05-03T14:40:00+00:00,Ready,144861258
SiteA_2024-05-03_14_30_00,SiteA,2024-05-03T14:30:00+00:00,Ready,144913459
mendels_2024-05-03_14_30_00,mendels,2024-05-03T14:30:00+00:00,Ready,0
SiteA_2024-05-03_14_20_01,SiteA,2024-05-03T14:20:01+00:00,Ready,148263694
mendels_2024-05-03_14_20_00,mendels,2024-05-03T14:20:00+00:00,Ready,0
mendels_2024-05-03_14_10_00,mendels,2024-05-03T14:10:00+00:00,Ready,0
SiteA_2024-05-03_14_10_00,SiteA,2024-05-03T14:10:00+00:00,Ready,148191210
SiteA_2024-05-03_14_00_00,SiteA,2024-05-03T14:00:00+00:00,Ready,146813715
mendels_2024-05-03_14_00_00,mendels,2024-05-03T14:00:00+00:00,Ready,0
SiteA_2024-05-03_13_50_01,SiteA,2024-05-03T13:50:01+00:00,Ready,144452140
mendels_2024-05-03_13_50_00,mendels,2024-05-03T13:50:00+00:00,Ready,0
mendels_2024-05-03_13_40_01,mendels,2024-05-03T13:40:01+00:00,Ready,0
SiteA_2024-05-03_13_40_00,SiteA,2024-05-03T13:40:00+00:00,Ready,162632298
SiteA_2024-05-03_13_30_00,SiteA,2024-05-03T13:30:00+00:00,Ready,154787999
mendels_2024-05-03_13_30_00,mendels,2024-05-03T13:30:00+00:00,Ready,0
mendels_2024-05-03_13_24_48,mendels,2024-05-03T13:24:48+00:00,Ready,15826944
SiteA_2024-05-03_13_20_01,SiteA,2024-05-03T13:20:01+00:00,Ready,154087599
mendels_2024-05-03_13_10_00,mendels,2024-05-03T13:10:00+00:00,Ready,0
SiteA_2024-05-03_13_10_00,SiteA,2024-05-03T13:10:00+00:00,Ready,149212518
SiteA_2024-05-03_13_00_00,SiteA,2024-05-03T13:00:00+00:00,Ready,172019069
mendels_2024-05-03_13_00_00,mendels,2024-05-03T13:00:00+00:00,Ready,0
mendels_2024-05-03_12_50_00,mendels,2024-05-03T12:50:00+00:00,Ready,0
SiteA_2024-05-03_12_50_00,SiteA,2024-05-03T12:50:00+00:00,Ready,149704546
SiteA_2024-05-03_12_40_01,SiteA,2024-05-03T12:40:01+00:00,Ready,194085926
mendels_2024-05-03_12_40_01,mendels,2024-05-03T12:40:01+00:00,Ready,0
mendels_2024-05-03_12_30_00,mendels,2024-05-03T12:30:00+00:00,Ready,0
SiteA_2024-05-03_12_30_00,SiteA,2024-05-03T12:30:00+00:00,Ready,195027751
mendels_2024-05-03_12_20_00,mendels,2024-05-03T12:20:00+00:00,Ready,0
SiteA_2024-05-03_12_20_00,SiteA,2024-05-03T12:20:00+00:00,Ready,206973787
SiteA_2024-05-03_12_10_01,SiteA,2024-05-03T12:10:01+00:00,Ready,218784648
mendels_2024-05-03_12_10_00,mendels,2024-05-03T12:10:00+00:00,Ready,0
SiteA_2024-05-03_12_00_00,SiteA,2024-05-03T12:00:00+00:00,Ready,190556344
mendels_2024-05-03_12_00_00,mendels,2024-05-03T12:00:00+00:00,Ready,0
mendels_2024-05-03_11_50_00,mendels,2024-05-03T11:50:00+00:00,Ready,0
SiteA_2024-05-03_11_50_00,SiteA,2024-05-03T11:50:00+00:00,Ready,210797037
mendels_2024-05-03_11_40_00,mendels,2024-05-03T11:40:00+00:00,Ready,0
SiteA_2024-05-03_11_40_00,SiteA,2024-05-03T11:40:00+00:00,Ready,233246004
mendels_2024-05-03_11_30_01,mendels,2024-05-03T11:30:01+00:00,Ready,0
SiteA_2024-05-03_11_30_01,SiteA,2024-05-03T11:30:01+00:00,Ready,243967115
SiteA_2024-05-03_11_20_00,SiteA,2024-05-03T11:20:00+00:00,Ready,212501834
mendels_2024-05-03_11_20_00,mendels,2024-05-03T11:20:00+00:00,Ready,0
SiteA_2024-05-03_11_10_00,SiteA,2024-05-03T11:10:00+00:00,Ready,205936073
mendels_2024-05-03_11_10_00,mendels,2024-05-03T11:10:00+00:00,Ready,0
SiteA_2024-05-03_11_00_00,SiteA,2024-05-03T11:00:00+00:00,Ready,210195378
mendels_2024-05-03_11_00_00,mendels,2024-05-03T11:00:00+00:00,Ready,0
SiteA_2024-05-03_10_50_01,SiteA,2024-05-03T10:50:01+00:00,Ready,210205988
mendels_2024-05-03_10_50_00,mendels,2024-05-03T10:50:00+00:00,Ready,0
SiteA_2024-05-03_10_40_00,SiteA,2024-05-03T10:40:00+00:00,Ready,186054530
mendels_2024-05-03_10_40_00,mendels,2024-05-03T10:40:00+00:00,Ready,0
mendels_2024-05-03_10_30_01,mendels,2024-05-03T10:30:01+00:00,Ready,0
SiteA_2024-05-03_10_30_00,SiteA,2024-05-03T10:30:00+00:00,Ready,198709059
SiteA_2024-05-03_10_20_00,SiteA,2024-05-03T10:20:00+00:00,Ready,168785500
mendels_2024-05-03_10_20_00,mendels,2024-05-03T10:20:00+00:00,Ready,0
SiteA_2024-05-03_10_10_01,SiteA,2024-05-03T10:10:01+00:00,Ready,202113801
mendels_2024-05-03_10_10_00,mendels,2024-05-03T10:10:00+00:00,Ready,0
SiteA_2024-05-03_10_00_00,SiteA,2024-05-03T10:00:00+00:00,Ready,200683729
mendels_2024-05-03_10_00_00,mendels,2024-05-03T10:00:00+00:00,Ready,0
mendels_2024-05-03_09_50_00,mendels,2024-05-03T09:50:00+00:00,Ready,0
SiteA_2024-05-03_09_50_00,SiteA,2024-05-03T09:50:00+00:00,Ready,200007540
SiteA_2024-05-03_09_40_01,SiteA,2024-05-03T09:40:01+00:00,Ready,191829832
mendels_2024-05-03_09_40_00,mendels,2024-05-03T09:40:00+00:00,Ready,0
mendels_2024-05-03_09_30_01,mendels,2024-05-03T09:30:01+00:00,Ready,0
SiteA_2024-05-03_09_30_00,SiteA,2024-05-03T09:30:00+00:00,Ready,204693240
mendels_2024-05-03_09_20_00,mendels,2024-05-03T09:20:00+00:00,Ready,0
SiteA_2024-05-03_09_20_00,SiteA,2024-05-03T09:20:00+00:00,Ready,178581752
SiteA_2024-05-03_09_10_01,SiteA,2024-05-03T09:10:01+00:00,Ready,169869542
mendels_2024-05-03_09_10_00,mendels,2024-05-03T09:10:00+00:00,Ready,0
mendels_2024-05-03_09_00_00,mendels,2024-05-03T09:00:00+00:00,Ready,0
SiteA_2024-05-03_09_00_00,SiteA,2024-05-03T09:00:00+00:00,Ready,158747792
mendels_2024-05-03_08_55_32,mendels,2024-05-03T08:55:32+00:00,Ready,25206784
SiteA_2024-05-03_08_50_00,SiteA,2024-05-03T08:50:00+00:00,Ready,176218200
SiteA_2024-05-03_08_40_00,SiteA,2024-05-03T08:40:00+00:00,Ready,178752813
SiteA_2024-05-03_08_30_00,SiteA,2024-05-03T08:30:00+00:00,Ready,165179451
SiteA_2024-05-03_08_20_01,SiteA,2024-05-03T08:20:01+00:00,Ready,194119733
SiteA_2024-05-03_08_10_00,SiteA,2024-05-03T08:10:00+00:00,Ready,167804278
SiteA_2024-05-03_08_01_29,SiteA,2024-05-03T08:01:29+00:00,Ready,139488751
SiteA_2024-05-02_19_50_00,SiteA,2024-05-02T19:50:00+00:00,Ready,246255871
SiteA_2024-05-02_19_40_00,SiteA,2024-05-02T19:40:00+00:00,Ready,263217745
SiteA_2024-05-02_19_30_01,SiteA,2024-05-02T19:30:01+00:00,Ready,257703835
SiteA_2024-05-02_19_20_00,SiteA,2024-05-02T19:20:00+00:00,Ready,186950575
SiteA_2024-05-02_19_10_00,SiteA,2024-05-02T19:10:00+00:00,Ready,159200285
SiteA_2024-05-02_19_00_01,SiteA,2024-05-02T19:00:01+00:00,Ready,148419786
mendels_2024-05-02_19_00_00,mendels,2024-05-02T19:00:00+00:00,Ready,0
mendels_2024-05-02_18_50_00,mendels,2024-05-02T18:50:00+00:00,Ready,0
SiteA_2024-05-02_18_50_00,SiteA,2024-05-02T18:50:00+00:00,Ready,167956722
SiteA_2024-05-02_18_40_00,SiteA,2024-05-02T18:40:00+00:00,Ready,162074220
mendels_2024-05-02_18_40_00,mendels,2024-05-02T18:40:00+00:00,Ready,0
mendels_2024-05-02_18_30_01,mendels,2024-05-02T18:30:01+00:00,Ready,0
SiteA_2024-05-02_18_30_00,SiteA,2024-05-02T18:30:00+00:00,Ready,166833571
SiteA_2024-05-02_18_20_01,SiteA,2024-05-02T18:20:01+00:00,Ready,236941280
mendels_2024-05-02_18_20_00,mendels,2024-05-02T18:20:00+00:00,Ready,0
SiteA_2024-05-02_18_10_00,SiteA,2024-05-02T18:10:00+00:00,Ready,160378802
mendels_2024-05-02_18_10_00,mendels,2024-05-02T18:10:00+00:00,Ready,0
SiteA_2024-05-02_18_00_00,SiteA,2024-05-02T18:00:00+00:00,Ready,166442167
mendels_2024-05-02_18_00_00,mendels,2024-05-02T18:00:00+00:00,Ready,0
SiteA_2024-05-02_17_50_01,SiteA,2024-05-02T17:50:01+00:00,Ready,191334174
mendels_2024-05-02_17_50_00,mendels,2024-05-02T17:50:00+00:00,Ready,0
SiteA_2024-05-02_17_40_00,SiteA,2024-05-02T17:40:00+00:00,Ready,203842074
mendels_2024-05-02_17_40_00,mendels,2024-05-02T17:40:00+00:00,Ready,0
mendels_2024-05-02_17_30_01,mendels,2024-05-02T17:30:01+00:00,Ready,0
SiteA_2024-05-02_17_30_00,SiteA,2024-05-02T17:30:00+00:00,Ready,192996753
SiteA_2024-05-02_17_20_00,SiteA,2024-05-02T17:20:00+00:00,Ready,189263405
mendels_2024-05-02_17_20_00,mendels,2024-05-02T17:20:00+00:00,Ready,0
SiteA_2024-05-02_17_10_01,SiteA,2024-05-02T17:10:01+00:00,Ready,247368188
mendels_2024-05-02_17_10_00,mendels,2024-05-02T17:10:00+00:00,Ready,0
mendels_2024-05-02_17_00_00,mendels,2024-05-02T17:00:00+00:00,Ready,0
SiteA_2024-05-02_17_00_00,SiteA,2024-05-02T17:00:00+00:00,Ready,189512660
SiteA_2024-05-02_16_50_00,SiteA,2024-05-02T16:50:00+00:00,Ready,188452812
mendels_2024-05-02_16_50_00,mendels,2024-05-02T16:50:00+00:00,Ready,0
SiteA_2024-05-02_16_40_00,SiteA,2024-05-02T16:40:00+00:00,Ready,267239719
mendels_2024-05-02_16_40_00,mendels,2024-05-02T16:40:00+00:00,Ready,0
mendels_2024-05-02_16_30_01,mendels,2024-05-02T16:30:01+00:00,Ready,0
SiteA_2024-05-02_16_30_01,SiteA,2024-05-02T16:30:01+00:00,Ready,296386296
SiteA_2024-05-02_16_20_00,SiteA,2024-05-02T16:20:00+00:00,Ready,284988327
mendels_2024-05-02_16_20_00,mendels,2024-05-02T16:20:00+00:00,Ready,0
SiteA_2024-05-02_16_10_00,SiteA,2024-05-02T16:10:00+00:00,Ready,193485517
mendels_2024-05-02_16_10_00,mendels,2024-05-02T16:10:00+00:00,Ready,0
SiteA_2024-05-02_16_00_01,SiteA,2024-05-02T16:00:01+00:00,Ready,222222828
mendels_2024-05-02_16_00_00,mendels,2024-05-02T16:00:00+00:00,Ready,0
SiteA_2024-05-02_15_50_00,SiteA,2024-05-02T15:50:00+00:00,Ready,273489121
mendels_2024-05-02_15_50_00,mendels,2024-05-02T15:50:00+00:00,Ready,0
mendels_2024-05-02_15_40_01,mendels,2024-05-02T15:40:01+00:00,Ready,0
SiteA_2024-05-02_15_40_00,SiteA,2024-05-02T15:40:00+00:00,Ready,254475316
mendels_2024-05-02_15_30_00,mendels,2024-05-02T15:30:00+00:00,Ready,0
SiteA_2024-05-02_15_30_00,SiteA,2024-05-02T15:30:00+00:00,Ready,192069169
SiteA_2024-05-02_15_20_01,SiteA,2024-05-02T15:20:01+00:00,Ready,161526414
mendels_2024-05-02_15_20_00,mendels,2024-05-02T15:20:00+00:00,Ready,0
SiteA_2024-05-02_15_10_00,SiteA,2024-05-02T15:10:00+00:00,Ready,160787595
mendels_2024-05-02_15_10_00,mendels,2024-05-02T15:10:00+00:00,Ready,0
SiteA_2024-05-02_15_00_00,SiteA,2024-05-02T15:00:00+00:00,Ready,152704106
mendels_2024-05-02_15_00_00,mendels,2024-05-02T15:00:00+00:00,Ready,0
SiteA_2024-05-02_14_50_00,SiteA,2024-05-02T14:50:00+00:00,Ready,182755509
mendels_2024-05-02_14_50_00,mendels,2024-05-02T14:50:00+00:00,Ready,0
mendels_2024-05-02_14_40_01,mendels,2024-05-02T14:40:01+00:00,Ready,0
SiteA_2024-05-02_14_40_01,SiteA,2024-05-02T14:40:01+00:00,Ready,165475367
mendels_2024-05-02_14_30_00,mendels,2024-05-02T14:30:00+00:00,Ready,0
SiteA_2024-05-02_14_30_00,SiteA,2024-05-02T14:30:00+00:00,Ready,165619029
mendels_2024-05-02_14_20_00,mendels,2024-05-02T14:20:00+00:00,Ready,0
SiteA_2024-05-02_14_20_00,SiteA,2024-05-02T14:20:00+00:00,Ready,183103852
mendels_2024-05-02_14_10_00,mendels,2024-05-02T14:10:00+00:00,Ready,0
SiteA_2024-05-02_14_10_00,SiteA,2024-05-02T14:10:00+00:00,Ready,182940391
SiteA_2024-05-02_14_00_01,SiteA,2024-05-02T14:00:01+00:00,Ready,161447137
mendels_2024-05-02_14_00_00,mendels,2024-05-02T14:00:00+00:00,Ready,0
mendels_2024-05-02_13_50_00,mendels,2024-05-02T13:50:00+00:00,Ready,0
SiteA_2024-05-02_13_50_00,SiteA,2024-05-02T13:50:00+00:00,Ready,169282690
mendels_2024-05-02_13_40_01,mendels,2024-05-02T13:40:01+00:00,Ready,0
SiteA_2024-05-02_13_40_00,SiteA,2024-05-02T13:40:00+00:00,Ready,257844836
SiteA_2024-05-02_13_30_01,SiteA,2024-05-02T13:30:01+00:00,Ready,190873996
mendels_2024-05-02_13_30_00,mendels,2024-05-02T13:30:00+00:00,Ready,0
SiteA_2024-05-02_13_20_00,SiteA,2024-05-02T13:20:00+00:00,Ready,194788741
mendels_2024-05-02_13_20_00,mendels,2024-05-02T13:20:00+00:00,Ready,0
mendels_2024-05-02_13_10_00,mendels,2024-05-02T13:10:00+00:00,Ready,0
SiteA_2024-05-02_13_10_00,SiteA,2024-05-02T13:10:00+00:00,Ready,227538922
mendels_2024-05-02_13_00_00,mendels,2024-05-02T13:00:00+00:00,Ready,0
SiteA_2024-05-02_13_00_00,SiteA,2024-05-02T13:00:00+00:00,Ready,246894079
SiteA_2024-05-02_12_50_01,SiteA,2024-05-02T12:50:01+00:00,Ready,254127573
mendels_2024-05-02_12_50_00,mendels,2024-05-02T12:50:00+00:00,Ready,0
mendels_2024-05-02_12_40_01,mendels,2024-05-02T12:40:01+00:00,Ready,0
SiteA_2024-05-02_12_40_00,SiteA,2024-05-02T12:40:00+00:00,Ready,284532700
mendels_2024-05-02_12_30_00,mendels,2024-05-02T12:30:00+00:00,Ready,0
SiteA_2024-05-02_12_30_00,SiteA,2024-05-02T12:30:00+00:00,Ready,250436705
mendels_2024-05-02_12_20_00,mendels,2024-05-02T12:20:00+00:00,Ready,32096256
SiteA_2024-05-02_12_20_00,SiteA,2024-05-02T12:20:00+00:00,Ready,257734282
SiteA_2024-05-02_12_10_01,SiteA,2024-05-02T12:10:01+00:00,Ready,236644008
mendels_2024-05-02_12_10_00,mendels,2024-05-02T12:10:00+00:00,Ready,298115932
mendels_2024-05-02_12_00_01,mendels,2024-05-02T12:00:01+00:00,Ready,299589492
SiteA_2024-05-02_12_00_00,SiteA,2024-05-02T12:00:00+00:00,Ready,251049507
SiteA_2024-05-02_11_50_00,SiteA,2024-05-02T11:50:00+00:00,Ready,277503908
mendels_2024-05-02_11_50_00,mendels,2024-05-02T11:50:00+00:00,Ready,297449037
SiteA_2024-05-02_11_40_00,SiteA,2024-05-02T11:40:00+00:00,Ready,276524246
mendels_2024-05-02_11_40_00,mendels,2024-05-02T11:40:00+00:00,Ready,299992930
mendels_2024-05-02_11_30_01,mendels,2024-05-02T11:30:01+00:00,Ready,299536171
SiteA_2024-05-02_11_30_01,SiteA,2024-05-02T11:30:01+00:00,Ready,260951935
mendels_2024-05-02_11_20_00,mendels,2024-05-02T11:20:00+00:00,Ready,298982186
SiteA_2024-05-02_11_20_00,SiteA,2024-05-02T11:20:00+00:00,Ready,249599171
SiteA_2024-05-02_11_10_00,SiteA,2024-05-02T11:10:00+00:00,Ready,260699625
mendels_2024-05-02_11_10_00,mendels,2024-05-02T11:10:00+00:00,Ready,299402947
SiteA_2024-05-02_11_00_01,SiteA,2024-05-02T11:00:01+00:00,Ready,248388069
mendels_2024-05-02_11_00_01,mendels,2024-05-02T11:00:01+00:00,Ready,299538772
SiteA_2024-05-02_10_50_00,SiteA,2024-05-02T10:50:00+00:00,Ready,267493447
mendels_2024-05-02_10_50_00,mendels,2024-05-02T10:50:00+00:00,Ready,300011413
SiteA_2024-05-02_10_40_00,SiteA,2024-05-02T10:40:00+00:00,Ready,262158604
mendels_2024-05-02_10_40_00,mendels,2024-05-02T10:40:00+00:00,Ready,298731241
mendels_2024-05-02_10_30_01,mendels,2024-05-02T10:30:01+00:00,Ready,299536807
SiteA_2024-05-02_10_30_01,SiteA,2024-05-02T10:30:01+00:00,Ready,260709497
mendels_2024-05-02_10_20_00,mendels,2024-05-02T10:20:00+00:00,Ready,299732449
SiteA_2024-05-02_10_20_00,SiteA,2024-05-02T10:20:00+00:00,Ready,249588193
SiteA_2024-05-02_10_10_00,SiteA,2024-05-02T10:10:00+00:00,Ready,249798611
mendels_2024-05-02_10_10_00,mendels,2024-05-02T10:10:00+00:00,Ready,294404357
mendels_2024-05-02_10_00_01,mendels,2024-05-02T10:00:01+00:00,Ready,288944940
SiteA_2024-05-02_10_00_00,SiteA,2024-05-02T10:00:00+00:00,Ready,236201549
SiteA_2024-05-02_09_50_00,SiteA,2024-05-02T09:50:00+00:00,Ready,206944879
mendels_2024-05-02_09_50_00,mendels,2024-05-02T09:50:00+00:00,Ready,298406349
mendels_2024-05-02_09_40_01,mendels,2024-05-02T09:40:01+00:00,Ready,299497248
SiteA_2024-05-02_09_40_01,SiteA,2024-05-02T09:40:01+00:00,Ready,234310568
mendels_2024-05-02_09_30_00,mendels,2024-05-02T09:30:00+00:00,Ready,298471356
SiteA_2024-05-02_09_30_00,SiteA,2024-05-02T09:30:00+00:00,Ready,218391928
SiteA_2024-05-02_09_20_00,SiteA,2024-05-02T09:20:00+00:00,Ready,196431814
mendels_2024-05-02_09_20_00,mendels,2024-05-02T09:20:00+00:00,Ready,297602431
mendels_2024-05-02_09_10_00,mendels,2024-05-02T09:10:00+00:00,Ready,299944105
SiteA_2024-05-02_09_10_00,SiteA,2024-05-02T09:10:00+00:00,Ready,215217480
SiteA_2024-05-02_09_00_01,SiteA,2024-05-02T09:00:01+00:00,Ready,177886370
mendels_2024-05-02_09_00_01,mendels,2024-05-02T09:00:01+00:00,Ready,297276720
mendels_2024-05-02_08_55_31,mendels,2024-05-02T08:55:31+00:00,Ready,134405598
SiteA_2024-05-02_08_50_00,SiteA,2024-05-02T08:50:00+00:00,Ready,172623936
SiteA_2024-05-02_08_40_00,SiteA,2024-05-02T08:40:00+00:00,Ready,171452772
SiteA_2024-05-02_08_30_01,SiteA,2024-05-02T08:30:01+00:00,Ready,178408769
SiteA_2024-05-02_08_20_00,SiteA,2024-05-02T08:20:00+00:00,Ready,171174596
SiteA_2024-05-02_08_10_00,SiteA,2024-05-02T08:10:00+00:00,Ready,191568687
SiteA_2024-05-02_08_01_29,SiteA,2024-05-02T08:01:29+00:00,Ready,191900699
SiteA_2024-05-01_19_50_01,SiteA,2024-05-01T19:50:01+00:00,Ready,260309040
SiteA_2024-05-01_19_40_00,SiteA,2024-05-01T19:40:00+00:00,Ready,278328404
SiteA_2024-05-01_19_30_00,SiteA,2024-05-01T19:30:00+00:00,Ready,220634382
SiteA_2024-05-01_19_20_00,SiteA,2024-05-01T19:20:00+00:00,Ready,173818024
SiteA_2024-05-01_19_10_01,SiteA,2024-05-01T19:10:01+00:00,Ready,193545621
SiteA_2024-05-01_19_00_00,SiteA,2024-05-01T19:00:00+00:00,Ready,181440056
mendels_2024-05-01_19_00_00,mendels,2024-05-01T19:00:00+00:00,Ready,152309760
SiteA_2024-05-01_18_50_00,SiteA,2024-05-01T18:50:00+00:00,Ready,180724206
mendels_2024-05-01_18_50_00,mendels,2024-05-01T18:50:00+00:00,Ready,300057461
SiteA_2024-05-01_18_40_01,SiteA,2024-05-01T18:40:01+00:00,Ready,182470028
mendels_2024-05-01_18_40_01,mendels,2024-05-01T18:40:01+00:00,Ready,281992646
mendels_2024-05-01_18_30_00,mendels,2024-05-01T18:30:00+00:00,Ready,279319707
SiteA_2024-05-01_18_30_00,SiteA,2024-05-01T18:30:00+00:00,Ready,221052383
SiteA_2024-05-01_18_20_00,SiteA,2024-05-01T18:20:00+00:00,Ready,191037745
mendels_2024-05-01_18_20_00,mendels,2024-05-01T18:20:00+00:00,Ready,298027682
SiteA_2024-05-01_18_10_00,SiteA,2024-05-01T18:10:00+00:00,Ready,178869006
mendels_2024-05-01_18_10_00,mendels,2024-05-01T18:10:00+00:00,Ready,261046321
mendels_2024-05-01_18_00_01,mendels,2024-05-01T18:00:01+00:00,Ready,299594006
SiteA_2024-05-01_18_00_01,SiteA,2024-05-01T18:00:01+00:00,Ready,186875831
SiteA_2024-05-01_17_50_00,SiteA,2024-05-01T17:50:00+00:00,Ready,197609537
mendels_2024-05-01_17_50_00,mendels,2024-05-01T17:50:00+00:00,Ready,300068502
mendels_2024-05-01_17_40_00,mendels,2024-05-01T17:40:00+00:00,Ready,300104564
SiteA_2024-05-01_17_40_00,SiteA,2024-05-01T17:40:00+00:00,Ready,236052815
SiteA_2024-05-01_17_30_01,SiteA,2024-05-01T17:30:01+00:00,Ready,211767722
mendels_2024-05-01_17_30_01,mendels,2024-05-01T17:30:01+00:00,Ready,299408391
mendels_2024-05-01_17_20_00,mendels,2024-05-01T17:20:00+00:00,Ready,300046755
SiteA_2024-05-01_17_20_00,SiteA,2024-05-01T17:20:00+00:00,Ready,180317850
SiteA_2024-05-01_17_10_00,SiteA,2024-05-01T17:10:00+00:00,Ready,234204175
mendels_2024-05-01_17_10_00,mendels,2024-05-01T17:10:00+00:00,Ready,300098989
SiteA_2024-05-01_17_00_01,SiteA,2024-05-01T17:00:01+00:00,Ready,265968921
mendels_2024-05-01_17_00_00,mendels,2024-05-01T17:00:00+00:00,Ready,300114616
mendels_2024-05-01_16_50_01,mendels,2024-05-01T16:50:01+00:00,Ready,299615098
SiteA_2024-05-01_16_50_00,SiteA,2024-05-01T16:50:00+00:00,Ready,180792164
SiteA_2024-05-01_16_40_00,SiteA,2024-05-01T16:40:00+00:00,Ready,246659391
mendels_2024-05-01_16_40_00,mendels,2024-05-01T16:40:00+00:00,Ready,300080450
SiteA_2024-05-01_16_30_01,SiteA,2024-05-01T16:30:01+00:00,Ready,243612597
mendels_2024-05-01_16_30_00,mendels,2024-05-01T16:30:00+00:00,Ready,300120721
mendels_2024-05-01_16_20_01,mendels,2024-05-01T16:20:01+00:00,Ready,299617632
SiteA_2024-05-01_16_20_00,SiteA,2024-05-01T16:20:00+00:00,Ready,248901550
mendels_2024-05-01_16_10_00,mendels,2024-05-01T16:10:00+00:00,Ready,299995060
SiteA_2024-05-01_16_10_00,SiteA,2024-05-01T16:10:00+00:00,Ready,228699006
SiteA_2024-05-01_16_00_00,SiteA,2024-05-01T16:00:00+00:00,Ready,196343117
mendels_2024-05-01_16_00_00,mendels,2024-05-01T16:00:00+00:00,Ready,299579210
SiteA_2024-05-01_15_50_01,SiteA,2024-05-01T15:50:01+00:00,Ready,230771188
mendels_2024-05-01_15_50_01,mendels,2024-05-01T15:50:01+00:00,Ready,299516890
mendels_2024-05-01_15_40_00,mendels,2024-05-01T15:40:00+00:00,Ready,300113549
SiteA_2024-05-01_15_40_00,SiteA,2024-05-01T15:40:00+00:00,Ready,206684504
mendels_2024-05-01_15_30_01,mendels,2024-05-01T15:30:01+00:00,Ready,299621413
SiteA_2024-05-01_15_30_00,SiteA,2024-05-01T15:30:00+00:00,Ready,194862064
mendels_2024-05-01_15_20_00,mendels,2024-05-01T15:20:00+00:00,Ready,300098297
SiteA_2024-05-01_15_20_00,SiteA,2024-05-01T15:20:00+00:00,Ready,176339302
SiteA_2024-05-01_15_10_01,SiteA,2024-05-01T15:10:01+00:00,Ready,161825392
mendels_2024-05-01_15_10_00,mendels,2024-05-01T15:10:00+00:00,Ready,299946485
mendels_2024-05-01_15_00_01,mendels,2024-05-01T15:00:01+00:00,Ready,298942261
SiteA_2024-05-01_15_00_00,SiteA,2024-05-01T15:00:00+00:00,Ready,143505402
SiteA_2024-05-01_14_50_00,SiteA,2024-05-01T14:50:00+00:00,Ready,176903587
mendels_2024-05-01_14_50_00,mendels,2024-05-01T14:50:00+00:00,Ready,299654140
mendels_2024-05-01_14_40_00,mendels,2024-05-01T14:40:00+00:00,Ready,300051169
SiteA_2024-05-01_14_40_00,SiteA,2024-05-01T14:40:00+00:00,Ready,160990357
SiteA_2024-05-01_14_35_21,SiteA,2024-05-01T14:35:21+00:00,Ready,77874744
mendels_2024-05-01_14_30_00,mendels,2024-05-01T14:30:00+00:00,Ready,292115882
mendels_2024-05-01_14_20_01,mendels,2024-05-01T14:20:01+00:00,Ready,299609204
SiteA_2024-05-01_14_20_00,SiteA,2024-05-01T14:20:00+00:00,Ready,174425125
SiteA_2024-05-01_14_18_43,SiteA,2024-05-01T14:18:43+00:00,Ready,18055971
mendels_2024-05-01_14_10_00,mendels,2024-05-01T14:10:00+00:00,Ready,300105264
mendels_2024-05-01_14_00_00,mendels,2024-05-01T14:00:00+00:00,Ready,300014089
mendels_2024-05-01_13_50_01,mendels,2024-05-01T13:50:01+00:00,Ready,299550187
mendels_2024-05-01_13_40_00,mendels,2024-05-01T13:40:00+00:00,Ready,299941427
mendels_2024-05-01_13_30_00,mendels,2024-05-01T13:30:00+00:00,Ready,297945868
mendels_2024-05-01_13_20_01,mendels,2024-05-01T13:20:01+00:00,Ready,299044450
mendels_2024-05-01_13_10_00,mendels,2024-05-01T13:10:00+00:00,Ready,298763927
mendels_2024-05-01_13_00_00,mendels,2024-05-01T13:00:00+00:00,Ready,298510225
mendels_2024-05-01_12_50_01,mendels,2024-05-01T12:50:01+00:00,Ready,299584742
mendels_2024-05-01_12_40_00,mendels,2024-05-01T12:40:00+00:00,Ready,300082859
mendels_2024-05-01_12_30_00,mendels,2024-05-01T12:30:00+00:00,Ready,300047147
mendels_2024-05-01_12_20_01,mendels,2024-05-01T12:20:01+00:00,Ready,299595631
mendels_2024-05-01_12_10_00,mendels,2024-05-01T12:10:00+00:00,Ready,300056698
mendels_2024-05-01_12_00_00,mendels,2024-05-01T12:00:00+00:00,Ready,300061514
mendels_2024-05-01_11_50_00,mendels,2024-05-01T11:50:00+00:00,Ready,298178714
mendels_2024-05-01_11_40_01,mendels,2024-05-01T11:40:01+00:00,Ready,299623399
mendels_2024-05-01_11_30_00,mendels,2024-05-01T11:30:00+00:00,Ready,300104737
mendels_2024-05-01_11_20_00,mendels,2024-05-01T11:20:00+00:00,Ready,300064570
mendels_2024-05-01_11_10_01,mendels,2024-05-01T11:10:01+00:00,Ready,299588186
mendels_2024-05-01_11_00_00,mendels,2024-05-01T11:00:00+00:00,Ready,300114699
mendels_2024-05-01_10_50_00,mendels,2024-05-01T10:50:00+00:00,Ready,300048894
mendels_2024-05-01_10_40_00,mendels,2024-05-01T10:40:00+00:00,Ready,300101985
mendels_2024-05-01_10_30_01,mendels,2024-05-01T10:30:01+00:00,Ready,299573883
mendels_2024-05-01_10_20_00,mendels,2024-05-01T10:20:00+00:00,Ready,300122130
mendels_2024-05-01_10_10_00,mendels,2024-05-01T10:10:00+00:00,Ready,300034744
mendels_2024-05-01_10_00_01,mendels,2024-05-01T10:00:01+00:00,Ready,299626285
mendels_2024-05-01_09_50_00,mendels,2024-05-01T09:50:00+00:00,Ready,300015994
mendels_2024-05-01_09_40_01,mendels,2024-05-01T09:40:01+00:00,Ready,299621922
mendels_2024-05-01_09_30_00,mendels,2024-05-01T09:30:00+00:00,Ready,300102796
mendels_2024-05-01_09_20_00,mendels,2024-05-01T09:20:00+00:00,Ready,300098575
mendels_2024-05-01_09_10_00,mendels,2024-05-01T09:10:00+00:00,Ready,299526993
mendels_2024-05-01_09_00_01,mendels,2024-05-01T09:00:01+00:00,Ready,297228952
mendels_2024-05-01_08_55_35,mendels,2024-05-01T08:55:35+00:00,Ready,132446696
SiteA_2024-05-01_06_10_01,SiteA,2024-05-01T06:10:01+00:00,Ready,114036736
SiteA_2024-05-01_06_00_00,SiteA,2024-05-01T06:00:00+00:00,Ready,299717362
SiteA_2024-05-01_05_50_00,SiteA,2024-05-01T05:50:00+00:00,Ready,300043009
SiteA_2024-05-01_05_40_00,SiteA,2024-05-01T05:40:00+00:00,Ready,255674456
SiteA_2024-05-01_05_30_01,SiteA,2024-05-01T05:30:01+00:00,Ready,71601512
SiteA_2024-05-01_05_20_00,SiteA,2024-05-01T05:20:00+00:00,Ready,24718503
SiteA_2024-05-01_05_10_00,SiteA,2024-05-01T05:10:00+00:00,Ready,20854307
SiteA_2024-05-01_05_00_01,SiteA,2024-05-01T05:00:01+00:00,Ready,20520581
SiteA_2024-05-01_04_50_00,SiteA,2024-05-01T04:50:00+00:00,Ready,20573881
SiteA_2024-05-01_04_40_00,SiteA,2024-05-01T04:40:00+00:00,Ready,20634305
SiteA_2024-05-01_04_30_00,SiteA,2024-05-01T04:30:00+00:00,Ready,21774105
SiteA_2024-05-01_04_20_01,SiteA,2024-05-01T04:20:01+00:00,Ready,12066397
SiteA_2024-05-01_04_10_00,SiteA,2024-05-01T04:10:00+00:00,Ready,8719461
SiteA_2024-05-01_04_00_00,SiteA,2024-05-01T04:00:00+00:00,Ready,8676762
SiteA_2024-05-01_03_50_01,SiteA,2024-05-01T03:50:01+00:00,Ready,8310270
SiteA_2024-05-01_03_40_00,SiteA,2024-05-01T03:40:00+00:00,Ready,8088217
SiteA_2024-05-01_03_30_00,SiteA,2024-05-01T03:30:00+00:00,Ready,8153220
SiteA_2024-05-01_03_20_01,SiteA,2024-05-01T03:20:01+00:00,Ready,7979108
SiteA_2024-05-01_03_10_00,SiteA,2024-05-01T03:10:00+00:00,Ready,7929220
SiteA_2024-05-01_03_00_00,SiteA,2024-05-01T03:00:00+00:00,Ready,8072889
SiteA_2024-05-01_02_50_01,SiteA,2024-05-01T02:50:01+00:00,Ready,7961244
SiteA_2024-05-01_02_40_00,SiteA,2024-05-01T02:40:00+00:00,Ready,7929675
SiteA_2024-05-01_02_30_00,SiteA,2024-05-01T02:30:00+00:00,Ready,8000067
SiteA_2024-05-01_02_20_01,SiteA,2024-05-01T02:20:01+00:00,Ready,7804704
SiteA_2024-05-01_02_10_00,SiteA,2024-05-01T02:10:00+00:00,Ready,7896167
SiteA_2024-05-01_02_00_00,SiteA,2024-05-01T02:00:00+00:00,Ready,8022930
SiteA_2024-05-01_01_50_01,SiteA,2024-05-01T01:50:01+00:00,Ready,7953884
SiteA_2024-05-01_01_40_00,SiteA,2024-05-01T01:40:00+00:00,Ready,7987591
SiteA_2024-05-01_01_30_00,SiteA,2024-05-01T01:30:00+00:00,Ready,23249155
SiteA_2024-05-01_01_20_00,SiteA,2024-05-01T01:20:00+00:00,Ready,58767882
SiteA_2024-05-01_01_10_00,SiteA,2024-05-01T01:10:00+00:00,Ready,58715383
SiteA_2024-05-01_01_00_01,SiteA,2024-05-01T01:00:01+00:00,Ready,58593279
SiteA_2024-05-01_00_50_00,SiteA,2024-05-01T00:50:00+00:00,Ready,59243527
SiteA_2024-05-01_00_40_00,SiteA,2024-05-01T00:40:00+00:00,Ready,61478276
SiteA_2024-05-01_00_30_00,SiteA,2024-05-01T00:30:00+00:00,Ready,61433708
SiteA_2024-05-01_00_20_01,SiteA,2024-05-01T00:20:01+00:00,Ready,61629140
SiteA_2024-05-01_00_10_00,SiteA,2024-05-01T00:10:00+00:00,Ready,60502873
SiteA_2024-05-01_00_00_00,SiteA,2024-05-01T00:00:00+00:00,Ready,26678260
SiteA_2024-04-30_23_50_01,SiteA,2024-04-30T23:50:01+00:00,Ready,22572791
SiteA_2024-04-30_23_40_00,SiteA,2024-04-30T23:40:00+00:00,Ready,22710992
SiteA_2024-04-30_23_30_00,SiteA,2024-04-30T23:30:00+00:00,Ready,22174916
SiteA_2024-04-30_23_20_01,SiteA,2024-04-30T23:20:01+00:00,Ready,22070578
SiteA_2024-04-30_23_10_00,SiteA,2024-04-30T23:10:00+00:00,Ready,22806446
SiteA_2024-04-30_23_00_00,SiteA,2024-04-30T23:00:00+00:00,Ready,27212209
SiteA_2024-04-30_22_50_01,SiteA,2024-04-30T22:50:01+00:00,Ready,43686184
SiteA_2024-04-30_22_40_00,SiteA,2024-04-30T22:40:00+00:00,Ready,42265064
SiteA_2024-04-30_22_30_00,SiteA,2024-04-30T22:30:00+00:00,Ready,33982338
SiteA_2024-04-30_22_20_00,SiteA,2024-04-30T22:20:00+00:00,Ready,15649798
SiteA_2024-04-30_22_10_01,SiteA,2024-04-30T22:10:01+00:00,Ready,45399051
SiteA_2024-04-30_22_00_00,SiteA,2024-04-30T22:00:00+00:00,Ready,85840496
SiteA_2024-04-30_21_50_00,SiteA,2024-04-30T21:50:00+00:00,Ready,86370111
SiteA_2024-04-30_21_40_01,SiteA,2024-04-30T21:40:01+00:00,Ready,87698784
SiteA_2024-04-30_21_30_00,SiteA,2024-04-30T21:30:00+00:00,Ready,87581951
SiteA_2024-04-30_21_20_00,SiteA,2024-04-30T21:20:00+00:00,Ready,86994368
SiteA_2024-04-30_21_10_01,SiteA,2024-04-30T21:10:01+00:00,Ready,85895473
SiteA_2024-04-30_21_00_00,SiteA,2024-04-30T21:00:00+00:00,Ready,84529195
SiteA_2024-04-30_20_50_00,SiteA,2024-04-30T20:50:00+00:00,Ready,87072310
SiteA_2024-04-30_20_40_00,SiteA,2024-04-30T20:40:00+00:00,Ready,92929344
SiteA_2024-04-30_20_30_01,SiteA,2024-04-30T20:30:01+00:00,Ready,116286554
SiteA_2024-04-30_20_20_00,SiteA,2024-04-30T20:20:00+00:00,Ready,217781655
SiteA_2024-04-30_20_10_00,SiteA,2024-04-30T20:10:00+00:00,Ready,299872081
SiteA_2024-04-30_20_05_30,SiteA,2024-04-30T20:05:30+00:00,Ready,134893483
SiteA_2024-04-30_19_50_00,SiteA,2024-04-30T19:50:00+00:00,Ready,150999040
SiteA_2024-04-30_19_40_00,SiteA,2024-04-30T19:40:00+00:00,Ready,195096788
SiteA_2024-04-30_19_30_01,SiteA,2024-04-30T19:30:01+00:00,Ready,202817929
SiteA_2024-04-30_19_20_00,SiteA,2024-04-30T19:20:00+00:00,Ready,159967494
SiteA_2024-04-30_19_10_00,SiteA,2024-04-30T19:10:00+00:00,Ready,156147955
mendels_2024-04-30_19_00_01,mendels,2024-04-30T19:00:01+00:00,Ready,147591168
SiteA_2024-04-30_19_00_00,SiteA,2024-04-30T19:00:00+00:00,Ready,153889313
SiteA_2024-04-30_18_50_01,SiteA,2024-04-30T18:50:01+00:00,Ready,113810644
mendels_2024-04-30_18_50_00,mendels,2024-04-30T18:50:00+00:00,Ready,300042588
SiteA_2024-04-30_18_40_00,SiteA,2024-04-30T18:40:00+00:00,Ready,98867334
mendels_2024-04-30_18_40_00,mendels,2024-04-30T18:40:00+00:00,Ready,300052326
mendels_2024-04-30_18_30_00,mendels,2024-04-30T18:30:00+00:00,Ready,300053622
SiteA_2024-04-30_18_30_00,SiteA,2024-04-30T18:30:00+00:00,Ready,106229654
mendels_2024-04-30_18_20_00,mendels,2024-04-30T18:20:00+00:00,Ready,300031946
SiteA_2024-04-30_18_20_00,SiteA,2024-04-30T18:20:00+00:00,Ready,105348863
mendels_2024-04-30_18_10_01,mendels,2024-04-30T18:10:01+00:00,Ready,264954826
SiteA_2024-04-30_18_10_01,SiteA,2024-04-30T18:10:01+00:00,Ready,109592352
SiteA_2024-04-30_18_00_00,SiteA,2024-04-30T18:00:00+00:00,Ready,147433099
mendels_2024-04-30_18_00_00,mendels,2024-04-30T18:00:00+00:00,Ready,241266973
mendels_2024-04-30_17_50_00,mendels,2024-04-30T17:50:00+00:00,Ready,234688040
SiteA_2024-04-30_17_50_00,SiteA,2024-04-30T17:50:00+00:00,Ready,123517275
mendels_2024-04-30_17_40_01,mendels,2024-04-30T17:40:01+00:00,Ready,232703481
SiteA_2024-04-30_17_40_01,SiteA,2024-04-30T17:40:01+00:00,Ready,119759268
SiteA_2024-04-30_17_30_00,SiteA,2024-04-30T17:30:00+00:00,Ready,112626680
mendels_2024-04-30_17_30_00,mendels,2024-04-30T17:30:00+00:00,Ready,243814027
SiteA_2024-04-30_17_20_00,SiteA,2024-04-30T17:20:00+00:00,Ready,107875676
mendels_2024-04-30_17_20_00,mendels,2024-04-30T17:20:00+00:00,Ready,278462700
mendels_2024-04-30_17_10_01,mendels,2024-04-30T17:10:01+00:00,Ready,298312084
SiteA_2024-04-30_17_10_00,SiteA,2024-04-30T17:10:00+00:00,Ready,104070294
SiteA_2024-04-30_17_00_01,SiteA,2024-04-30T17:00:01+00:00,Ready,99792213
mendels_2024-04-30_17_00_00,mendels,2024-04-30T17:00:00+00:00,Ready,293002270
SiteA_2024-04-30_16_50_00,SiteA,2024-04-30T16:50:00+00:00,Ready,102516593
mendels_2024-04-30_16_50_00,mendels,2024-04-30T16:50:00+00:00,Ready,267760792
mendels_2024-04-30_16_40_00,mendels,2024-04-30T16:40:00+00:00,Ready,291536530
SiteA_2024-04-30_16_40_00,SiteA,2024-04-30T16:40:00+00:00,Ready,106470633
mendels_2024-04-30_16_30_01,mendels,2024-04-30T16:30:01+00:00,Ready,299567404
SiteA_2024-04-30_16_30_00,SiteA,2024-04-30T16:30:00+00:00,Ready,112683656
mendels_2024-04-30_16_20_00,mendels,2024-04-30T16:20:00+00:00,Ready,291790109
SiteA_2024-04-30_16_20_00,SiteA,2024-04-30T16:20:00+00:00,Ready,108575273
SiteA_2024-04-30_16_10_01,SiteA,2024-04-30T16:10:01+00:00,Ready,108383684
mendels_2024-04-30_16_10_00,mendels,2024-04-30T16:10:00+00:00,Ready,299278746
SiteA_2024-04-30_16_00_00,SiteA,2024-04-30T16:00:00+00:00,Ready,107676930
mendels_2024-04-30_16_00_00,mendels,2024-04-30T16:00:00+00:00,Ready,300019608
mendels_2024-04-30_15_50_01,mendels,2024-04-30T15:50:01+00:00,Ready,299570987
SiteA_2024-04-30_15_50_00,SiteA,2024-04-30T15:50:00+00:00,Ready,109172049
SiteA_2024-04-30_15_40_01,SiteA,2024-04-30T15:40:01+00:00,Ready,124168304
mendels_2024-04-30_15_40_00,mendels,2024-04-30T15:40:00+00:00,Ready,300104107
mendels_2024-04-30_15_30_00,mendels,2024-04-30T15:30:00+00:00,Ready,299164891
SiteA_2024-04-30_15_30_00,SiteA,2024-04-30T15:30:00+00:00,Ready,122622064
mendels_2024-04-30_15_20_01,mendels,2024-04-30T15:20:01+00:00,Ready,299460704
SiteA_2024-04-30_15_20_00,SiteA,2024-04-30T15:20:00+00:00,Ready,130783268
SiteA_2024-04-30_15_10_01,SiteA,2024-04-30T15:10:01+00:00,Ready,111261217
mendels_2024-04-30_15_10_00,mendels,2024-04-30T15:10:00+00:00,Ready,300099253
mendels_2024-04-30_15_00_00,mendels,2024-04-30T15:00:00+00:00,Ready,300001848
SiteA_2024-04-30_15_00_00,SiteA,2024-04-30T15:00:00+00:00,Ready,111716130
mendels_2024-04-30_14_50_01,mendels,2024-04-30T14:50:01+00:00,Ready,299595731
SiteA_2024-04-30_14_50_00,SiteA,2024-04-30T14:50:00+00:00,Ready,111502057
mendels_2024-04-30_14_40_00,mendels,2024-04-30T14:40:00+00:00,Ready,300068816
SiteA_2024-04-30_14_40_00,SiteA,2024-04-30T14:40:00+00:00,Ready,93872260
SiteA_2024-04-30_14_30_01,SiteA,2024-04-30T14:30:01+00:00,Ready,100134914
mendels_2024-04-30_14_30_00,mendels,2024-04-30T14:30:00+00:00,Ready,300098232
mendels_2024-04-30_14_20_00,mendels,2024-04-30T14:20:00+00:00,Ready,299983509
SiteA_2024-04-30_14_20_00,SiteA,2024-04-30T14:20:00+00:00,Ready,106470661
mendels_2024-04-30_14_10_01,mendels,2024-04-30T14:10:01+00:00,Ready,299439788
SiteA_2024-04-30_14_10_00,SiteA,2024-04-30T14:10:00+00:00,Ready,99754591
SiteA_2024-04-30_14_00_00,SiteA,2024-04-30T14:00:00+00:00,Ready,102472380
mendels_2024-04-30_14_00_00,mendels,2024-04-30T14:00:00+00:00,Ready,284404921
SiteA_2024-04-30_13_50_01,SiteA,2024-04-30T13:50:01+00:00,Ready,99597564
mendels_2024-04-30_13_50_00,mendels,2024-04-30T13:50:00+00:00,Ready,215366264
mendels_2024-04-30_13_40_01,mendels,2024-04-30T13:40:01+00:00,Ready,259528195
SiteA_2024-04-30_13_40_00,SiteA,2024-04-30T13:40:00+00:00,Ready,117505938
SiteA_2024-04-30_13_30_00,SiteA,2024-04-30T13:30:00+00:00,Ready,113606156
mendels_2024-04-30_13_30_00,mendels,2024-04-30T13:30:00+00:00,Ready,238187131
SiteA_2024-04-30_13_20_00,SiteA,2024-04-30T13:20:00+00:00,Ready,121881572
mendels_2024-04-30_13_20_00,mendels,2024-04-30T13:20:00+00:00,Ready,285136816
mendels_2024-04-30_13_10_01,mendels,2024-04-30T13:10:01+00:00,Ready,299562494
SiteA_2024-04-30_13_10_00,SiteA,2024-04-30T13:10:00+00:00,Ready,135202898
SiteA_2024-04-30_13_00_01,SiteA,2024-04-30T13:00:01+00:00,Ready,114337883
mendels_2024-04-30_13_00_00,mendels,2024-04-30T13:00:00+00:00,Ready,299846428
mendels_2024-04-30_12_50_00,mendels,2024-04-30T12:50:00+00:00,Ready,300024330
SiteA_2024-04-30_12_50_00,SiteA,2024-04-30T12:50:00+00:00,Ready,117327252
mendels_2024-04-30_12_40_01,mendels,2024-04-30T12:40:01+00:00,Ready,299614090
SiteA_2024-04-30_12_40_00,SiteA,2024-04-30T12:40:00+00:00,Ready,127402759
SiteA_2024-04-30_12_30_01,SiteA,2024-04-30T12:30:01+00:00,Ready,128116451
mendels_2024-04-30_12_30_00,mendels,2024-04-30T12:30:00+00:00,Ready,300100242
mendels_2024-04-30_12_20_00,mendels,2024-04-30T12:20:00+00:00,Ready,300060305
SiteA_2024-04-30_12_20_00,SiteA,2024-04-30T12:20:00+00:00,Ready,143804341
mendels_2024-04-30_12_10_01,mendels,2024-04-30T12:10:01+00:00,Ready,299604305
SiteA_2024-04-30_12_10_00,SiteA,2024-04-30T12:10:00+00:00,Ready,151001342
mendels_2024-04-30_12_00_00,mendels,2024-04-30T12:00:00+00:00,Ready,300064608
SiteA_2024-04-30_12_00_00,SiteA,2024-04-30T12:00:00+00:00,Ready,170328957
SiteA_2024-04-30_11_58_01,SiteA,2024-04-30T11:58:01+00:00,Ready,28655558
mendels_2024-04-30_11_50_00,mendels,2024-04-30T11:50:00+00:00,Ready,300048934
mendels_2024-04-30_11_40_00,mendels,2024-04-30T11:40:00+00:00,Ready,300043177
mendels_2024-04-30_11_30_00,mendels,2024-04-30T11:30:00+00:00,Ready,300115598
mendels_2024-04-30_11_20_01,mendels,2024-04-30T11:20:01+00:00,Ready,299586488
mendels_2024-04-30_11_10_00,mendels,2024-04-30T11:10:00+00:00,Ready,300101842
mendels_2024-04-30_11_00_00,mendels,2024-04-30T11:00:00+00:00,Ready,300100908
mendels_2024-04-30_10_50_01,mendels,2024-04-30T10:50:01+00:00,Ready,299622807
mendels_2024-04-30_10_40_00,mendels,2024-04-30T10:40:00+00:00,Ready,300075175
mendels_2024-04-30_10_30_00,mendels,2024-04-30T10:30:00+00:00,Ready,300061592
mendels_2024-04-30_10_20_01,mendels,2024-04-30T10:20:01+00:00,Ready,298451686
mendels_2024-04-30_10_10_00,mendels,2024-04-30T10:10:00+00:00,Ready,293721017
mendels_2024-04-30_10_00_00,mendels,2024-04-30T10:00:00+00:00,Ready,300029623
mendels_2024-04-30_09_50_00,mendels,2024-04-30T09:50:00+00:00,Ready,300098718
mendels_2024-04-30_09_40_01,mendels,2024-04-30T09:40:01+00:00,Ready,299239366
ft,mendels,2024-04-30T09:30:01+00:00,Ready,10397168
mendels_2024-04-30_09_30_00,mendels,2024-04-30T09:30:00+00:00,Ready,300096283
mendels_2024-04-30_09_20_00,mendels,2024-04-30T09:20:00+00:00,Ready,300095919
mendels_2024-04-30_09_10_01,mendels,2024-04-30T09:10:01+00:00,Ready,284250558
mendels_2024-04-30_09_00_00,mendels,2024-04-30T09:00:00+00:00,Ready,264104923
mendels_2024-04-30_08_55_34,mendels,2024-04-30T08:55:34+00:00,Ready,120010464
SiteA_2024-04-30_06_10_01,SiteA,2024-04-30T06:10:01+00:00,Ready,138153984
SiteA_2024-04-30_06_00_00,SiteA,2024-04-30T06:00:00+00:00,Ready,300072975
SiteA_2024-04-30_05_50_00,SiteA,2024-04-30T05:50:00+00:00,Ready,300055597
SiteA_2024-04-30_05_40_01,SiteA,2024-04-30T05:40:01+00:00,Ready,213842635
SiteA_2024-04-30_05_30_00,SiteA,2024-04-30T05:30:00+00:00,Ready,75444099
SiteA_2024-04-30_05_20_00,SiteA,2024-04-30T05:20:00+00:00,Ready,62302567
SiteA_2024-04-30_05_10_00,SiteA,2024-04-30T05:10:00+00:00,Ready,61424390
SiteA_2024-04-30_05_00_01,SiteA,2024-04-30T05:00:01+00:00,Ready,61227250
SiteA_2024-04-30_04_50_00,SiteA,2024-04-30T04:50:00+00:00,Ready,63371768
SiteA_2024-04-30_04_40_00,SiteA,2024-04-30T04:40:00+00:00,Ready,63722325
SiteA_2024-04-30_04_30_01,SiteA,2024-04-30T04:30:01+00:00,Ready,63128581
SiteA_2024-04-30_04_20_00,SiteA,2024-04-30T04:20:00+00:00,Ready,61925485
SiteA_2024-04-30_04_10_00,SiteA,2024-04-30T04:10:00+00:00,Ready,64529198
SiteA_2024-04-30_04_00_00,SiteA,2024-04-30T04:00:00+00:00,Ready,62372366
SiteA_2024-04-30_03_50_01,SiteA,2024-04-30T03:50:01+00:00,Ready,63496343
SiteA_2024-04-30_03_40_00,SiteA,2024-04-30T03:40:00+00:00,Ready,62646444
SiteA_2024-04-30_03_30_00,SiteA,2024-04-30T03:30:00+00:00,Ready,65033646
SiteA_2024-04-30_03_20_01,SiteA,2024-04-30T03:20:01+00:00,Ready,63814708
SiteA_2024-04-30_03_10_00,SiteA,2024-04-30T03:10:00+00:00,Ready,64831915
SiteA_2024-04-30_03_00_00,SiteA,2024-04-30T03:00:00+00:00,Ready,65207112
SiteA_2024-04-30_02_50_00,SiteA,2024-04-30T02:50:00+00:00,Ready,65340570
SiteA_2024-04-30_02_40_01,SiteA,2024-04-30T02:40:01+00:00,Ready,66025896
SiteA_2024-04-30_02_30_00,SiteA,2024-04-30T02:30:00+00:00,Ready,65146409
SiteA_2024-04-30_02_20_00,SiteA,2024-04-30T02:20:00+00:00,Ready,66809531
SiteA_2024-04-30_02_10_01,SiteA,2024-04-30T02:10:01+00:00,Ready,65887215
SiteA_2024-04-30_02_00_00,SiteA,2024-04-30T02:00:00+00:00,Ready,66273130
SiteA_2024-04-30_01_50_00,SiteA,2024-04-30T01:50:00+00:00,Ready,66052557
SiteA_2024-04-30_01_40_00,SiteA,2024-04-30T01:40:00+00:00,Ready,66842185
SiteA_2024-04-30_01_30_01,SiteA,2024-04-30T01:30:01+00:00,Ready,66992453
SiteA_2024-04-30_01_20_00,SiteA,2024-04-30T01:20:00+00:00,Ready,66082602
SiteA_2024-04-30_01_10_00,SiteA,2024-04-30T01:10:00+00:00,Ready,66635965
SiteA_2024-04-30_01_00_00,SiteA,2024-04-30T01:00:00+00:00,Ready,67100085
SiteA_2024-04-30_00_50_00,SiteA,2024-04-30T00:50:00+00:00,Ready,64274058
SiteA_2024-04-30_00_40_01,SiteA,2024-04-30T00:40:01+00:00,Ready,63933591
SiteA_2024-04-30_00_30_00,SiteA,2024-04-30T00:30:00+00:00,Ready,64780772
SiteA_2024-04-30_00_20_00,SiteA,2024-04-30T00:20:00+00:00,Ready,64345604
SiteA_2024-04-30_00_10_01,SiteA,2024-04-30T00:10:01+00:00,Ready,65494436
SiteA_2024-04-30_00_00_00,SiteA,2024-04-30T00:00:00+00:00,Ready,65417997
SiteA_2024-04-29_23_50_00,SiteA,2024-04-29T23:50:00+00:00,Ready,64718189
SiteA_2024-04-29_23_40_01,SiteA,2024-04-29T23:40:01+00:00,Ready,64810902
SiteA_2024-04-29_23_30_00,SiteA,2024-04-29T23:30:00+00:00,Ready,64604397
SiteA_2024-04-29_23_20_00,SiteA,2024-04-29T23:20:00+00:00,Ready,65372460
SiteA_2024-04-29_23_10_00,SiteA,2024-04-29T23:10:00+00:00,Ready,65104994
SiteA_2024-04-29_23_00_00,SiteA,2024-04-29T23:00:00+00:00,Ready,64642390
SiteA_2024-04-29_22_50_01,SiteA,2024-04-29T22:50:01+00:00,Ready,63538411
SiteA_2024-04-29_22_40_00,SiteA,2024-04-29T22:40:00+00:00,Ready,65325776
SiteA_2024-04-29_22_30_00,SiteA,2024-04-29T22:30:00+00:00,Ready,47674546
SiteA_2024-04-29_22_20_00,SiteA,2024-04-29T22:20:00+00:00,Ready,24990974
SiteA_2024-04-29_22_10_01,SiteA,2024-04-29T22:10:01+00:00,Ready,60188189
SiteA_2024-04-29_22_00_00,SiteA,2024-04-29T22:00:00+00:00,Ready,98399949
SiteA_2024-04-29_21_50_00,SiteA,2024-04-29T21:50:00+00:00,Ready,97057258
SiteA_2024-04-29_21_40_01,SiteA,2024-04-29T21:40:01+00:00,Ready,96471115
SiteA_2024-04-29_21_30_00,SiteA,2024-04-29T21:30:00+00:00,Ready,96963513
SiteA_2024-04-29_21_20_00,SiteA,2024-04-29T21:20:00+00:00,Ready,101230137
SiteA_2024-04-29_21_10_00,SiteA,2024-04-29T21:10:00+00:00,Ready,96460216
SiteA_2024-04-29_21_00_01,SiteA,2024-04-29T21:00:01+00:00,Ready,93582752
SiteA_2024-04-29_20_50_00,SiteA,2024-04-29T20:50:00+00:00,Ready,93989744
SiteA_2024-04-29_20_40_00,SiteA,2024-04-29T20:40:00+00:00,Ready,103930585
SiteA_2024-04-29_20_30_01,SiteA,2024-04-29T20:30:01+00:00,Ready,161135628
SiteA_2024-04-29_20_20_00,SiteA,2024-04-29T20:20:00+00:00,Ready,290206767
SiteA_2024-04-29_20_10_01,SiteA,2024-04-29T20:10:01+00:00,Ready,299589537
SiteA_2024-04-29_20_05_29,SiteA,2024-04-29T20:05:29+00:00,Ready,124726041
SiteA_2024-04-29_19_50_00,SiteA,2024-04-29T19:50:00+00:00,Ready,135794688
SiteA_2024-04-29_19_40_00,SiteA,2024-04-29T19:40:00+00:00,Ready,130739187
SiteA_2024-04-29_19_30_00,SiteA,2024-04-29T19:30:00+00:00,Ready,105005395
SiteA_2024-04-29_19_20_01,SiteA,2024-04-29T19:20:01+00:00,Ready,98701559
SiteA_2024-04-29_19_10_00,SiteA,2024-04-29T19:10:00+00:00,Ready,100079827
SiteA_2024-04-29_19_00_01,SiteA,2024-04-29T19:00:01+00:00,Ready,108094708
mendels_2024-04-29_19_00_00,mendels,2024-04-29T19:00:00+00:00,Ready,151261184
SiteA_2024-04-29_18_50_00,SiteA,2024-04-29T18:50:00+00:00,Ready,106762952
mendels_2024-04-29_18_50_00,mendels,2024-04-29T18:50:00+00:00,Ready,256998480
mendels_2024-04-29_18_40_01,mendels,2024-04-29T18:40:01+00:00,Ready,225385592
SiteA_2024-04-29_18_40_00,SiteA,2024-04-29T18:40:00+00:00,Ready,106859301
mendels_2024-04-29_18_30_00,mendels,2024-04-29T18:30:00+00:00,Ready,198760038
SiteA_2024-04-29_18_30_00,SiteA,2024-04-29T18:30:00+00:00,Ready,103480610
SiteA_2024-04-29_18_20_01,SiteA,2024-04-29T18:20:01+00:00,Ready,112708242
mendels_2024-04-29_18_20_00,mendels,2024-04-29T18:20:00+00:00,Ready,140993523
mendels_2024-04-29_18_10_01,mendels,2024-04-29T18:10:01+00:00,Ready,146781407
SiteA_2024-04-29_18_10_00,SiteA,2024-04-29T18:10:00+00:00,Ready,111917863
SiteA_2024-04-29_18_00_00,SiteA,2024-04-29T18:00:00+00:00,Ready,129685035
mendels_2024-04-29_18_00_00,mendels,2024-04-29T18:00:00+00:00,Ready,196896413
SiteA_2024-04-29_17_50_01,SiteA,2024-04-29T17:50:01+00:00,Ready,124495659
mendels_2024-04-29_17_50_00,mendels,2024-04-29T17:50:00+00:00,Ready,237893579
mendels_2024-04-29_17_40_01,mendels,2024-04-29T17:40:01+00:00,Ready,282334288
SiteA_2024-04-29_17_40_00,SiteA,2024-04-29T17:40:00+00:00,Ready,114909586
mendels_2024-04-29_17_30_00,mendels,2024-04-29T17:30:00+00:00,Ready,299820408
SiteA_2024-04-29_17_30_00,SiteA,2024-04-29T17:30:00+00:00,Ready,116094072
mendels_2024-04-29_17_20_00,mendels,2024-04-29T17:20:00+00:00,Ready,300109184
SiteA_2024-04-29_17_20_00,SiteA,2024-04-29T17:20:00+00:00,Ready,114513298
mendels_2024-04-29_17_10_01,mendels,2024-04-29T17:10:01+00:00,Ready,291214339
SiteA_2024-04-29_17_10_01,SiteA,2024-04-29T17:10:01+00:00,Ready,142930085
SiteA_2024-04-29_17_00_00,SiteA,2024-04-29T17:00:00+00:00,Ready,128752007
mendels_2024-04-29_17_00_00,mendels,2024-04-29T17:00:00+00:00,Ready,300100333
mendels_2024-04-29_16_50_00,mendels,2024-04-29T16:50:00+00:00,Ready,299788882
SiteA_2024-04-29_16_50_00,SiteA,2024-04-29T16:50:00+00:00,Ready,115255350
SiteA_2024-04-29_16_40_01,SiteA,2024-04-29T16:40:01+00:00,Ready,130863636
mendels_2024-04-29_16_40_01,mendels,2024-04-29T16:40:01+00:00,Ready,299163409
SiteA_2024-04-29_16_30_01,SiteA,2024-04-29T16:30:01+00:00,Ready,133684983
mendels_2024-04-29_16_30_00,mendels,2024-04-29T16:30:00+00:00,Ready,299642132
mendels_2024-04-29_16_20_00,mendels,2024-04-29T16:20:00+00:00,Ready,300015101
mendels_2024-04-29_16_10_01,mendels,2024-04-29T16:10:01+00:00,Ready,299614176
mendels_2024-04-29_16_00_00,mendels,2024-04-29T16:00:00+00:00,Ready,299095118
mendels_2024-04-29_15_50_00,mendels,2024-04-29T15:50:00+00:00,Ready,300104665
mendels_2024-04-29_15_40_01,mendels,2024-04-29T15:40:01+00:00,Ready,280912656
mendels_2024-04-29_15_30_00,mendels,2024-04-29T15:30:00+00:00,Ready,300103162
mendels_2024-04-29_15_20_00,mendels,2024-04-29T15:20:00+00:00,Ready,300053056
mendels_2024-04-29_15_10_01,mendels,2024-04-29T15:10:01+00:00,Ready,299578312
mendels_2024-04-29_15_00_00,mendels,2024-04-29T15:00:00+00:00,Ready,300091077
mendels_2024-04-29_14_50_01,mendels,2024-04-29T14:50:01+00:00,Ready,298063082
mendels_2024-04-29_14_40_00,mendels,2024-04-29T14:40:00+00:00,Ready,299305938
mendels_2024-04-29_14_30_00,mendels,2024-04-29T14:30:00+00:00,Ready,300099271
mendels_2024-04-29_14_20_00,mendels,2024-04-29T14:20:00+00:00,Ready,300109040
mendels_2024-04-29_14_10_00,mendels,2024-04-29T14:10:00+00:00,Ready,300073009
mendels_2024-04-29_14_00_01,mendels,2024-04-29T14:00:01+00:00,Ready,299471185
mendels_2024-04-29_13_50_00,mendels,2024-04-29T13:50:00+00:00,Ready,300118056
mendels_2024-04-29_13_40_00,mendels,2024-04-29T13:40:00+00:00,Ready,300085809
mendels_2024-04-29_13_30_00,mendels,2024-04-29T13:30:00+00:00,Ready,299904140
mendels_2024-04-29_13_20_01,mendels,2024-04-29T13:20:01+00:00,Ready,299620426
mendels_2024-04-29_13_10_00,mendels,2024-04-29T13:10:00+00:00,Ready,300093235
mendels_2024-04-29_13_00_00,mendels,2024-04-29T13:00:00+00:00,Ready,300112080
mendels_2024-04-29_12_50_00,mendels,2024-04-29T12:50:00+00:00,Ready,300050498
mendels_2024-04-29_12_40_01,mendels,2024-04-29T12:40:01+00:00,Ready,299607062
mendels_2024-04-29_12_30_00,mendels,2024-04-29T12:30:00+00:00,Ready,300046892
mendels_2024-04-29_12_20_01,mendels,2024-04-29T12:20:01+00:00,Ready,299609143
mendels_2024-04-29_12_10_00,mendels,2024-04-29T12:10:00+00:00,Ready,300127444
mendels_2024-04-29_12_00_00,mendels,2024-04-29T12:00:00+00:00,Ready,300089992
mendels_2024-04-29_11_50_01,mendels,2024-04-29T11:50:01+00:00,Ready,294743142
mendels_2024-04-29_11_40_00,mendels,2024-04-29T11:40:00+00:00,Ready,276312432
mendels_2024-04-29_11_30_00,mendels,2024-04-29T11:30:00+00:00,Ready,298126261
mendels_2024-04-29_11_20_00,mendels,2024-04-29T11:20:00+00:00,Ready,295381630
mendels_2024-04-29_11_10_01,mendels,2024-04-29T11:10:01+00:00,Ready,297569075
mendels_2024-04-29_11_00_00,mendels,2024-04-29T11:00:00+00:00,Ready,300109150
mendels_2024-04-29_10_50_01,mendels,2024-04-29T10:50:01+00:00,Ready,297066497
mendels_2024-04-29_10_40_00,mendels,2024-04-29T10:40:00+00:00,Ready,300033833
mendels_2024-04-29_10_30_00,mendels,2024-04-29T10:30:00+00:00,Ready,249607092
mendels_2024-04-29_10_20_00,mendels,2024-04-29T10:20:00+00:00,Ready,299704453
mendels_2024-04-29_10_10_01,mendels,2024-04-29T10:10:01+00:00,Ready,299550478
mendels_2024-04-29_10_00_00,mendels,2024-04-29T10:00:00+00:00,Ready,295291086
mendels_2024-04-29_09_50_00,mendels,2024-04-29T09:50:00+00:00,Ready,262995471
mendels_2024-04-29_09_40_01,mendels,2024-04-29T09:40:01+00:00,Ready,299608805
mendels_2024-04-29_09_30_00,mendels,2024-04-29T09:30:00+00:00,Ready,297477985
mendels_2024-04-29_09_20_00,mendels,2024-04-29T09:20:00+00:00,Ready,291584333
mendels_2024-04-29_09_10_00,mendels,2024-04-29T09:10:00+00:00,Ready,300108406
mendels_2024-04-29_09_00_01,mendels,2024-04-29T09:00:01+00:00,Ready,299579690
mendels_2024-04-29_08_55_35,mendels,2024-04-29T08:55:35+00:00,Ready,126551053
SiteA_2024-04-29_06_10_00,SiteA,2024-04-29T06:10:00+00:00,Ready,145756160
SiteA_2024-04-29_06_00_00,SiteA,2024-04-29T06:00:00+00:00,Ready,300075032
SiteA_2024-04-29_05_50_00,SiteA,2024-04-29T05:50:00+00:00,Ready,300077948
SiteA_2024-04-29_05_40_01,SiteA,2024-04-29T05:40:01+00:00,Ready,207669909
SiteA_2024-04-29_05_30_00,SiteA,2024-04-29T05:30:00+00:00,Ready,38457755
SiteA_2024-04-29_05_20_00,SiteA,2024-04-29T05:20:00+00:00,Ready,20720690
SiteA_2024-04-29_05_10_00,SiteA,2024-04-29T05:10:00+00:00,Ready,20120784
SiteA_2024-04-29_05_00_00,SiteA,2024-04-29T05:00:00+00:00,Ready,21640385
SiteA_2024-04-29_04_50_01,SiteA,2024-04-29T04:50:01+00:00,Ready,21193773
SiteA_2024-04-29_04_40_00,SiteA,2024-04-29T04:40:00+00:00,Ready,21272865
SiteA_2024-04-29_04_30_00,SiteA,2024-04-29T04:30:00+00:00,Ready,21289786
SiteA_2024-04-29_04_20_01,SiteA,2024-04-29T04:20:01+00:00,Ready,21425498
SiteA_2024-04-29_04_10_00,SiteA,2024-04-29T04:10:00+00:00,Ready,21586314
SiteA_2024-04-29_04_00_00,SiteA,2024-04-29T04:00:00+00:00,Ready,21946973
SiteA_2024-04-29_03_50_00,SiteA,2024-04-29T03:50:00+00:00,Ready,21506926
SiteA_2024-04-29_03_40_01,SiteA,2024-04-29T03:40:01+00:00,Ready,21714207
SiteA_2024-04-29_03_30_00,SiteA,2024-04-29T03:30:00+00:00,Ready,22078364
SiteA_2024-04-29_03_20_00,SiteA,2024-04-29T03:20:00+00:00,Ready,21461994
SiteA_2024-04-29_03_10_01,SiteA,2024-04-29T03:10:01+00:00,Ready,21923046
SiteA_2024-04-29_03_00_00,SiteA,2024-04-29T03:00:00+00:00,Ready,22745420
SiteA_2024-04-29_02_50_00,SiteA,2024-04-29T02:50:00+00:00,Ready,22849824
SiteA_2024-04-29_02_40_01,SiteA,2024-04-29T02:40:01+00:00,Ready,23230477
SiteA_2024-04-29_02_30_00,SiteA,2024-04-29T02:30:00+00:00,Ready,23094173
SiteA_2024-04-29_02_20_00,SiteA,2024-04-29T02:20:00+00:00,Ready,23212799
SiteA_2024-04-29_02_10_01,SiteA,2024-04-29T02:10:01+00:00,Ready,23203763
SiteA_2024-04-29_02_00_00,SiteA,2024-04-29T02:00:00+00:00,Ready,22602765
SiteA_2024-04-29_01_50_00,SiteA,2024-04-29T01:50:00+00:00,Ready,22461370
SiteA_2024-04-29_01_40_00,SiteA,2024-04-29T01:40:00+00:00,Ready,22703199
SiteA_2024-04-29_01_30_01,SiteA,2024-04-29T01:30:01+00:00,Ready,24100385
SiteA_2024-04-29_01_20_00,SiteA,2024-04-29T01:20:00+00:00,Ready,24394879
SiteA_2024-04-29_01_10_00,SiteA,2024-04-29T01:10:00+00:00,Ready,24937047
SiteA_2024-04-29_01_00_01,SiteA,2024-04-29T01:00:01+00:00,Ready,25164608
SiteA_2024-04-29_00_50_00,SiteA,2024-04-29T00:50:00+00:00,Ready,24458874
SiteA_2024-04-29_00_40_00,SiteA,2024-04-29T00:40:00+00:00,Ready,24510943
SiteA_2024-04-29_00_30_01,SiteA,2024-04-29T00:30:01+00:00,Ready,28208951
SiteA_2024-04-29_00_20_00,SiteA,2024-04-29T00:20:00+00:00,Ready,28064572
SiteA_2024-04-29_00_10_00,SiteA,2024-04-29T00:10:00+00:00,Ready,25086582
SiteA_2024-04-29_00_00_00,SiteA,2024-04-29T00:00:00+00:00,Ready,24229739
SiteA_2024-04-28_23_50_01,SiteA,2024-04-28T23:50:01+00:00,Ready,23980999
SiteA_2024-04-28_23_40_00,SiteA,2024-04-28T23:40:00+00:00,Ready,26804747
SiteA_2024-04-28_23_30_00,SiteA,2024-04-28T23:30:00+00:00,Ready,26246356
SiteA_2024-04-28_23_20_00,SiteA,2024-04-28T23:20:00+00:00,Ready,27509354
SiteA_2024-04-28_23_10_01,SiteA,2024-04-28T23:10:01+00:00,Ready,27548001
SiteA_2024-04-28_23_00_00,SiteA,2024-04-28T23:00:00+00:00,Ready,28615844
SiteA_2024-04-28_22_50_00,SiteA,2024-04-28T22:50:00+00:00,Ready,31102178
SiteA_2024-04-28_22_40_00,SiteA,2024-04-28T22:40:00+00:00,Ready,28399996
SiteA_2024-04-28_22_30_01,SiteA,2024-04-28T22:30:01+00:00,Ready,37751004
SiteA_2024-04-28_22_20_00,SiteA,2024-04-28T22:20:00+00:00,Ready,41522805
SiteA_2024-04-28_22_10_00,SiteA,2024-04-28T22:10:00+00:00,Ready,33438784
SiteA_2024-04-28_22_00_00,SiteA,2024-04-28T22:00:00+00:00,Ready,92711793
SiteA_2024-04-28_21_50_01,SiteA,2024-04-28T21:50:01+00:00,Ready,92838898
SiteA_2024-04-28_21_40_00,SiteA,2024-04-28T21:40:00+00:00,Ready,88055822
SiteA_2024-04-28_21_30_00,SiteA,2024-04-28T21:30:00+00:00,Ready,90690224
SiteA_2024-04-28_21_20_00,SiteA,2024-04-28T21:20:00+00:00,Ready,90282316
SiteA_2024-04-28_21_10_01,SiteA,2024-04-28T21:10:01+00:00,Ready,87807301
SiteA_2024-04-28_21_00_00,SiteA,2024-04-28T21:00:00+00:00,Ready,87915615
SiteA_2024-04-28_20_50_00,SiteA,2024-04-28T20:50:00+00:00,Ready,86626819
SiteA_2024-04-28_20_40_01,SiteA,2024-04-28T20:40:01+00:00,Ready,90997633
SiteA_2024-04-28_20_30_00,SiteA,2024-04-28T20:30:00+00:00,Ready,134662044
SiteA_2024-04-28_20_20_00,SiteA,2024-04-28T20:20:00+00:00,Ready,271209627
SiteA_2024-04-28_20_10_00,SiteA,2024-04-28T20:10:00+00:00,Ready,300087617
SiteA_2024-04-28_20_05_29,SiteA,2024-04-28T20:05:29+00:00,Ready,135383444
mendels_2024-04-28_19_00_00,mendels,2024-04-28T19:00:00+00:00,Ready,142348288
mendels_2024-04-28_18_50_00,mendels,2024-04-28T18:50:00+00:00,Ready,300096475
mendels_2024-04-28_18_40_00,mendels,2024-04-28T18:40:00+00:00,Ready,260825618
mendels_2024-04-28_18_30_01,mendels,2024-04-28T18:30:01+00:00,Ready,273430040
mendels_2024-04-28_18_20_00,mendels,2024-04-28T18:20:00+00:00,Ready,299872902
mendels_2024-04-28_18_10_00,mendels,2024-04-28T18:10:00+00:00,Ready,300078603
mendels_2024-04-28_18_00_01,mendels,2024-04-28T18:00:01+00:00,Ready,299611822
mendels_2024-04-28_17_50_00,mendels,2024-04-28T17:50:00+00:00,Ready,298414011
mendels_2024-04-28_17_40_00,mendels,2024-04-28T17:40:00+00:00,Ready,300080869
mendels_2024-04-28_17_30_00,mendels,2024-04-28T17:30:00+00:00,Ready,299957747
mendels_2024-04-28_17_20_01,mendels,2024-04-28T17:20:01+00:00,Ready,299595877
mendels_2024-04-28_17_10_00,mendels,2024-04-28T17:10:00+00:00,Ready,300048888
mendels_2024-04-28_17_00_01,mendels,2024-04-28T17:00:01+00:00,Ready,299615838
mendels_2024-04-28_16_50_00,mendels,2024-04-28T16:50:00+00:00,Ready,300119092
mendels_2024-04-28_16_40_00,mendels,2024-04-28T16:40:00+00:00,Ready,266526521
mendels_2024-04-28_16_30_00,mendels,2024-04-28T16:30:00+00:00,Ready,297360782
mendels_2024-04-28_16_20_01,mendels,2024-04-28T16:20:01+00:00,Ready,299562285
mendels_2024-04-28_16_10_00,mendels,2024-04-28T16:10:00+00:00,Ready,300096867
mendels_2024-04-28_16_00_00,mendels,2024-04-28T16:00:00+00:00,Ready,299910938
mendels_2024-04-28_15_50_00,mendels,2024-04-28T15:50:00+00:00,Ready,300115919
mendels_2024-04-28_15_40_01,mendels,2024-04-28T15:40:01+00:00,Ready,299578235
mendels_2024-04-28_15_30_00,mendels,2024-04-28T15:30:00+00:00,Ready,300039167
mendels_2024-04-28_15_20_00,mendels,2024-04-28T15:20:00+00:00,Ready,300096857
mendels_2024-04-28_15_10_01,mendels,2024-04-28T15:10:01+00:00,Ready,299504913
mendels_2024-04-28_15_00_00,mendels,2024-04-28T15:00:00+00:00,Ready,300096656
mendels_2024-04-28_14_50_00,mendels,2024-04-28T14:50:00+00:00,Ready,300014269
mendels_2024-04-28_14_40_01,mendels,2024-04-28T14:40:01+00:00,Ready,299567794
mendels_2024-04-28_14_30_00,mendels,2024-04-28T14:30:00+00:00,Ready,300059192
mendels_2024-04-28_14_20_00,mendels,2024-04-28T14:20:00+00:00,Ready,300011110
mendels_2024-04-28_14_10_00,mendels,2024-04-28T14:10:00+00:00,Ready,299931179
mendels_2024-04-28_14_00_01,mendels,2024-04-28T14:00:01+00:00,Ready,299591613
mendels_2024-04-28_13_50_00,mendels,2024-04-28T13:50:00+00:00,Ready,300045503
mendels_2024-04-28_13_40_00,mendels,2024-04-28T13:40:00+00:00,Ready,299422774
mendels_2024-04-28_13_30_01,mendels,2024-04-28T13:30:01+00:00,Ready,299624841
mendels_2024-04-28_13_20_00,mendels,2024-04-28T13:20:00+00:00,Ready,297637982
mendels_2024-04-28_13_10_00,mendels,2024-04-28T13:10:00+00:00,Ready,300078085
mendels_2024-04-28_13_00_00,mendels,2024-04-28T13:00:00+00:00,Ready,292753489
mendels_2024-04-28_12_50_01,mendels,2024-04-28T12:50:01+00:00,Ready,299623887
mendels_2024-04-28_12_40_00,mendels,2024-04-28T12:40:00+00:00,Ready,300120710
mendels_2024-04-28_12_30_00,mendels,2024-04-28T12:30:00+00:00,Ready,300067698
mendels_2024-04-28_12_20_01,mendels,2024-04-28T12:20:01+00:00,Ready,299550564
mendels_2024-04-28_12_10_00,mendels,2024-04-28T12:10:00+00:00,Ready,264123613
mendels_2024-04-28_12_00_00,mendels,2024-04-28T12:00:00+00:00,Ready,278928671
mendels_2024-04-28_11_50_00,mendels,2024-04-28T11:50:00+00:00,Ready,277020994
mendels_2024-04-28_11_40_01,mendels,2024-04-28T11:40:01+00:00,Ready,298856256
mendels_2024-04-28_11_30_00,mendels,2024-04-28T11:30:00+00:00,Ready,279598375
mendels_2024-04-28_11_20_00,mendels,2024-04-28T11:20:00+00:00,Ready,231868862
mendels_2024-04-28_11_10_01,mendels,2024-04-28T11:10:01+00:00,Ready,270265962
mendels_2024-04-28_11_00_00,mendels,2024-04-28T11:00:00+00:00,Ready,286091621
mendels_2024-04-28_10_50_00,mendels,2024-04-28T10:50:00+00:00,Ready,242573352
mendels_2024-04-28_10_40_00,mendels,2024-04-28T10:40:00+00:00,Ready,244350429
mendels_2024-04-28_10_30_00,mendels,2024-04-28T10:30:00+00:00,Ready,238012268
mendels_2024-04-28_10_20_01,mendels,2024-04-28T10:20:01+00:00,Ready,235461883
mendels_2024-04-28_10_10_00,mendels,2024-04-28T10:10:00+00:00,Ready,232601476
mendels_2024-04-28_10_00_00,mendels,2024-04-28T10:00:00+00:00,Ready,200658881
mendels_2024-04-28_09_50_01,mendels,2024-04-28T09:50:01+00:00,Ready,197199016
mendels_2024-04-28_09_40_00,mendels,2024-04-28T09:40:00+00:00,Ready,241401346
mendels_2024-04-28_09_30_00,mendels,2024-04-28T09:30:00+00:00,Ready,241106792
mendels_2024-04-28_09_20_00,mendels,2024-04-28T09:20:00+00:00,Ready,208802702
mendels_2024-04-28_09_10_01,mendels,2024-04-28T09:10:01+00:00,Ready,271192751
mendels_2024-04-28_09_00_00,mendels,2024-04-28T09:00:00+00:00,Ready,241874057
mendels_2024-04-28_08_55_34,mendels,2024-04-28T08:55:34+00:00,Ready,105648988
SiteA_2024-04-28_06_10_00,SiteA,2024-04-28T06:10:00+00:00,Ready,138940416
SiteA_2024-04-28_06_00_00,SiteA,2024-04-28T06:00:00+00:00,Ready,300068336
SiteA_2024-04-28_05_50_01,SiteA,2024-04-28T05:50:01+00:00,Ready,142235283
SiteA_2024-04-28_05_40_00,SiteA,2024-04-28T05:40:00+00:00,Ready,26660142
SiteA_2024-04-28_05_30_00,SiteA,2024-04-28T05:30:00+00:00,Ready,15766809
SiteA_2024-04-28_05_20_00,SiteA,2024-04-28T05:20:00+00:00,Ready,14590354
SiteA_2024-04-28_05_10_01,SiteA,2024-04-28T05:10:01+00:00,Ready,14433760
SiteA_2024-04-28_05_00_00,SiteA,2024-04-28T05:00:00+00:00,Ready,14553058
SiteA_2024-04-28_04_50_00,SiteA,2024-04-28T04:50:00+00:00,Ready,14546032
SiteA_2024-04-28_04_40_00,SiteA,2024-04-28T04:40:00+00:00,Ready,14547993
SiteA_2024-04-28_04_30_00,SiteA,2024-04-28T04:30:00+00:00,Ready,14541857
SiteA_2024-04-28_04_20_01,SiteA,2024-04-28T04:20:01+00:00,Ready,14466310
SiteA_2024-04-28_04_10_00,SiteA,2024-04-28T04:10:00+00:00,Ready,14561606
SiteA_2024-04-28_04_00_00,SiteA,2024-04-28T04:00:00+00:00,Ready,14541584
SiteA_2024-04-28_03_50_01,SiteA,2024-04-28T03:50:01+00:00,Ready,14690745
SiteA_2024-04-28_03_40_00,SiteA,2024-04-28T03:40:00+00:00,Ready,14578643
SiteA_2024-04-28_03_30_00,SiteA,2024-04-28T03:30:00+00:00,Ready,14562193
SiteA_2024-04-28_03_20_00,SiteA,2024-04-28T03:20:00+00:00,Ready,14498604
SiteA_2024-04-28_03_10_01,SiteA,2024-04-28T03:10:01+00:00,Ready,14457241
SiteA_2024-04-28_03_00_00,SiteA,2024-04-28T03:00:00+00:00,Ready,14537263
SiteA_2024-04-28_02_50_00,SiteA,2024-04-28T02:50:00+00:00,Ready,14697145
SiteA_2024-04-28_02_40_01,SiteA,2024-04-28T02:40:01+00:00,Ready,14638779
SiteA_2024-04-28_02_30_00,SiteA,2024-04-28T02:30:00+00:00,Ready,14476568
SiteA_2024-04-28_02_20_00,SiteA,2024-04-28T02:20:00+00:00,Ready,27533251
SiteA_2024-04-28_02_10_01,SiteA,2024-04-28T02:10:01+00:00,Ready,34254663
SiteA_2024-04-28_02_00_00,SiteA,2024-04-28T02:00:00+00:00,Ready,33822078
SiteA_2024-04-28_01_50_00,SiteA,2024-04-28T01:50:00+00:00,Ready,33713473
SiteA_2024-04-28_01_40_01,SiteA,2024-04-28T01:40:01+00:00,Ready,34403820
SiteA_2024-04-28_01_30_00,SiteA,2024-04-28T01:30:00+00:00,Ready,32374108
SiteA_2024-04-28_01_20_00,SiteA,2024-04-28T01:20:00+00:00,Ready,21183135
SiteA_2024-04-28_01_10_01,SiteA,2024-04-28T01:10:01+00:00,Ready,37772801
SiteA_2024-04-28_01_00_00,SiteA,2024-04-28T01:00:00+00:00,Ready,25189206
SiteA_2024-04-28_00_50_00,SiteA,2024-04-28T00:50:00+00:00,Ready,25163093
SiteA_2024-04-28_00_40_00,SiteA,2024-04-28T00:40:00+00:00,Ready,26197683
SiteA_2024-04-28_00_30_01,SiteA,2024-04-28T00:30:01+00:00,Ready,40246495
SiteA_2024-04-28_00_20_00,SiteA,2024-04-28T00:20:00+00:00,Ready,42309206
SiteA_2024-04-28_00_10_00,SiteA,2024-04-28T00:10:00+00:00,Ready,32731318
SiteA_2024-04-28_00_00_00,SiteA,2024-04-28T00:00:00+00:00,Ready,33314820
SiteA_2024-04-27_23_50_01,SiteA,2024-04-27T23:50:01+00:00,Ready,53182052
SiteA_2024-04-27_23_40_00,SiteA,2024-04-27T23:40:00+00:00,Ready,45210252
SiteA_2024-04-27_23_30_00,SiteA,2024-04-27T23:30:00+00:00,Ready,16425783
SiteA_2024-04-27_23_20_00,SiteA,2024-04-27T23:20:00+00:00,Ready,16282913
SiteA_2024-04-27_23_10_01,SiteA,2024-04-27T23:10:01+00:00,Ready,24502472
SiteA_2024-04-27_23_00_00,SiteA,2024-04-27T23:00:00+00:00,Ready,16826109
SiteA_2024-04-27_22_50_00,SiteA,2024-04-27T22:50:00+00:00,Ready,22774213
SiteA_2024-04-27_22_40_00,SiteA,2024-04-27T22:40:00+00:00,Ready,22295105
SiteA_2024-04-27_22_30_01,SiteA,2024-04-27T22:30:01+00:00,Ready,18493313
SiteA_2024-04-27_22_20_00,SiteA,2024-04-27T22:20:00+00:00,Ready,51386669
SiteA_2024-04-27_22_10_00,SiteA,2024-04-27T22:10:00+00:00,Ready,46689911
SiteA_2024-04-27_22_00_00,SiteA,2024-04-27T22:00:00+00:00,Ready,35503888
SiteA_2024-04-27_21_50_01,SiteA,2024-04-27T21:50:01+00:00,Ready,21335139
SiteA_2024-04-27_21_40_00,SiteA,2024-04-27T21:40:00+00:00,Ready,82185721
SiteA_2024-04-27_21_30_00,SiteA,2024-04-27T21:30:00+00:00,Ready,81854566
SiteA_2024-04-27_21_20_00,SiteA,2024-04-27T21:20:00+00:00,Ready,82839666
SiteA_2024-04-27_21_10_01,SiteA,2024-04-27T21:10:01+00:00,Ready,83909822
SiteA_2024-04-27_21_00_00,SiteA,2024-04-27T21:00:00+00:00,Ready,85203679
SiteA_2024-04-27_20_50_00,SiteA,2024-04-27T20:50:00+00:00,Ready,84387950
SiteA_2024-04-27_20_40_01,SiteA,2024-04-27T20:40:01+00:00,Ready,84283099
SiteA_2024-04-27_20_30_00,SiteA,2024-04-27T20:30:00+00:00,Ready,93678741
SiteA_2024-04-27_20_20_00,SiteA,2024-04-27T20:20:00+00:00,Ready,142183015
SiteA_2024-04-27_20_10_00,SiteA,2024-04-27T20:10:00+00:00,Ready,274908137
SiteA_2024-04-27_20_05_30,SiteA,2024-04-27T20:05:30+00:00,Ready,134918763
mendels_2024-04-27_19_00_01,mendels,2024-04-27T19:00:01+00:00,Ready,149164032
mendels_2024-04-27_18_50_00,mendels,2024-04-27T18:50:00+00:00,Ready,300082563
mendels_2024-04-27_18_40_00,mendels,2024-04-27T18:40:00+00:00,Ready,300075828
mendels_2024-04-27_18_30_00,mendels,2024-04-27T18:30:00+00:00,Ready,300057476
mendels_2024-04-27_18_20_01,mendels,2024-04-27T18:20:01+00:00,Ready,299592036
mendels_2024-04-27_18_10_00,mendels,2024-04-27T18:10:00+00:00,Ready,300047220
mendels_2024-04-27_18_00_00,mendels,2024-04-27T18:00:00+00:00,Ready,297260614
mendels_2024-04-27_17_50_00,mendels,2024-04-27T17:50:00+00:00,Ready,270428277
mendels_2024-04-27_17_40_01,mendels,2024-04-27T17:40:01+00:00,Ready,292516539
mendels_2024-04-27_17_30_00,mendels,2024-04-27T17:30:00+00:00,Ready,258290155
mendels_2024-04-27_17_20_00,mendels,2024-04-27T17:20:00+00:00,Ready,271496508
mendels_2024-04-27_17_10_00,mendels,2024-04-27T17:10:00+00:00,Ready,259708082
mendels_2024-04-27_17_00_01,mendels,2024-04-27T17:00:01+00:00,Ready,258921985
mendels_2024-04-27_16_50_00,mendels,2024-04-27T16:50:00+00:00,Ready,249850151
mendels_2024-04-27_16_40_00,mendels,2024-04-27T16:40:00+00:00,Ready,232944509
mendels_2024-04-27_16_30_01,mendels,2024-04-27T16:30:01+00:00,Ready,284327911
mendels_2024-04-27_16_20_00,mendels,2024-04-27T16:20:00+00:00,Ready,251678294
mendels_2024-04-27_16_10_00,mendels,2024-04-27T16:10:00+00:00,Ready,260377966
mendels_2024-04-27_16_00_01,mendels,2024-04-27T16:00:01+00:00,Ready,272976733
mendels_2024-04-27_15_50_00,mendels,2024-04-27T15:50:00+00:00,Ready,269842055
mendels_2024-04-27_15_40_00,mendels,2024-04-27T15:40:00+00:00,Ready,221742874
mendels_2024-04-27_15_30_01,mendels,2024-04-27T15:30:01+00:00,Ready,198818447
mendels_2024-04-27_15_20_00,mendels,2024-04-27T15:20:00+00:00,Ready,200100266
mendels_2024-04-27_15_10_00,mendels,2024-04-27T15:10:00+00:00,Ready,219486004
mendels_2024-04-27_15_00_00,mendels,2024-04-27T15:00:00+00:00,Ready,190369400
mendels_2024-04-27_14_50_01,mendels,2024-04-27T14:50:01+00:00,Ready,193308542
mendels_2024-04-27_14_40_00,mendels,2024-04-27T14:40:00+00:00,Ready,196938825
mendels_2024-04-27_14_30_00,mendels,2024-04-27T14:30:00+00:00,Ready,199651793
mendels_2024-04-27_14_20_00,mendels,2024-04-27T14:20:00+00:00,Ready,194831337
mendels_2024-04-27_14_10_01,mendels,2024-04-27T14:10:01+00:00,Ready,217601787
mendels_2024-04-27_14_00_00,mendels,2024-04-27T14:00:00+00:00,Ready,178709867
mendels_2024-04-27_13_50_00,mendels,2024-04-27T13:50:00+00:00,Ready,239195051
mendels_2024-04-27_13_40_01,mendels,2024-04-27T13:40:01+00:00,Ready,188552041
mendels_2024-04-27_13_30_00,mendels,2024-04-27T13:30:00+00:00,Ready,209228711
mendels_2024-04-27_13_20_00,mendels,2024-04-27T13:20:00+00:00,Ready,213041907
mendels_2024-04-27_13_10_00,mendels,2024-04-27T13:10:00+00:00,Ready,237693571
mendels_2024-04-27_13_00_01,mendels,2024-04-27T13:00:01+00:00,Ready,273923380
mendels_2024-04-27_12_50_00,mendels,2024-04-27T12:50:00+00:00,Ready,211536130
mendels_2024-04-27_12_40_00,mendels,2024-04-27T12:40:00+00:00,Ready,235508756
mendels_2024-04-27_12_30_00,mendels,2024-04-27T12:30:00+00:00,Ready,275028705
mendels_2024-04-27_12_20_01,mendels,2024-04-27T12:20:01+00:00,Ready,260265935
mendels_2024-04-27_12_10_00,mendels,2024-04-27T12:10:00+00:00,Ready,248996049
mendels_2024-04-27_12_00_00,mendels,2024-04-27T12:00:00+00:00,Ready,207662090
mendels_2024-04-27_11_50_00,mendels,2024-04-27T11:50:00+00:00,Ready,189911262
mendels_2024-04-27_11_40_01,mendels,2024-04-27T11:40:01+00:00,Ready,254591762
mendels_2024-04-27_11_30_00,mendels,2024-04-27T11:30:00+00:00,Ready,205845432
mendels_2024-04-27_11_20_00,mendels,2024-04-27T11:20:00+00:00,Ready,195952929
mendels_2024-04-27_11_10_01,mendels,2024-04-27T11:10:01+00:00,Ready,153504071
mendels_2024-04-27_11_00_00,mendels,2024-04-27T11:00:00+00:00,Ready,182712414
mendels_2024-04-27_10_50_00,mendels,2024-04-27T10:50:00+00:00,Ready,232720894
mendels_2024-04-27_10_40_01,mendels,2024-04-27T10:40:01+00:00,Ready,199237545
mendels_2024-04-27_10_30_00,mendels,2024-04-27T10:30:00+00:00,Ready,184675960
mendels_2024-04-27_10_20_00,mendels,2024-04-27T10:20:00+00:00,Ready,178862419
mendels_2024-04-27_10_10_01,mendels,2024-04-27T10:10:01+00:00,Ready,233092110
mendels_2024-04-27_10_00_00,mendels,2024-04-27T10:00:00+00:00,Ready,265960671
mendels_2024-04-27_09_50_00,mendels,2024-04-27T09:50:00+00:00,Ready,252933232
mendels_2024-04-27_09_40_01,mendels,2024-04-27T09:40:01+00:00,Ready,231807116
mendels_2024-04-27_09_30_00,mendels,2024-04-27T09:30:00+00:00,Ready,231257499
mendels_2024-04-27_09_20_00,mendels,2024-04-27T09:20:00+00:00,Ready,216057448
mendels_2024-04-27_09_10_00,mendels,2024-04-27T09:10:00+00:00,Ready,211999033
mendels_2024-04-27_09_00_01,mendels,2024-04-27T09:00:01+00:00,Ready,206212947
mendels_2024-04-27_08_55_35,mendels,2024-04-27T08:55:35+00:00,Ready,80322095
SiteA_2024-04-27_06_10_00,SiteA,2024-04-27T06:10:00+00:00,Ready,149164032
SiteA_2024-04-27_06_00_00,SiteA,2024-04-27T06:00:00+00:00,Ready,300065289
SiteA_2024-04-27_05_50_01,SiteA,2024-04-27T05:50:01+00:00,Ready,203709864
SiteA_2024-04-27_05_40_00,SiteA,2024-04-27T05:40:00+00:00,Ready,53798399
SiteA_2024-04-27_05_30_00,SiteA,2024-04-27T05:30:00+00:00,Ready,18767004
SiteA_2024-04-27_05_20_00,SiteA,2024-04-27T05:20:00+00:00,Ready,14462226
SiteA_2024-04-27_05_10_01,SiteA,2024-04-27T05:10:01+00:00,Ready,13909054
SiteA_2024-04-27_05_00_00,SiteA,2024-04-27T05:00:00+00:00,Ready,14087578
SiteA_2024-04-27_04_50_00,SiteA,2024-04-27T04:50:00+00:00,Ready,13896145
SiteA_2024-04-27_04_40_01,SiteA,2024-04-27T04:40:01+00:00,Ready,13648946
SiteA_2024-04-27_04_30_00,SiteA,2024-04-27T04:30:00+00:00,Ready,15368376
SiteA_2024-04-27_04_20_00,SiteA,2024-04-27T04:20:00+00:00,Ready,16175576
SiteA_2024-04-27_04_10_01,SiteA,2024-04-27T04:10:01+00:00,Ready,16078981
SiteA_2024-04-27_04_00_00,SiteA,2024-04-27T04:00:00+00:00,Ready,16158385
SiteA_2024-04-27_03_50_00,SiteA,2024-04-27T03:50:00+00:00,Ready,16227155
SiteA_2024-04-27_03_40_00,SiteA,2024-04-27T03:40:00+00:00,Ready,16039137
SiteA_2024-04-27_03_30_01,SiteA,2024-04-27T03:30:01+00:00,Ready,16110672
SiteA_2024-04-27_03_20_00,SiteA,2024-04-27T03:20:00+00:00,Ready,16009588
SiteA_2024-04-27_03_10_00,SiteA,2024-04-27T03:10:00+00:00,Ready,15203558
SiteA_2024-04-27_03_00_01,SiteA,2024-04-27T03:00:01+00:00,Ready,18017529
SiteA_2024-04-27_02_50_00,SiteA,2024-04-27T02:50:00+00:00,Ready,21540401
SiteA_2024-04-27_02_40_00,SiteA,2024-04-27T02:40:00+00:00,Ready,16834055
SiteA_2024-04-27_02_30_00,SiteA,2024-04-27T02:30:00+00:00,Ready,14111697
SiteA_2024-04-27_02_20_00,SiteA,2024-04-27T02:20:00+00:00,Ready,14083629
SiteA_2024-04-27_02_10_01,SiteA,2024-04-27T02:10:01+00:00,Ready,14104511
SiteA_2024-04-27_02_00_00,SiteA,2024-04-27T02:00:00+00:00,Ready,14091242
SiteA_2024-04-27_01_50_00,SiteA,2024-04-27T01:50:00+00:00,Ready,14063246
SiteA_2024-04-27_01_40_00,SiteA,2024-04-27T01:40:00+00:00,Ready,14001881
SiteA_2024-04-27_01_30_01,SiteA,2024-04-27T01:30:01+00:00,Ready,46595000
SiteA_2024-04-27_01_20_00,SiteA,2024-04-27T01:20:00+00:00,Ready,57062381
SiteA_2024-04-27_01_10_00,SiteA,2024-04-27T01:10:00+00:00,Ready,57128633
SiteA_2024-04-27_01_00_00,SiteA,2024-04-27T01:00:00+00:00,Ready,56934531
SiteA_2024-04-27_00_50_01,SiteA,2024-04-27T00:50:01+00:00,Ready,57146838
SiteA_2024-04-27_00_40_00,SiteA,2024-04-27T00:40:00+00:00,Ready,58279257
SiteA_2024-04-27_00_30_00,SiteA,2024-04-27T00:30:00+00:00,Ready,59899034
SiteA_2024-04-27_00_20_01,SiteA,2024-04-27T00:20:01+00:00,Ready,52755942
SiteA_2024-04-27_00_10_00,SiteA,2024-04-27T00:10:00+00:00,Ready,18265710
SiteA_2024-04-27_00_00_00,SiteA,2024-04-27T00:00:00+00:00,Ready,18416350
SiteA_2024-04-26_23_50_01,SiteA,2024-04-26T23:50:01+00:00,Ready,24927609
SiteA_2024-04-26_23_40_00,SiteA,2024-04-26T23:40:00+00:00,Ready,33767732
SiteA_2024-04-26_23_30_00,SiteA,2024-04-26T23:30:00+00:00,Ready,29106507
SiteA_2024-04-26_23_20_00,SiteA,2024-04-26T23:20:00+00:00,Ready,24100640
SiteA_2024-04-26_23_10_01,SiteA,2024-04-26T23:10:01+00:00,Ready,24401842
SiteA_2024-04-26_23_00_00,SiteA,2024-04-26T23:00:00+00:00,Ready,22830432
SiteA_2024-04-26_22_50_00,SiteA,2024-04-26T22:50:00+00:00,Ready,43715012
SiteA_2024-04-26_22_40_01,SiteA,2024-04-26T22:40:01+00:00,Ready,58195233
SiteA_2024-04-26_22_30_00,SiteA,2024-04-26T22:30:00+00:00,Ready,33168428
SiteA_2024-04-26_22_20_00,SiteA,2024-04-26T22:20:00+00:00,Ready,22324959
SiteA_2024-04-26_22_10_00,SiteA,2024-04-26T22:10:00+00:00,Ready,19916706
SiteA_2024-04-26_22_00_00,SiteA,2024-04-26T22:00:00+00:00,Ready,85234853
SiteA_2024-04-26_21_50_01,SiteA,2024-04-26T21:50:01+00:00,Ready,83946846
SiteA_2024-04-26_21_40_00,SiteA,2024-04-26T21:40:00+00:00,Ready,83910167
SiteA_2024-04-26_21_30_00,SiteA,2024-04-26T21:30:00+00:00,Ready,82357014
SiteA_2024-04-26_21_20_00,SiteA,2024-04-26T21:20:00+00:00,Ready,82827008
SiteA_2024-04-26_21_10_01,SiteA,2024-04-26T21:10:01+00:00,Ready,82232441
SiteA_2024-04-26_21_00_00,SiteA,2024-04-26T21:00:00+00:00,Ready,82290433
SiteA_2024-04-26_20_50_00,SiteA,2024-04-26T20:50:00+00:00,Ready,82280347
SiteA_2024-04-26_20_40_00,SiteA,2024-04-26T20:40:00+00:00,Ready,87086384
SiteA_2024-04-26_20_30_01,SiteA,2024-04-26T20:30:01+00:00,Ready,114408745
SiteA_2024-04-26_20_20_00,SiteA,2024-04-26T20:20:00+00:00,Ready,250943253
SiteA_2024-04-26_20_10_00,SiteA,2024-04-26T20:10:00+00:00,Ready,300097142
SiteA_2024-04-26_20_05_30,SiteA,2024-04-26T20:05:30+00:00,Ready,134918553
mendels_2024-04-26_19_00_01,mendels,2024-04-26T19:00:01+00:00,Ready,138153984
mendels_2024-04-26_18_50_00,mendels,2024-04-26T18:50:00+00:00,Ready,300093941
mendels_2024-04-26_18_40_00,mendels,2024-04-26T18:40:00+00:00,Ready,300105716
mendels_2024-04-26_18_30_01,mendels,2024-04-26T18:30:01+00:00,Ready,299609641
mendels_2024-04-26_18_20_00,mendels,2024-04-26T18:20:00+00:00,Ready,291845880
mendels_2024-04-26_18_10_00,mendels,2024-04-26T18:10:00+00:00,Ready,235359829
mendels_2024-04-26_18_00_01,mendels,2024-04-26T18:00:01+00:00,Ready,295617470
mendels_2024-04-26_17_50_00,mendels,2024-04-26T17:50:00+00:00,Ready,299896536
mendels_2024-04-26_17_40_00,mendels,2024-04-26T17:40:00+00:00,Ready,299230405
mendels_2024-04-26_17_30_01,mendels,2024-04-26T17:30:01+00:00,Ready,290879758
mendels_2024-04-26_17_20_00,mendels,2024-04-26T17:20:00+00:00,Ready,296230828
mendels_2024-04-26_17_10_00,mendels,2024-04-26T17:10:00+00:00,Ready,294866886
mendels_2024-04-26_17_00_01,mendels,2024-04-26T17:00:01+00:00,Ready,287699306
mendels_2024-04-26_16_50_00,mendels,2024-04-26T16:50:00+00:00,Ready,300044808
mendels_2024-04-26_16_40_00,mendels,2024-04-26T16:40:00+00:00,Ready,293942614
mendels_2024-04-26_16_30_01,mendels,2024-04-26T16:30:01+00:00,Ready,299315063
mendels_2024-04-26_16_20_00,mendels,2024-04-26T16:20:00+00:00,Ready,299840462
mendels_2024-04-26_16_10_00,mendels,2024-04-26T16:10:00+00:00,Ready,269423235
mendels_2024-04-26_16_00_01,mendels,2024-04-26T16:00:01+00:00,Ready,298521717
mendels_2024-04-26_15_50_00,mendels,2024-04-26T15:50:00+00:00,Ready,300097806
mendels_2024-04-26_15_40_00,mendels,2024-04-26T15:40:00+00:00,Ready,249929163
mendels_2024-04-26_15_30_00,mendels,2024-04-26T15:30:00+00:00,Ready,272632300
mendels_2024-04-26_15_20_00,mendels,2024-04-26T15:20:00+00:00,Ready,280676322
mendels_2024-04-26_15_10_01,mendels,2024-04-26T15:10:01+00:00,Ready,295455410
mendels_2024-04-26_15_00_00,mendels,2024-04-26T15:00:00+00:00,Ready,295065423
mendels_2024-04-26_14_50_00,mendels,2024-04-26T14:50:00+00:00,Ready,300103261
mendels_2024-04-26_14_40_01,mendels,2024-04-26T14:40:01+00:00,Ready,299537597
mendels_2024-04-26_14_30_00,mendels,2024-04-26T14:30:00+00:00,Ready,300082526
mendels_2024-04-26_14_20_00,mendels,2024-04-26T14:20:00+00:00,Ready,300108248
mendels_2024-04-26_14_10_00,mendels,2024-04-26T14:10:00+00:00,Ready,286816611
mendels_2024-04-26_14_00_01,mendels,2024-04-26T14:00:01+00:00,Ready,299632683
mendels_2024-04-26_13_50_00,mendels,2024-04-26T13:50:00+00:00,Ready,268997255
mendels_2024-04-26_13_40_00,mendels,2024-04-26T13:40:00+00:00,Ready,299280764
mendels_2024-04-26_13_30_00,mendels,2024-04-26T13:30:00+00:00,Ready,270119356
mendels_2024-04-26_13_20_01,mendels,2024-04-26T13:20:01+00:00,Ready,298600618
mendels_2024-04-26_13_10_00,mendels,2024-04-26T13:10:00+00:00,Ready,300081355
mendels_2024-04-26_13_00_00,mendels,2024-04-26T13:00:00+00:00,Ready,299308691
mendels_2024-04-26_12_50_00,mendels,2024-04-26T12:50:00+00:00,Ready,296263897
mendels_2024-04-26_12_40_01,mendels,2024-04-26T12:40:01+00:00,Ready,299041835
mendels_2024-04-26_12_30_00,mendels,2024-04-26T12:30:00+00:00,Ready,288110206
mendels_2024-04-26_12_20_00,mendels,2024-04-26T12:20:00+00:00,Ready,296780248
mendels_2024-04-26_12_10_01,mendels,2024-04-26T12:10:01+00:00,Ready,295378849
mendels_2024-04-26_12_00_00,mendels,2024-04-26T12:00:00+00:00,Ready,300015370
mendels_2024-04-26_11_50_00,mendels,2024-04-26T11:50:00+00:00,Ready,287760042
mendels_2024-04-26_11_40_00,mendels,2024-04-26T11:40:00+00:00,Ready,293546931
mendels_2024-04-26_11_30_01,mendels,2024-04-26T11:30:01+00:00,Ready,299461102
mendels_2024-04-26_11_20_00,mendels,2024-04-26T11:20:00+00:00,Ready,300064078
mendels_2024-04-26_11_10_00,mendels,2024-04-26T11:10:00+00:00,Ready,300090111
mendels_2024-04-26_11_00_00,mendels,2024-04-26T11:00:00+00:00,Ready,300080015
mendels_2024-04-26_10_50_01,mendels,2024-04-26T10:50:01+00:00,Ready,299568475
mendels_2024-04-26_10_40_00,mendels,2024-04-26T10:40:00+00:00,Ready,298362650
mendels_2024-04-26_10_30_00,mendels,2024-04-26T10:30:00+00:00,Ready,280930300
mendels_2024-04-26_10_20_00,mendels,2024-04-26T10:20:00+00:00,Ready,266153560
mendels_2024-04-26_10_10_01,mendels,2024-04-26T10:10:01+00:00,Ready,206598544
mendels_2024-04-26_10_00_00,mendels,2024-04-26T10:00:00+00:00,Ready,234968245
mendels_2024-04-26_09_50_00,mendels,2024-04-26T09:50:00+00:00,Ready,266313216
mendels_2024-04-26_09_40_00,mendels,2024-04-26T09:40:00+00:00,Ready,230667108
mendels_2024-04-26_09_30_01,mendels,2024-04-26T09:30:01+00:00,Ready,232976533
mendels_2024-04-26_09_20_00,mendels,2024-04-26T09:20:00+00:00,Ready,218234196
mendels_2024-04-26_09_10_00,mendels,2024-04-26T09:10:00+00:00,Ready,270479258
mendels_2024-04-26_09_00_01,mendels,2024-04-26T09:00:01+00:00,Ready,272305253
mendels_2024-04-26_08_55_34,mendels,2024-04-26T08:55:34+00:00,Ready,84925007
SiteA_2024-04-26_06_10_00,SiteA,2024-04-26T06:10:00+00:00,Ready,136843264
SiteA_2024-04-26_06_00_01,SiteA,2024-04-26T06:00:01+00:00,Ready,299554014
SiteA_2024-04-26_05_50_00,SiteA,2024-04-26T05:50:00+00:00,Ready,299979503
SiteA_2024-04-26_05_40_00,SiteA,2024-04-26T05:40:00+00:00,Ready,156817536
SiteA_2024-04-26_05_30_00,SiteA,2024-04-26T05:30:00+00:00,Ready,76577120
SiteA_2024-04-26_05_20_01,SiteA,2024-04-26T05:20:01+00:00,Ready,70733398
SiteA_2024-04-26_05_10_00,SiteA,2024-04-26T05:10:00+00:00,Ready,69423335
SiteA_2024-04-26_05_00_00,SiteA,2024-04-26T05:00:00+00:00,Ready,70155563
SiteA_2024-04-26_04_50_01,SiteA,2024-04-26T04:50:01+00:00,Ready,67870653
SiteA_2024-04-26_04_40_00,SiteA,2024-04-26T04:40:00+00:00,Ready,70657947
SiteA_2024-04-26_04_30_00,SiteA,2024-04-26T04:30:00+00:00,Ready,72142003
SiteA_2024-04-26_04_20_01,SiteA,2024-04-26T04:20:01+00:00,Ready,67517517
SiteA_2024-04-26_04_10_00,SiteA,2024-04-26T04:10:00+00:00,Ready,70909166
SiteA_2024-04-26_04_00_00,SiteA,2024-04-26T04:00:00+00:00,Ready,66386641
SiteA_2024-04-26_03_50_00,SiteA,2024-04-26T03:50:00+00:00,Ready,63746555
SiteA_2024-04-26_03_40_01,SiteA,2024-04-26T03:40:01+00:00,Ready,62220449
SiteA_2024-04-26_03_30_00,SiteA,2024-04-26T03:30:00+00:00,Ready,62701227
SiteA_2024-04-26_03_20_00,SiteA,2024-04-26T03:20:00+00:00,Ready,63076428
SiteA_2024-04-26_03_10_00,SiteA,2024-04-26T03:10:00+00:00,Ready,61772426
SiteA_2024-04-26_03_00_01,SiteA,2024-04-26T03:00:01+00:00,Ready,62916196
SiteA_2024-04-26_02_50_00,SiteA,2024-04-26T02:50:00+00:00,Ready,60104277
SiteA_2024-04-26_02_40_00,SiteA,2024-04-26T02:40:00+00:00,Ready,59491932
SiteA_2024-04-26_02_30_01,SiteA,2024-04-26T02:30:01+00:00,Ready,59495305
SiteA_2024-04-26_02_20_00,SiteA,2024-04-26T02:20:00+00:00,Ready,60332666
SiteA_2024-04-26_02_10_00,SiteA,2024-04-26T02:10:00+00:00,Ready,60220893
SiteA_2024-04-26_02_00_00,SiteA,2024-04-26T02:00:00+00:00,Ready,60352770
SiteA_2024-04-26_01_50_01,SiteA,2024-04-26T01:50:01+00:00,Ready,60612389
SiteA_2024-04-26_01_40_00,SiteA,2024-04-26T01:40:00+00:00,Ready,59283517
SiteA_2024-04-26_01_30_00,SiteA,2024-04-26T01:30:00+00:00,Ready,58841028
SiteA_2024-04-26_01_20_01,SiteA,2024-04-26T01:20:01+00:00,Ready,58095995
SiteA_2024-04-26_01_10_00,SiteA,2024-04-26T01:10:00+00:00,Ready,38586384
SiteA_2024-04-26_01_00_00,SiteA,2024-04-26T01:00:00+00:00,Ready,25166091
SiteA_2024-04-26_00_50_00,SiteA,2024-04-26T00:50:00+00:00,Ready,24950282
SiteA_2024-04-26_00_40_00,SiteA,2024-04-26T00:40:00+00:00,Ready,24889957
SiteA_2024-04-26_00_30_01,SiteA,2024-04-26T00:30:01+00:00,Ready,25458929
SiteA_2024-04-26_00_20_00,SiteA,2024-04-26T00:20:00+00:00,Ready,25532325
SiteA_2024-04-26_00_10_00,SiteA,2024-04-26T00:10:00+00:00,Ready,25790338
SiteA_2024-04-26_00_00_00,SiteA,2024-04-26T00:00:00+00:00,Ready,26545209
SiteA_2024-04-25_23_50_00,SiteA,2024-04-25T23:50:00+00:00,Ready,24210747
SiteA_2024-04-25_23_40_01,SiteA,2024-04-25T23:40:01+00:00,Ready,17798732
SiteA_2024-04-25_23_30_00,SiteA,2024-04-25T23:30:00+00:00,Ready,17588290
SiteA_2024-04-25_23_20_00,SiteA,2024-04-25T23:20:00+00:00,Ready,48860833
SiteA_2024-04-25_23_10_00,SiteA,2024-04-25T23:10:00+00:00,Ready,60736660
SiteA_2024-04-25_23_00_00,SiteA,2024-04-25T23:00:00+00:00,Ready,60683962
SiteA_2024-04-25_22_50_01,SiteA,2024-04-25T22:50:01+00:00,Ready,43709748
SiteA_2024-04-25_22_40_00,SiteA,2024-04-25T22:40:00+00:00,Ready,20542729
SiteA_2024-04-25_22_30_00,SiteA,2024-04-25T22:30:00+00:00,Ready,20701270
SiteA_2024-04-25_22_20_00,SiteA,2024-04-25T22:20:00+00:00,Ready,20503360
SiteA_2024-04-25_22_10_01,SiteA,2024-04-25T22:10:01+00:00,Ready,43517427
SiteA_2024-04-25_22_00_00,SiteA,2024-04-25T22:00:00+00:00,Ready,83649101
SiteA_2024-04-25_21_50_00,SiteA,2024-04-25T21:50:00+00:00,Ready,84176398
SiteA_2024-04-25_21_40_01,SiteA,2024-04-25T21:40:01+00:00,Ready,83094277
SiteA_2024-04-25_21_30_00,SiteA,2024-04-25T21:30:00+00:00,Ready,83146517
SiteA_2024-04-25_21_20_00,SiteA,2024-04-25T21:20:00+00:00,Ready,83565114
SiteA_2024-04-25_21_10_00,SiteA,2024-04-25T21:10:00+00:00,Ready,82124718
SiteA_2024-04-25_21_00_00,SiteA,2024-04-25T21:00:00+00:00,Ready,83306242
SiteA_2024-04-25_20_50_01,SiteA,2024-04-25T20:50:01+00:00,Ready,83554862
SiteA_2024-04-25_20_40_00,SiteA,2024-04-25T20:40:00+00:00,Ready,87903901
SiteA_2024-04-25_20_30_00,SiteA,2024-04-25T20:30:00+00:00,Ready,120453533
SiteA_2024-04-25_20_20_00,SiteA,2024-04-25T20:20:00+00:00,Ready,259563867
SiteA_2024-04-25_20_10_01,SiteA,2024-04-25T20:10:01+00:00,Ready,299554470
SiteA_2024-04-25_20_05_33,SiteA,2024-04-25T20:05:33+00:00,Ready,133392990
mendels_2024-04-25_19_00_00,mendels,2024-04-25T19:00:00+00:00,Ready,149159984
mendels_2024-04-25_18_50_00,mendels,2024-04-25T18:50:00+00:00,Ready,300098330
mendels_2024-04-25_18_40_00,mendels,2024-04-25T18:40:00+00:00,Ready,258909336
mendels_2024-04-25_18_30_00,mendels,2024-04-25T18:30:00+00:00,Ready,251108327
mendels_2024-04-25_18_20_01,mendels,2024-04-25T18:20:01+00:00,Ready,129650874
mendels_2024-04-25_18_10_00,mendels,2024-04-25T18:10:00+00:00,Ready,173377216
mendels_2024-04-25_18_00_00,mendels,2024-04-25T18:00:00+00:00,Ready,164838848
mendels_2024-04-25_17_50_01,mendels,2024-04-25T17:50:01+00:00,Ready,195836538
mendels_2024-04-25_17_40_00,mendels,2024-04-25T17:40:00+00:00,Ready,182512284
mendels_2024-04-25_17_30_00,mendels,2024-04-25T17:30:00+00:00,Ready,208036538
mendels_2024-04-25_17_20_00,mendels,2024-04-25T17:20:00+00:00,Ready,231409149
mendels_2024-04-25_17_10_01,mendels,2024-04-25T17:10:01+00:00,Ready,278308052
mendels_2024-04-25_17_00_00,mendels,2024-04-25T17:00:00+00:00,Ready,229356511
mendels_2024-04-25_16_50_00,mendels,2024-04-25T16:50:00+00:00,Ready,277287055
mendels_2024-04-25_16_40_00,mendels,2024-04-25T16:40:00+00:00,Ready,256040524
mendels_2024-04-25_16_30_00,mendels,2024-04-25T16:30:00+00:00,Ready,233347339
mendels_2024-04-25_16_20_01,mendels,2024-04-25T16:20:01+00:00,Ready,252249581
mendels_2024-04-25_16_10_00,mendels,2024-04-25T16:10:00+00:00,Ready,300099509
mendels_2024-04-25_16_00_00,mendels,2024-04-25T16:00:00+00:00,Ready,245431613
mendels_2024-04-25_15_50_00,mendels,2024-04-25T15:50:00+00:00,Ready,261936972
mendels_2024-04-25_15_40_01,mendels,2024-04-25T15:40:01+00:00,Ready,270305399
mendels_2024-04-25_15_30_00,mendels,2024-04-25T15:30:00+00:00,Ready,266641042
mendels_2024-04-25_15_20_00,mendels,2024-04-25T15:20:00+00:00,Ready,270191013
mendels_2024-04-25_15_10_00,mendels,2024-04-25T15:10:00+00:00,Ready,255557614
mendels_2024-04-25_15_00_01,mendels,2024-04-25T15:00:01+00:00,Ready,299505721
mendels_2024-04-25_14_50_00,mendels,2024-04-25T14:50:00+00:00,Ready,254578897
mendels_2024-04-25_14_40_00,mendels,2024-04-25T14:40:00+00:00,Ready,273286126
mendels_2024-04-25_14_30_01,mendels,2024-04-25T14:30:01+00:00,Ready,212492102
mendels_2024-04-25_14_20_00,mendels,2024-04-25T14:20:00+00:00,Ready,289424715
mendels_2024-04-25_14_10_00,mendels,2024-04-25T14:10:00+00:00,Ready,297166929
mendels_2024-04-25_14_00_00,mendels,2024-04-25T14:00:00+00:00,Ready,299984480
mendels_2024-04-25_13_50_00,mendels,2024-04-25T13:50:00+00:00,Ready,258071416
mendels_2024-04-25_13_40_01,mendels,2024-04-25T13:40:01+00:00,Ready,290056537
mendels_2024-04-25_13_30_00,mendels,2024-04-25T13:30:00+00:00,Ready,291263152
mendels_2024-04-25_13_20_00,mendels,2024-04-25T13:20:00+00:00,Ready,291769264
mendels_2024-04-25_13_10_00,mendels,2024-04-25T13:10:00+00:00,Ready,295590636
mendels_2024-04-25_13_00_01,mendels,2024-04-25T13:00:01+00:00,Ready,272410696
mendels_2024-04-25_12_50_00,mendels,2024-04-25T12:50:00+00:00,Ready,300052215
mendels_2024-04-25_12_40_00,mendels,2024-04-25T12:40:00+00:00,Ready,280305329
mendels_2024-04-25_12_30_01,mendels,2024-04-25T12:30:01+00:00,Ready,299315462
mendels_2024-04-25_12_20_00,mendels,2024-04-25T12:20:00+00:00,Ready,299029613
mendels_2024-04-25_12_10_00,mendels,2024-04-25T12:10:00+00:00,Ready,285891594
mendels_2024-04-25_12_00_00,mendels,2024-04-25T12:00:00+00:00,Ready,293031279
mendels_2024-04-25_11_50_01,mendels,2024-04-25T11:50:01+00:00,Ready,282548689
mendels_2024-04-25_11_40_00,mendels,2024-04-25T11:40:00+00:00,Ready,282312828
mendels_2024-04-25_11_30_00,mendels,2024-04-25T11:30:00+00:00,Ready,300110646
mendels_2024-04-25_11_20_00,mendels,2024-04-25T11:20:00+00:00,Ready,265585231
mendels_2024-04-25_11_10_01,mendels,2024-04-25T11:10:01+00:00,Ready,274194062
mendels_2024-04-25_11_00_00,mendels,2024-04-25T11:00:00+00:00,Ready,247605998
mendels_2024-04-25_10_50_00,mendels,2024-04-25T10:50:00+00:00,Ready,217332310
mendels_2024-04-25_10_40_00,mendels,2024-04-25T10:40:00+00:00,Ready,213307022
mendels_2024-04-25_10_30_01,mendels,2024-04-25T10:30:01+00:00,Ready,228188565
mendels_2024-04-25_10_20_00,mendels,2024-04-25T10:20:00+00:00,Ready,211393714
mendels_2024-04-25_10_10_00,mendels,2024-04-25T10:10:00+00:00,Ready,231324165
mendels_2024-04-25_10_00_01,mendels,2024-04-25T10:00:01+00:00,Ready,249873729
mendels_2024-04-25_09_50_00,mendels,2024-04-25T09:50:00+00:00,Ready,295469075
mendels_2024-04-25_09_40_00,mendels,2024-04-25T09:40:00+00:00,Ready,293587284
mendels_2024-04-25_09_30_01,mendels,2024-04-25T09:30:01+00:00,Ready,282858341
mendels_2024-04-25_09_20_00,mendels,2024-04-25T09:20:00+00:00,Ready,290255244
mendels_2024-04-25_09_10_00,mendels,2024-04-25T09:10:00+00:00,Ready,300023187
mendels_2024-04-25_09_00_00,mendels,2024-04-25T09:00:00+00:00,Ready,299881534
mendels_2024-04-25_08_55_37,mendels,2024-04-25T08:55:37+00:00,Ready,131421221
SiteA_2024-04-25_06_10_00,SiteA,2024-04-25T06:10:00+00:00,Ready,139988992
SiteA_2024-04-25_06_00_00,SiteA,2024-04-25T06:00:00+00:00,Ready,300117216
SiteA_2024-04-25_05_50_01,SiteA,2024-04-25T05:50:01+00:00,Ready,182120567
SiteA_2024-04-25_05_40_00,SiteA,2024-04-25T05:40:00+00:00,Ready,35371499
SiteA_2024-04-25_05_30_00,SiteA,2024-04-25T05:30:00+00:00,Ready,25930148
SiteA_2024-04-25_05_20_01,SiteA,2024-04-25T05:20:01+00:00,Ready,24290309
SiteA_2024-04-25_05_10_00,SiteA,2024-04-25T05:10:00+00:00,Ready,25011695
SiteA_2024-04-25_05_00_00,SiteA,2024-04-25T05:00:00+00:00,Ready,25254483
SiteA_2024-04-25_04_50_00,SiteA,2024-04-25T04:50:00+00:00,Ready,26316640
SiteA_2024-04-25_04_40_01,SiteA,2024-04-25T04:40:01+00:00,Ready,27003239
SiteA_2024-04-25_04_30_00,SiteA,2024-04-25T04:30:00+00:00,Ready,27713962
SiteA_2024-04-25_04_20_00,SiteA,2024-04-25T04:20:00+00:00,Ready,28153384
SiteA_2024-04-25_04_10_01,SiteA,2024-04-25T04:10:01+00:00,Ready,26371884
SiteA_2024-04-25_04_00_00,SiteA,2024-04-25T04:00:00+00:00,Ready,26471016
SiteA_2024-04-25_03_50_00,SiteA,2024-04-25T03:50:00+00:00,Ready,29559531
SiteA_2024-04-25_03_40_00,SiteA,2024-04-25T03:40:00+00:00,Ready,28344080
SiteA_2024-04-25_03_30_00,SiteA,2024-04-25T03:30:00+00:00,Ready,32466941
SiteA_2024-04-25_03_20_01,SiteA,2024-04-25T03:20:01+00:00,Ready,27688005
SiteA_2024-04-25_03_10_00,SiteA,2024-04-25T03:10:00+00:00,Ready,28457465
SiteA_2024-04-25_03_00_00,SiteA,2024-04-25T03:00:00+00:00,Ready,27024713
SiteA_2024-04-25_02_50_00,SiteA,2024-04-25T02:50:00+00:00,Ready,26416343
SiteA_2024-04-25_02_40_01,SiteA,2024-04-25T02:40:01+00:00,Ready,26010091
SiteA_2024-04-25_02_30_00,SiteA,2024-04-25T02:30:00+00:00,Ready,25303915
SiteA_2024-04-25_02_20_00,SiteA,2024-04-25T02:20:00+00:00,Ready,24496135
SiteA_2024-04-25_02_10_00,SiteA,2024-04-25T02:10:00+00:00,Ready,22163460
SiteA_2024-04-25_02_00_01,SiteA,2024-04-25T02:00:01+00:00,Ready,22083084
SiteA_2024-04-25_01_50_00,SiteA,2024-04-25T01:50:00+00:00,Ready,21436871
SiteA_2024-04-25_01_40_00,SiteA,2024-04-25T01:40:00+00:00,Ready,21255807
SiteA_2024-04-25_01_30_00,SiteA,2024-04-25T01:30:00+00:00,Ready,21224379
SiteA_2024-04-25_01_20_01,SiteA,2024-04-25T01:20:01+00:00,Ready,21780342
SiteA_2024-04-25_01_10_00,SiteA,2024-04-25T01:10:00+00:00,Ready,21467892
SiteA_2024-04-25_01_00_01,SiteA,2024-04-25T01:00:01+00:00,Ready,21554779
SiteA_2024-04-25_00_50_00,SiteA,2024-04-25T00:50:00+00:00,Ready,21293133
SiteA_2024-04-25_00_40_00,SiteA,2024-04-25T00:40:00+00:00,Ready,22068474
SiteA_2024-04-25_00_30_01,SiteA,2024-04-25T00:30:01+00:00,Ready,22709297
SiteA_2024-04-25_00_20_00,SiteA,2024-04-25T00:20:00+00:00,Ready,23126176
SiteA_2024-04-25_00_10_00,SiteA,2024-04-25T00:10:00+00:00,Ready,23040845
SiteA_2024-04-25_00_00_00,SiteA,2024-04-25T00:00:00+00:00,Ready,23007089
SiteA_2024-04-24_23_50_01,SiteA,2024-04-24T23:50:01+00:00,Ready,23787414
SiteA_2024-04-24_23_40_00,SiteA,2024-04-24T23:40:00+00:00,Ready,43690772
SiteA_2024-04-24_23_30_00,SiteA,2024-04-24T23:30:00+00:00,Ready,43179109
SiteA_2024-04-24_23_20_00,SiteA,2024-04-24T23:20:00+00:00,Ready,42665886
SiteA_2024-04-24_23_10_01,SiteA,2024-04-24T23:10:01+00:00,Ready,42120231
SiteA_2024-04-24_23_00_00,SiteA,2024-04-24T23:00:00+00:00,Ready,41749628
SiteA_2024-04-24_22_50_00,SiteA,2024-04-24T22:50:00+00:00,Ready,36718066
SiteA_2024-04-24_22_40_01,SiteA,2024-04-24T22:40:01+00:00,Ready,18260302
SiteA_2024-04-24_22_30_00,SiteA,2024-04-24T22:30:00+00:00,Ready,18282925
SiteA_2024-04-24_22_20_00,SiteA,2024-04-24T22:20:00+00:00,Ready,27400498
SiteA_2024-04-24_22_10_00,SiteA,2024-04-24T22:10:00+00:00,Ready,27376737
SiteA_2024-04-24_22_00_01,SiteA,2024-04-24T22:00:01+00:00,Ready,83712175
SiteA_2024-04-24_21_50_00,SiteA,2024-04-24T21:50:00+00:00,Ready,80950154
SiteA_2024-04-24_21_40_00,SiteA,2024-04-24T21:40:00+00:00,Ready,97384239
SiteA_2024-04-24_21_30_00,SiteA,2024-04-24T21:30:00+00:00,Ready,89048224
SiteA_2024-04-24_21_20_01,SiteA,2024-04-24T21:20:01+00:00,Ready,80197733
SiteA_2024-04-24_21_10_00,SiteA,2024-04-24T21:10:00+00:00,Ready,82918973
SiteA_2024-04-24_21_00_00,SiteA,2024-04-24T21:00:00+00:00,Ready,84789585
SiteA_2024-04-24_20_50_00,SiteA,2024-04-24T20:50:00+00:00,Ready,83246139
SiteA_2024-04-24_20_40_01,SiteA,2024-04-24T20:40:01+00:00,Ready,88289537
SiteA_2024-04-24_20_30_00,SiteA,2024-04-24T20:30:00+00:00,Ready,113691834
SiteA_2024-04-24_20_20_00,SiteA,2024-04-24T20:20:00+00:00,Ready,244322715
SiteA_2024-04-24_20_10_01,SiteA,2024-04-24T20:10:01+00:00,Ready,299520922
SiteA_2024-04-24_20_05_29,SiteA,2024-04-24T20:05:29+00:00,Ready,135428307
mendels_2024-04-24_19_00_01,mendels,2024-04-24T19:00:01+00:00,Ready,148897840
mendels_2024-04-24_18_50_00,mendels,2024-04-24T18:50:00+00:00,Ready,300107735
mendels_2024-04-24_18_40_00,mendels,2024-04-24T18:40:00+00:00,Ready,299985052
mendels_2024-04-24_18_30_00,mendels,2024-04-24T18:30:00+00:00,Ready,300057927
mendels_2024-04-24_18_20_00,mendels,2024-04-24T18:20:00+00:00,Ready,284654329
mendels_2024-04-24_18_10_01,mendels,2024-04-24T18:10:01+00:00,Ready,297341768
mendels_2024-04-24_18_00_00,mendels,2024-04-24T18:00:00+00:00,Ready,300092390
mendels_2024-04-24_17_50_01,mendels,2024-04-24T17:50:01+00:00,Ready,299565011
mendels_2024-04-24_17_40_00,mendels,2024-04-24T17:40:00+00:00,Ready,300045216
mendels_2024-04-24_17_30_00,mendels,2024-04-24T17:30:00+00:00,Ready,263697196
mendels_2024-04-24_17_20_00,mendels,2024-04-24T17:20:00+00:00,Ready,300052783
mendels_2024-04-24_17_10_01,mendels,2024-04-24T17:10:01+00:00,Ready,246523185
mendels_2024-04-24_17_00_00,mendels,2024-04-24T17:00:00+00:00,Ready,261749049
mendels_2024-04-24_16_50_00,mendels,2024-04-24T16:50:00+00:00,Ready,277301762
mendels_2024-04-24_16_40_01,mendels,2024-04-24T16:40:01+00:00,Ready,226783653
mendels_2024-04-24_16_30_00,mendels,2024-04-24T16:30:00+00:00,Ready,284630807
mendels_2024-04-24_16_20_00,mendels,2024-04-24T16:20:00+00:00,Ready,299169618
mendels_2024-04-24_16_10_01,mendels,2024-04-24T16:10:01+00:00,Ready,268101498
mendels_2024-04-24_16_00_00,mendels,2024-04-24T16:00:00+00:00,Ready,300065920
mendels_2024-04-24_15_50_00,mendels,2024-04-24T15:50:00+00:00,Ready,300009838
mendels_2024-04-24_15_40_01,mendels,2024-04-24T15:40:01+00:00,Ready,274814605
mendels_2024-04-24_15_30_00,mendels,2024-04-24T15:30:00+00:00,Ready,255720629
mendels_2024-04-24_15_20_00,mendels,2024-04-24T15:20:00+00:00,Ready,288765994
mendels_2024-04-24_15_10_01,mendels,2024-04-24T15:10:01+00:00,Ready,299464424
mendels_2024-04-24_15_00_00,mendels,2024-04-24T15:00:00+00:00,Ready,264660270
mendels_2024-04-24_14_50_00,mendels,2024-04-24T14:50:00+00:00,Ready,300115577
mendels_2024-04-24_14_40_01,mendels,2024-04-24T14:40:01+00:00,Ready,299547706
mendels_2024-04-24_14_30_00,mendels,2024-04-24T14:30:00+00:00,Ready,300114494
mendels_2024-04-24_14_20_00,mendels,2024-04-24T14:20:00+00:00,Ready,300103579
mendels_2024-04-24_14_10_01,mendels,2024-04-24T14:10:01+00:00,Ready,299568050
mendels_2024-04-24_14_00_00,mendels,2024-04-24T14:00:00+00:00,Ready,300067379
mendels_2024-04-24_13_50_00,mendels,2024-04-24T13:50:00+00:00,Ready,264101598
mendels_2024-04-24_13_40_01,mendels,2024-04-24T13:40:01+00:00,Ready,299629868
mendels_2024-04-24_13_30_00,mendels,2024-04-24T13:30:00+00:00,Ready,299898079
mendels_2024-04-24_13_20_00,mendels,2024-04-24T13:20:00+00:00,Ready,300035487
mendels_2024-04-24_13_10_00,mendels,2024-04-24T13:10:00+00:00,Ready,300117343
mendels_2024-04-24_13_00_00,mendels,2024-04-24T13:00:00+00:00,Ready,300094064
mendels_2024-04-24_12_50_01,mendels,2024-04-24T12:50:01+00:00,Ready,299616929
mendels_2024-04-24_12_40_00,mendels,2024-04-24T12:40:00+00:00,Ready,300054197
mendels_2024-04-24_12_30_00,mendels,2024-04-24T12:30:00+00:00,Ready,300058025
mendels_2024-04-24_12_20_00,mendels,2024-04-24T12:20:00+00:00,Ready,300088080
mendels_2024-04-24_12_10_01,mendels,2024-04-24T12:10:01+00:00,Ready,299578595
mendels_2024-04-24_12_00_00,mendels,2024-04-24T12:00:00+00:00,Ready,300009141
mendels_2024-04-24_11_50_00,mendels,2024-04-24T11:50:00+00:00,Ready,300009496
mendels_2024-04-24_11_40_00,mendels,2024-04-24T11:40:00+00:00,Ready,299401377
mendels_2024-04-24_11_30_01,mendels,2024-04-24T11:30:01+00:00,Ready,299575880
mendels_2024-04-24_11_20_00,mendels,2024-04-24T11:20:00+00:00,Ready,299926619
mendels_2024-04-24_11_10_00,mendels,2024-04-24T11:10:00+00:00,Ready,300052143
mendels_2024-04-24_11_00_00,mendels,2024-04-24T11:00:00+00:00,Ready,300104751
mendels_2024-04-24_10_50_00,mendels,2024-04-24T10:50:00+00:00,Ready,300073062
mendels_2024-04-24_10_40_01,mendels,2024-04-24T10:40:01+00:00,Ready,299548499
mendels_2024-04-24_10_30_00,mendels,2024-04-24T10:30:00+00:00,Ready,287453956
mendels_2024-04-24_10_20_00,mendels,2024-04-24T10:20:00+00:00,Ready,272024396
mendels_2024-04-24_10_10_01,mendels,2024-04-24T10:10:01+00:00,Ready,223876334
mendels_2024-04-24_10_00_00,mendels,2024-04-24T10:00:00+00:00,Ready,168653309
mendels_2024-04-24_09_50_00,mendels,2024-04-24T09:50:00+00:00,Ready,247014867
mendels_2024-04-24_09_40_00,mendels,2024-04-24T09:40:00+00:00,Ready,247825726
mendels_2024-04-24_09_30_01,mendels,2024-04-24T09:30:01+00:00,Ready,291513499
mendels_2024-04-24_09_20_00,mendels,2024-04-24T09:20:00+00:00,Ready,299686541
mendels_2024-04-24_09_10_00,mendels,2024-04-24T09:10:00+00:00,Ready,296489199
mendels_2024-04-24_09_00_01,mendels,2024-04-24T09:00:01+00:00,Ready,299618626
mendels_2024-04-24_08_55_34,mendels,2024-04-24T08:55:34+00:00,Ready,121494084
SiteA_2024-04-24_06_10_00,SiteA,2024-04-24T06:10:00+00:00,Ready,140251136
SiteA_2024-04-24_06_00_00,SiteA,2024-04-24T06:00:00+00:00,Ready,300101392
SiteA_2024-04-24_05_50_01,SiteA,2024-04-24T05:50:01+00:00,Ready,173716899
SiteA_2024-04-24_05_40_00,SiteA,2024-04-24T05:40:00+00:00,Ready,69621357
SiteA_2024-04-24_05_30_00,SiteA,2024-04-24T05:30:00+00:00,Ready,63172794
SiteA_2024-04-24_05_20_00,SiteA,2024-04-24T05:20:00+00:00,Ready,62802424
SiteA_2024-04-24_05_10_01,SiteA,2024-04-24T05:10:01+00:00,Ready,70388202
SiteA_2024-04-24_05_00_00,SiteA,2024-04-24T05:00:00+00:00,Ready,86744315
SiteA_2024-04-24_04_50_00,SiteA,2024-04-24T04:50:00+00:00,Ready,87089603
SiteA_2024-04-24_04_40_01,SiteA,2024-04-24T04:40:01+00:00,Ready,87441202
SiteA_2024-04-24_04_30_00,SiteA,2024-04-24T04:30:00+00:00,Ready,87578073
SiteA_2024-04-24_04_20_00,SiteA,2024-04-24T04:20:00+00:00,Ready,89093196
SiteA_2024-04-24_04_10_00,SiteA,2024-04-24T04:10:00+00:00,Ready,97558695
SiteA_2024-04-24_04_00_01,SiteA,2024-04-24T04:00:01+00:00,Ready,97936175
SiteA_2024-04-24_03_50_00,SiteA,2024-04-24T03:50:00+00:00,Ready,101728355
SiteA_2024-04-24_03_40_00,SiteA,2024-04-24T03:40:00+00:00,Ready,105511458
SiteA_2024-04-24_03_30_00,SiteA,2024-04-24T03:30:00+00:00,Ready,100937348
SiteA_2024-04-24_03_20_01,SiteA,2024-04-24T03:20:01+00:00,Ready,99579853
SiteA_2024-04-24_03_10_00,SiteA,2024-04-24T03:10:00+00:00,Ready,98373734
SiteA_2024-04-24_03_00_00,SiteA,2024-04-24T03:00:00+00:00,Ready,98889953
SiteA_2024-04-24_02_50_01,SiteA,2024-04-24T02:50:01+00:00,Ready,98580088
SiteA_2024-04-24_02_40_00,SiteA,2024-04-24T02:40:00+00:00,Ready,98817903
SiteA_2024-04-24_02_30_00,SiteA,2024-04-24T02:30:00+00:00,Ready,98963831
SiteA_2024-04-24_02_20_00,SiteA,2024-04-24T02:20:00+00:00,Ready,98678377
SiteA_2024-04-24_02_10_01,SiteA,2024-04-24T02:10:01+00:00,Ready,99292718
SiteA_2024-04-24_02_00_00,SiteA,2024-04-24T02:00:00+00:00,Ready,98716121
SiteA_2024-04-24_01_50_00,SiteA,2024-04-24T01:50:00+00:00,Ready,98775701
SiteA_2024-04-24_01_40_01,SiteA,2024-04-24T01:40:01+00:00,Ready,98145807
SiteA_2024-04-24_01_30_00,SiteA,2024-04-24T01:30:00+00:00,Ready,98535452
SiteA_2024-04-24_01_20_00,SiteA,2024-04-24T01:20:00+00:00,Ready,98461033
SiteA_2024-04-24_01_10_00,SiteA,2024-04-24T01:10:00+00:00,Ready,98291215
SiteA_2024-04-24_01_00_01,SiteA,2024-04-24T01:00:01+00:00,Ready,98450749
SiteA_2024-04-24_00_50_00,SiteA,2024-04-24T00:50:00+00:00,Ready,98408747
SiteA_2024-04-24_00_40_00,SiteA,2024-04-24T00:40:00+00:00,Ready,99511983
SiteA_2024-04-24_00_30_01,SiteA,2024-04-24T00:30:01+00:00,Ready,98920025
SiteA_2024-04-24_00_20_00,SiteA,2024-04-24T00:20:00+00:00,Ready,99502158
SiteA_2024-04-24_00_10_00,SiteA,2024-04-24T00:10:00+00:00,Ready,99911890
SiteA_2024-04-24_00_00_00,SiteA,2024-04-24T00:00:00+00:00,Ready,99782573
SiteA_2024-04-23_23_50_01,SiteA,2024-04-23T23:50:01+00:00,Ready,99870586
SiteA_2024-04-23_23_40_00,SiteA,2024-04-23T23:40:00+00:00,Ready,99410697
SiteA_2024-04-23_23_30_00,SiteA,2024-04-23T23:30:00+00:00,Ready,99423121
SiteA_2024-04-23_23_20_00,SiteA,2024-04-23T23:20:00+00:00,Ready,99253006
SiteA_2024-04-23_23_10_01,SiteA,2024-04-23T23:10:01+00:00,Ready,99408545
SiteA_2024-04-23_23_00_00,SiteA,2024-04-23T23:00:00+00:00,Ready,99620272
SiteA_2024-04-23_22_50_00,SiteA,2024-04-23T22:50:00+00:00,Ready,100704469
SiteA_2024-04-23_22_40_01,SiteA,2024-04-23T22:40:01+00:00,Ready,94075438
SiteA_2024-04-23_22_30_00,SiteA,2024-04-23T22:30:00+00:00,Ready,91151373
SiteA_2024-04-23_22_20_00,SiteA,2024-04-23T22:20:00+00:00,Ready,91879335
SiteA_2024-04-23_22_10_01,SiteA,2024-04-23T22:10:01+00:00,Ready,93625488
SiteA_2024-04-23_22_00_00,SiteA,2024-04-23T22:00:00+00:00,Ready,93190637
SiteA_2024-04-23_21_50_00,SiteA,2024-04-23T21:50:00+00:00,Ready,67542617
SiteA_2024-04-23_21_40_00,SiteA,2024-04-23T21:40:00+00:00,Ready,125112663
SiteA_2024-04-23_21_30_01,SiteA,2024-04-23T21:30:01+00:00,Ready,121963198
SiteA_2024-04-23_21_20_00,SiteA,2024-04-23T21:20:00+00:00,Ready,118939827
SiteA_2024-04-23_21_10_00,SiteA,2024-04-23T21:10:00+00:00,Ready,120045995
SiteA_2024-04-23_21_00_01,SiteA,2024-04-23T21:00:01+00:00,Ready,126680933
SiteA_2024-04-23_20_50_00,SiteA,2024-04-23T20:50:00+00:00,Ready,125971929
SiteA_2024-04-23_20_40_00,SiteA,2024-04-23T20:40:00+00:00,Ready,127476683
SiteA_2024-04-23_20_30_01,SiteA,2024-04-23T20:30:01+00:00,Ready,132654298
SiteA_2024-04-23_20_20_00,SiteA,2024-04-23T20:20:00+00:00,Ready,152206041
SiteA_2024-04-23_20_10_00,SiteA,2024-04-23T20:10:00+00:00,Ready,260413371
SiteA_2024-04-23_20_00_01,SiteA,2024-04-23T20:00:01+00:00,Ready,299563387
SiteA_2024-04-23_19_50_00,SiteA,2024-04-23T19:50:00+00:00,Ready,300090626
SiteA_2024-04-23_19_40_00,SiteA,2024-04-23T19:40:00+00:00,Ready,300085137
SiteA_2024-04-23_19_30_00,SiteA,2024-04-23T19:30:00+00:00,Ready,204288230
SiteA_2024-04-23_19_20_01,SiteA,2024-04-23T19:20:01+00:00,Ready,161398016
SiteA_2024-04-23_19_10_00,SiteA,2024-04-23T19:10:00+00:00,Ready,169229444
mendels_2024-04-23_19_00_00,mendels,2024-04-23T19:00:00+00:00,Ready,150999040
SiteA_2024-04-23_19_00_00,SiteA,2024-04-23T19:00:00+00:00,Ready,180133639
mendels_2024-04-23_18_50_01,mendels,2024-04-23T18:50:01+00:00,Ready,299591839
SiteA_2024-04-23_18_50_01,SiteA,2024-04-23T18:50:01+00:00,Ready,189467672
SiteA_2024-04-23_18_40_00,SiteA,2024-04-23T18:40:00+00:00,Ready,180015699
mendels_2024-04-23_18_40_00,mendels,2024-04-23T18:40:00+00:00,Ready,300101665
SiteA_2024-04-23_18_30_00,SiteA,2024-04-23T18:30:00+00:00,Ready,150473434
mendels_2024-04-23_18_30_00,mendels,2024-04-23T18:30:00+00:00,Ready,300015243
SiteA_2024-04-23_18_20_01,SiteA,2024-04-23T18:20:01+00:00,Ready,117582322
mendels_2024-04-23_18_20_00,mendels,2024-04-23T18:20:00+00:00,Ready,300094179
mendels_2024-04-23_18_10_01,mendels,2024-04-23T18:10:01+00:00,Ready,299612949
SiteA_2024-04-23_18_10_00,SiteA,2024-04-23T18:10:00+00:00,Ready,106857983
mendels_2024-04-23_18_00_00,mendels,2024-04-23T18:00:00+00:00,Ready,300103385
SiteA_2024-04-23_18_00_00,SiteA,2024-04-23T18:00:00+00:00,Ready,115001264
mendels_2024-04-23_17_50_00,mendels,2024-04-23T17:50:00+00:00,Ready,299971591
SiteA_2024-04-23_17_50_00,SiteA,2024-04-23T17:50:00+00:00,Ready,120599499
mendels_2024-04-23_17_40_01,mendels,2024-04-23T17:40:01+00:00,Ready,299418301
SiteA_2024-04-23_17_40_01,SiteA,2024-04-23T17:40:01+00:00,Ready,107455576
mendels_2024-04-23_17_30_00,mendels,2024-04-23T17:30:00+00:00,Ready,284609960
SiteA_2024-04-23_17_30_00,SiteA,2024-04-23T17:30:00+00:00,Ready,106222173
mendels_2024-04-23_17_20_00,mendels,2024-04-23T17:20:00+00:00,Ready,298446842
SiteA_2024-04-23_17_20_00,SiteA,2024-04-23T17:20:00+00:00,Ready,107013739
SiteA_2024-04-23_17_10_00,SiteA,2024-04-23T17:10:00+00:00,Ready,103564834
mendels_2024-04-23_17_10_00,mendels,2024-04-23T17:10:00+00:00,Ready,292088345
mendels_2024-04-23_17_00_01,mendels,2024-04-23T17:00:01+00:00,Ready,241643198
SiteA_2024-04-23_17_00_01,SiteA,2024-04-23T17:00:01+00:00,Ready,103746473
SiteA_2024-04-23_16_50_00,SiteA,2024-04-23T16:50:00+00:00,Ready,117329880
mendels_2024-04-23_16_50_00,mendels,2024-04-23T16:50:00+00:00,Ready,273883522
SiteA_2024-04-23_16_40_00,SiteA,2024-04-23T16:40:00+00:00,Ready,128201955
mendels_2024-04-23_16_40_00,mendels,2024-04-23T16:40:00+00:00,Ready,250378683
mendels_2024-04-23_16_30_00,mendels,2024-04-23T16:30:00+00:00,Ready,264877312
SiteA_2024-04-23_16_30_00,SiteA,2024-04-23T16:30:00+00:00,Ready,125491545
SiteA_2024-04-23_16_20_01,SiteA,2024-04-23T16:20:01+00:00,Ready,134881130
mendels_2024-04-23_16_20_01,mendels,2024-04-23T16:20:01+00:00,Ready,295061244
mendels_2024-04-23_16_10_00,mendels,2024-04-23T16:10:00+00:00,Ready,282272137
SiteA_2024-04-23_16_10_00,SiteA,2024-04-23T16:10:00+00:00,Ready,130503374
mendels_2024-04-23_16_00_02,mendels,2024-04-23T16:00:02+00:00,Ready,297637431
SiteA_2024-04-23_16_00_00,SiteA,2024-04-23T16:00:00+00:00,Ready,138608199
SiteA_2024-04-23_15_53_19,SiteA,2024-04-23T15:53:19+00:00,Ready,87967567
mendels_2024-04-23_15_50_00,mendels,2024-04-23T15:50:00+00:00,Ready,299603998
mendels_2024-04-23_15_40_01,mendels,2024-04-23T15:40:01+00:00,Ready,299580197
SiteA_2024-04-23_15_30_00,SiteA,2024-04-23T15:30:00+00:00,Ready,115343408
mendels_2024-04-23_15_30_00,mendels,2024-04-23T15:30:00+00:00,Ready,296877577
SiteA_2024-04-23_15_26_53,SiteA,2024-04-23T15:26:53+00:00,Ready,34878503
mendels_2024-04-23_15_20_00,mendels,2024-04-23T15:20:00+00:00,Ready,300086073
mendels_2024-04-23_15_10_01,mendels,2024-04-23T15:10:01+00:00,Ready,299625963
SiteA_2024-04-23_15_10_00,SiteA,2024-04-23T15:10:00+00:00,Ready,52428848
SiteA_2024-04-23_15_00_00,SiteA,2024-04-23T15:00:00+00:00,Ready,120950920
mendels_2024-04-23_15_00_00,mendels,2024-04-23T15:00:00+00:00,Ready,299894724
SiteA_2024-04-23_14_50_01,SiteA,2024-04-23T14:50:01+00:00,Ready,111683089
mendels_2024-04-23_14_50_00,mendels,2024-04-23T14:50:00+00:00,Ready,296944380
SiteA_2024-04-23_14_40_00,SiteA,2024-04-23T14:40:00+00:00,Ready,113198175
mendels_2024-04-23_14_40_00,mendels,2024-04-23T14:40:00+00:00,Ready,300049067
mendels_2024-04-23_14_30_01,mendels,2024-04-23T14:30:01+00:00,Ready,299610803
SiteA_2024-04-23_14_30_00,SiteA,2024-04-23T14:30:00+00:00,Ready,109231587
SiteA_2024-04-23_14_20_00,SiteA,2024-04-23T14:20:00+00:00,Ready,112174939
mendels_2024-04-23_14_20_00,mendels,2024-04-23T14:20:00+00:00,Ready,300115106
mendels_2024-04-23_14_10_00,mendels,2024-04-23T14:10:00+00:00,Ready,300119454
SiteA_2024-04-23_14_10_00,SiteA,2024-04-23T14:10:00+00:00,Ready,119728509
SiteA_2024-04-23_14_00_01,SiteA,2024-04-23T14:00:01+00:00,Ready,106320148
mendels_2024-04-23_14_00_00,mendels,2024-04-23T14:00:00+00:00,Ready,300114079
mendels_2024-04-23_13_50_01,mendels,2024-04-23T13:50:01+00:00,Ready,299612520
SiteA_2024-04-23_13_50_00,SiteA,2024-04-23T13:50:00+00:00,Ready,131954312
mendels_2024-04-23_13_40_00,mendels,2024-04-23T13:40:00+00:00,Ready,300108542
SiteA_2024-04-23_13_40_00,SiteA,2024-04-23T13:40:00+00:00,Ready,134776871
SiteA_2024-04-23_13_30_01,SiteA,2024-04-23T13:30:01+00:00,Ready,119917137
mendels_2024-04-23_13_30_00,mendels,2024-04-23T13:30:00+00:00,Ready,300097015
mendels_2024-04-23_13_20_01,mendels,2024-04-23T13:20:01+00:00,Ready,299612755
SiteA_2024-04-23_13_20_00,SiteA,2024-04-23T13:20:00+00:00,Ready,130281105
SiteA_2024-04-23_13_10_00,SiteA,2024-04-23T13:10:00+00:00,Ready,162700333
mendels_2024-04-23_13_10_00,mendels,2024-04-23T13:10:00+00:00,Ready,300084311
mendels_2024-04-23_13_00_00,mendels,2024-04-23T13:00:00+00:00,Ready,300068863
SiteA_2024-04-23_13_00_00,SiteA,2024-04-23T13:00:00+00:00,Ready,165718088
SiteA_2024-04-23_12_50_01,SiteA,2024-04-23T12:50:01+00:00,Ready,164362152
mendels_2024-04-23_12_50_00,mendels,2024-04-23T12:50:00+00:00,Ready,300018569
mendels_2024-04-23_12_40_01,mendels,2024-04-23T12:40:01+00:00,Ready,299560120
SiteA_2024-04-23_12_40_00,SiteA,2024-04-23T12:40:00+00:00,Ready,168600801
mendels_2024-04-23_12_30_00,mendels,2024-04-23T12:30:00+00:00,Ready,300045087
SiteA_2024-04-23_12_30_00,SiteA,2024-04-23T12:30:00+00:00,Ready,173273954
SiteA_2024-04-23_12_20_00,SiteA,2024-04-23T12:20:00+00:00,Ready,172373472
mendels_2024-04-23_12_20_00,mendels,2024-04-23T12:20:00+00:00,Ready,299982060
SiteA_2024-04-23_12_10_01,SiteA,2024-04-23T12:10:01+00:00,Ready,190026044
mendels_2024-04-23_12_10_00,mendels,2024-04-23T12:10:00+00:00,Ready,300100000
mendels_2024-04-23_12_00_01,mendels,2024-04-23T12:00:01+00:00,Ready,299608898
SiteA_2024-04-23_12_00_00,SiteA,2024-04-23T12:00:00+00:00,Ready,180154988
SiteA_2024-04-23_11_50_00,SiteA,2024-04-23T11:50:00+00:00,Ready,201135428
mendels_2024-04-23_11_50_00,mendels,2024-04-23T11:50:00+00:00,Ready,300064005
SiteA_2024-04-23_11_40_01,SiteA,2024-04-23T11:40:01+00:00,Ready,193994723
mendels_2024-04-23_11_40_00,mendels,2024-04-23T11:40:00+00:00,Ready,300117321
mendels_2024-04-23_11_30_01,mendels,2024-04-23T11:30:01+00:00,Ready,299601349
SiteA_2024-04-23_11_30_00,SiteA,2024-04-23T11:30:00+00:00,Ready,230272629
mendels_2024-04-23_11_20_00,mendels,2024-04-23T11:20:00+00:00,Ready,300079360
SiteA_2024-04-23_11_20_00,SiteA,2024-04-23T11:20:00+00:00,Ready,219530924
SiteA_2024-04-23_11_10_01,SiteA,2024-04-23T11:10:01+00:00,Ready,238177507
mendels_2024-04-23_11_10_00,mendels,2024-04-23T11:10:00+00:00,Ready,300097380
mendels_2024-04-23_11_00_00,mendels,2024-04-23T11:00:00+00:00,Ready,300062549
SiteA_2024-04-23_11_00_00,SiteA,2024-04-23T11:00:00+00:00,Ready,193055893
mendels_2024-04-23_10_50_01,mendels,2024-04-23T10:50:01+00:00,Ready,299611712
SiteA_2024-04-23_10_50_00,SiteA,2024-04-23T10:50:00+00:00,Ready,196779198
SiteA_2024-04-23_10_40_01,SiteA,2024-04-23T10:40:01+00:00,Ready,206791335
mendels_2024-04-23_10_40_00,mendels,2024-04-23T10:40:00+00:00,Ready,300100468
SiteA_2024-04-23_10_30_00,SiteA,2024-04-23T10:30:00+00:00,Ready,174437927
mendels_2024-04-23_10_30_00,mendels,2024-04-23T10:30:00+00:00,Ready,300064946
mendels_2024-04-23_10_20_00,mendels,2024-04-23T10:20:00+00:00,Ready,300110843
SiteA_2024-04-23_10_20_00,SiteA,2024-04-23T10:20:00+00:00,Ready,196777773
SiteA_2024-04-23_10_10_01,SiteA,2024-04-23T10:10:01+00:00,Ready,176515673
mendels_2024-04-23_10_10_01,mendels,2024-04-23T10:10:01+00:00,Ready,299587135
SiteA_2024-04-23_10_00_00,SiteA,2024-04-23T10:00:00+00:00,Ready,194909903
mendels_2024-04-23_10_00_00,mendels,2024-04-23T10:00:00+00:00,Ready,300071236
SiteA_2024-04-23_09_50_00,SiteA,2024-04-23T09:50:00+00:00,Ready,203540739
mendels_2024-04-23_09_50_00,mendels,2024-04-23T09:50:00+00:00,Ready,300020810
SiteA_2024-04-23_09_40_00,SiteA,2024-04-23T09:40:00+00:00,Ready,176079928
mendels_2024-04-23_09_40_00,mendels,2024-04-23T09:40:00+00:00,Ready,300096874
SiteA_2024-04-23_09_30_01,SiteA,2024-04-23T09:30:01+00:00,Ready,183155475
mendels_2024-04-23_09_30_01,mendels,2024-04-23T09:30:01+00:00,Ready,299609393
mendels_2024-04-23_09_20_00,mendels,2024-04-23T09:20:00+00:00,Ready,300099862
SiteA_2024-04-23_09_20_00,SiteA,2024-04-23T09:20:00+00:00,Ready,167385212
SiteA_2024-04-23_09_10_00,SiteA,2024-04-23T09:10:00+00:00,Ready,145999563
mendels_2024-04-23_09_10_00,mendels,2024-04-23T09:10:00+00:00,Ready,300072401
mendels_2024-04-23_09_00_00,mendels,2024-04-23T09:00:00+00:00,Ready,234415306
SiteA_2024-04-23_09_00_00,SiteA,2024-04-23T09:00:00+00:00,Ready,131309811
mendels_2024-04-23_08_55_33,mendels,2024-04-23T08:55:33+00:00,Ready,124890217
SiteA_2024-04-23_08_50_01,SiteA,2024-04-23T08:50:01+00:00,Ready,123285311
SiteA_2024-04-23_08_40_00,SiteA,2024-04-23T08:40:00+00:00,Ready,111748688
SiteA_2024-04-23_08_30_00,SiteA,2024-04-23T08:30:00+00:00,Ready,108817895
SiteA_2024-04-23_08_20_00,SiteA,2024-04-23T08:20:00+00:00,Ready,112570297
SiteA_2024-04-23_08_10_01,SiteA,2024-04-23T08:10:01+00:00,Ready,112830603
SiteA_2024-04-23_08_00_00,SiteA,2024-04-23T08:00:00+00:00,Ready,110870134
SiteA_2024-04-23_07_50_00,SiteA,2024-04-23T07:50:00+00:00,Ready,110124116
SiteA_2024-04-23_07_40_01,SiteA,2024-04-23T07:40:01+00:00,Ready,108649771
SiteA_2024-04-23_07_30_00,SiteA,2024-04-23T07:30:00+00:00,Ready,108416846
SiteA_2024-04-23_07_20_00,SiteA,2024-04-23T07:20:00+00:00,Ready,109254636
SiteA_2024-04-23_07_10_00,SiteA,2024-04-23T07:10:00+00:00,Ready,110822242
SiteA_2024-04-23_07_00_01,SiteA,2024-04-23T07:00:01+00:00,Ready,111254441
SiteA_2024-04-23_06_50_00,SiteA,2024-04-23T06:50:00+00:00,Ready,128054179
SiteA_2024-04-23_06_40_00,SiteA,2024-04-23T06:40:00+00:00,Ready,179042260
SiteA_2024-04-23_06_30_01,SiteA,2024-04-23T06:30:01+00:00,Ready,206799297
SiteA_2024-04-23_06_20_00,SiteA,2024-04-23T06:20:00+00:00,Ready,248046779
SiteA_2024-04-23_06_10_00,SiteA,2024-04-23T06:10:00+00:00,Ready,300099003
SiteA_2024-04-23_06_00_00,SiteA,2024-04-23T06:00:00+00:00,Ready,300071580
SiteA_2024-04-23_05_50_01,SiteA,2024-04-23T05:50:01+00:00,Ready,243264352
SiteA_2024-04-23_05_40_00,SiteA,2024-04-23T05:40:00+00:00,Ready,59346270
SiteA_2024-04-23_05_30_00,SiteA,2024-04-23T05:30:00+00:00,Ready,24870563
SiteA_2024-04-23_05_20_00,SiteA,2024-04-23T05:20:00+00:00,Ready,26298108
SiteA_2024-04-23_05_10_01,SiteA,2024-04-23T05:10:01+00:00,Ready,23332019
SiteA_2024-04-23_05_00_00,SiteA,2024-04-23T05:00:00+00:00,Ready,22709766
SiteA_2024-04-23_04_50_00,SiteA,2024-04-23T04:50:00+00:00,Ready,23140506
SiteA_2024-04-23_04_40_00,SiteA,2024-04-23T04:40:00+00:00,Ready,23153861
SiteA_2024-04-23_04_30_01,SiteA,2024-04-23T04:30:01+00:00,Ready,24681787
SiteA_2024-04-23_04_20_00,SiteA,2024-04-23T04:20:00+00:00,Ready,31372141
SiteA_2024-04-23_04_10_00,SiteA,2024-04-23T04:10:00+00:00,Ready,35042353
SiteA_2024-04-23_04_00_00,SiteA,2024-04-23T04:00:00+00:00,Ready,32492988
SiteA_2024-04-23_03_50_01,SiteA,2024-04-23T03:50:01+00:00,Ready,31339230
SiteA_2024-04-23_03_40_00,SiteA,2024-04-23T03:40:00+00:00,Ready,33487534
SiteA_2024-04-23_03_30_00,SiteA,2024-04-23T03:30:00+00:00,Ready,34004240
SiteA_2024-04-23_03_20_00,SiteA,2024-04-23T03:20:00+00:00,Ready,20565722
SiteA_2024-04-23_03_10_01,SiteA,2024-04-23T03:10:01+00:00,Ready,19768193
SiteA_2024-04-23_03_00_00,SiteA,2024-04-23T03:00:00+00:00,Ready,20010750
SiteA_2024-04-23_02_50_00,SiteA,2024-04-23T02:50:00+00:00,Ready,20094342
SiteA_2024-04-23_02_40_01,SiteA,2024-04-23T02:40:01+00:00,Ready,19993980
SiteA_2024-04-23_02_30_00,SiteA,2024-04-23T02:30:00+00:00,Ready,19884003
SiteA_2024-04-23_02_20_00,SiteA,2024-04-23T02:20:00+00:00,Ready,19738978
SiteA_2024-04-23_02_10_01,SiteA,2024-04-23T02:10:01+00:00,Ready,19965380
SiteA_2024-04-23_02_00_00,SiteA,2024-04-23T02:00:00+00:00,Ready,19845321
SiteA_2024-04-23_01_50_00,SiteA,2024-04-23T01:50:00+00:00,Ready,19378268
SiteA_2024-04-23_01_40_00,SiteA,2024-04-23T01:40:00+00:00,Ready,18979929
SiteA_2024-04-23_01_30_01,SiteA,2024-04-23T01:30:01+00:00,Ready,19108425
SiteA_2024-04-23_01_20_00,SiteA,2024-04-23T01:20:00+00:00,Ready,19387231
SiteA_2024-04-23_01_10_00,SiteA,2024-04-23T01:10:00+00:00,Ready,17527323
SiteA_2024-04-23_01_00_01,SiteA,2024-04-23T01:00:01+00:00,Ready,18856337
SiteA_2024-04-23_00_50_00,SiteA,2024-04-23T00:50:00+00:00,Ready,18359430
SiteA_2024-04-23_00_40_00,SiteA,2024-04-23T00:40:00+00:00,Ready,18270310
SiteA_2024-04-23_00_30_01,SiteA,2024-04-23T00:30:01+00:00,Ready,19178318
SiteA_2024-04-23_00_20_00,SiteA,2024-04-23T00:20:00+00:00,Ready,18822811
SiteA_2024-04-23_00_10_00,SiteA,2024-04-23T00:10:00+00:00,Ready,18779703
SiteA_2024-04-23_00_00_00,SiteA,2024-04-23T00:00:00+00:00,Ready,17447092
SiteA_2024-04-22_23_50_01,SiteA,2024-04-22T23:50:01+00:00,Ready,17532143
SiteA_2024-04-22_23_40_00,SiteA,2024-04-22T23:40:00+00:00,Ready,17702975
SiteA_2024-04-22_23_30_00,SiteA,2024-04-22T23:30:00+00:00,Ready,17276006
SiteA_2024-04-22_23_20_01,SiteA,2024-04-22T23:20:01+00:00,Ready,16534729
SiteA_2024-04-22_23_10_00,SiteA,2024-04-22T23:10:00+00:00,Ready,27537640
SiteA_2024-04-22_23_00_00,SiteA,2024-04-22T23:00:00+00:00,Ready,17852232
SiteA_2024-04-22_22_50_00,SiteA,2024-04-22T22:50:00+00:00,Ready,35966145
SiteA_2024-04-22_22_40_01,SiteA,2024-04-22T22:40:01+00:00,Ready,35466853
SiteA_2024-04-22_22_30_00,SiteA,2024-04-22T22:30:00+00:00,Ready,35663652
SiteA_2024-04-22_22_20_00,SiteA,2024-04-22T22:20:00+00:00,Ready,40184787
SiteA_2024-04-22_22_10_01,SiteA,2024-04-22T22:10:01+00:00,Ready,52857543
SiteA_2024-04-22_22_00_00,SiteA,2024-04-22T22:00:00+00:00,Ready,86268949
SiteA_2024-04-22_21_50_00,SiteA,2024-04-22T21:50:00+00:00,Ready,88263738
SiteA_2024-04-22_21_40_00,SiteA,2024-04-22T21:40:00+00:00,Ready,86118086
SiteA_2024-04-22_21_30_01,SiteA,2024-04-22T21:30:01+00:00,Ready,85756547
SiteA_2024-04-22_21_20_00,SiteA,2024-04-22T21:20:00+00:00,Ready,86196992
SiteA_2024-04-22_21_10_00,SiteA,2024-04-22T21:10:00+00:00,Ready,83762507
SiteA_2024-04-22_21_00_00,SiteA,2024-04-22T21:00:00+00:00,Ready,84771964
SiteA_2024-04-22_20_50_01,SiteA,2024-04-22T20:50:01+00:00,Ready,86382203
SiteA_2024-04-22_20_40_00,SiteA,2024-04-22T20:40:00+00:00,Ready,89390254
SiteA_2024-04-22_20_30_00,SiteA,2024-04-22T20:30:00+00:00,Ready,104005875
SiteA_2024-04-22_20_20_01,SiteA,2024-04-22T20:20:01+00:00,Ready,217734465
SiteA_2024-04-22_20_10_00,SiteA,2024-04-22T20:10:00+00:00,Ready,300080352
SiteA_2024-04-22_20_00_00,SiteA,2024-04-22T20:00:00+00:00,Ready,300053922
SiteA_2024-04-22_19_50_01,SiteA,2024-04-22T19:50:01+00:00,Ready,224826459
SiteA_2024-04-22_19_40_00,SiteA,2024-04-22T19:40:00+00:00,Ready,198907901
SiteA_2024-04-22_19_30_00,SiteA,2024-04-22T19:30:00+00:00,Ready,159402613
SiteA_2024-04-22_19_20_00,SiteA,2024-04-22T19:20:00+00:00,Ready,118771591
SiteA_2024-04-22_19_10_01,SiteA,2024-04-22T19:10:01+00:00,Ready,137598548
mendels_2024-04-22_19_00_00,mendels,2024-04-22T19:00:00+00:00,Ready,149159984
SiteA_2024-04-22_19_00_00,SiteA,2024-04-22T19:00:00+00:00,Ready,130773841
mendels_2024-04-22_18_50_00,mendels,2024-04-22T18:50:00+00:00,Ready,300059102
SiteA_2024-04-22_18_50_00,SiteA,2024-04-22T18:50:00+00:00,Ready,154266034
SiteA_2024-04-22_18_40_01,SiteA,2024-04-22T18:40:01+00:00,Ready,133810715
mendels_2024-04-22_18_40_00,mendels,2024-04-22T18:40:00+00:00,Ready,271304627
mendels_2024-04-22_18_30_01,mendels,2024-04-22T18:30:01+00:00,Ready,284332218
SiteA_2024-04-22_18_30_00,SiteA,2024-04-22T18:30:00+00:00,Ready,111724041
SiteA_2024-04-22_18_20_00,SiteA,2024-04-22T18:20:00+00:00,Ready,130613713
mendels_2024-04-22_18_20_00,mendels,2024-04-22T18:20:00+00:00,Ready,212569521
SiteA_2024-04-22_18_10_01,SiteA,2024-04-22T18:10:01+00:00,Ready,126665554
mendels_2024-04-22_18_10_00,mendels,2024-04-22T18:10:00+00:00,Ready,247869793
SiteA_2024-04-22_18_00_00,SiteA,2024-04-22T18:00:00+00:00,Ready,142550802
mendels_2024-04-22_18_00_00,mendels,2024-04-22T18:00:00+00:00,Ready,276673999
mendels_2024-04-22_17_50_01,mendels,2024-04-22T17:50:01+00:00,Ready,299629261
SiteA_2024-04-22_17_50_00,SiteA,2024-04-22T17:50:00+00:00,Ready,171393861
SiteA_2024-04-22_17_40_00,SiteA,2024-04-22T17:40:00+00:00,Ready,155277532
mendels_2024-04-22_17_40_00,mendels,2024-04-22T17:40:00+00:00,Ready,241708002
SiteA_2024-04-22_17_30_01,SiteA,2024-04-22T17:30:01+00:00,Ready,156061005
mendels_2024-04-22_17_30_00,mendels,2024-04-22T17:30:00+00:00,Ready,280193502
mendels_2024-04-22_17_20_01,mendels,2024-04-22T17:20:01+00:00,Ready,299635216
SiteA_2024-04-22_17_20_00,SiteA,2024-04-22T17:20:00+00:00,Ready,109446374
mendels_2024-04-22_17_10_00,mendels,2024-04-22T17:10:00+00:00,Ready,271034401
SiteA_2024-04-22_17_10_00,SiteA,2024-04-22T17:10:00+00:00,Ready,113505454
mendels_2024-04-22_17_00_01,mendels,2024-04-22T17:00:01+00:00,Ready,286958704
SiteA_2024-04-22_17_00_01,SiteA,2024-04-22T17:00:01+00:00,Ready,129462180
mendels_2024-04-22_16_50_00,mendels,2024-04-22T16:50:00+00:00,Ready,300108292
SiteA_2024-04-22_16_50_00,SiteA,2024-04-22T16:50:00+00:00,Ready,133449152
mendels_2024-04-22_16_40_00,mendels,2024-04-22T16:40:00+00:00,Ready,286048547
SiteA_2024-04-22_16_40_00,SiteA,2024-04-22T16:40:00+00:00,Ready,128671191
SiteA_2024-04-22_16_30_00,SiteA,2024-04-22T16:30:00+00:00,Ready,151768948
mendels_2024-04-22_16_30_00,mendels,2024-04-22T16:30:00+00:00,Ready,293649042
mendels_2024-04-22_16_20_01,mendels,2024-04-22T16:20:01+00:00,Ready,242351269
SiteA_2024-04-22_16_20_01,SiteA,2024-04-22T16:20:01+00:00,Ready,171555262
mendels_2024-04-22_16_10_00,mendels,2024-04-22T16:10:00+00:00,Ready,300025663
SiteA_2024-04-22_16_10_00,SiteA,2024-04-22T16:10:00+00:00,Ready,142740418
mendels_2024-04-22_16_00_00,mendels,2024-04-22T16:00:00+00:00,Ready,273738329
SiteA_2024-04-22_16_00_00,SiteA,2024-04-22T16:00:00+00:00,Ready,133330458
SiteA_2024-04-22_15_50_01,SiteA,2024-04-22T15:50:01+00:00,Ready,128217130
mendels_2024-04-22_15_50_00,mendels,2024-04-22T15:50:00+00:00,Ready,300058989
mendels_2024-04-22_15_40_01,mendels,2024-04-22T15:40:01+00:00,Ready,299504069
SiteA_2024-04-22_15_40_00,SiteA,2024-04-22T15:40:00+00:00,Ready,118148037
mendels_2024-04-22_15_30_00,mendels,2024-04-22T15:30:00+00:00,Ready,282104209
SiteA_2024-04-22_15_30_00,SiteA,2024-04-22T15:30:00+00:00,Ready,108663379
mendels_2024-04-22_15_20_00,mendels,2024-04-22T15:20:00+00:00,Ready,300103498
SiteA_2024-04-22_15_20_00,SiteA,2024-04-22T15:20:00+00:00,Ready,114189864
mendels_2024-04-22_15_10_01,mendels,2024-04-22T15:10:01+00:00,Ready,299614408
SiteA_2024-04-22_15_10_00,SiteA,2024-04-22T15:10:00+00:00,Ready,108180576
SiteA_2024-04-22_15_00_01,SiteA,2024-04-22T15:00:01+00:00,Ready,118447846
mendels_2024-04-22_15_00_00,mendels,2024-04-22T15:00:00+00:00,Ready,291325530
SiteA_2024-04-22_14_50_00,SiteA,2024-04-22T14:50:00+00:00,Ready,118222868
mendels_2024-04-22_14_50_00,mendels,2024-04-22T14:50:00+00:00,Ready,300069275
mendels_2024-04-22_14_40_01,mendels,2024-04-22T14:40:01+00:00,Ready,293924708
SiteA_2024-04-22_14_40_00,SiteA,2024-04-22T14:40:00+00:00,Ready,120473594
SiteA_2024-04-22_14_30_01,SiteA,2024-04-22T14:30:01+00:00,Ready,123813403
mendels_2024-04-22_14_30_00,mendels,2024-04-22T14:30:00+00:00,Ready,297893634
SiteA_2024-04-22_14_27_11,SiteA,2024-04-22T14:27:11+00:00,Ready,39604179
SiteA_2024-04-22_14_20_00,SiteA,2024-04-22T14:20:00+00:00,Ready,28049456
mendels_2024-04-22_14_20_00,mendels,2024-04-22T14:20:00+00:00,Ready,296082444
SiteA_2024-04-22_14_17_54,SiteA,2024-04-22T14:17:54+00:00,Ready,48877648
mendels_2024-04-22_14_10_01,mendels,2024-04-22T14:10:01+00:00,Ready,299548844
mendels_2024-04-22_14_00_00,mendels,2024-04-22T14:00:00+00:00,Ready,299990338
mendels_2024-04-22_13_50_00,mendels,2024-04-22T13:50:00+00:00,Ready,300097811
mendels_2024-04-22_13_40_01,mendels,2024-04-22T13:40:01+00:00,Ready,299169387
mendels_2024-04-22_13_30_00,mendels,2024-04-22T13:30:00+00:00,Ready,297175844
mendels_2024-04-22_13_20_00,mendels,2024-04-22T13:20:00+00:00,Ready,300045235
mendels_2024-04-22_13_10_01,mendels,2024-04-22T13:10:01+00:00,Ready,299580814
mendels_2024-04-22_13_00_00,mendels,2024-04-22T13:00:00+00:00,Ready,300013731
mendels_2024-04-22_12_50_00,mendels,2024-04-22T12:50:00+00:00,Ready,300109754
mendels_2024-04-22_12_40_00,mendels,2024-04-22T12:40:00+00:00,Ready,297274552
mendels_2024-04-22_12_30_01,mendels,2024-04-22T12:30:01+00:00,Ready,299527718
mendels_2024-04-22_12_20_00,mendels,2024-04-22T12:20:00+00:00,Ready,299772096
mendels_2024-04-22_12_10_00,mendels,2024-04-22T12:10:00+00:00,Ready,300092800
mendels_2024-04-22_12_00_00,mendels,2024-04-22T12:00:00+00:00,Ready,300063957
mendels_2024-04-22_11_50_01,mendels,2024-04-22T11:50:01+00:00,Ready,242677048
mendels_2024-04-22_11_40_00,mendels,2024-04-22T11:40:00+00:00,Ready,290299829
mendels_2024-04-22_11_30_00,mendels,2024-04-22T11:30:00+00:00,Ready,298240252
mendels_2024-04-22_11_20_01,mendels,2024-04-22T11:20:01+00:00,Ready,284833845
mendels_2024-04-22_11_10_00,mendels,2024-04-22T11:10:00+00:00,Ready,300116670
mendels_2024-04-22_11_00_00,mendels,2024-04-22T11:00:00+00:00,Ready,299401554
mendels_2024-04-22_10_50_01,mendels,2024-04-22T10:50:01+00:00,Ready,299072442
mendels_2024-04-22_10_40_00,mendels,2024-04-22T10:40:00+00:00,Ready,300103022
mendels_2024-04-22_10_30_00,mendels,2024-04-22T10:30:00+00:00,Ready,300096171
mendels_2024-04-22_10_20_01,mendels,2024-04-22T10:20:01+00:00,Ready,299251447
mendels_2024-04-22_10_10_00,mendels,2024-04-22T10:10:00+00:00,Ready,284410506
mendels_2024-04-22_10_00_00,mendels,2024-04-22T10:00:00+00:00,Ready,300098587
mendels_2024-04-22_09_50_01,mendels,2024-04-22T09:50:01+00:00,Ready,263634154
mendels_2024-04-22_09_40_00,mendels,2024-04-22T09:40:00+00:00,Ready,277308270
mendels_2024-04-22_09_30_00,mendels,2024-04-22T09:30:00+00:00,Ready,290678489
mendels_2024-04-22_09_20_00,mendels,2024-04-22T09:20:00+00:00,Ready,246926326
mendels_2024-04-22_09_10_01,mendels,2024-04-22T09:10:01+00:00,Ready,298803647
mendels_2024-04-22_09_00_00,mendels,2024-04-22T09:00:00+00:00,Ready,207893513
mendels_2024-04-22_08_55_34,mendels,2024-04-22T08:55:34+00:00,Ready,131060452
mendels_2024-04-21_19_00_01,mendels,2024-04-21T19:00:01+00:00,Ready,149159984
mendels_2024-04-21_18_50_00,mendels,2024-04-21T18:50:00+00:00,Ready,300064388
mendels_2024-04-21_18_40_00,mendels,2024-04-21T18:40:00+00:00,Ready,300106562
mendels_2024-04-21_18_30_01,mendels,2024-04-21T18:30:01+00:00,Ready,296108629
mendels_2024-04-21_18_20_00,mendels,2024-04-21T18:20:00+00:00,Ready,299789734
mendels_2024-04-21_18_10_00,mendels,2024-04-21T18:10:00+00:00,Ready,300122981
mendels_2024-04-21_18_00_00,mendels,2024-04-21T18:00:00+00:00,Ready,297442200
mendels_2024-04-21_17_50_01,mendels,2024-04-21T17:50:01+00:00,Ready,252538663
mendels_2024-04-21_17_40_00,mendels,2024-04-21T17:40:00+00:00,Ready,250937590
mendels_2024-04-21_17_30_00,mendels,2024-04-21T17:30:00+00:00,Ready,251869796
mendels_2024-04-21_17_20_00,mendels,2024-04-21T17:20:00+00:00,Ready,299878895
mendels_2024-04-21_17_10_01,mendels,2024-04-21T17:10:01+00:00,Ready,224495264
mendels_2024-04-21_17_00_00,mendels,2024-04-21T17:00:00+00:00,Ready,300101050
mendels_2024-04-21_16_50_00,mendels,2024-04-21T16:50:00+00:00,Ready,300082637
mendels_2024-04-21_16_40_01,mendels,2024-04-21T16:40:01+00:00,Ready,235100019
mendels_2024-04-21_16_30_00,mendels,2024-04-21T16:30:00+00:00,Ready,286531854
mendels_2024-04-21_16_20_00,mendels,2024-04-21T16:20:00+00:00,Ready,300099701
mendels_2024-04-21_16_10_01,mendels,2024-04-21T16:10:01+00:00,Ready,299612708
mendels_2024-04-21_16_00_00,mendels,2024-04-21T16:00:00+00:00,Ready,289388888
mendels_2024-04-21_15_50_00,mendels,2024-04-21T15:50:00+00:00,Ready,300118124
mendels_2024-04-21_15_40_00,mendels,2024-04-21T15:40:00+00:00,Ready,277018184
mendels_2024-04-21_15_30_01,mendels,2024-04-21T15:30:01+00:00,Ready,298607798
mendels_2024-04-21_15_20_00,mendels,2024-04-21T15:20:00+00:00,Ready,285352800
mendels_2024-04-21_15_10_01,mendels,2024-04-21T15:10:01+00:00,Ready,296544960
mendels_2024-04-21_15_00_00,mendels,2024-04-21T15:00:00+00:00,Ready,300099248
mendels_2024-04-21_14_50_00,mendels,2024-04-21T14:50:00+00:00,Ready,296636784
mendels_2024-04-21_14_40_00,mendels,2024-04-21T14:40:00+00:00,Ready,289182295
mendels_2024-04-21_14_30_00,mendels,2024-04-21T14:30:00+00:00,Ready,285500656
mendels_2024-04-21_14_20_01,mendels,2024-04-21T14:20:01+00:00,Ready,298933456
mendels_2024-04-21_14_10_00,mendels,2024-04-21T14:10:00+00:00,Ready,300101845
mendels_2024-04-21_14_00_01,mendels,2024-04-21T14:00:01+00:00,Ready,299514331
mendels_2024-04-21_13_50_00,mendels,2024-04-21T13:50:00+00:00,Ready,300084361
mendels_2024-04-21_13_40_00,mendels,2024-04-21T13:40:00+00:00,Ready,299935307
mendels_2024-04-21_13_30_00,mendels,2024-04-21T13:30:00+00:00,Ready,267929589
mendels_2024-04-21_13_20_00,mendels,2024-04-21T13:20:00+00:00,Ready,300120415
mendels_2024-04-21_13_10_01,mendels,2024-04-21T13:10:01+00:00,Ready,299487604
mendels_2024-04-21_13_00_00,mendels,2024-04-21T13:00:00+00:00,Ready,289912308
mendels_2024-04-21_12_50_01,mendels,2024-04-21T12:50:01+00:00,Ready,245213127
mendels_2024-04-21_12_40_00,mendels,2024-04-21T12:40:00+00:00,Ready,242508692
mendels_2024-04-21_12_30_00,mendels,2024-04-21T12:30:00+00:00,Ready,256931014
mendels_2024-04-21_12_20_00,mendels,2024-04-21T12:20:00+00:00,Ready,234239023
mendels_2024-04-21_12_10_01,mendels,2024-04-21T12:10:01+00:00,Ready,207744208
mendels_2024-04-21_12_00_00,mendels,2024-04-21T12:00:00+00:00,Ready,230155152
mendels_2024-04-21_11_50_00,mendels,2024-04-21T11:50:00+00:00,Ready,250504340
mendels_2024-04-21_11_40_00,mendels,2024-04-21T11:40:00+00:00,Ready,210572046
mendels_2024-04-21_11_30_01,mendels,2024-04-21T11:30:01+00:00,Ready,266220074
mendels_2024-04-21_11_20_00,mendels,2024-04-21T11:20:00+00:00,Ready,230636886
mendels_2024-04-21_11_10_00,mendels,2024-04-21T11:10:00+00:00,Ready,238777672
mendels_2024-04-21_11_00_00,mendels,2024-04-21T11:00:00+00:00,Ready,240507921
mendels_2024-04-21_10_50_01,mendels,2024-04-21T10:50:01+00:00,Ready,219923304
mendels_2024-04-21_10_40_00,mendels,2024-04-21T10:40:00+00:00,Ready,217084879
mendels_2024-04-21_10_30_00,mendels,2024-04-21T10:30:00+00:00,Ready,240028974
mendels_2024-04-21_10_20_01,mendels,2024-04-21T10:20:01+00:00,Ready,215533279
mendels_2024-04-21_10_10_00,mendels,2024-04-21T10:10:00+00:00,Ready,239102135
mendels_2024-04-21_10_00_00,mendels,2024-04-21T10:00:00+00:00,Ready,249883073
mendels_2024-04-21_09_50_00,mendels,2024-04-21T09:50:00+00:00,Ready,215272437
mendels_2024-04-21_09_40_01,mendels,2024-04-21T09:40:01+00:00,Ready,240807003
mendels_2024-04-21_09_30_00,mendels,2024-04-21T09:30:00+00:00,Ready,265852880
mendels_2024-04-21_09_20_00,mendels,2024-04-21T09:20:00+00:00,Ready,232310477
mendels_2024-04-21_09_10_01,mendels,2024-04-21T09:10:01+00:00,Ready,230825285
mendels_2024-04-21_09_00_00,mendels,2024-04-21T09:00:00+00:00,Ready,265240460
mendels_2024-04-21_08_55_35,mendels,2024-04-21T08:55:35+00:00,Ready,106164319
mendels_2024-04-20_13_40_00,mendels,2024-04-20T13:40:00+00:00,Ready,134221824
mendels_2024-04-20_13_30_01,mendels,2024-04-20T13:30:01+00:00,Ready,299574922
mendels_2024-04-20_13_20_00,mendels,2024-04-20T13:20:00+00:00,Ready,300072373
mendels_2024-04-20_13_10_00,mendels,2024-04-20T13:10:00+00:00,Ready,300042204
mendels_2024-04-20_13_00_01,mendels,2024-04-20T13:00:01+00:00,Ready,299552513
mendels_2024-04-20_12_50_00,mendels,2024-04-20T12:50:00+00:00,Ready,300096406
mendels_2024-04-20_12_40_00,mendels,2024-04-20T12:40:00+00:00,Ready,300115287
mendels_2024-04-20_12_30_01,mendels,2024-04-20T12:30:01+00:00,Ready,299600466
mendels_2024-04-20_12_20_00,mendels,2024-04-20T12:20:00+00:00,Ready,300091459
mendels_2024-04-20_12_10_00,mendels,2024-04-20T12:10:00+00:00,Ready,299975627
mendels_2024-04-20_12_00_00,mendels,2024-04-20T12:00:00+00:00,Ready,300012472
mendels_2024-04-20_11_50_01,mendels,2024-04-20T11:50:01+00:00,Ready,299593185
mendels_2024-04-20_11_40_00,mendels,2024-04-20T11:40:00+00:00,Ready,300003243
mendels_2024-04-20_11_30_00,mendels,2024-04-20T11:30:00+00:00,Ready,300088324
mendels_2024-04-20_11_20_01,mendels,2024-04-20T11:20:01+00:00,Ready,299597856
mendels_2024-04-20_11_10_00,mendels,2024-04-20T11:10:00+00:00,Ready,300112974
mendels_2024-04-20_11_00_00,mendels,2024-04-20T11:00:00+00:00,Ready,300024782
mendels_2024-04-20_10_50_01,mendels,2024-04-20T10:50:01+00:00,Ready,299553780
mendels_2024-04-20_10_40_00,mendels,2024-04-20T10:40:00+00:00,Ready,300093191
mendels_2024-04-20_10_30_00,mendels,2024-04-20T10:30:00+00:00,Ready,300099610
mendels_2024-04-20_10_20_01,mendels,2024-04-20T10:20:01+00:00,Ready,299426477
mendels_2024-04-20_10_10_00,mendels,2024-04-20T10:10:00+00:00,Ready,299961190
mendels_2024-04-20_10_00_00,mendels,2024-04-20T10:00:00+00:00,Ready,300098099
mendels_2024-04-20_09_50_01,mendels,2024-04-20T09:50:01+00:00,Ready,299607057
mendels_2024-04-20_09_40_00,mendels,2024-04-20T09:40:00+00:00,Ready,297187419
mendels_2024-04-20_09_30_00,mendels,2024-04-20T09:30:00+00:00,Ready,299205501
mendels_2024-04-20_09_20_01,mendels,2024-04-20T09:20:01+00:00,Ready,299627548
mendels_2024-04-20_09_10_00,mendels,2024-04-20T09:10:00+00:00,Ready,299981527
mendels_2024-04-20_09_00_00,mendels,2024-04-20T09:00:00+00:00,Ready,300062331
mendels_2024-04-20_08_55_34,mendels,2024-04-20T08:55:34+00:00,Ready,132905429
mendels_2024-04-19_17_00_00,mendels,2024-04-19T17:00:00+00:00,Ready,231228795
mendels_2024-04-19_16_50_01,mendels,2024-04-19T16:50:01+00:00,Ready,259798636
mendels_2024-04-19_16_40_00,mendels,2024-04-19T16:40:00+00:00,Ready,250677085
mendels_2024-04-19_16_30_00,mendels,2024-04-19T16:30:00+00:00,Ready,276125053
mendels_2024-04-19_16_20_00,mendels,2024-04-19T16:20:00+00:00,Ready,280672392
mendels_2024-04-19_16_10_00,mendels,2024-04-19T16:10:00+00:00,Ready,290409032
mendels_2024-04-19_16_00_01,mendels,2024-04-19T16:00:01+00:00,Ready,278321424
mendels_2024-04-19_15_50_00,mendels,2024-04-19T15:50:00+00:00,Ready,238605729
mendels_2024-04-19_15_40_00,mendels,2024-04-19T15:40:00+00:00,Ready,248001601
mendels_2024-04-19_15_30_01,mendels,2024-04-19T15:30:01+00:00,Ready,223517693
mendels_2024-04-19_15_20_00,mendels,2024-04-19T15:20:00+00:00,Ready,182547437
mendels_2024-04-19_15_10_00,mendels,2024-04-19T15:10:00+00:00,Ready,194660997
mendels_2024-04-19_15_00_01,mendels,2024-04-19T15:00:01+00:00,Ready,219950382
mendels_2024-04-19_14_50_00,mendels,2024-04-19T14:50:00+00:00,Ready,232336886
mendels_2024-04-19_14_40_00,mendels,2024-04-19T14:40:00+00:00,Ready,258121533
mendels_2024-04-19_14_30_01,mendels,2024-04-19T14:30:01+00:00,Ready,243391811
mendels_2024-04-19_14_20_00,mendels,2024-04-19T14:20:00+00:00,Ready,221547920
mendels_2024-04-19_14_10_00,mendels,2024-04-19T14:10:00+00:00,Ready,218703573
mendels_2024-04-19_14_00_00,mendels,2024-04-19T14:00:00+00:00,Ready,214932992
mendels_2024-04-19_13_50_01,mendels,2024-04-19T13:50:01+00:00,Ready,250982680
mendels_2024-04-19_13_40_00,mendels,2024-04-19T13:40:00+00:00,Ready,274905954
mendels_2024-04-19_13_30_00,mendels,2024-04-19T13:30:00+00:00,Ready,260141248
mendels_2024-04-19_13_20_01,mendels,2024-04-19T13:20:01+00:00,Ready,242535647
mendels_2024-04-19_13_10_00,mendels,2024-04-19T13:10:00+00:00,Ready,224503129
mendels_2024-04-19_13_00_00,mendels,2024-04-19T13:00:00+00:00,Ready,249515380
mendels_2024-04-19_12_50_01,mendels,2024-04-19T12:50:01+00:00,Ready,238043734
mendels_2024-04-19_12_40_00,mendels,2024-04-19T12:40:00+00:00,Ready,212715365
mendels_2024-04-19_12_30_00,mendels,2024-04-19T12:30:00+00:00,Ready,209502834
mendels_2024-04-19_12_20_01,mendels,2024-04-19T12:20:01+00:00,Ready,195039813
mendels_2024-04-19_12_10_00,mendels,2024-04-19T12:10:00+00:00,Ready,228968207
mendels_2024-04-19_12_00_00,mendels,2024-04-19T12:00:00+00:00,Ready,206075251
mendels_2024-04-19_11_50_00,mendels,2024-04-19T11:50:00+00:00,Ready,249608387
mendels_2024-04-19_11_40_01,mendels,2024-04-19T11:40:01+00:00,Ready,216219315
mendels_2024-04-19_11_30_00,mendels,2024-04-19T11:30:00+00:00,Ready,212320879
mendels_2024-04-19_11_20_00,mendels,2024-04-19T11:20:00+00:00,Ready,187254849
mendels_2024-04-19_11_10_01,mendels,2024-04-19T11:10:01+00:00,Ready,161171392
mendels_2024-04-19_11_00_00,mendels,2024-04-19T11:00:00+00:00,Ready,157821822
mendels_2024-04-19_10_50_00,mendels,2024-04-19T10:50:00+00:00,Ready,187099993
mendels_2024-04-19_10_40_01,mendels,2024-04-19T10:40:01+00:00,Ready,166511445
mendels_2024-04-19_10_30_00,mendels,2024-04-19T10:30:00+00:00,Ready,183824436
mendels_2024-04-19_10_20_00,mendels,2024-04-19T10:20:00+00:00,Ready,182841941
mendels_2024-04-19_10_10_01,mendels,2024-04-19T10:10:01+00:00,Ready,233222064
mendels_2024-04-19_10_00_00,mendels,2024-04-19T10:00:00+00:00,Ready,171099167
mendels_2024-04-19_09_50_00,mendels,2024-04-19T09:50:00+00:00,Ready,180345312
mendels_2024-04-19_09_40_01,mendels,2024-04-19T09:40:01+00:00,Ready,187026764
mendels_2024-04-19_09_30_00,mendels,2024-04-19T09:30:00+00:00,Ready,205000533
mendels_2024-04-19_09_20_00,mendels,2024-04-19T09:20:00+00:00,Ready,192421180
mendels_2024-04-19_09_10_00,mendels,2024-04-19T09:10:00+00:00,Ready,173085892
mendels_2024-04-19_09_00_00,mendels,2024-04-19T09:00:00+00:00,Ready,160515664
mendels_2024-04-19_08_55_34,mendels,2024-04-19T08:55:34+00:00,Ready,72975049
mendels_2024-04-18_19_00_01,mendels,2024-04-18T19:00:01+00:00,Ready,149422128
mendels_2024-04-18_18_50_00,mendels,2024-04-18T18:50:00+00:00,Ready,300094177
mendels_2024-04-18_18_40_00,mendels,2024-04-18T18:40:00+00:00,Ready,300102406
mendels_2024-04-18_18_30_01,mendels,2024-04-18T18:30:01+00:00,Ready,288681494
mendels_2024-04-18_18_20_00,mendels,2024-04-18T18:20:00+00:00,Ready,267362299
mendels_2024-04-18_18_10_00,mendels,2024-04-18T18:10:00+00:00,Ready,259952732
mendels_2024-04-18_18_00_01,mendels,2024-04-18T18:00:01+00:00,Ready,199283408
mendels_2024-04-18_17_50_00,mendels,2024-04-18T17:50:00+00:00,Ready,234953360
mendels_2024-04-18_17_40_00,mendels,2024-04-18T17:40:00+00:00,Ready,276280203
mendels_2024-04-18_17_30_01,mendels,2024-04-18T17:30:01+00:00,Ready,290884741
mendels_2024-04-18_17_20_00,mendels,2024-04-18T17:20:00+00:00,Ready,285862753
mendels_2024-04-18_17_10_00,mendels,2024-04-18T17:10:00+00:00,Ready,295135214
mendels_2024-04-18_17_00_01,mendels,2024-04-18T17:00:01+00:00,Ready,297483261
mendels_2024-04-18_16_50_00,mendels,2024-04-18T16:50:00+00:00,Ready,274089581
mendels_2024-04-18_16_40_00,mendels,2024-04-18T16:40:00+00:00,Ready,299835046
mendels_2024-04-18_16_30_00,mendels,2024-04-18T16:30:00+00:00,Ready,271184491
mendels_2024-04-18_16_20_01,mendels,2024-04-18T16:20:01+00:00,Ready,299212652
mendels_2024-04-18_16_10_00,mendels,2024-04-18T16:10:00+00:00,Ready,299546017
mendels_2024-04-18_16_00_00,mendels,2024-04-18T16:00:00+00:00,Ready,299596478
mendels_2024-04-18_15_50_01,mendels,2024-04-18T15:50:01+00:00,Ready,299547558
mendels_2024-04-18_15_40_00,mendels,2024-04-18T15:40:00+00:00,Ready,300063947
mendels_2024-04-18_15_30_00,mendels,2024-04-18T15:30:00+00:00,Ready,300039458
mendels_2024-04-18_15_20_00,mendels,2024-04-18T15:20:00+00:00,Ready,299952052
mendels_2024-04-18_15_10_01,mendels,2024-04-18T15:10:01+00:00,Ready,263656289
mendels_2024-04-18_15_00_00,mendels,2024-04-18T15:00:00+00:00,Ready,300053139
mendels_2024-04-18_14_50_00,mendels,2024-04-18T14:50:00+00:00,Ready,300088096
mendels_2024-04-18_14_40_01,mendels,2024-04-18T14:40:01+00:00,Ready,265383932
mendels_2024-04-18_14_30_00,mendels,2024-04-18T14:30:00+00:00,Ready,269462585
mendels_2024-04-18_14_20_00,mendels,2024-04-18T14:20:00+00:00,Ready,264182893
mendels_2024-04-18_14_10_00,mendels,2024-04-18T14:10:00+00:00,Ready,296664763
mendels_2024-04-18_14_00_01,mendels,2024-04-18T14:00:01+00:00,Ready,299517634
mendels_2024-04-18_13_50_00,mendels,2024-04-18T13:50:00+00:00,Ready,222872656
mendels_2024-04-18_13_40_00,mendels,2024-04-18T13:40:00+00:00,Ready,219349748
mendels_2024-04-18_13_30_00,mendels,2024-04-18T13:30:00+00:00,Ready,211137521
mendels_2024-04-18_13_20_01,mendels,2024-04-18T13:20:01+00:00,Ready,216165870
mendels_2024-04-18_13_10_00,mendels,2024-04-18T13:10:00+00:00,Ready,192281110
mendels_2024-04-18_13_00_00,mendels,2024-04-18T13:00:00+00:00,Ready,182108291
mendels_2024-04-18_12_50_01,mendels,2024-04-18T12:50:01+00:00,Ready,212716059
mendels_2024-04-18_12_40_00,mendels,2024-04-18T12:40:00+00:00,Ready,273509996
mendels_2024-04-18_12_30_00,mendels,2024-04-18T12:30:00+00:00,Ready,247001593
mendels_2024-04-18_12_20_00,mendels,2024-04-18T12:20:00+00:00,Ready,233176354
mendels_2024-04-18_12_10_01,mendels,2024-04-18T12:10:01+00:00,Ready,245213601
mendels_2024-04-18_12_00_00,mendels,2024-04-18T12:00:00+00:00,Ready,298988296
mendels_2024-04-18_11_50_00,mendels,2024-04-18T11:50:00+00:00,Ready,283717949
mendels_2024-04-18_11_40_01,mendels,2024-04-18T11:40:01+00:00,Ready,256984875
mendels_2024-04-18_11_30_00,mendels,2024-04-18T11:30:00+00:00,Ready,224046483
mendels_2024-04-18_11_20_00,mendels,2024-04-18T11:20:00+00:00,Ready,288622757
mendels_2024-04-18_11_10_01,mendels,2024-04-18T11:10:01+00:00,Ready,276420910
mendels_2024-04-18_11_00_00,mendels,2024-04-18T11:00:00+00:00,Ready,294654655
mendels_2024-04-18_10_50_00,mendels,2024-04-18T10:50:00+00:00,Ready,300061937
mendels_2024-04-18_10_40_01,mendels,2024-04-18T10:40:01+00:00,Ready,213823434
mendels_2024-04-18_10_30_00,mendels,2024-04-18T10:30:00+00:00,Ready,172921337
mendels_2024-04-18_10_20_00,mendels,2024-04-18T10:20:00+00:00,Ready,177227282
mendels_2024-04-18_10_10_01,mendels,2024-04-18T10:10:01+00:00,Ready,152701714
mendels_2024-04-18_10_00_00,mendels,2024-04-18T10:00:00+00:00,Ready,208591690
mendels_2024-04-18_09_50_00,mendels,2024-04-18T09:50:00+00:00,Ready,138805250
mendels_2024-04-18_09_40_00,mendels,2024-04-18T09:40:00+00:00,Ready,134067598
mendels_2024-04-18_09_30_01,mendels,2024-04-18T09:30:01+00:00,Ready,138940046
mendels_2024-04-18_09_20_00,mendels,2024-04-18T09:20:00+00:00,Ready,162259768
mendels_2024-04-18_09_10_00,mendels,2024-04-18T09:10:00+00:00,Ready,176842072
mendels_2024-04-18_09_00_00,mendels,2024-04-18T09:00:00+00:00,Ready,171653677
mendels_2024-04-18_08_55_34,mendels,2024-04-18T08:55:34+00:00,Ready,63216196
mendels_2024-04-17_19_00_00,mendels,2024-04-17T19:00:00+00:00,Ready,150994992
mendels_2024-04-17_18_50_01,mendels,2024-04-17T18:50:01+00:00,Ready,299212175
mendels_2024-04-17_18_40_00,mendels,2024-04-17T18:40:00+00:00,Ready,300098046
mendels_2024-04-17_18_30_00,mendels,2024-04-17T18:30:00+00:00,Ready,284361888
mendels_2024-04-17_18_20_01,mendels,2024-04-17T18:20:01+00:00,Ready,283279281
mendels_2024-04-17_18_10_00,mendels,2024-04-17T18:10:00+00:00,Ready,290361715
mendels_2024-04-17_18_00_00,mendels,2024-04-17T18:00:00+00:00,Ready,254390249
mendels_2024-04-17_17_50_00,mendels,2024-04-17T17:50:00+00:00,Ready,254296350
mendels_2024-04-17_17_40_01,mendels,2024-04-17T17:40:01+00:00,Ready,236066679
mendels_2024-04-17_17_30_00,mendels,2024-04-17T17:30:00+00:00,Ready,184831445
mendels_2024-04-17_17_20_00,mendels,2024-04-17T17:20:00+00:00,Ready,182146788
mendels_2024-04-17_17_10_01,mendels,2024-04-17T17:10:01+00:00,Ready,191115107
mendels_2024-04-17_17_00_00,mendels,2024-04-17T17:00:00+00:00,Ready,221534479
mendels_2024-04-17_16_50_00,mendels,2024-04-17T16:50:00+00:00,Ready,172928786
mendels_2024-04-17_16_40_00,mendels,2024-04-17T16:40:00+00:00,Ready,140173027
mendels_2024-04-17_16_30_01,mendels,2024-04-17T16:30:01+00:00,Ready,143281376
mendels_2024-04-17_16_20_00,mendels,2024-04-17T16:20:00+00:00,Ready,175351289
mendels_2024-04-17_16_10_00,mendels,2024-04-17T16:10:00+00:00,Ready,156717820
mendels_2024-04-17_16_00_01,mendels,2024-04-17T16:00:01+00:00,Ready,217677931
mendels_2024-04-17_15_50_00,mendels,2024-04-17T15:50:00+00:00,Ready,185152956
mendels_2024-04-17_15_40_00,mendels,2024-04-17T15:40:00+00:00,Ready,154964492
mendels_2024-04-17_15_30_01,mendels,2024-04-17T15:30:01+00:00,Ready,139367477
mendels_2024-04-17_15_20_00,mendels,2024-04-17T15:20:00+00:00,Ready,127506509
mendels_2024-04-17_15_10_00,mendels,2024-04-17T15:10:00+00:00,Ready,130116840
mendels_2024-04-17_15_00_01,mendels,2024-04-17T15:00:01+00:00,Ready,182635752
mendels_2024-04-17_14_50_00,mendels,2024-04-17T14:50:00+00:00,Ready,180145448
mendels_2024-04-17_14_40_00,mendels,2024-04-17T14:40:00+00:00,Ready,242856484
mendels_2024-04-17_14_30_00,mendels,2024-04-17T14:30:00+00:00,Ready,245361030
mendels_2024-04-17_14_20_01,mendels,2024-04-17T14:20:01+00:00,Ready,199563438
mendels_2024-04-17_14_10_00,mendels,2024-04-17T14:10:00+00:00,Ready,214723152
mendels_2024-04-17_14_00_00,mendels,2024-04-17T14:00:00+00:00,Ready,179811168
mendels_2024-04-17_13_50_00,mendels,2024-04-17T13:50:00+00:00,Ready,147507512
mendels_2024-04-17_13_40_01,mendels,2024-04-17T13:40:01+00:00,Ready,141518779
mendels_2024-04-17_13_30_00,mendels,2024-04-17T13:30:00+00:00,Ready,137277221
mendels_2024-04-17_13_20_00,mendels,2024-04-17T13:20:00+00:00,Ready,134238740
mendels_2024-04-17_13_10_01,mendels,2024-04-17T13:10:01+00:00,Ready,141254232
mendels_2024-04-17_13_00_00,mendels,2024-04-17T13:00:00+00:00,Ready,142734444
mendels_2024-04-17_12_50_00,mendels,2024-04-17T12:50:00+00:00,Ready,150247895
mendels_2024-04-17_12_40_00,mendels,2024-04-17T12:40:00+00:00,Ready,133766485
mendels_2024-04-17_12_30_01,mendels,2024-04-17T12:30:01+00:00,Ready,134403321
mendels_2024-04-17_12_20_00,mendels,2024-04-17T12:20:00+00:00,Ready,130186224
mendels_2024-04-17_12_10_00,mendels,2024-04-17T12:10:00+00:00,Ready,134302771
mendels_2024-04-17_12_00_01,mendels,2024-04-17T12:00:01+00:00,Ready,134891101
mendels_2024-04-17_11_50_00,mendels,2024-04-17T11:50:00+00:00,Ready,195383098
mendels_2024-04-17_11_40_00,mendels,2024-04-17T11:40:00+00:00,Ready,184390325
mendels_2024-04-17_11_30_00,mendels,2024-04-17T11:30:00+00:00,Ready,179914788
mendels_2024-04-17_11_20_01,mendels,2024-04-17T11:20:01+00:00,Ready,159839595
mendels_2024-04-17_11_10_00,mendels,2024-04-17T11:10:00+00:00,Ready,178605308
mendels_2024-04-17_11_00_00,mendels,2024-04-17T11:00:00+00:00,Ready,136296159
mendels_2024-04-17_10_50_01,mendels,2024-04-17T10:50:01+00:00,Ready,132682319
mendels_2024-04-17_10_40_00,mendels,2024-04-17T10:40:00+00:00,Ready,130074874
mendels_2024-04-17_10_30_00,mendels,2024-04-17T10:30:00+00:00,Ready,130180737
mendels_2024-04-17_10_20_00,mendels,2024-04-17T10:20:00+00:00,Ready,128091881
mendels_2024-04-17_10_10_01,mendels,2024-04-17T10:10:01+00:00,Ready,128662605
mendels_2024-04-17_10_00_00,mendels,2024-04-17T10:00:00+00:00,Ready,130943755
mendels_2024-04-17_09_50_00,mendels,2024-04-17T09:50:00+00:00,Ready,130021808
mendels_2024-04-17_09_40_00,mendels,2024-04-17T09:40:00+00:00,Ready,128270104
mendels_2024-04-17_09_30_01,mendels,2024-04-17T09:30:01+00:00,Ready,131559135
mendels_2024-04-17_09_20_00,mendels,2024-04-17T09:20:00+00:00,Ready,123004014
mendels_2024-04-17_09_10_00,mendels,2024-04-17T09:10:00+00:00,Ready,127385586
mendels_2024-04-17_09_00_01,mendels,2024-04-17T09:00:01+00:00,Ready,119645028
mendels_2024-04-17_08_55_34,mendels,2024-04-17T08:55:34+00:00,Ready,56000684
mendels_2024-04-16_18_50_01,mendels,2024-04-16T18:50:01+00:00,Ready,299562054
mendels_2024-04-16_18_40_00,mendels,2024-04-16T18:40:00+00:00,Ready,300099158
mendels_2024-04-16_18_30_00,mendels,2024-04-16T18:30:00+00:00,Ready,262771911
mendels_2024-04-16_18_20_01,mendels,2024-04-16T18:20:01+00:00,Ready,247681457
mendels_2024-04-16_18_10_00,mendels,2024-04-16T18:10:00+00:00,Ready,207330561
mendels_2024-04-16_18_00_00,mendels,2024-04-16T18:00:00+00:00,Ready,178210165
mendels_2024-04-16_17_50_00,mendels,2024-04-16T17:50:00+00:00,Ready,160600444
mendels_2024-04-16_17_40_01,mendels,2024-04-16T17:40:01+00:00,Ready,148047261
mendels_2024-04-16_17_30_00,mendels,2024-04-16T17:30:00+00:00,Ready,153828986
mendels_2024-04-16_17_20_00,mendels,2024-04-16T17:20:00+00:00,Ready,188371828
mendels_2024-04-16_17_10_00,mendels,2024-04-16T17:10:00+00:00,Ready,227983634
mendels_2024-04-16_17_00_00,mendels,2024-04-16T17:00:00+00:00,Ready,261459431
mendels_2024-04-16_16_50_01,mendels,2024-04-16T16:50:01+00:00,Ready,253655725
mendels_2024-04-16_16_40_00,mendels,2024-04-16T16:40:00+00:00,Ready,189198964
mendels_2024-04-16_16_30_00,mendels,2024-04-16T16:30:00+00:00,Ready,240833604
mendels_2024-04-16_16_20_01,mendels,2024-04-16T16:20:01+00:00,Ready,196114902
mendels_2024-04-16_16_10_00,mendels,2024-04-16T16:10:00+00:00,Ready,293587574
mendels_2024-04-16_16_00_00,mendels,2024-04-16T16:00:00+00:00,Ready,227708543
mendels_2024-04-16_15_50_00,mendels,2024-04-16T15:50:00+00:00,Ready,199538446
mendels_2024-04-16_15_40_01,mendels,2024-04-16T15:40:01+00:00,Ready,203739609
mendels_2024-04-16_15_30_00,mendels,2024-04-16T15:30:00+00:00,Ready,0
mendels_2024-04-16_15_21_24,mendels,2024-04-16T15:21:24+00:00,Ready,158072013
