nest,exit_time,entry_time,duration_min
1,2024-04-16 18:12:11.433333,2024-04-16 18:34:00.066667,21.810555566666668
1,2024-04-18 12:15:17.000000,2024-04-18 12:22:37.166667,7.336111116666667
1,2024-04-22 16:51:01.666667,2024-04-22 17:06:43.266667,15.693333333333332
1,2024-04-23 16:20:07.800000,2024-04-23 16:34:06.266667,13.97444445
1,2024-04-24 11:29:41.166667,2024-04-24 11:39:22.433333,9.687777766666668
1,2024-04-24 14:24:51.200000,2024-04-24 14:52:29.766667,27.642777783333333
1,2024-04-24 14:52:44.600000,2024-04-24 14:55:57.766667,3.2194444499999997
1,2024-04-25 12:44:41.000000,2024-04-25 12:51:03.033333,6.367222216666667
1,2024-04-26 10:55:02.666667,2024-04-26 11:09:43.433333,14.679444433333334
1,2024-04-28 10:26:10.766667,2024-04-28 10:41:57.666667,15.781666666666666
1,2024-04-28 10:41:58.033333,2024-04-28 10:46:29.000000,4.516111116666666
1,2024-04-28 11:55:16.433333,2024-04-28 12:10:45.166667,15.4788889
1,2024-04-28 12:55:08.966667,2024-04-28 13:01:59.233333,6.837777766666666
1,2024-04-28 13:15:33.866667,2024-04-28 13:27:03.733333,11.497777766666667
1,2024-04-28 13:27:04.533333,2024-04-28 13:51:56.433333,24.865
1,2024-04-28 14:29:52.066667,2024-04-28 14:42:29.833333,12.629444433333331
1,2024-04-28 18:28:24.000000,2024-04-28 18:29:20.466667,0.9411111166666668
1,2024-04-28 18:29:47.166667,2024-04-28 18:33:58.833333,4.1944444333333335
1,2024-04-28 18:35:05.000000,2024-04-28 18:50:10.400000,15.09
1,2024-04-29 09:33:07.766667,2024-04-29 09:40:41.166667,7.556666666666667
1,2024-04-29 10:34:34.333333,2024-04-29 10:55:06.033333,20.528333333333332
1,2024-04-29 11:00:02.966667,2024-04-29 11:07:45.266667,7.705
1,2024-04-29 11:19:49.033333,2024-04-29 11:28:02.300000,8.221111116666666
1,2024-04-29 11:28:04.400000,2024-04-29 11:49:18.100000,21.228333333333335
1,2024-04-29 13:36:49.966667,2024-04-29 13:42:24.966667,5.583333333333333
1,2024-04-30 11:42:18.133333,2024-04-30 12:09:16.066667,26.96555556666667
2,2024-04-18 12:21:21.000000,2024-04-18 12:24:03.900000,2.7150000000000003
2,2024-04-18 17:47:38.433333,2024-04-18 17:50:35.500000,2.9511111166666666
2,2024-04-20 09:39:09.000000,2024-04-20 09:45:42.666667,6.561111116666667
2,2024-04-22 09:39:01.566667,2024-04-22 09:41:26.000000,2.407222216666667
2,2024-04-24 11:24:07.133333,2024-04-24 11:29:11.700000,5.076111116666667
2,2024-04-24 11:45:43.933333,2024-04-24 11:46:27.833333,0.7316666666666667
2,2024-04-26 12:49:27.400000,2024-04-26 12:51:52.400000,2.4166666666666665
2,2024-04-29 14:23:22.266667,2024-04-29 14:48:29.933333,25.127777766666668
2,2024-05-08 14:28:28.833333,2024-05-08 14:38:37.233333,10.14
3,2024-04-24 13:01:34.800000,2024-04-24 13:17:20.766667,15.766111116666668
3,2024-04-28 10:47:34.866667,2024-04-28 10:53:57.033333,6.369444433333333
3,2024-04-28 11:28:00.666667,2024-04-28 11:49:16.733333,21.267777766666665
3,2024-04-28 12:27:54.133333,2024-04-28 12:28:33.333333,0.6533333333333334
3,2024-04-29 09:52:47.133333,2024-04-29 10:03:01.466667,10.2388889
3,2024-05-08 10:19:10.500000,2024-05-08 10:35:19.533333,16.15055555
4,2024-04-18 17:59:41.000000,2024-04-18 18:13:42.700000,14.028333333333334
4,2024-04-24 13:05:52.833333,2024-04-24 13:20:22.300000,14.491111116666668
4,2024-04-29 11:01:19.833333,2024-04-29 11:06:53.366667,5.5588889
5,2024-04-29 11:29:41.733333,2024-04-29 11:45:18.433333,15.611666666666668
5,2024-04-29 17:08:47.000000,2024-04-29 17:16:20.233333,7.553888883333333
5,2024-04-30 10:55:52.633333,2024-04-30 10:56:43.500000,0.8477777833333333
6,2024-04-28 16:26:25.133333,2024-04-28 16:45:27.733333,19.043333333333333
6,2024-04-29 12:32:02.066667,2024-04-29 12:51:32.800000,19.512222216666665
6,2024-04-30 12:41:40.800000,2024-04-30 12:50:22.566667,8.696111116666666
7,2024-04-26 14:43:24.900000,2024-04-26 14:47:02.566667,3.627777783333334
7,2024-04-28 16:10:23.566667,2024-04-28 16:19:27.333333,9.062777766666668
7,2024-04-28 18:24:41.066667,2024-04-28 18:25:13.200000,0.53555555
7,2024-04-29 12:01:30.400000,2024-04-29 12:22:01.666667,20.521111116666667
7,2024-04-29 17:50:54.733333,2024-04-29 18:01:00.366667,10.0938889
8,2024-04-22 13:15:49.933333,2024-04-22 13:30:56.633333,15.111666666666668
8,2024-04-28 14:13:27.600000,2024-04-28 14:35:52.333333,22.412222216666667
8,2024-04-28 16:16:46.200000,2024-04-28 16:17:26.266667,0.6677777833333334
8,2024-04-28 16:17:33.466667,2024-04-28 16:40:34.366667,23.015
8,2024-04-28 16:40:43.866667,2024-04-28 16:43:57.233333,3.222777766666667
8,2024-04-29 10:37:29.666667,2024-04-29 10:47:06.100000,9.607222216666663
8,2024-04-29 11:10:52.233333,2024-04-29 11:23:37.600000,12.756111116666666
8,2024-04-29 11:23:38.166667,2024-04-29 11:27:05.233333,3.4511111
8,2024-04-29 15:51:00.866667,2024-04-29 16:05:19.733333,14.314444433333334
8,2024-04-29 17:10:26.633333,2024-04-29 17:17:49.466667,7.380555566666667
8,2024-04-30 11:04:45.600000,2024-04-30 11:27:16.433333,22.513888883333333
8,2024-04-30 11:27:22.866667,2024-04-30 11:38:46.733333,11.397777766666668
8,2024-05-01 13:08:01.433333,2024-05-01 13:23:32.266667,15.5138889
8,2024-05-08 10:36:48.033333,2024-05-08 10:40:38.800000,3.846111116666667
9,2024-04-26 12:11:16.266667,2024-04-26 12:14:52.700000,3.6072222166666665
9,2024-04-28 12:49:53.200000,2024-04-28 12:59:24.900000,9.528333333333334
9,2024-04-29 11:34:31.666667,2024-04-29 11:39:54.633333,5.382777766666666
9,2024-04-29 14:00:44.500000,2024-04-29 14:06:28.066667,5.726111116666667
9,2024-04-30 11:02:10.066667,2024-04-30 11:06:18.166667,4.135
10,2024-04-24 10:41:23.533333,2024-04-24 10:52:22.100000,10.976111116666669
10,2024-04-24 13:58:12.833333,2024-04-24 14:00:42.900000,2.5011111166666664
10,2024-04-24 14:43:27.366667,2024-04-24 14:46:09.466667,2.7016666666666667
10,2024-04-25 12:40:25.666667,2024-04-25 12:46:31.800000,6.102222216666666
10,2024-04-25 12:46:33.533333,2024-04-25 12:48:56.466667,2.382222233333333
10,2024-04-25 15:21:38.200000,2024-04-25 15:47:27.866667,25.82777778333333
10,2024-04-25 16:20:49.866667,2024-04-25 16:43:11.366667,22.358333333333334
10,2024-04-25 16:43:13.866667,2024-04-25 17:02:19.666667,19.096666666666668
10,2024-04-25 17:02:20.433333,2024-04-25 17:26:59.900000,24.657777783333337
10,2024-04-25 17:28:16.333333,2024-04-25 17:38:33.100000,10.27944445
10,2024-04-26 09:54:40.566667,2024-04-26 09:56:11.600000,1.517222216666667
10,2024-04-26 11:08:27.166667,2024-04-26 11:31:21.900000,22.912222216666667
10,2024-04-26 15:10:58.666667,2024-04-26 15:22:43.800000,11.752222216666668
10,2024-04-26 15:34:14.433333,2024-04-26 15:50:21.966667,16.125555566666666
10,2024-04-28 09:23:02.233333,2024-04-28 09:31:41.466667,8.6538889
10,2024-04-28 09:31:44.700000,2024-04-28 09:35:30.100000,3.756666666666667
10,2024-04-28 09:35:30.933333,2024-04-28 09:40:45.300000,5.23944445
10,2024-04-28 12:18:18.200000,2024-04-28 12:24:21.666667,6.057777783333333
10,2024-04-28 12:42:36.133333,2024-04-28 12:53:38.133333,11.033333333333331
10,2024-04-28 12:54:05.966667,2024-04-28 12:58:59.833333,4.897777766666667
10,2024-04-28 13:39:22.266667,2024-04-28 13:45:23.833333,6.0261111
10,2024-04-28 14:03:41.233333,2024-04-28 14:09:04.700000,5.391111116666666
10,2024-04-28 14:09:09.200000,2024-04-28 14:11:09.533333,2.00555555
10,2024-04-28 14:11:53.300000,2024-04-28 14:12:49.866667,0.9427777833333334
10,2024-04-28 17:48:31.933333,2024-04-28 18:11:16.666667,22.745555566666667
10,2024-04-29 10:40:14.400000,2024-04-29 11:09:09.866667,28.92444445
10,2024-04-29 11:58:32.866667,2024-04-29 12:10:16.933333,11.734444433333334
10,2024-04-29 12:11:49.266667,2024-04-29 12:32:25.133333,20.597777766666663
10,2024-04-30 15:14:49.200000,2024-04-30 15:42:21.733333,27.54222221666667
10,2024-04-30 15:42:34.500000,2024-04-30 16:12:04.533333,29.50055555
11,2024-04-28 12:43:31.066667,2024-04-28 13:02:46.333333,19.254444433333333
11,2024-04-28 16:31:13.600000,2024-04-28 16:43:51.333333,12.628888883333332
11,2024-04-28 16:44:02.466667,2024-04-28 17:05:54.500000,21.86722221666667
11,2024-04-29 11:39:00.200000,2024-04-29 11:58:16.600000,19.273333333333333
11,2024-04-29 11:58:17.666667,2024-04-29 12:20:39.600000,22.36555555
11,2024-04-29 14:11:53.000000,2024-04-29 14:32:16.433333,20.39055555
11,2024-04-30 10:31:24.600000,2024-04-30 10:56:49.666667,25.417777783333335
11,2024-04-30 10:57:20.800000,2024-04-30 11:08:54.166667,11.556111116666669
11,2024-05-08 15:58:10.433333,2024-05-08 16:10:26.266667,12.2638889
11,2024-05-08 16:11:54.266667,2024-05-08 16:14:02.533333,2.1377777666666664
11,2024-05-08 16:33:57.033333,2024-05-08 16:51:29.033333,17.533333333333335
11,2024-05-13 10:25:51.433333,2024-05-13 10:30:36.100000,4.7444444500000005
11,2024-05-13 10:32:24.666667,2024-05-13 10:54:35.833333,22.1861111
11,2024-05-13 10:56:13.433333,2024-05-13 11:02:04.033333,5.843333333333334
11,2024-05-13 11:03:52.766667,2024-05-13 11:17:13.700000,13.348888883333332
11,2024-05-13 11:19:16.666667,2024-05-13 11:31:25.800000,12.152222216666669
11,2024-05-13 12:09:46.833333,2024-05-13 12:21:05.733333,11.315
11,2024-05-13 12:22:50.466667,2024-05-13 12:31:50.066667,8.993333333333334
11,2024-05-13 12:33:48.933333,2024-05-13 12:38:45.433333,4.941666666666666
11,2024-05-13 12:40:29.100000,2024-05-13 12:46:52.833333,6.39555555
11,2024-05-13 12:57:43.733333,2024-05-13 13:03:08.033333,5.405
11,2024-05-13 13:07:22.666667,2024-05-13 13:09:53.000000,2.50555555
11,2024-05-13 13:10:31.900000,2024-05-13 13:11:31.966667,1.0011111166666666
11,2024-05-13 13:12:35.266667,2024-05-13 13:13:35.600000,1.00555555
11,2024-05-13 13:14:36.433333,2024-05-13 13:16:12.766667,1.6055555666666663
11,2024-05-13 13:21:45.600000,2024-05-13 13:22:26.000000,0.6733333333333333
11,2024-05-13 13:23:41.133333,2024-05-13 13:30:13.733333,6.543333333333334
11,2024-05-13 13:31:51.166667,2024-05-13 13:42:14.966667,10.396666666666668
11,2024-05-13 13:43:49.733333,2024-05-13 14:00:47.800000,16.967777783333336
11,2024-05-13 14:02:33.400000,2024-05-13 14:10:34.100000,8.011666666666667
11,2024-05-13 14:11:48.433333,2024-05-13 14:15:07.833333,3.3233333333333333
11,2024-05-13 14:16:59.233333,2024-05-13 14:20:14.266667,3.250555566666667
11,2024-05-13 14:22:11.633333,2024-05-13 14:25:48.166667,3.6088889
11,2024-05-13 14:27:49.400000,2024-05-13 14:38:48.566667,10.986111116666669
11,2024-05-13 14:40:42.066667,2024-05-13 14:43:50.633333,3.1427777666666667
11,2024-05-13 14:45:36.500000,2024-05-13 14:53:02.033333,7.42555555
11,2024-05-13 14:54:42.100000,2024-05-13 14:59:11.700000,4.493333333333334
11,2024-05-13 15:00:14.566667,2024-05-13 15:03:50.266667,3.595
11,2024-05-13 15:05:55.266667,2024-05-13 15:11:22.033333,5.4461110999999995
11,2024-05-13 15:12:57.633333,2024-05-13 15:28:23.133333,15.425
11,2024-05-13 15:30:21.866667,2024-05-13 15:33:15.833333,2.8994444333333336
11,2024-05-13 15:39:24.000000,2024-05-13 15:40:34.900000,1.1816666666666669
11,2024-05-13 15:44:33.500000,2024-05-13 15:45:45.833333,1.20555555
11,2024-05-13 15:47:08.833333,2024-05-13 15:51:35.833333,4.45
11,2024-05-13 15:55:58.000000,2024-05-13 16:04:30.933333,8.548888883333332
11,2024-05-13 16:05:48.366667,2024-05-13 16:10:38.366667,4.833333333333333
11,2024-05-13 16:12:06.433333,2024-05-13 16:27:24.800000,15.306111116666669
11,2024-05-13 16:28:50.166667,2024-05-13 16:39:16.466667,10.438333333333333
11,2024-05-13 16:40:43.100000,2024-05-13 16:43:19.100000,2.6
11,2024-05-13 16:44:43.166667,2024-05-13 16:47:14.333333,2.5194444333333332
11,2024-05-13 16:48:42.133333,2024-05-13 16:51:24.866667,2.7122222333333337
11,2024-05-13 17:06:57.633333,2024-05-13 17:10:04.566667,3.1155555666666666
11,2024-05-13 17:11:36.633333,2024-05-13 17:16:02.166667,4.4255555666666675
11,2024-05-13 17:22:32.733333,2024-05-13 17:27:09.566667,4.6138889
11,2024-05-13 17:36:54.766667,2024-05-13 17:48:20.500000,11.428888883333334
11,2024-05-13 17:50:11.766667,2024-05-13 17:53:08.166667,2.94
11,2024-05-14 09:05:49.366667,2024-05-14 09:13:20.833333,7.524444433333333
11,2024-05-14 09:15:05.266667,2024-05-14 09:35:19.400000,20.23555555
11,2024-05-14 09:36:56.066667,2024-05-14 09:41:32.833333,4.6127777666666665
11,2024-05-14 09:42:53.800000,2024-05-14 09:48:57.666667,6.06444445
11,2024-05-14 09:50:46.833333,2024-05-14 09:51:38.400000,0.85944445
11,2024-05-14 10:33:33.133333,2024-05-14 10:38:50.066667,5.282222233333333
11,2024-05-14 11:12:14.666667,2024-05-14 11:28:04.566667,15.831666666666669
11,2024-05-14 11:48:54.266667,2024-05-14 11:57:51.866667,8.96
11,2024-05-14 12:02:02.400000,2024-05-14 12:14:58.966667,12.942777783333334
11,2024-05-14 12:16:35.100000,2024-05-14 12:21:37.133333,5.033888883333334
11,2024-05-14 12:25:12.866667,2024-05-14 12:26:28.766667,1.265
11,2024-05-14 12:39:04.733333,2024-05-14 12:52:58.533333,13.896666666666668
11,2024-05-14 13:04:54.366667,2024-05-14 13:05:48.633333,0.9044444333333334
11,2024-05-14 13:18:23.666667,2024-05-14 13:23:52.333333,5.477777766666667
11,2024-05-14 13:45:30.266667,2024-05-14 13:55:13.633333,9.722777766666669
11,2024-05-14 13:58:24.900000,2024-05-14 14:00:29.600000,2.0783333333333336
11,2024-05-14 14:16:52.600000,2024-05-14 14:17:29.600000,0.6166666666666667
11,2024-05-15 13:24:10.866667,2024-05-15 13:28:40.733333,4.497777766666667
11,2024-05-15 13:29:28.866667,2024-05-15 13:37:34.400000,8.092222216666666
11,2024-05-15 13:39:31.166667,2024-05-15 13:43:12.400000,3.6872222166666666
11,2024-05-15 13:44:48.233333,2024-05-15 13:51:11.833333,6.3933333333333335
11,2024-05-15 13:58:06.566667,2024-05-15 14:06:08.266667,8.028333333333332
11,2024-05-15 14:11:54.233333,2024-05-15 14:21:14.266667,9.3338889
11,2024-05-15 14:25:24.300000,2024-05-15 14:28:09.600000,2.7550000000000003
11,2024-05-15 14:32:03.966667,2024-05-15 14:34:34.666667,2.5116666666666663
11,2024-05-15 14:38:00.500000,2024-05-15 14:40:21.600000,2.3516666666666666
11,2024-05-15 14:51:03.333333,2024-05-15 14:57:57.266667,6.8988889
11,2024-05-15 14:59:16.633333,2024-05-15 15:08:20.166667,9.0588889
11,2024-05-15 16:36:29.800000,2024-05-15 16:38:38.933333,2.1522222166666665
12,2024-04-20 09:37:47.233333,2024-04-20 09:42:39.433333,4.87
12,2024-04-23 09:41:00.533333,2024-04-23 09:51:34.533333,10.566666666666666
12,2024-04-23 10:14:26.033333,2024-04-23 10:21:38.400000,7.206111116666667
12,2024-05-08 10:21:33.633333,2024-05-08 10:46:42.800000,25.15277778333333
12,2024-05-08 15:01:54.366667,2024-05-08 15:15:15.200000,13.347222216666667
12,2024-05-08 16:00:49.866667,2024-05-08 16:04:14.133333,3.404444433333333
12,2024-05-08 16:05:37.166667,2024-05-08 16:25:17.433333,19.6711111
12,2024-05-08 16:46:38.966667,2024-05-08 17:00:38.600000,13.993888883333334
12,2024-05-08 17:07:21.800000,2024-05-08 17:19:18.733333,11.948888883333332
12,2024-05-11 11:30:40.866667,2024-05-11 11:45:14.066667,14.553333333333336
12,2024-05-13 10:00:44.300000,2024-05-13 10:06:55.366667,6.18444445
12,2024-05-13 12:46:09.400000,2024-05-13 12:52:19.833333,6.173888883333333
12,2024-05-13 12:52:44.033333,2024-05-13 13:02:24.933333,9.681666666666668
12,2024-05-13 13:02:53.766667,2024-05-13 13:07:45.166667,4.8566666666666665
12,2024-05-13 13:09:40.366667,2024-05-13 13:34:36.500000,24.93555555
12,2024-05-13 13:35:55.900000,2024-05-13 13:47:01.600000,11.095
12,2024-05-13 13:48:42.800000,2024-05-13 13:51:55.033333,3.203888883333333
12,2024-05-13 13:53:35.333333,2024-05-13 13:56:24.333333,2.816666666666667
12,2024-05-13 15:56:57.633333,2024-05-13 16:15:23.166667,18.425555566666667
12,2024-05-13 16:24:37.066667,2024-05-13 16:31:37.166667,7.001666666666667
12,2024-05-13 16:32:56.366667,2024-05-13 16:35:11.333333,2.249444433333333
13,2024-04-20 10:26:30.600000,2024-04-20 10:56:22.966667,29.872777783333333
13,2024-04-22 10:38:12.866667,2024-04-22 10:48:21.766667,10.148333333333332
13,2024-04-22 11:00:58.333333,2024-04-22 11:28:34.066667,27.59555556666667
13,2024-04-23 10:31:46.166667,2024-04-23 10:42:18.700000,10.542222216666666
13,2024-04-23 10:45:43.100000,2024-04-23 10:49:09.900000,3.4466666666666668
13,2024-04-28 16:55:38.033333,2024-04-28 16:56:47.966667,1.1655555666666666
13,2024-04-28 16:56:51.666667,2024-04-28 17:15:27.700000,18.600555550000003
13,2024-04-29 11:30:50.533333,2024-04-29 11:39:06.100000,8.25944445
13,2024-04-29 11:39:37.300000,2024-04-29 11:56:50.933333,17.227222216666668
13,2024-04-29 13:00:51.300000,2024-04-29 13:17:00.900000,16.16
13,2024-05-01 15:07:38.466667,2024-05-01 15:14:30.933333,6.874444433333333
13,2024-05-08 10:26:14.533333,2024-05-08 10:36:53.433333,10.648333333333332
13,2024-05-08 10:37:11.766667,2024-05-08 10:46:35.400000,9.393888883333334
13,2024-05-08 15:20:20.500000,2024-05-08 15:32:40.466667,12.332777783333334
13,2024-05-12 14:01:11.733333,2024-05-12 14:22:02.500000,20.84611111666667
13,2024-05-13 12:44:44.400000,2024-05-13 12:52:08.000000,7.393333333333333
13,2024-05-13 12:52:17.800000,2024-05-13 13:22:04.733333,29.782222216666664
13,2024-05-13 13:22:11.933333,2024-05-13 13:38:34.733333,16.38
14,2024-04-20 10:34:49.633333,2024-04-20 10:36:14.433333,1.413333333333333
14,2024-04-20 10:46:27.800000,2024-04-20 10:56:44.766667,10.282777783333334
14,2024-04-20 11:00:53.700000,2024-04-20 11:01:59.566667,1.0977777833333335
14,2024-04-22 11:00:56.666667,2024-04-22 11:03:19.800000,2.38555555
14,2024-04-22 11:10:14.866667,2024-04-22 11:11:18.900000,1.0672222166666667
14,2024-04-23 10:36:51.933333,2024-04-23 10:57:57.766667,21.097222233333333
14,2024-04-23 10:58:44.200000,2024-04-23 11:00:10.466667,1.4377777833333334
14,2024-04-23 11:00:22.333333,2024-04-23 11:01:18.866667,0.9422222333333332
14,2024-04-23 11:10:47.900000,2024-04-23 11:11:30.533333,0.71055555
14,2024-04-23 11:11:35.000000,2024-04-23 11:13:48.166667,2.2194444499999997
14,2024-04-28 12:26:11.200000,2024-04-28 12:46:57.300000,20.76833333333333
14,2024-05-07 14:31:09.666667,2024-05-07 14:40:23.300000,9.227222216666666
14,2024-05-08 15:03:12.600000,2024-05-08 15:04:52.333333,1.6622222166666667
14,2024-05-08 15:06:09.200000,2024-05-08 15:27:09.600000,21.006666666666668
14,2024-05-08 15:28:15.333333,2024-05-08 15:38:19.800000,10.07444445
14,2024-05-08 15:39:27.366667,2024-05-08 15:41:22.966667,1.9266666666666663
14,2024-05-11 10:17:53.466667,2024-05-11 10:31:26.600000,13.552222216666667
15,2024-04-20 11:07:17.400000,2024-04-20 11:20:37.000000,13.326666666666666
15,2024-04-22 10:58:37.633333,2024-04-22 11:02:12.033333,3.5733333333333333
15,2024-04-22 11:13:45.400000,2024-04-22 11:15:12.733333,1.45555555
15,2024-04-23 10:43:30.700000,2024-04-23 10:53:08.800000,9.635
15,2024-04-29 12:04:20.666667,2024-04-29 12:24:26.866667,20.103333333333335
15,2024-05-01 16:48:55.166667,2024-05-01 17:03:14.933333,14.329444433333332
15,2024-05-06 17:40:38.300000,2024-05-06 17:49:29.233333,8.848888883333332
16,2024-04-23 10:47:26.633333,2024-04-23 11:04:01.833333,16.586666666666666
16,2024-04-23 11:05:34.800000,2024-04-23 11:17:19.900000,11.751666666666669
16,2024-04-28 16:16:03.833333,2024-04-28 16:16:59.733333,0.9316666666666666
16,2024-05-08 14:57:25.333333,2024-05-08 15:11:26.000000,14.011111116666664
17,2024-04-23 10:22:33.200000,2024-04-23 10:43:34.733333,21.02555555
17,2024-04-29 11:27:02.166667,2024-04-29 11:42:30.666667,15.475
18,2024-04-29 10:16:43.700000,2024-04-29 10:39:00.166667,22.274444449999997
18,2024-04-29 10:39:40.933333,2024-04-29 10:43:04.133333,3.3866666666666663
18,2024-04-29 10:43:38.133333,2024-04-29 11:03:52.133333,20.233333333333334
19,2024-04-29 11:06:08.733333,2024-04-29 11:08:49.033333,2.671666666666667
20,2024-04-24 10:40:14.333333,2024-04-24 10:42:59.966667,2.7605555666666666
20,2024-04-24 15:21:27.500000,2024-04-24 15:30:20.066667,8.876111116666667
20,2024-04-25 12:09:08.133333,2024-04-25 12:24:10.366667,15.037222233333331
20,2024-04-26 12:53:20.633333,2024-04-26 13:05:00.100000,11.657777783333334
20,2024-04-28 10:03:42.700000,2024-04-28 10:10:32.233333,6.825555550000001
20,2024-04-28 10:46:23.100000,2024-04-28 11:15:17.666667,28.90944445
20,2024-04-28 13:14:54.266667,2024-04-28 13:37:55.600000,23.022222216666663
20,2024-04-28 16:43:17.466667,2024-04-28 16:45:34.666667,2.286666666666666
20,2024-04-28 16:45:35.400000,2024-04-28 16:53:16.766667,7.68944445
20,2024-04-29 11:10:48.766667,2024-04-29 11:18:49.966667,8.02
20,2024-04-29 12:00:08.666667,2024-04-29 12:08:43.100000,8.573888883333332
20,2024-04-29 13:24:39.666667,2024-04-29 13:34:12.700000,9.55055555
20,2024-04-29 15:59:13.100000,2024-04-29 16:11:40.100000,12.45
20,2024-05-06 17:54:01.600000,2024-05-06 17:55:48.200000,1.7766666666666666
21,2024-04-20 11:02:09.900000,2024-04-20 11:21:49.866667,19.666111116666663
21,2024-04-22 10:44:43.400000,2024-04-22 10:56:05.100000,11.361666666666668
21,2024-04-28 10:26:51.400000,2024-04-28 10:33:28.166667,6.612777783333333
21,2024-04-28 12:18:25.633333,2024-04-28 12:21:09.833333,2.7366666666666664
21,2024-04-28 16:12:45.633333,2024-04-28 16:20:21.966667,7.605555566666666
21,2024-04-29 12:26:32.566667,2024-04-29 12:56:13.733333,29.6861111
21,2024-04-30 11:00:38.533333,2024-04-30 11:10:08.333333,9.496666666666666
21,2024-04-30 12:04:05.433333,2024-04-30 12:22:00.800000,17.922777783333334
21,2024-04-30 14:42:12.233333,2024-04-30 14:53:55.166667,11.715555566666666
21,2024-04-30 14:56:13.166667,2024-04-30 14:57:56.866667,1.7283333333333333
21,2024-05-01 11:07:50.033333,2024-05-01 11:32:47.266667,24.9538889
21,2024-05-01 11:33:33.066667,2024-05-01 11:41:02.000000,7.482222216666667
21,2024-05-01 11:42:40.733333,2024-05-01 11:48:38.766667,5.967222233333334
21,2024-05-01 11:50:12.600000,2024-05-01 12:03:24.033333,13.19055555
21,2024-05-01 12:05:04.500000,2024-05-01 12:11:26.900000,6.373333333333333
21,2024-05-01 12:13:07.966667,2024-05-01 12:20:33.566667,7.426666666666667
21,2024-05-01 12:24:13.000000,2024-05-01 12:26:15.700000,2.045
21,2024-05-01 12:35:10.833333,2024-05-01 12:40:11.966667,5.018888899999999
21,2024-05-01 12:40:24.800000,2024-05-01 12:45:53.100000,5.471666666666667
21,2024-05-01 12:46:06.400000,2024-05-01 12:51:35.433333,5.483888883333334
21,2024-05-01 13:00:13.900000,2024-05-01 13:01:33.166667,1.3211111166666667
21,2024-05-01 13:02:21.100000,2024-05-01 13:04:01.933333,1.68055555
21,2024-05-01 13:04:15.566667,2024-05-01 13:05:57.900000,1.70555555
21,2024-05-01 13:16:51.900000,2024-05-01 13:25:58.000000,9.101666666666668
21,2024-05-01 13:37:04.600000,2024-05-01 13:54:45.966667,17.68944445
21,2024-05-01 13:56:16.366667,2024-05-01 14:20:08.033333,23.8611111
21,2024-05-01 14:21:52.100000,2024-05-01 14:29:03.700000,7.193333333333333
21,2024-05-01 14:29:37.200000,2024-05-01 14:36:39.866667,7.04444445
21,2024-05-01 14:38:10.333333,2024-05-01 14:47:13.866667,9.0588889
21,2024-05-01 14:48:55.966667,2024-05-01 14:56:53.800000,7.963888883333333
21,2024-05-01 14:58:27.366667,2024-05-01 14:59:20.300000,0.8822222166666667
21,2024-05-01 14:59:34.800000,2024-05-01 15:02:40.966667,3.102777783333333
21,2024-05-01 15:04:18.566667,2024-05-01 15:12:41.600000,8.383888883333334
21,2024-05-01 15:14:28.900000,2024-05-01 15:15:11.866667,0.7161111166666667
21,2024-05-01 15:15:19.266667,2024-05-01 15:21:03.966667,5.745
21,2024-05-01 15:23:04.266667,2024-05-01 15:26:31.200000,3.4488888833333333
21,2024-05-01 15:27:59.000000,2024-05-01 15:35:28.033333,7.483888883333334
21,2024-05-01 15:38:29.066667,2024-05-01 15:58:15.500000,19.77388888333333
21,2024-05-01 16:00:02.700000,2024-05-01 16:12:37.500000,12.58
21,2024-05-01 16:14:16.300000,2024-05-01 16:22:28.566667,8.20444445
21,2024-05-01 16:24:17.566667,2024-05-01 16:24:55.366667,0.63
21,2024-05-01 16:32:34.833333,2024-05-01 16:33:59.466667,1.4105555666666667
21,2024-05-01 16:39:09.000000,2024-05-01 16:52:44.166667,13.586111116666666
21,2024-05-01 16:54:14.700000,2024-05-01 16:55:55.733333,1.6838888833333334
21,2024-05-01 16:57:26.400000,2024-05-01 16:58:53.100000,1.445
21,2024-05-01 16:59:39.700000,2024-05-01 17:01:06.966667,1.45444445
21,2024-05-01 17:01:22.600000,2024-05-01 17:06:08.266667,4.761111116666667
21,2024-05-01 17:07:32.433333,2024-05-01 17:08:42.800000,1.1727777833333335
21,2024-05-01 17:10:47.966667,2024-05-01 17:11:37.700000,0.8288888833333333
21,2024-05-01 17:13:30.000000,2024-05-01 17:14:54.000000,1.4
21,2024-05-01 17:19:16.166667,2024-05-01 17:23:47.133333,4.5161111
21,2024-05-01 17:44:35.666667,2024-05-01 17:50:52.633333,6.282777766666666
21,2024-05-01 18:44:51.766667,2024-05-01 18:55:57.833333,11.1011111
21,2024-05-02 08:57:50.166667,2024-05-02 09:00:22.766667,2.5433333333333334
21,2024-05-02 09:01:25.666667,2024-05-02 09:03:16.900000,1.8538888833333331
21,2024-05-02 09:05:17.533333,2024-05-02 09:08:00.233333,2.7116666666666664
21,2024-05-02 09:27:46.000000,2024-05-02 09:32:08.733333,4.3788888833333335
21,2024-05-02 09:33:22.633333,2024-05-02 09:40:15.233333,6.876666666666667
21,2024-05-02 09:42:20.666667,2024-05-02 09:49:00.100000,6.657222216666667
21,2024-05-02 09:50:39.966667,2024-05-02 10:07:29.033333,16.81777776666667
21,2024-05-02 10:08:20.566667,2024-05-02 10:16:13.666667,7.885000000000001
21,2024-05-02 10:17:16.666667,2024-05-02 10:24:33.633333,7.282777766666666
21,2024-05-02 10:26:27.433333,2024-05-02 10:30:11.000000,3.7261111166666665
21,2024-05-02 10:30:11.966667,2024-05-02 10:34:16.166667,4.069999999999999
21,2024-05-02 10:44:02.633333,2024-05-02 10:50:58.200000,6.926111116666666
21,2024-05-02 10:51:53.566667,2024-05-02 10:58:27.000000,6.557222216666667
21,2024-05-02 11:00:27.066667,2024-05-02 11:06:49.133333,6.367777766666666
21,2024-05-02 11:17:30.933333,2024-05-02 11:24:52.766667,7.3638889
21,2024-05-02 11:35:22.733333,2024-05-02 11:44:06.066667,8.722222233333333
21,2024-05-02 11:45:50.900000,2024-05-02 11:46:39.100000,0.8033333333333333
21,2024-05-02 11:49:51.466667,2024-05-02 11:52:04.833333,2.222777766666667
21,2024-05-02 11:53:11.733333,2024-05-02 11:55:49.066667,2.622222233333334
21,2024-05-02 11:56:52.400000,2024-05-02 11:58:26.366667,1.5661111166666666
21,2024-05-02 11:59:40.700000,2024-05-02 12:04:01.233333,4.342222216666667
21,2024-05-02 12:05:11.933333,2024-05-02 12:06:54.766667,1.7138889
21,2024-05-02 12:12:12.533333,2024-05-02 12:14:49.000000,2.6077777833333333
21,2024-05-06 16:50:38.066667,2024-05-06 16:52:40.533333,2.0411111
21,2024-05-06 16:54:35.400000,2024-05-06 17:01:18.300000,6.715
21,2024-05-06 17:05:52.066667,2024-05-06 17:07:36.400000,1.7388888833333334
21,2024-05-06 17:10:32.200000,2024-05-06 17:12:21.366667,1.81944445
21,2024-05-06 17:21:27.233333,2024-05-06 17:34:44.400000,13.286111116666666
21,2024-05-06 17:35:17.600000,2024-05-06 17:36:13.766667,0.9361111166666666
21,2024-05-06 17:39:43.900000,2024-05-06 17:46:18.033333,6.568888883333333
21,2024-05-06 17:46:20.900000,2024-05-06 17:51:24.166667,5.05444445
21,2024-05-06 18:06:47.266667,2024-05-06 18:12:05.466667,5.303333333333333
21,2024-05-07 11:21:07.266667,2024-05-07 11:29:53.466667,8.770000000000001
21,2024-05-07 11:32:12.333333,2024-05-07 11:40:50.866667,8.642222233333333
21,2024-05-07 11:42:01.200000,2024-05-07 11:51:50.733333,9.82555555
21,2024-05-07 11:53:49.333333,2024-05-07 12:03:27.933333,9.643333333333334
21,2024-05-07 12:05:32.900000,2024-05-07 12:20:08.200000,14.588333333333331
21,2024-05-07 12:31:42.000000,2024-05-07 12:50:55.633333,19.227222216666668
21,2024-05-07 12:52:31.433333,2024-05-07 13:03:29.166667,10.962222233333334
21,2024-05-07 13:05:05.066667,2024-05-07 13:12:18.266667,7.22
21,2024-05-07 13:13:22.366667,2024-05-07 13:14:39.733333,1.2894444333333333
21,2024-05-07 13:15:53.400000,2024-05-07 13:21:24.433333,5.517222216666667
21,2024-05-07 13:22:31.700000,2024-05-07 13:24:20.166667,1.8077777833333333
21,2024-05-07 13:25:14.600000,2024-05-07 13:26:48.166667,1.55944445
21,2024-05-07 13:28:04.300000,2024-05-07 13:45:43.033333,17.645555549999997
21,2024-05-07 13:46:43.633333,2024-05-07 13:48:25.900000,1.70444445
21,2024-05-07 13:54:41.400000,2024-05-07 14:02:57.800000,8.273333333333333
21,2024-05-07 14:03:55.600000,2024-05-07 14:08:29.633333,4.567222216666667
21,2024-05-07 14:09:34.800000,2024-05-07 14:21:43.366667,12.142777783333337
21,2024-05-07 14:23:53.533333,2024-05-07 14:27:05.400000,3.1977777833333336
21,2024-05-07 14:31:35.200000,2024-05-07 14:34:27.900000,2.878333333333333
21,2024-05-07 14:42:08.166667,2024-05-07 14:44:42.566667,2.5733333333333333
21,2024-05-07 14:55:02.466667,2024-05-07 14:56:00.000000,0.9588888833333332
21,2024-05-07 15:00:37.733333,2024-05-07 15:01:24.966667,0.7872222333333333
21,2024-05-07 15:01:26.533333,2024-05-07 15:03:34.966667,2.140555566666667
21,2024-05-07 15:03:55.966667,2024-05-07 15:08:24.200000,4.47055555
21,2024-05-07 15:08:33.866667,2024-05-07 15:10:42.333333,2.1411111000000003
21,2024-05-07 15:13:07.833333,2024-05-07 15:19:00.200000,5.8727777833333334
21,2024-05-07 15:19:02.466667,2024-05-07 15:21:54.400000,2.8655555500000003
21,2024-05-07 15:21:56.933333,2024-05-07 15:26:59.900000,5.049444449999999
21,2024-05-07 15:28:01.133333,2024-05-07 15:29:54.266667,1.8855555666666668
21,2024-05-07 15:30:01.000000,2024-05-07 15:33:33.133333,3.53555555
21,2024-05-07 15:36:55.900000,2024-05-07 15:39:33.533333,2.6272222166666666
21,2024-05-07 15:39:42.400000,2024-05-07 15:42:27.866667,2.7577777833333332
21,2024-05-07 15:42:37.966667,2024-05-07 15:44:13.766667,1.596666666666667
21,2024-05-07 17:35:57.000000,2024-05-07 17:45:30.733333,9.562222216666669
21,2024-05-07 17:45:40.200000,2024-05-07 17:49:59.633333,4.323888883333334
21,2024-05-07 18:00:25.300000,2024-05-07 18:09:59.700000,9.573333333333332
21,2024-05-07 18:16:35.766667,2024-05-07 18:18:42.000000,2.1038888833333336
21,2024-05-08 09:20:00.000000,2024-05-08 09:44:10.400000,24.173333333333336
21,2024-05-08 10:47:33.866667,2024-05-08 11:09:16.066667,21.703333333333333
21,2024-05-08 11:35:49.400000,2024-05-08 11:36:54.733333,1.0888888833333332
21,2024-05-11 11:06:11.900000,2024-05-11 11:06:42.533333,0.51055555
21,2024-05-11 11:06:51.666667,2024-05-11 11:08:12.433333,1.3461111
22,2024-04-28 13:47:37.933333,2024-04-28 14:01:33.466667,13.925555566666668
22,2024-04-28 17:09:27.900000,2024-04-28 17:27:10.666667,17.712777783333333
22,2024-04-30 10:58:31.500000,2024-04-30 11:26:16.166667,27.74444445
22,2024-04-30 11:26:26.600000,2024-04-30 11:44:48.033333,18.357222216666667
22,2024-04-30 12:17:23.966667,2024-04-30 12:28:00.133333,10.602777766666666
22,2024-04-30 12:54:16.533333,2024-04-30 12:59:31.400000,5.2477777833333334
22,2024-04-30 13:00:41.800000,2024-04-30 13:02:10.900000,1.485
22,2024-04-30 13:04:02.633333,2024-04-30 13:19:19.966667,15.2888889
22,2024-04-30 13:21:53.433333,2024-04-30 13:34:28.733333,12.588333333333331
22,2024-04-30 13:37:22.366667,2024-04-30 13:48:53.966667,11.526666666666667
22,2024-04-30 13:50:31.466667,2024-04-30 13:57:59.966667,7.475
22,2024-04-30 14:35:35.500000,2024-04-30 14:37:17.766667,1.70444445
22,2024-04-30 15:14:52.433333,2024-04-30 15:16:20.966667,1.4755555666666669
22,2024-04-30 15:18:22.500000,2024-04-30 15:19:54.366667,1.5311111166666669
22,2024-05-01 12:45:42.133333,2024-05-01 12:50:22.800000,4.677777783333334
22,2024-05-01 12:51:25.533333,2024-05-01 13:03:28.166667,12.0438889
22,2024-05-01 13:03:55.366667,2024-05-01 13:28:01.966667,24.11
22,2024-05-01 13:29:29.200000,2024-05-01 13:47:26.900000,17.961666666666666
22,2024-05-06 18:03:48.733333,2024-05-06 18:12:22.100000,8.556111116666667
22,2024-05-07 18:18:43.900000,2024-05-07 18:26:33.233333,7.822222216666666
22,2024-05-08 09:32:09.266667,2024-05-08 09:46:11.366667,14.035
22,2024-05-08 09:47:35.133333,2024-05-08 09:50:11.466667,2.6055555666666668
22,2024-05-08 09:51:06.733333,2024-05-08 09:52:49.433333,1.711666666666667
22,2024-05-08 09:53:25.466667,2024-05-08 10:12:43.400000,19.298888883333333
22,2024-05-08 10:43:29.933333,2024-05-08 10:44:26.933333,0.95
22,2024-05-08 10:45:18.366667,2024-05-08 10:45:51.766667,0.5566666666666666
22,2024-05-08 10:49:35.300000,2024-05-08 10:59:36.900000,10.026666666666667
22,2024-05-08 11:02:18.366667,2024-05-08 11:03:03.733333,0.7561111
22,2024-05-08 11:03:10.833333,2024-05-08 11:07:37.900000,4.451111116666667
22,2024-05-08 12:08:19.800000,2024-05-08 12:15:19.733333,6.998888883333334
22,2024-05-08 12:17:23.066667,2024-05-08 12:19:02.666667,1.66
22,2024-05-08 12:20:22.500000,2024-05-08 12:32:06.566667,11.734444450000002
23,2024-04-20 09:44:13.900000,2024-04-20 09:50:57.466667,6.726111116666667
23,2024-04-20 10:54:23.200000,2024-04-20 10:59:43.700000,5.341666666666667
23,2024-04-22 10:45:46.033333,2024-04-22 11:13:06.533333,27.341666666666665
23,2024-04-23 09:53:32.266667,2024-04-23 10:01:52.766667,8.341666666666667
23,2024-04-23 10:42:16.233333,2024-04-23 10:45:11.533333,2.921666666666667
23,2024-04-23 10:47:18.800000,2024-04-23 10:52:42.833333,5.400555550000001
23,2024-04-24 10:45:30.100000,2024-04-24 10:53:44.500000,8.24
23,2024-04-26 09:30:26.566667,2024-04-26 09:42:16.033333,11.824444433333332
23,2024-04-28 17:37:09.066667,2024-04-28 17:40:10.333333,3.0211110999999997
23,2024-04-30 11:06:00.333333,2024-04-30 11:32:19.566667,26.320555566666663
23,2024-04-30 11:34:24.833333,2024-04-30 11:47:48.533333,13.395
23,2024-04-30 11:48:55.166667,2024-04-30 12:09:32.400000,20.62055555
23,2024-04-30 12:10:49.833333,2024-04-30 12:37:22.233333,26.540000000000003
23,2024-04-30 12:37:30.933333,2024-04-30 12:55:56.800000,18.431111116666667
23,2024-04-30 13:29:55.466667,2024-04-30 13:38:58.100000,9.043888883333333
23,2024-04-30 13:40:21.633333,2024-04-30 13:42:24.866667,2.0538889
23,2024-04-30 14:05:41.800000,2024-04-30 14:11:02.633333,5.347222216666666
23,2024-04-30 14:15:24.133333,2024-04-30 14:23:45.066667,8.3488889
23,2024-04-30 14:26:01.933333,2024-04-30 14:49:07.200000,23.087777783333333
23,2024-04-30 14:50:16.800000,2024-04-30 14:51:55.933333,1.6522222166666665
23,2024-05-01 09:54:15.833333,2024-05-01 10:15:21.833333,21.1
23,2024-05-01 12:30:07.166667,2024-05-01 12:47:51.733333,17.742777766666666
23,2024-05-06 17:42:38.166667,2024-05-06 17:49:20.500000,6.70555555
23,2024-05-08 10:52:38.933333,2024-05-08 11:03:12.900000,10.566111116666669
23,2024-05-08 11:03:18.000000,2024-05-08 11:22:12.900000,18.915000000000003
23,2024-05-08 11:27:14.166667,2024-05-08 11:52:20.700000,25.108888883333336
23,2024-05-08 11:54:25.200000,2024-05-08 12:22:29.733333,28.07555555
24,2024-04-22 11:08:25.366667,2024-04-22 11:21:43.866667,13.308333333333334
24,2024-04-23 10:54:26.266667,2024-04-23 11:00:32.033333,6.0961111
24,2024-04-23 11:04:05.466667,2024-04-23 11:31:21.800000,27.272222216666663
24,2024-04-26 11:42:25.400000,2024-04-26 12:02:28.933333,20.058888883333335
24,2024-04-28 12:53:13.966667,2024-04-28 12:55:49.666667,2.595
24,2024-04-30 12:06:46.666667,2024-04-30 12:14:38.533333,7.864444433333333
24,2024-04-30 12:15:19.400000,2024-04-30 12:24:47.600000,9.47
24,2024-04-30 12:25:39.533333,2024-04-30 12:37:32.666667,11.885555566666666
24,2024-04-30 12:40:30.433333,2024-04-30 12:58:15.500000,17.751111116666667
24,2024-04-30 12:58:43.466667,2024-04-30 13:24:05.200000,25.362222216666662
24,2024-04-30 14:41:09.200000,2024-04-30 14:51:35.133333,10.432222216666666
24,2024-04-30 14:51:49.000000,2024-04-30 14:57:46.000000,5.95
24,2024-05-07 18:17:17.333333,2024-05-07 18:23:44.400000,6.451111116666667
24,2024-05-07 18:24:41.200000,2024-05-07 18:26:36.266667,1.9177777833333332
25,2024-04-20 11:31:13.033333,2024-04-20 11:33:14.833333,2.03
25,2024-04-20 11:42:38.200000,2024-04-20 11:46:10.966667,3.546111116666667
25,2024-04-22 11:19:11.466667,2024-04-22 11:21:01.066667,1.8266666666666669
25,2024-04-22 11:23:06.833333,2024-04-22 11:24:56.066667,1.8205555666666664
25,2024-04-23 11:46:38.266667,2024-04-23 11:51:21.066667,4.713333333333334
25,2024-04-28 10:31:06.633333,2024-04-28 10:48:55.833333,17.82
25,2024-04-29 13:33:42.600000,2024-04-29 13:34:37.533333,0.91555555
25,2024-04-29 13:35:14.533333,2024-04-29 13:35:53.333333,0.6466666666666666
25,2024-04-30 11:37:31.700000,2024-04-30 12:05:25.133333,27.89055555
25,2024-04-30 12:06:24.933333,2024-04-30 12:28:04.533333,21.66
25,2024-04-30 13:06:41.266667,2024-04-30 13:13:49.766667,7.141666666666667
25,2024-04-30 13:14:59.033333,2024-04-30 13:34:10.800000,19.196111116666668
25,2024-04-30 13:34:26.633333,2024-04-30 13:39:05.066667,4.6405555666666665
25,2024-04-30 14:09:10.800000,2024-04-30 14:27:28.033333,18.287222216666667
25,2024-04-30 14:27:50.566667,2024-04-30 14:53:45.133333,25.90944443333333
25,2024-04-30 14:53:52.800000,2024-04-30 15:16:11.266667,22.307777783333332
25,2024-05-08 10:40:33.600000,2024-05-08 10:50:39.633333,10.10055555
25,2024-05-08 10:50:41.733333,2024-05-08 11:02:11.666667,11.4988889
26,2024-04-20 11:32:38.800000,2024-04-20 11:46:35.766667,13.94944445
26,2024-04-28 15:02:53.700000,2024-04-28 15:26:18.800000,23.418333333333333
26,2024-04-30 10:55:48.366667,2024-04-30 11:20:27.233333,24.647777766666664
26,2024-04-30 12:27:10.266667,2024-04-30 12:41:12.033333,14.029444433333332
26,2024-04-30 13:30:08.633333,2024-04-30 13:42:19.500000,12.181111116666669
26,2024-04-30 13:43:01.600000,2024-04-30 13:44:00.566667,0.9827777833333332
26,2024-04-30 13:44:36.400000,2024-04-30 13:52:29.766667,7.88944445
26,2024-05-06 17:54:28.666667,2024-05-06 18:20:39.100000,26.173888883333333
26,2024-05-08 10:22:10.600000,2024-05-08 10:51:42.433333,29.53055555
27,2024-04-23 11:06:04.366667,2024-04-23 11:31:18.000000,25.227222216666668
27,2024-04-29 10:38:57.333333,2024-04-29 10:41:04.266667,2.1155555666666666
27,2024-04-30 11:21:55.400000,2024-04-30 11:26:45.533333,4.83555555
27,2024-04-30 11:44:32.400000,2024-04-30 12:03:03.933333,18.52555555
27,2024-04-30 12:04:05.233333,2024-04-30 12:21:11.600000,17.106111116666668
27,2024-04-30 12:22:07.600000,2024-04-30 12:24:12.433333,2.08055555
27,2024-04-30 12:24:39.500000,2024-04-30 12:27:48.500000,3.15
27,2024-04-30 12:39:11.466667,2024-04-30 13:02:05.200000,22.895555549999997
28,2024-04-23 11:31:16.133333,2024-04-23 11:57:48.333333,26.53666666666667
28,2024-04-28 16:18:36.466667,2024-04-28 16:46:46.500000,28.16722221666667
28,2024-04-28 16:46:51.100000,2024-04-28 17:12:04.666667,25.22611111666667
28,2024-04-29 13:16:57.766667,2024-04-29 13:19:03.900000,2.102222216666666
28,2024-04-30 11:44:45.133333,2024-04-30 12:05:42.033333,20.948333333333338
28,2024-04-30 15:11:45.933333,2024-04-30 15:13:48.533333,2.0433333333333334
28,2024-05-07 18:18:08.766667,2024-05-07 18:22:25.700000,4.282222216666667
28,2024-05-08 10:17:13.933333,2024-05-08 10:37:16.066667,20.03555556666667
28,2024-05-08 14:30:39.100000,2024-05-08 14:56:01.000000,25.365
29,2024-04-24 11:35:36.500000,2024-04-24 11:54:00.366667,18.397777783333332
29,2024-04-28 16:27:07.466667,2024-04-28 16:46:01.333333,18.897777766666664
29,2024-04-30 12:37:13.100000,2024-04-30 12:42:29.933333,5.28055555
29,2024-04-30 12:42:43.166667,2024-04-30 13:02:43.833333,20.0111111
29,2024-05-08 14:49:27.566667,2024-05-08 14:52:11.133333,2.7261111
30,2024-04-26 10:25:27.133333,2024-04-26 10:48:18.633333,22.858333333333334
30,2024-04-28 10:14:58.166667,2024-04-28 10:23:59.266667,9.018333333333334
30,2024-04-28 10:39:30.200000,2024-04-28 11:03:23.166667,23.88277778333333
30,2024-04-29 09:52:42.100000,2024-04-29 09:54:26.200000,1.735
30,2024-04-29 10:33:26.666667,2024-04-29 10:44:02.233333,10.592777766666668
30,2024-04-29 12:21:39.866667,2024-04-29 12:32:05.933333,10.434444433333336
30,2024-04-29 12:32:05.933333,2024-04-29 12:47:07.500000,15.026111116666668
30,2024-05-01 09:08:20.733333,2024-05-01 09:09:09.000000,0.80444445
30,2024-05-01 09:09:14.900000,2024-05-01 09:11:24.933333,2.1672222166666666
30,2024-05-06 17:48:19.900000,2024-05-06 17:55:33.633333,7.228888883333334
31,2024-04-28 17:02:03.633333,2024-04-28 17:04:01.700000,1.9677777833333332
31,2024-04-28 17:07:52.533333,2024-04-28 17:21:55.066667,14.042222233333332
31,2024-04-28 18:03:16.000000,2024-04-28 18:05:55.533333,2.6588888833333333
31,2024-04-28 18:05:56.566667,2024-04-28 18:09:08.966667,3.2066666666666666
31,2024-04-28 18:12:04.600000,2024-04-28 18:13:00.400000,0.93
31,2024-04-28 18:31:43.000000,2024-04-28 18:38:36.966667,6.89944445
31,2024-04-29 09:11:56.233333,2024-04-29 09:13:21.166667,1.4155555666666666
31,2024-04-29 09:13:48.100000,2024-04-29 09:35:03.800000,21.261666666666667
31,2024-04-29 09:35:27.366667,2024-04-29 09:47:34.900000,12.12555555
31,2024-04-29 09:48:19.500000,2024-04-29 09:48:53.600000,0.5683333333333334
31,2024-04-29 15:04:01.133333,2024-04-29 15:11:24.766667,7.393888899999999
31,2024-04-30 09:02:01.066667,2024-04-30 09:07:40.733333,5.6611111
31,2024-04-30 09:07:47.966667,2024-04-30 09:24:14.033333,16.434444433333333
31,2024-04-30 09:24:19.566667,2024-04-30 09:37:41.566667,13.366666666666667
31,2024-04-30 12:37:30.966667,2024-04-30 13:03:27.666667,25.945
31,2024-04-30 13:10:34.966667,2024-04-30 13:11:40.333333,1.0894444333333333
31,2024-04-30 13:52:06.666667,2024-04-30 13:53:03.300000,0.9438888833333332
31,2024-04-30 13:54:03.633333,2024-04-30 13:55:07.066667,1.0572222333333334
31,2024-04-30 13:56:13.666667,2024-04-30 13:57:36.733333,1.3844444333333332
31,2024-04-30 14:32:53.133333,2024-04-30 14:37:26.933333,4.5633333333333335
31,2024-05-01 12:57:46.733333,2024-05-01 13:01:21.033333,3.5716666666666668
31,2024-05-01 13:03:48.366667,2024-05-01 13:09:20.300000,5.532222216666667
31,2024-05-01 13:12:00.433333,2024-05-01 13:31:30.900000,19.50777778333333
31,2024-05-01 13:31:59.366667,2024-05-01 13:37:29.533333,5.502777766666667
31,2024-05-01 14:21:44.733333,2024-05-01 14:51:31.766667,29.7838889
31,2024-05-01 14:52:25.933333,2024-05-01 15:02:18.500000,9.876111116666667
31,2024-05-01 15:02:33.933333,2024-05-01 15:07:11.466667,4.625555566666667
31,2024-05-01 16:44:05.866667,2024-05-01 17:10:45.666667,26.663333333333338
31,2024-05-02 11:22:09.233333,2024-05-02 11:41:48.533333,19.655
32,2024-04-28 17:21:07.366667,2024-04-28 17:25:30.833333,4.3911111
32,2024-04-28 17:30:54.166667,2024-04-28 17:44:29.900000,13.59555555
32,2024-04-28 17:46:42.100000,2024-04-28 17:49:52.666667,3.1761111166666667
32,2024-04-30 09:26:28.500000,2024-04-30 09:32:04.833333,5.60555555
32,2024-04-30 12:57:28.266667,2024-04-30 13:19:17.200000,21.81555555
32,2024-05-01 11:07:43.266667,2024-05-01 11:32:37.133333,24.897777766666664
32,2024-05-01 13:26:17.200000,2024-05-01 13:53:35.233333,27.30055555
32,2024-05-01 13:55:02.833333,2024-05-01 14:10:56.766667,15.8988889
32,2024-05-01 14:13:09.866667,2024-05-01 14:36:54.266667,23.74
32,2024-05-01 14:43:56.233333,2024-05-01 15:09:48.333333,25.868333333333332
32,2024-05-01 15:15:34.000000,2024-05-01 15:36:08.933333,20.582222216666665
32,2024-05-01 15:52:02.600000,2024-05-01 15:59:26.000000,7.39
32,2024-05-01 16:26:28.666667,2024-05-01 16:44:23.666667,17.916666666666668
32,2024-05-02 09:32:07.700000,2024-05-02 09:45:19.333333,13.193888883333331
32,2024-05-02 09:46:40.633333,2024-05-02 10:12:40.933333,26.005
32,2024-05-02 10:14:06.633333,2024-05-02 10:29:32.166667,15.425555566666668
32,2024-05-02 10:39:02.133333,2024-05-02 11:02:51.166667,23.817222233333332
32,2024-05-02 11:04:22.766667,2024-05-02 11:26:29.766667,22.116666666666667
32,2024-05-02 11:27:24.366667,2024-05-02 11:32:46.066667,5.361666666666666
32,2024-05-02 11:34:13.100000,2024-05-02 11:49:05.000000,14.865
32,2024-05-02 11:50:21.566667,2024-05-02 11:56:13.166667,5.86
32,2024-05-08 11:05:41.766667,2024-05-08 11:10:08.333333,4.442777766666667
32,2024-05-08 11:15:06.833333,2024-05-08 11:15:47.500000,0.6777777833333333
32,2024-05-08 11:26:38.733333,2024-05-08 11:36:08.933333,9.503333333333334
32,2024-05-08 11:49:36.566667,2024-05-08 12:00:18.533333,10.699444433333332
32,2024-05-08 12:09:36.566667,2024-05-08 12:20:07.833333,10.5211111
32,2024-05-08 12:54:55.100000,2024-05-08 12:58:09.733333,3.2438888833333333
32,2024-05-08 13:03:25.300000,2024-05-08 13:11:20.566667,7.921111116666666
32,2024-05-08 13:13:42.700000,2024-05-08 13:15:24.433333,1.69555555
32,2024-05-08 13:16:12.566667,2024-05-08 13:17:58.033333,1.7577777666666667
32,2024-05-08 13:19:03.000000,2024-05-08 13:21:04.333333,2.0222222166666666
32,2024-05-08 13:22:06.000000,2024-05-08 13:26:58.466667,4.8744444499999995
32,2024-05-08 13:27:13.433333,2024-05-08 13:32:37.666667,5.4038889
32,2024-05-08 13:33:06.200000,2024-05-08 13:35:47.266667,2.68444445
32,2024-05-08 13:37:05.633333,2024-05-08 13:43:11.266667,6.0938889
32,2024-05-08 14:02:52.133333,2024-05-08 14:07:34.866667,4.712222233333334
32,2024-05-08 14:09:19.933333,2024-05-08 14:10:50.766667,1.5138889
32,2024-05-08 14:12:31.000000,2024-05-08 14:14:05.333333,1.5722222166666666
32,2024-05-08 14:20:39.433333,2024-05-08 14:21:15.000000,0.5927777833333334
33,2024-04-24 13:00:05.133333,2024-04-24 13:17:52.733333,17.793333333333333
33,2024-04-28 13:27:47.233333,2024-04-28 13:43:39.966667,15.8788889
33,2024-04-28 17:48:27.800000,2024-04-28 18:08:56.566667,20.479444450000003
33,2024-04-28 18:09:06.833333,2024-04-28 18:38:27.700000,29.347777783333335
33,2024-04-28 18:38:35.033333,2024-04-28 18:54:53.433333,16.306666666666665
33,2024-04-29 14:08:18.466667,2024-04-29 14:26:33.300000,18.247222216666668
33,2024-04-29 18:44:36.066667,2024-04-29 18:48:07.166667,3.518333333333333
33,2024-04-29 18:50:41.166667,2024-04-29 18:52:02.600000,1.3572222166666668
33,2024-04-30 08:59:46.700000,2024-04-30 09:13:50.633333,14.06555555
33,2024-04-30 10:43:16.300000,2024-04-30 10:57:30.600000,14.238333333333332
33,2024-04-30 12:55:32.933333,2024-04-30 13:00:52.333333,5.323333333333333
33,2024-04-30 14:34:12.466667,2024-04-30 14:38:24.933333,4.207777766666667
33,2024-04-30 14:40:35.200000,2024-04-30 14:56:17.533333,15.70555555
33,2024-04-30 15:58:25.666667,2024-04-30 16:09:55.100000,11.49055555
33,2024-05-01 11:07:27.600000,2024-05-01 11:28:38.500000,21.18166666666667
33,2024-05-01 12:57:07.466667,2024-05-01 13:15:35.966667,18.475
33,2024-05-01 13:15:38.533333,2024-05-01 13:20:48.766667,5.170555566666667
33,2024-05-01 13:20:51.266667,2024-05-01 13:31:10.966667,10.328333333333337
33,2024-05-01 13:31:10.966667,2024-05-01 13:55:57.733333,24.77944443333333
33,2024-05-01 15:04:38.733333,2024-05-01 15:18:47.966667,14.1538889
33,2024-05-01 17:04:44.466667,2024-05-01 17:24:58.966667,20.241666666666667
33,2024-05-02 11:03:08.733333,2024-05-02 11:06:08.133333,2.99
33,2024-05-02 11:07:51.433333,2024-05-02 11:16:32.866667,8.690555566666665
33,2024-05-07 10:21:01.566667,2024-05-07 10:25:04.033333,4.0411111
33,2024-05-07 14:46:02.333333,2024-05-07 14:49:16.100000,3.2294444500000004
33,2024-05-07 14:49:35.100000,2024-05-07 15:05:59.266667,16.40277778333333
33,2024-05-07 16:24:58.566667,2024-05-07 16:43:24.533333,18.432777766666668
33,2024-05-07 16:44:51.766667,2024-05-07 16:55:32.833333,10.684444433333336
33,2024-05-07 16:59:49.533333,2024-05-07 17:01:40.166667,1.8438889
33,2024-05-08 09:57:11.200000,2024-05-08 10:08:08.000000,10.946666666666664
33,2024-05-08 10:08:40.133333,2024-05-08 10:09:22.366667,0.7038889
33,2024-05-08 10:09:53.000000,2024-05-08 10:26:21.066667,16.467777783333336
33,2024-05-08 10:27:51.466667,2024-05-08 10:36:39.200000,8.79555555
33,2024-05-08 10:38:22.900000,2024-05-08 10:48:28.266667,10.08944445
33,2024-05-08 10:50:22.066667,2024-05-08 10:51:26.533333,1.0744444333333334
33,2024-05-08 10:51:33.833333,2024-05-08 11:09:54.766667,18.3488889
33,2024-05-08 11:48:28.900000,2024-05-08 12:10:16.633333,21.79555555
33,2024-05-08 13:06:34.000000,2024-05-08 13:32:33.700000,25.995
33,2024-05-08 13:32:35.300000,2024-05-08 13:40:37.633333,8.038888883333334
33,2024-05-08 13:42:34.333333,2024-05-08 13:43:06.900000,0.5427777833333334
33,2024-05-08 13:43:08.900000,2024-05-08 13:46:00.366667,2.8577777833333333
33,2024-05-08 13:46:01.733333,2024-05-08 13:50:56.200000,4.907777783333333
33,2024-05-08 13:51:13.700000,2024-05-08 14:01:33.266667,10.326111116666668
33,2024-05-08 14:02:25.900000,2024-05-08 14:14:02.800000,11.615
33,2024-05-08 14:14:03.766667,2024-05-08 14:20:55.333333,6.8594444333333335
33,2024-05-08 14:21:12.833333,2024-05-08 14:37:55.666667,16.7138889
33,2024-05-08 14:38:05.233333,2024-05-08 14:46:53.333333,8.801666666666668
33,2024-05-08 14:46:56.266667,2024-05-08 15:06:30.933333,19.577777766666667
33,2024-05-08 15:06:36.433333,2024-05-08 15:14:47.733333,8.188333333333334
34,2024-04-29 13:41:22.233333,2024-04-29 13:53:58.833333,12.61
34,2024-04-29 14:08:00.333333,2024-04-29 14:34:21.933333,26.36
34,2024-04-29 17:15:34.466667,2024-04-29 17:16:58.366667,1.3983333333333334
34,2024-04-29 17:24:53.800000,2024-04-29 17:29:01.966667,4.136111116666666
34,2024-04-29 17:29:57.433333,2024-04-29 17:30:57.200000,0.9961111166666666
34,2024-04-29 17:34:25.833333,2024-04-29 17:34:57.200000,0.5227777833333334
34,2024-04-29 17:56:20.166667,2024-04-29 18:09:35.166667,13.25
34,2024-04-30 09:08:12.500000,2024-04-30 09:37:49.833333,29.622222216666668
34,2024-04-30 09:38:05.566667,2024-04-30 09:40:44.100000,2.6422222166666667
34,2024-04-30 09:42:14.666667,2024-04-30 09:49:03.433333,6.812777766666667
34,2024-04-30 12:21:47.233333,2024-04-30 12:35:26.466667,13.6538889
34,2024-04-30 12:37:49.300000,2024-04-30 12:47:00.700000,9.19
34,2024-04-30 12:47:02.333333,2024-04-30 12:59:25.066667,12.3788889
34,2024-04-30 13:00:13.266667,2024-04-30 13:01:56.500000,1.72055555
34,2024-04-30 13:48:45.533333,2024-04-30 14:10:29.166667,21.727222233333336
34,2024-04-30 14:13:17.033333,2024-04-30 14:42:29.300000,29.20444445
34,2024-04-30 15:56:10.233333,2024-04-30 16:02:01.566667,5.855555566666666
34,2024-05-01 10:41:33.133333,2024-05-01 11:07:30.766667,25.960555566666667
34,2024-05-01 15:06:07.766667,2024-05-01 15:10:14.500000,4.112222216666667
34,2024-05-01 15:11:10.166667,2024-05-01 15:28:57.600000,17.79055555
34,2024-05-06 17:24:55.300000,2024-05-06 17:34:10.666667,9.256111116666666
34,2024-05-06 17:36:12.033333,2024-05-06 17:42:07.666667,5.9272222333333335
34,2024-05-06 17:55:03.400000,2024-05-06 17:57:06.700000,2.055
34,2024-05-06 18:34:29.700000,2024-05-06 18:54:36.200000,20.108333333333334
34,2024-05-06 18:54:40.233333,2024-05-06 18:57:11.066667,2.5138889
34,2024-05-07 09:25:10.800000,2024-05-07 09:45:03.233333,19.873888883333333
34,2024-05-07 11:11:03.966667,2024-05-07 11:35:40.566667,24.61
34,2024-05-07 11:35:53.000000,2024-05-07 11:50:21.533333,14.47555555
34,2024-05-07 11:51:42.833333,2024-05-07 11:52:53.866667,1.1838889
34,2024-05-07 11:53:10.666667,2024-05-07 12:01:04.733333,7.9011111
34,2024-05-07 12:01:49.066667,2024-05-07 12:10:04.100000,8.25055555
34,2024-05-07 12:10:10.366667,2024-05-07 12:26:30.200000,16.33055555
34,2024-05-07 13:40:29.866667,2024-05-07 13:58:34.900000,18.083888883333337
34,2024-05-07 14:00:24.733333,2024-05-07 14:12:14.866667,11.835555566666669
34,2024-05-07 14:21:01.800000,2024-05-07 14:42:07.833333,21.100555550000003
34,2024-05-07 14:44:55.033333,2024-05-07 15:10:38.733333,25.728333333333335
34,2024-05-07 15:10:51.866667,2024-05-07 15:23:26.433333,12.5761111
34,2024-05-07 15:23:39.200000,2024-05-07 15:24:25.666667,0.7744444500000001
34,2024-05-07 15:25:00.200000,2024-05-07 15:25:41.566667,0.68944445
34,2024-05-07 15:37:11.366667,2024-05-07 15:51:48.700000,14.622222216666668
34,2024-05-07 16:55:17.966667,2024-05-07 16:57:52.466667,2.575
34,2024-05-08 08:56:19.033333,2024-05-08 08:59:21.300000,3.0377777833333335
34,2024-05-08 09:15:25.233333,2024-05-08 09:30:20.966667,14.9288889
34,2024-05-08 09:32:29.533333,2024-05-08 09:38:40.233333,6.178333333333333
34,2024-05-08 09:46:17.966667,2024-05-08 10:12:28.066667,26.168333333333333
34,2024-05-08 10:14:02.133333,2024-05-08 10:16:25.100000,2.3827777833333332
34,2024-05-08 13:17:37.000000,2024-05-08 13:35:15.333333,17.638888883333333
34,2024-05-08 13:40:22.766667,2024-05-08 13:50:02.500000,9.662222216666668
34,2024-05-08 13:50:36.833333,2024-05-08 14:03:15.933333,12.651666666666667
34,2024-05-08 14:11:08.233333,2024-05-08 14:34:25.066667,23.280555566666667
34,2024-05-08 15:21:50.400000,2024-05-08 15:38:46.833333,16.94055555
34,2024-05-08 15:43:44.033333,2024-05-08 15:45:15.800000,1.52944445
35,2024-04-29 16:50:03.866667,2024-04-29 17:04:03.900000,14.00055555
35,2024-04-29 17:05:10.866667,2024-04-29 17:21:22.766667,16.198333333333334
35,2024-04-29 17:22:01.166667,2024-04-29 17:22:48.600000,0.79055555
35,2024-04-29 17:25:38.566667,2024-04-29 17:26:35.900000,0.95555555
35,2024-04-29 17:27:29.333333,2024-04-29 17:28:46.833333,1.2916666666666667
35,2024-04-29 17:29:01.766667,2024-04-29 17:30:17.466667,1.2616666666666667
35,2024-04-29 17:30:54.433333,2024-04-29 17:31:42.766667,0.8055555666666667
35,2024-04-29 17:38:04.800000,2024-04-29 17:56:33.000000,18.47
35,2024-04-30 14:40:19.466667,2024-04-30 15:06:24.900000,26.09055555
35,2024-04-30 15:07:54.166667,2024-04-30 15:12:45.433333,4.854444433333333
35,2024-04-30 15:26:55.000000,2024-04-30 15:41:15.566667,14.342777783333334
35,2024-04-30 15:42:06.666667,2024-04-30 15:49:47.000000,7.672222216666667
35,2024-05-01 11:28:28.800000,2024-05-01 11:46:34.433333,18.09388888333333
35,2024-05-01 13:37:09.166667,2024-05-01 13:50:17.533333,13.139444433333331
35,2024-05-01 14:29:05.466667,2024-05-01 14:50:12.733333,21.1211111
35,2024-05-01 14:50:14.533333,2024-05-01 15:19:56.733333,29.703333333333333
35,2024-05-01 15:22:05.233333,2024-05-01 15:34:14.000000,12.146111116666669
35,2024-05-06 16:51:51.866667,2024-05-06 17:06:33.933333,14.7011111
35,2024-05-06 17:08:00.300000,2024-05-06 17:10:40.500000,2.67
35,2024-05-06 17:17:37.700000,2024-05-06 17:27:17.533333,9.663888883333334
35,2024-05-06 17:53:04.800000,2024-05-06 18:01:58.400000,8.893333333333334
35,2024-05-06 18:07:26.033333,2024-05-06 18:18:58.200000,11.536111116666666
35,2024-05-06 18:20:51.600000,2024-05-06 18:22:03.233333,1.1938888833333332
35,2024-05-06 18:22:47.100000,2024-05-06 18:24:53.966667,2.11444445
35,2024-05-06 18:25:46.466667,2024-05-06 18:39:25.933333,13.657777766666667
35,2024-05-06 18:40:51.700000,2024-05-06 18:54:43.233333,13.858888883333332
35,2024-05-07 09:08:31.633333,2024-05-07 09:19:37.733333,11.101666666666668
35,2024-05-07 10:14:15.533333,2024-05-07 10:17:46.166667,3.5105555666666666
35,2024-05-07 10:18:27.366667,2024-05-07 10:21:20.733333,2.8894444333333333
35,2024-05-07 10:22:45.666667,2024-05-07 10:27:06.200000,4.342222216666667
35,2024-05-07 10:27:18.933333,2024-05-07 10:28:53.300000,1.5727777833333334
35,2024-05-07 10:42:52.733333,2024-05-07 10:46:46.366667,3.8938889
35,2024-05-07 11:00:06.766667,2024-05-07 11:02:52.266667,2.7583333333333333
35,2024-05-07 11:05:08.233333,2024-05-07 11:07:20.700000,2.2077777833333334
35,2024-05-07 11:14:02.066667,2024-05-07 11:17:42.000000,3.66555555
35,2024-05-07 11:17:59.200000,2024-05-07 11:22:29.766667,4.50944445
35,2024-05-07 11:23:04.200000,2024-05-07 11:24:46.700000,1.7083333333333333
35,2024-05-07 11:25:11.333333,2024-05-07 11:37:32.900000,12.359444450000002
35,2024-05-07 11:44:51.066667,2024-05-07 11:46:46.600000,1.92555555
35,2024-05-07 11:46:51.400000,2024-05-07 11:48:42.333333,1.8488888833333337
35,2024-05-07 11:48:46.400000,2024-05-07 11:56:31.500000,7.751666666666667
35,2024-05-07 11:59:56.266667,2024-05-07 12:05:23.600000,5.45555555
35,2024-05-07 12:05:27.033333,2024-05-07 12:25:07.033333,19.666666666666668
35,2024-05-07 12:26:56.100000,2024-05-07 12:31:55.300000,4.986666666666666
35,2024-05-07 12:32:00.033333,2024-05-07 12:37:35.100000,5.58444445
35,2024-05-07 12:38:16.833333,2024-05-07 12:43:26.200000,5.156111116666667
35,2024-05-07 12:52:14.033333,2024-05-07 13:05:36.133333,13.368333333333334
35,2024-05-07 13:05:46.633333,2024-05-07 13:22:35.933333,16.821666666666665
35,2024-05-07 13:29:20.700000,2024-05-07 13:30:47.800000,1.4516666666666669
35,2024-05-07 13:30:51.766667,2024-05-07 13:33:06.800000,2.25055555
35,2024-05-07 13:33:17.433333,2024-05-07 13:45:31.833333,12.24
35,2024-05-07 13:57:39.500000,2024-05-07 14:15:00.700000,17.353333333333335
35,2024-05-07 14:17:10.400000,2024-05-07 14:41:20.400000,24.166666666666668
35,2024-05-07 14:41:39.466667,2024-05-07 14:43:32.233333,1.879444433333333
35,2024-05-07 14:44:25.166667,2024-05-07 14:46:09.733333,1.7427777666666666
35,2024-05-07 14:47:06.366667,2024-05-07 14:47:37.500000,0.5188888833333334
35,2024-05-07 14:48:19.800000,2024-05-07 14:49:38.866667,1.3177777833333333
35,2024-05-07 14:50:45.600000,2024-05-07 14:51:46.233333,1.01055555
35,2024-05-07 14:53:03.000000,2024-05-07 15:06:15.733333,13.212222216666667
35,2024-05-07 15:09:26.533333,2024-05-07 15:11:29.633333,2.0516666666666667
35,2024-05-07 15:11:45.166667,2024-05-07 15:23:42.733333,11.959444433333337
35,2024-05-07 15:25:19.133333,2024-05-07 15:38:12.233333,12.885
35,2024-05-07 15:51:02.933333,2024-05-07 15:58:57.866667,7.915555566666667
35,2024-05-07 15:59:23.933333,2024-05-07 16:00:14.966667,0.8505555666666668
35,2024-05-07 16:43:01.233333,2024-05-07 16:53:50.633333,10.823333333333332
35,2024-05-07 16:53:52.666667,2024-05-07 17:05:15.400000,11.378888883333332
35,2024-05-07 17:06:18.833333,2024-05-07 17:09:25.166667,3.1055555666666668
35,2024-05-07 17:10:30.933333,2024-05-07 17:19:18.300000,8.78944445
35,2024-05-07 17:20:30.133333,2024-05-07 17:34:17.266667,13.785555566666666
35,2024-05-07 17:37:32.433333,2024-05-07 17:40:47.633333,3.253333333333333
35,2024-05-07 17:42:43.733333,2024-05-07 17:59:56.766667,17.217222233333334
35,2024-05-07 18:09:52.200000,2024-05-07 18:18:53.800000,9.026666666666667
35,2024-05-08 08:59:00.466667,2024-05-08 09:17:46.200000,18.762222216666665
35,2024-05-08 09:18:40.500000,2024-05-08 09:33:22.200000,14.695
35,2024-05-08 10:23:24.466667,2024-05-08 10:31:58.933333,8.574444433333333
35,2024-05-08 10:33:22.233333,2024-05-08 10:59:42.833333,26.34333333333333
35,2024-05-08 13:30:38.366667,2024-05-08 13:31:33.666667,0.9216666666666666
35,2024-05-08 13:34:39.466667,2024-05-08 13:39:10.466667,4.516666666666667
35,2024-05-08 13:39:35.566667,2024-05-08 13:42:41.400000,3.0972222166666667
35,2024-05-08 13:43:31.000000,2024-05-08 13:48:00.566667,4.4927777833333336
35,2024-05-08 13:48:21.766667,2024-05-08 13:51:15.900000,2.9022222166666665
35,2024-05-08 13:52:39.100000,2024-05-08 14:01:47.533333,9.140555549999998
35,2024-05-08 14:02:08.566667,2024-05-08 14:15:17.466667,13.148333333333332
35,2024-05-08 14:17:16.733333,2024-05-08 14:20:05.533333,2.8133333333333335
35,2024-05-08 14:21:41.733333,2024-05-08 14:24:41.166667,2.9905555666666666
35,2024-05-08 14:26:11.866667,2024-05-08 14:29:15.100000,3.0538888833333333
35,2024-05-08 15:35:46.500000,2024-05-08 15:41:30.800000,5.738333333333333
36,2024-04-29 15:54:55.433333,2024-04-29 16:01:21.133333,6.428333333333333
36,2024-04-29 16:03:04.066667,2024-04-29 16:11:21.233333,8.286111100000001
36,2024-04-29 16:56:11.166667,2024-04-29 17:12:13.366667,16.03666666666667
36,2024-04-29 17:27:19.866667,2024-04-29 17:52:42.200000,25.372222216666668
36,2024-04-29 18:07:03.133333,2024-04-29 18:31:23.133333,24.333333333333332
36,2024-04-30 09:12:16.733333,2024-04-30 09:14:15.366667,1.9772222333333336
36,2024-04-30 15:49:42.166667,2024-04-30 15:50:23.600000,0.6905555499999999
36,2024-05-01 09:38:59.933333,2024-05-01 10:05:21.366667,26.357222233333335
36,2024-05-01 10:06:42.966667,2024-05-01 10:28:17.433333,21.574444433333333
36,2024-05-01 10:29:16.733333,2024-05-01 10:42:35.433333,13.311666666666667
36,2024-05-01 10:44:43.300000,2024-05-01 10:54:59.033333,10.262222216666666
36,2024-05-01 10:56:34.633333,2024-05-01 11:17:52.100000,21.291111116666663
36,2024-05-01 11:20:25.833333,2024-05-01 11:37:37.966667,17.202222233333334
36,2024-05-01 11:40:53.633333,2024-05-01 11:50:41.033333,9.79
36,2024-05-01 11:52:00.366667,2024-05-01 11:58:45.366667,6.75
36,2024-05-01 11:59:51.766667,2024-05-01 12:06:59.333333,7.1261111
36,2024-05-01 12:08:47.833333,2024-05-01 12:23:06.133333,14.305
36,2024-05-01 12:37:56.166667,2024-05-01 12:42:41.200000,4.7505555500000005
36,2024-05-01 12:44:36.100000,2024-05-01 13:04:51.000000,20.248333333333335
36,2024-05-01 13:06:00.866667,2024-05-01 13:15:40.533333,9.6611111
36,2024-05-01 14:12:29.233333,2024-05-01 14:19:14.166667,6.7488889
36,2024-05-01 14:21:06.700000,2024-05-01 14:38:58.933333,17.87055555
36,2024-05-01 14:40:36.433333,2024-05-01 14:50:18.233333,9.696666666666664
36,2024-05-01 16:02:18.333333,2024-05-01 16:13:43.066667,11.412222233333331
36,2024-05-01 17:02:32.833333,2024-05-01 17:13:40.366667,11.125555566666666
36,2024-05-02 11:05:36.766667,2024-05-02 11:22:43.533333,17.112777766666667
36,2024-05-06 17:43:57.266667,2024-05-06 17:47:31.566667,3.5716666666666668
36,2024-05-06 17:47:46.533333,2024-05-06 17:52:01.600000,4.251111116666666
36,2024-05-06 18:05:10.666667,2024-05-06 18:16:51.466667,11.68
36,2024-05-06 18:18:50.733333,2024-05-06 18:22:56.766667,4.100555566666666
36,2024-05-06 18:23:14.366667,2024-05-06 18:38:01.333333,14.782777766666667
36,2024-05-06 18:38:23.166667,2024-05-06 18:39:52.766667,1.4933333333333332
36,2024-05-06 18:40:13.933333,2024-05-06 18:56:16.233333,16.038333333333334
36,2024-05-06 18:56:50.866667,2024-05-06 18:57:38.600000,0.79555555
36,2024-05-07 09:13:12.566667,2024-05-07 09:26:59.633333,13.784444433333334
36,2024-05-07 09:27:29.233333,2024-05-07 09:35:11.900000,7.711111116666667
36,2024-05-07 09:38:33.233333,2024-05-07 09:43:16.100000,4.71444445
36,2024-05-07 09:44:25.666667,2024-05-07 09:46:08.266667,1.71
36,2024-05-07 10:35:00.833333,2024-05-07 10:38:31.733333,3.515
36,2024-05-07 10:40:44.500000,2024-05-07 10:43:17.666667,2.552777783333333
36,2024-05-07 10:48:59.100000,2024-05-07 10:49:44.900000,0.7633333333333333
36,2024-05-07 10:50:42.300000,2024-05-07 11:07:50.933333,17.143888883333332
36,2024-05-07 11:09:02.633333,2024-05-07 11:17:44.866667,8.7038889
36,2024-05-07 11:17:53.633333,2024-05-07 11:26:04.266667,8.177222233333334
36,2024-05-07 11:27:47.466667,2024-05-07 11:31:24.733333,3.6211111
36,2024-05-07 11:31:35.733333,2024-05-07 11:36:16.666667,4.682222233333333
36,2024-05-07 11:40:37.966667,2024-05-07 11:43:01.566667,2.393333333333333
36,2024-05-07 11:43:12.000000,2024-05-07 11:53:36.233333,10.403888883333334
36,2024-05-07 11:54:23.100000,2024-05-07 12:00:33.833333,6.178888883333333
36,2024-05-07 12:00:38.100000,2024-05-07 12:10:57.233333,10.318888883333331
36,2024-05-07 12:16:40.233333,2024-05-07 12:36:57.700000,20.291111116666663
36,2024-05-07 12:37:21.233333,2024-05-07 12:58:39.500000,21.30444445
36,2024-05-07 12:59:48.433333,2024-05-07 13:05:20.833333,5.54
36,2024-05-07 13:05:31.466667,2024-05-07 13:06:19.533333,0.8011111
36,2024-05-07 13:06:25.300000,2024-05-07 13:10:39.700000,4.24
36,2024-05-07 13:12:06.633333,2024-05-07 13:16:39.500000,4.547777783333333
36,2024-05-07 13:17:35.866667,2024-05-07 13:24:00.233333,6.4061111
36,2024-05-07 13:25:00.033333,2024-05-07 13:26:51.466667,1.8572222333333337
36,2024-05-07 13:37:49.433333,2024-05-07 13:58:29.233333,20.663333333333338
36,2024-05-07 13:58:33.300000,2024-05-07 13:59:37.200000,1.065
36,2024-05-07 14:02:56.633333,2024-05-07 14:04:03.200000,1.10944445
36,2024-05-07 14:05:00.800000,2024-05-07 14:16:48.100000,11.788333333333332
36,2024-05-07 14:16:52.900000,2024-05-07 14:26:19.833333,9.448888883333332
36,2024-05-07 14:27:18.600000,2024-05-07 14:44:50.333333,17.52888888333333
36,2024-05-07 14:47:35.466667,2024-05-07 15:10:33.266667,22.96333333333333
36,2024-05-07 15:10:36.900000,2024-05-07 15:11:26.366667,0.82444445
36,2024-05-07 15:43:13.833333,2024-05-07 15:47:43.966667,4.502222233333333
36,2024-05-07 15:47:48.033333,2024-05-07 15:51:33.366667,3.7555555666666662
36,2024-05-07 15:51:35.833333,2024-05-07 16:00:09.366667,8.5588889
36,2024-05-07 17:01:24.800000,2024-05-07 17:03:21.666667,1.9477777833333336
36,2024-05-07 17:03:27.166667,2024-05-07 17:05:07.866667,1.6783333333333337
36,2024-05-07 17:40:45.166667,2024-05-07 17:49:35.700000,8.842222216666666
36,2024-05-07 17:49:42.300000,2024-05-07 17:58:29.066667,8.77944445
36,2024-05-07 18:26:05.300000,2024-05-07 18:38:28.233333,12.382222216666666
36,2024-05-08 08:55:45.133333,2024-05-08 09:02:39.766667,6.910555566666667
36,2024-05-08 09:11:38.266667,2024-05-08 09:18:32.400000,6.902222216666667
36,2024-05-08 09:18:43.833333,2024-05-08 09:20:06.366667,1.3755555666666666
36,2024-05-08 09:21:00.200000,2024-05-08 09:23:40.866667,2.677777783333333
36,2024-05-08 09:24:30.666667,2024-05-08 09:35:51.233333,11.342777766666668
36,2024-05-08 10:12:25.666667,2024-05-08 10:21:10.166667,8.741666666666667
36,2024-05-08 15:09:48.866667,2024-05-08 15:32:28.533333,22.661111100000003
36,2024-05-08 15:33:22.733333,2024-05-08 15:40:27.333333,7.076666666666667
36,2024-05-08 15:45:09.566667,2024-05-08 16:02:16.600000,17.11722221666667
36,2024-05-12 16:58:50.033333,2024-05-12 17:17:20.300000,18.50444445
36,2024-05-13 09:32:11.266667,2024-05-13 09:45:37.366667,13.435
36,2024-05-13 10:35:37.000000,2024-05-13 10:42:24.700000,6.795
36,2024-05-13 10:42:28.900000,2024-05-13 10:52:33.866667,10.082777783333334
36,2024-05-13 10:55:42.766667,2024-05-13 11:02:32.033333,6.8211110999999995
37,2024-04-28 17:01:11.666667,2024-04-28 17:29:14.333333,28.044444433333336
37,2024-04-28 17:29:15.733333,2024-04-28 17:37:17.466667,8.0288889
37,2024-04-30 09:12:52.000000,2024-04-30 09:32:13.000000,19.35
37,2024-04-30 09:32:23.300000,2024-04-30 09:37:28.266667,5.0827777833333325
37,2024-04-30 09:37:39.033333,2024-04-30 09:38:10.500000,0.5244444500000001
37,2024-04-30 12:37:05.633333,2024-04-30 12:40:44.066667,3.640555566666667
37,2024-04-30 15:42:48.700000,2024-04-30 16:10:33.233333,27.74222221666667
37,2024-05-01 10:17:20.600000,2024-05-01 10:41:13.600000,23.883333333333333
37,2024-05-01 15:19:46.600000,2024-05-01 15:28:44.766667,8.96944445
37,2024-05-01 15:28:55.333333,2024-05-01 15:34:02.833333,5.125
37,2024-05-01 15:34:11.433333,2024-05-01 15:49:44.766667,15.555555566666667
37,2024-05-01 17:01:04.200000,2024-05-01 17:10:12.000000,9.13
37,2024-05-06 17:01:32.166667,2024-05-06 17:10:31.366667,8.986666666666668
37,2024-05-06 17:20:32.133333,2024-05-06 17:34:02.866667,13.512222233333334
37,2024-05-06 17:34:08.733333,2024-05-06 17:44:59.900000,10.852777783333332
37,2024-05-06 17:51:55.700000,2024-05-06 17:56:55.100000,4.989999999999999
37,2024-05-06 17:57:04.366667,2024-05-06 18:21:51.900000,24.79222221666667
37,2024-05-06 18:24:10.300000,2024-05-06 18:32:37.433333,8.452222216666666
37,2024-05-06 18:34:45.266667,2024-05-06 18:54:11.966667,19.445
37,2024-05-06 18:54:29.866667,2024-05-06 18:55:30.900000,1.017222216666667
37,2024-05-06 18:56:10.333333,2024-05-06 18:57:25.933333,1.26
37,2024-05-07 09:34:59.733333,2024-05-07 09:58:20.633333,23.348333333333336
37,2024-05-07 10:20:01.633333,2024-05-07 10:22:52.333333,2.845
37,2024-05-07 10:22:57.066667,2024-05-07 10:25:27.100000,2.50055555
37,2024-05-07 10:25:31.766667,2024-05-07 10:26:58.033333,1.437777766666667
37,2024-05-07 10:27:04.300000,2024-05-07 10:40:51.533333,13.787222216666668
37,2024-05-07 10:40:56.366667,2024-05-07 11:02:44.700000,21.80555555
37,2024-05-07 11:02:49.733333,2024-05-07 11:22:23.700000,19.566111116666665
37,2024-05-07 11:22:27.800000,2024-05-07 11:24:41.900000,2.235
37,2024-05-07 11:24:44.833333,2024-05-07 11:31:17.166667,6.5388889
37,2024-05-07 11:31:22.700000,2024-05-07 11:33:55.433333,2.54555555
37,2024-05-07 11:44:56.933333,2024-05-07 11:46:53.400000,1.9411111166666664
37,2024-05-07 11:46:57.300000,2024-05-07 11:49:58.466667,3.01944445
37,2024-05-07 12:26:32.766667,2024-05-07 12:43:06.500000,16.562222216666665
37,2024-05-07 12:43:09.733333,2024-05-07 12:50:24.966667,7.253888900000001
37,2024-05-07 12:50:28.033333,2024-05-07 12:51:00.800000,0.5461111166666667
37,2024-05-07 13:03:32.333333,2024-05-07 13:12:31.400000,8.984444450000002
37,2024-05-07 13:14:26.400000,2024-05-07 13:34:15.300000,19.815
37,2024-05-07 14:12:45.066667,2024-05-07 14:14:53.333333,2.1377777666666664
37,2024-05-07 14:14:58.200000,2024-05-07 14:42:03.100000,27.081666666666667
37,2024-05-07 15:10:31.466667,2024-05-07 15:25:30.000000,14.97555555
37,2024-05-07 15:25:33.100000,2024-05-07 15:33:49.566667,8.274444449999999
37,2024-05-07 15:33:55.300000,2024-05-07 15:38:06.266667,4.182777783333333
37,2024-05-07 15:38:09.566667,2024-05-07 15:47:39.500000,9.498888883333333
37,2024-05-07 15:47:41.533333,2024-05-07 15:48:39.133333,0.96
37,2024-05-07 15:48:45.233333,2024-05-07 16:04:11.266667,15.4338889
37,2024-05-07 16:04:17.533333,2024-05-07 16:14:18.866667,10.022222233333334
37,2024-05-07 16:14:23.366667,2024-05-07 16:28:47.566667,14.403333333333334
37,2024-05-07 16:28:51.500000,2024-05-07 16:32:54.033333,4.042222216666667
37,2024-05-07 16:32:59.433333,2024-05-07 16:34:59.600000,2.0027777833333333
37,2024-05-07 16:42:37.566667,2024-05-07 16:46:14.466667,3.615
37,2024-05-07 16:46:17.400000,2024-05-07 17:00:41.833333,14.407222216666666
37,2024-05-07 17:01:15.366667,2024-05-07 17:03:28.966667,2.2266666666666666
37,2024-05-07 17:03:32.933333,2024-05-07 17:05:03.066667,1.5022222333333335
37,2024-05-07 17:05:05.266667,2024-05-07 17:08:56.100000,3.8472222166666663
37,2024-05-07 17:09:22.766667,2024-05-07 17:16:44.366667,7.36
37,2024-05-07 17:19:16.366667,2024-05-07 17:20:03.300000,0.7822222166666666
37,2024-05-07 17:20:07.300000,2024-05-07 17:38:09.366667,18.03444445
37,2024-05-07 17:38:18.666667,2024-05-07 18:06:08.466667,27.83
37,2024-05-07 18:18:43.000000,2024-05-07 18:41:41.366667,22.972777783333335
37,2024-05-07 18:41:46.600000,2024-05-07 18:43:53.333333,2.112222216666667
37,2024-05-07 18:43:59.300000,2024-05-07 18:54:02.700000,10.056666666666668
37,2024-05-08 08:55:54.433333,2024-05-08 08:59:03.600000,3.1527777833333333
37,2024-05-08 08:59:07.266667,2024-05-08 09:21:51.300000,22.733888883333336
37,2024-05-08 09:21:55.633333,2024-05-08 09:29:29.633333,7.566666666666666
37,2024-05-08 09:29:34.700000,2024-05-08 09:34:00.366667,4.427777783333334
37,2024-05-08 09:34:06.033333,2024-05-08 09:43:45.100000,9.651111116666668
37,2024-05-08 09:43:48.766667,2024-05-08 09:54:08.166667,10.323333333333332
37,2024-05-08 09:54:11.800000,2024-05-08 10:02:06.066667,7.90444445
37,2024-05-08 10:14:45.966667,2024-05-08 10:29:16.766667,14.513333333333332
37,2024-05-08 10:29:21.433333,2024-05-08 10:43:37.700000,14.271111116666669
37,2024-05-08 12:46:01.633333,2024-05-08 13:08:16.066667,22.240555566666668
37,2024-05-08 13:08:27.300000,2024-05-08 13:19:39.333333,11.20055555
37,2024-05-08 13:19:48.333333,2024-05-08 13:31:19.266667,11.515555566666666
37,2024-05-08 13:31:29.700000,2024-05-08 13:35:08.266667,3.6427777833333335
37,2024-05-08 14:29:12.200000,2024-05-08 14:34:20.233333,5.133888883333333
37,2024-05-09 12:13:04.433333,2024-05-09 12:22:06.000000,9.026111116666668
37,2024-05-09 12:22:10.366667,2024-05-09 12:38:19.566667,16.153333333333332
37,2024-05-09 12:38:31.000000,2024-05-09 12:50:29.666667,11.977777783333332
37,2024-05-09 12:51:11.066667,2024-05-09 13:14:07.333333,22.937777766666667
37,2024-05-09 13:14:09.566667,2024-05-09 13:36:45.800000,22.603888883333333
37,2024-05-11 11:01:31.766667,2024-05-11 11:21:34.266667,20.041666666666668
37,2024-05-11 14:04:43.333333,2024-05-11 14:12:22.300000,7.64944445
37,2024-05-12 12:39:24.300000,2024-05-12 12:43:06.366667,3.7011111166666666
37,2024-05-12 12:43:12.433333,2024-05-12 13:03:10.533333,19.96833333333333
37,2024-05-12 14:21:29.366667,2024-05-12 14:25:52.533333,4.3861111
37,2024-05-13 09:40:01.366667,2024-05-13 09:50:21.433333,10.334444433333337
37,2024-05-13 09:50:27.566667,2024-05-13 09:57:36.066667,7.141666666666667
37,2024-05-13 09:57:46.566667,2024-05-13 10:08:49.700000,11.052222216666667
37,2024-05-13 10:08:54.666667,2024-05-13 10:14:35.100000,5.673888883333333
37,2024-05-13 10:26:46.533333,2024-05-13 10:35:48.900000,9.03944445
38,2024-04-28 16:13:01.333333,2024-04-28 16:28:26.866667,15.425555566666668
38,2024-04-29 13:16:09.866667,2024-04-29 13:27:03.266667,10.89
38,2024-04-30 09:34:58.800000,2024-04-30 09:45:35.833333,10.617222216666669
38,2024-04-30 09:47:26.800000,2024-04-30 10:08:15.933333,20.818888883333333
38,2024-04-30 11:46:54.833333,2024-04-30 12:05:18.100000,18.387777783333338
38,2024-04-30 14:02:12.733333,2024-04-30 14:20:21.000000,18.137777783333338
38,2024-04-30 14:22:14.933333,2024-04-30 14:35:28.766667,13.230555566666668
38,2024-04-30 14:35:59.200000,2024-04-30 14:42:58.233333,6.983888883333334
38,2024-04-30 14:45:29.233333,2024-04-30 14:46:44.566667,1.2555555666666665
38,2024-04-30 14:46:59.566667,2024-04-30 14:53:13.966667,6.239999999999999
38,2024-05-01 11:09:34.566667,2024-05-01 11:33:22.533333,23.799444433333335
38,2024-05-01 11:34:44.766667,2024-05-01 11:46:41.666667,11.948333333333332
38,2024-05-01 11:48:04.166667,2024-05-01 11:56:11.233333,8.117777766666666
38,2024-05-01 11:58:10.233333,2024-05-01 12:17:47.633333,19.623333333333335
38,2024-05-01 12:18:01.233333,2024-05-01 12:33:17.133333,15.265
38,2024-05-01 12:38:26.733333,2024-05-01 12:47:30.666667,9.065555566666664
38,2024-05-01 12:48:55.100000,2024-05-01 12:57:27.566667,8.541111116666666
38,2024-05-01 13:00:52.233333,2024-05-01 13:20:55.533333,20.055
38,2024-05-01 13:22:20.900000,2024-05-01 13:37:10.433333,14.82555555
38,2024-05-01 13:38:53.700000,2024-05-01 13:50:22.600000,11.481666666666666
38,2024-05-01 13:51:55.366667,2024-05-01 14:01:41.500000,9.768888883333334
38,2024-05-01 14:02:36.533333,2024-05-01 14:29:09.200000,26.54444445
38,2024-05-01 15:10:28.666667,2024-05-01 15:35:31.900000,25.053888883333332
38,2024-05-01 15:36:21.633333,2024-05-01 15:44:26.833333,8.086666666666666
38,2024-05-01 15:45:33.633333,2024-05-01 15:52:29.433333,6.930000000000001
38,2024-05-01 15:54:01.833333,2024-05-01 16:07:44.266667,13.707222233333331
38,2024-05-01 16:09:40.366667,2024-05-01 16:33:41.233333,24.01444443333333
38,2024-05-02 09:20:01.466667,2024-05-02 09:29:18.566667,9.285
38,2024-05-02 09:29:38.500000,2024-05-02 09:39:53.666667,10.252777783333332
38,2024-05-06 18:40:25.000000,2024-05-06 18:41:10.133333,0.7522222166666667
38,2024-05-06 18:41:31.100000,2024-05-06 18:42:50.533333,1.323888883333333
38,2024-05-06 18:43:38.066667,2024-05-06 18:44:46.866667,1.1466666666666667
38,2024-05-06 18:45:27.333333,2024-05-06 18:46:04.066667,0.6122222333333334
38,2024-05-06 18:46:17.366667,2024-05-06 18:47:46.933333,1.4927777666666666
38,2024-05-06 18:51:06.300000,2024-05-06 18:53:15.100000,2.146666666666667
38,2024-05-06 18:54:05.333333,2024-05-06 18:58:22.766667,4.290555566666667
38,2024-05-07 10:17:44.466667,2024-05-07 10:20:07.366667,2.381666666666667
38,2024-05-07 10:20:20.466667,2024-05-07 10:29:14.366667,8.898333333333333
38,2024-05-07 10:34:29.400000,2024-05-07 10:41:00.333333,6.51555555
38,2024-05-07 10:55:56.700000,2024-05-07 11:02:21.266667,6.40944445
38,2024-05-07 11:08:51.866667,2024-05-07 11:18:02.766667,9.181666666666668
38,2024-05-07 11:19:29.500000,2024-05-07 11:33:40.700000,14.186666666666667
38,2024-05-07 11:42:33.833333,2024-05-07 11:44:59.766667,2.4322222333333334
38,2024-05-07 11:50:11.866667,2024-05-07 11:53:13.233333,3.022777766666666
38,2024-05-07 11:53:25.900000,2024-05-07 12:01:00.266667,7.572777783333334
38,2024-05-07 12:01:02.366667,2024-05-07 12:10:52.466667,9.835
38,2024-05-07 12:10:55.400000,2024-05-07 12:15:16.866667,4.357777783333333
38,2024-05-07 13:21:02.733333,2024-05-07 13:21:54.366667,0.8605555666666667
38,2024-05-07 13:22:33.633333,2024-05-07 13:37:52.700000,15.317777783333334
38,2024-05-07 13:41:10.366667,2024-05-07 13:58:23.433333,17.217777766666664
38,2024-05-07 13:58:27.333333,2024-05-07 14:11:46.066667,13.312222233333332
38,2024-05-07 14:13:51.433333,2024-05-07 14:41:55.233333,28.063333333333333
38,2024-05-07 14:53:20.033333,2024-05-07 15:14:46.900000,21.447777783333333
38,2024-05-07 15:15:27.233333,2024-05-07 15:33:59.700000,18.541111116666663
38,2024-05-07 15:35:14.433333,2024-05-07 15:38:00.633333,2.77
38,2024-05-07 15:38:04.300000,2024-05-07 15:51:29.933333,13.427222216666667
38,2024-05-07 16:27:53.600000,2024-05-07 16:33:03.266667,5.1611111166666666
38,2024-05-07 16:38:17.200000,2024-05-07 16:46:19.566667,8.03944445
38,2024-05-07 16:47:00.566667,2024-05-07 16:48:07.100000,1.1088888833333332
38,2024-05-07 17:01:35.666667,2024-05-07 17:05:25.400000,3.828888883333333
38,2024-05-07 17:09:08.033333,2024-05-07 17:19:09.633333,10.026666666666667
38,2024-05-07 17:19:10.766667,2024-05-07 17:29:59.566667,10.813333333333333
38,2024-05-07 17:30:10.166667,2024-05-07 17:49:28.500000,19.30555555
38,2024-05-07 17:49:33.300000,2024-05-07 17:52:59.066667,3.42944445
38,2024-05-07 17:53:35.566667,2024-05-07 18:05:26.566667,11.85
38,2024-05-07 18:06:44.100000,2024-05-07 18:28:44.600000,22.008333333333333
38,2024-05-07 18:30:09.433333,2024-05-07 18:35:40.533333,5.5183333333333335
38,2024-05-07 18:38:17.566667,2024-05-07 18:59:41.166667,21.39333333333333
38,2024-05-08 09:08:31.066667,2024-05-08 09:16:21.166667,7.835
38,2024-05-08 09:17:00.666667,2024-05-08 09:25:15.333333,8.244444433333333
38,2024-05-08 09:26:03.500000,2024-05-08 09:29:38.100000,3.5766666666666667
38,2024-05-08 09:30:59.800000,2024-05-08 09:38:26.266667,7.441111116666666
38,2024-05-08 10:16:50.933333,2024-05-08 10:19:26.633333,2.595
38,2024-05-08 11:01:20.866667,2024-05-08 11:02:29.700000,1.1472222166666666
38,2024-05-08 11:02:53.066667,2024-05-08 11:25:44.266667,22.853333333333335
38,2024-05-08 11:26:14.900000,2024-05-08 11:32:24.966667,6.167777783333333
38,2024-05-08 15:32:13.600000,2024-05-08 15:34:13.933333,2.00555555
38,2024-05-08 15:34:31.366667,2024-05-08 15:36:08.633333,1.6211111
38,2024-05-08 15:40:11.300000,2024-05-08 15:47:43.066667,7.52944445
38,2024-05-08 15:48:01.066667,2024-05-08 16:02:33.666667,14.543333333333331
38,2024-05-08 16:03:12.266667,2024-05-08 16:10:38.400000,7.43555555
38,2024-05-08 16:28:11.800000,2024-05-08 16:40:59.333333,12.792222216666666
38,2024-05-08 17:45:39.200000,2024-05-08 17:51:19.633333,5.673888883333333
38,2024-05-09 10:00:36.600000,2024-05-09 10:19:10.966667,18.572777783333333
38,2024-05-09 10:20:40.966667,2024-05-09 10:25:10.266667,4.488333333333333
38,2024-05-09 10:26:12.866667,2024-05-09 10:32:45.500000,6.5438888833333335
38,2024-05-09 10:35:55.000000,2024-05-09 10:37:49.200000,1.903333333333333
38,2024-05-09 11:58:33.833333,2024-05-09 12:03:14.133333,4.671666666666667
38,2024-05-09 12:53:43.600000,2024-05-09 13:14:13.100000,20.491666666666667
38,2024-05-09 13:15:33.100000,2024-05-09 13:18:28.400000,2.921666666666667
38,2024-05-09 13:19:11.166667,2024-05-09 13:20:37.366667,1.4366666666666668
38,2024-05-09 13:22:04.833333,2024-05-09 13:23:26.200000,1.3561111166666668
38,2024-05-09 13:24:40.800000,2024-05-09 13:52:02.433333,27.36055555
38,2024-05-09 13:52:15.433333,2024-05-09 13:55:58.533333,3.7183333333333337
38,2024-05-09 13:56:15.633333,2024-05-09 14:20:30.433333,24.246666666666663
38,2024-05-09 14:21:42.500000,2024-05-09 14:35:14.633333,13.53555555
38,2024-05-11 10:53:44.466667,2024-05-11 10:59:15.400000,5.51555555
38,2024-05-11 11:00:05.300000,2024-05-11 11:25:04.866667,24.992777783333334
38,2024-05-11 12:10:03.600000,2024-05-11 12:17:02.733333,6.98555555
38,2024-05-11 12:17:53.100000,2024-05-11 12:33:41.533333,15.807222216666666
38,2024-05-11 13:20:42.366667,2024-05-11 13:35:04.633333,14.3711111
38,2024-05-11 13:35:49.333333,2024-05-11 13:36:27.633333,0.6383333333333333
38,2024-05-11 13:36:39.866667,2024-05-11 13:55:40.166667,19.005
38,2024-05-11 14:00:00.533333,2024-05-11 14:12:59.533333,12.983333333333333
38,2024-05-12 12:42:14.100000,2024-05-12 12:44:10.933333,1.9472222166666664
38,2024-05-12 12:44:23.200000,2024-05-12 12:45:23.066667,0.9977777833333332
38,2024-05-12 12:46:18.366667,2024-05-12 13:00:18.800000,14.007222216666666
38,2024-05-12 13:01:16.066667,2024-05-12 13:16:27.666667,15.193333333333332
38,2024-05-12 13:17:13.433333,2024-05-12 13:18:00.733333,0.7883333333333333
38,2024-05-12 13:19:20.866667,2024-05-12 13:32:03.666667,12.713333333333331
38,2024-05-12 13:34:53.800000,2024-05-12 13:40:20.233333,5.44055555
38,2024-05-12 13:41:35.233333,2024-05-12 14:01:10.000000,19.57944445
38,2024-05-12 14:03:55.166667,2024-05-12 14:13:49.766667,9.91
38,2024-05-12 14:20:14.100000,2024-05-12 14:28:23.533333,8.157222216666666
38,2024-05-12 14:30:14.833333,2024-05-12 14:55:10.200000,24.922777783333338
38,2024-05-12 14:57:02.966667,2024-05-12 15:00:52.733333,3.8294444333333337
38,2024-05-12 16:46:19.766667,2024-05-12 17:04:48.966667,18.486666666666668
38,2024-05-13 08:57:40.033333,2024-05-13 09:00:04.533333,2.408333333333333
38,2024-05-13 09:01:49.833333,2024-05-13 09:22:13.133333,20.388333333333332
38,2024-05-13 09:23:33.733333,2024-05-13 09:25:09.633333,1.5983333333333334
38,2024-05-13 09:29:34.433333,2024-05-13 09:32:16.133333,2.695
38,2024-05-13 09:46:31.200000,2024-05-13 10:08:56.933333,22.428888883333332
39,2024-04-18 11:35:43.000000,2024-04-18 11:37:08.000000,1.4166666666666667
39,2024-04-30 09:05:02.600000,2024-04-30 09:24:23.333333,19.345555549999997
39,2024-04-30 09:28:00.633333,2024-04-30 09:50:34.900000,22.571111116666668
39,2024-04-30 09:58:05.966667,2024-04-30 10:15:44.766667,17.646666666666665
39,2024-04-30 11:19:01.233333,2024-04-30 11:30:51.166667,11.832222233333331
39,2024-04-30 14:31:14.433333,2024-04-30 14:41:04.166667,9.8288889
39,2024-04-30 14:43:36.133333,2024-04-30 14:45:37.300000,2.01944445
39,2024-04-30 14:46:23.033333,2024-04-30 14:46:59.000000,0.59944445
39,2024-05-01 09:04:48.000000,2024-05-01 09:05:39.566667,0.85944445
39,2024-05-01 09:06:12.900000,2024-05-01 09:13:40.966667,7.467777783333333
39,2024-05-01 09:15:12.633333,2024-05-01 09:19:42.766667,4.502222233333333
39,2024-05-01 09:51:52.533333,2024-05-01 10:17:22.866667,25.505555566666665
39,2024-05-01 10:59:15.433333,2024-05-01 11:20:44.700000,21.487777783333335
39,2024-05-01 11:20:58.200000,2024-05-01 11:23:59.533333,3.022222216666667
39,2024-05-01 11:30:19.100000,2024-05-01 11:41:04.800000,10.761666666666668
39,2024-05-01 12:49:49.433333,2024-05-01 12:53:35.366667,3.765555566666667
39,2024-05-01 12:54:42.900000,2024-05-01 13:13:00.900000,18.3
39,2024-05-01 13:15:14.533333,2024-05-01 13:44:53.366667,29.64722223333333
39,2024-05-01 14:49:38.233333,2024-05-01 15:04:41.366667,15.052222233333334
39,2024-05-01 15:04:47.333333,2024-05-01 15:09:40.633333,4.888333333333334
39,2024-05-01 15:09:46.200000,2024-05-01 15:18:21.700000,8.591666666666667
39,2024-05-01 15:19:18.033333,2024-05-01 15:22:33.566667,3.2588889
39,2024-05-01 15:22:44.700000,2024-05-01 15:32:56.133333,10.19055555
39,2024-05-01 15:55:09.700000,2024-05-01 16:14:26.333333,19.277222216666665
39,2024-05-01 16:15:41.733333,2024-05-01 16:19:27.500000,3.7627777833333336
39,2024-05-01 16:21:21.433333,2024-05-01 16:24:51.800000,3.5061111166666667
39,2024-05-01 16:29:01.533333,2024-05-01 16:43:35.400000,14.56444445
39,2024-05-01 16:45:57.533333,2024-05-01 17:10:34.166667,24.61055556666667
39,2024-05-01 17:11:43.200000,2024-05-01 17:15:37.733333,3.9088888833333337
39,2024-05-01 18:48:00.033333,2024-05-01 18:51:57.500000,3.9577777833333334
39,2024-05-02 09:04:34.133333,2024-05-02 09:20:15.400000,15.687777783333331
39,2024-05-02 09:21:58.933333,2024-05-02 09:30:54.900000,8.932777783333334
39,2024-05-02 09:32:51.666667,2024-05-02 09:40:38.000000,7.772222216666666
39,2024-05-02 09:42:45.033333,2024-05-02 09:51:50.666667,9.0938889
39,2024-05-02 09:52:55.666667,2024-05-02 09:58:56.600000,6.01555555
39,2024-05-02 10:01:03.600000,2024-05-02 10:10:35.466667,9.531111116666668
39,2024-05-02 10:12:38.433333,2024-05-02 10:19:45.366667,7.115555566666667
39,2024-05-02 10:22:03.300000,2024-05-02 10:30:21.466667,8.302777783333333
39,2024-05-02 10:32:12.333333,2024-05-02 10:38:31.266667,6.315555566666666
39,2024-05-02 10:40:11.366667,2024-05-02 10:45:59.400000,5.80055555
39,2024-05-02 10:47:44.133333,2024-05-02 10:50:02.433333,2.305
39,2024-05-02 10:51:00.266667,2024-05-02 11:03:19.133333,12.314444433333334
39,2024-05-02 11:31:41.933333,2024-05-02 11:34:27.633333,2.7616666666666663
39,2024-05-06 17:10:29.333333,2024-05-06 17:24:15.666667,13.772222233333334
39,2024-05-06 17:34:00.900000,2024-05-06 17:51:52.133333,17.853888883333333
39,2024-05-06 17:52:33.300000,2024-05-06 17:56:46.900000,4.226666666666667
39,2024-05-06 17:56:53.166667,2024-05-06 17:57:42.600000,0.8238888833333333
39,2024-05-06 18:02:19.333333,2024-05-06 18:10:25.966667,8.110555566666667
39,2024-05-06 18:11:00.766667,2024-05-06 18:14:14.233333,3.2244444333333333
39,2024-05-06 18:14:19.766667,2024-05-06 18:39:41.366667,25.36
39,2024-05-06 18:39:50.300000,2024-05-06 18:40:31.600000,0.6883333333333332
39,2024-05-06 18:40:59.566667,2024-05-06 18:41:38.600000,0.65055555
39,2024-05-06 18:42:39.033333,2024-05-06 18:43:47.766667,1.1455555666666666
39,2024-05-06 18:44:35.533333,2024-05-06 18:46:26.966667,1.8572222333333337
39,2024-05-06 18:47:37.566667,2024-05-06 18:51:13.633333,3.6011111
39,2024-05-06 18:52:15.966667,2024-05-06 18:52:48.533333,0.5427777666666667
39,2024-05-07 09:25:57.566667,2024-05-07 09:26:32.366667,0.58
39,2024-05-07 09:26:53.700000,2024-05-07 09:31:57.066667,5.056111116666667
39,2024-05-07 09:38:10.133333,2024-05-07 09:42:14.800000,4.0777777833333335
39,2024-05-07 09:47:43.233333,2024-05-07 09:54:09.333333,6.4350000000000005
39,2024-05-07 09:55:06.400000,2024-05-07 09:57:06.866667,2.0077777833333332
39,2024-05-07 09:58:16.600000,2024-05-07 10:22:59.500000,24.715
39,2024-05-07 10:23:58.966667,2024-05-07 10:25:34.033333,1.5844444333333334
39,2024-05-07 11:22:21.566667,2024-05-07 11:31:02.800000,8.687222216666667
39,2024-05-07 11:31:14.933333,2024-05-07 11:34:29.300000,3.23944445
39,2024-05-07 11:58:58.366667,2024-05-07 12:03:37.266667,4.6483333333333325
39,2024-05-07 12:10:22.300000,2024-05-07 12:26:23.233333,16.01555555
39,2024-05-07 12:26:28.066667,2024-05-07 12:27:00.900000,0.5472222166666667
39,2024-05-07 12:27:41.100000,2024-05-07 12:32:04.000000,4.381666666666666
39,2024-05-07 12:32:36.000000,2024-05-07 12:36:55.400000,4.323333333333333
39,2024-05-07 12:36:55.833333,2024-05-07 12:37:28.300000,0.5411111166666667
39,2024-05-07 12:37:28.866667,2024-05-07 12:43:34.966667,6.1016666666666675
39,2024-05-07 12:50:23.200000,2024-05-07 12:51:08.000000,0.7466666666666666
39,2024-05-07 12:52:30.500000,2024-05-07 13:04:12.466667,11.69944445
39,2024-05-07 13:13:33.366667,2024-05-07 13:14:29.433333,0.9344444333333332
39,2024-05-07 13:15:43.333333,2024-05-07 13:30:54.466667,15.185555566666666
39,2024-05-07 13:33:23.466667,2024-05-07 13:34:20.733333,0.9544444333333334
39,2024-05-07 13:52:25.900000,2024-05-07 14:12:48.400000,20.375
39,2024-05-07 14:12:55.200000,2024-05-07 14:42:37.300000,29.701666666666664
39,2024-05-07 15:23:22.600000,2024-05-07 15:25:35.533333,2.21555555
39,2024-05-07 15:29:32.900000,2024-05-07 15:48:48.966667,19.267777783333333
39,2024-05-07 15:51:27.733333,2024-05-07 15:56:27.933333,5.003333333333333
39,2024-05-07 15:58:04.366667,2024-05-07 16:04:21.133333,6.2794444333333335
39,2024-05-07 16:05:07.500000,2024-05-07 16:14:27.533333,9.333888883333334
39,2024-05-07 16:15:47.833333,2024-05-07 16:25:42.400000,9.90944445
39,2024-05-07 16:26:01.500000,2024-05-07 16:28:54.200000,2.878333333333333
39,2024-05-07 16:29:42.600000,2024-05-07 16:30:44.166667,1.0261111166666668
39,2024-05-07 16:31:52.000000,2024-05-07 16:42:40.800000,10.813333333333333
39,2024-05-07 16:45:13.466667,2024-05-07 16:50:22.666667,5.153333333333333
39,2024-05-07 16:59:55.433333,2024-05-07 17:00:56.433333,1.0166666666666666
39,2024-05-07 17:08:48.333333,2024-05-07 17:10:47.300000,1.982777783333333
39,2024-05-07 17:14:15.833333,2024-05-07 17:16:35.766667,2.3322222333333333
39,2024-05-07 17:16:42.366667,2024-05-07 17:20:10.000000,3.46055555
39,2024-05-07 17:22:09.133333,2024-05-07 17:23:24.933333,1.2633333333333332
39,2024-05-07 17:24:26.500000,2024-05-07 17:38:22.400000,13.931666666666668
39,2024-05-07 17:39:05.333333,2024-05-07 17:46:39.366667,7.567222233333334
39,2024-05-07 17:47:43.266667,2024-05-07 17:49:22.466667,1.653333333333333
39,2024-05-07 17:49:26.500000,2024-05-07 18:10:54.166667,21.461111116666665
39,2024-05-07 18:11:27.166667,2024-05-07 18:16:14.300000,4.78555555
39,2024-05-07 18:16:14.700000,2024-05-07 18:19:59.233333,3.742222216666667
39,2024-05-07 18:42:56.766667,2024-05-07 18:44:02.033333,1.0877777666666666
39,2024-05-07 18:44:52.833333,2024-05-07 18:46:49.966667,1.9522222333333337
39,2024-05-07 18:47:44.900000,2024-05-07 18:51:23.466667,3.6427777833333335
39,2024-05-07 18:52:54.666667,2024-05-07 18:54:10.800000,1.2688888833333332
39,2024-05-08 09:00:25.000000,2024-05-08 09:15:31.000000,15.1
39,2024-05-08 09:16:18.000000,2024-05-08 09:17:13.833333,0.93055555
39,2024-05-08 09:22:48.966667,2024-05-08 09:25:34.533333,2.7594444333333334
39,2024-05-08 09:32:56.500000,2024-05-08 09:34:08.600000,1.2016666666666669
39,2024-05-08 09:35:00.533333,2024-05-08 09:41:42.066667,6.692222233333334
39,2024-05-08 09:41:58.533333,2024-05-08 09:43:51.200000,1.8777777833333331
39,2024-05-08 09:44:38.300000,2024-05-08 09:47:28.933333,2.8438888833333333
39,2024-05-08 09:48:46.266667,2024-05-08 09:50:43.366667,1.9516666666666669
39,2024-05-08 09:58:11.300000,2024-05-08 10:02:13.433333,4.03555555
39,2024-05-08 10:13:01.700000,2024-05-08 10:22:40.633333,9.648888883333331
39,2024-05-08 10:22:44.733333,2024-05-08 10:29:24.033333,6.655
39,2024-05-08 10:35:31.933333,2024-05-08 10:43:43.966667,8.200555566666667
39,2024-05-08 11:22:33.733333,2024-05-08 11:45:46.666667,23.21555556666667
39,2024-05-08 12:17:05.766667,2024-05-08 12:30:04.666667,12.981666666666666
39,2024-05-08 16:01:04.133333,2024-05-08 16:09:37.833333,8.561666666666667
39,2024-05-08 16:43:57.566667,2024-05-08 16:47:25.033333,3.4577777666666667
39,2024-05-09 09:01:20.566667,2024-05-09 09:08:51.133333,7.509444433333333
39,2024-05-09 09:12:07.966667,2024-05-09 09:23:30.766667,11.38
39,2024-05-09 09:25:52.733333,2024-05-09 09:36:47.700000,10.916111116666666
39,2024-05-09 09:40:09.466667,2024-05-09 09:53:11.133333,13.027777766666668
39,2024-05-09 09:58:34.033333,2024-05-09 10:00:44.433333,2.1733333333333333
39,2024-05-09 10:01:11.966667,2024-05-09 10:03:52.500000,2.67555555
39,2024-05-09 10:05:04.300000,2024-05-09 10:09:58.566667,4.90444445
39,2024-05-09 10:11:18.066667,2024-05-09 10:13:43.166667,2.4183333333333334
39,2024-05-09 10:15:51.066667,2024-05-09 10:27:48.600000,11.958888883333334
39,2024-05-09 10:29:25.400000,2024-05-09 10:45:06.433333,15.683888883333331
39,2024-05-09 10:45:20.800000,2024-05-09 10:47:30.366667,2.15944445
39,2024-05-09 10:51:03.700000,2024-05-09 11:07:27.733333,16.40055555
39,2024-05-09 11:08:51.600000,2024-05-09 11:10:12.933333,1.3555555499999998
39,2024-05-09 11:11:04.166667,2024-05-09 11:12:51.033333,1.7811111
39,2024-05-09 11:18:01.066667,2024-05-09 11:26:05.933333,8.0811111
39,2024-05-09 11:28:33.300000,2024-05-09 11:31:15.100000,2.6966666666666668
39,2024-05-09 11:35:08.300000,2024-05-09 11:46:42.366667,11.567777783333334
39,2024-05-09 12:08:43.500000,2024-05-09 12:13:08.566667,4.417777783333333
39,2024-05-09 12:13:48.433333,2024-05-09 12:22:24.966667,8.6088889
39,2024-05-09 12:22:51.033333,2024-05-09 12:27:18.033333,4.45
39,2024-05-09 12:29:00.166667,2024-05-09 12:38:36.833333,9.6111111
39,2024-05-09 12:41:38.900000,2024-05-09 13:03:57.333333,22.307222216666663
39,2024-05-09 13:06:44.066667,2024-05-09 13:15:38.666667,8.91
39,2024-05-09 13:17:34.400000,2024-05-09 13:28:09.600000,10.586666666666668
39,2024-05-09 13:41:10.233333,2024-05-09 13:42:33.233333,1.3833333333333333
39,2024-05-09 13:43:59.566667,2024-05-09 13:49:08.666667,5.151666666666667
39,2024-05-09 13:50:11.200000,2024-05-09 13:53:48.366667,3.61944445
39,2024-05-09 13:55:52.500000,2024-05-09 14:00:03.833333,4.188888883333333
39,2024-05-09 14:02:05.300000,2024-05-09 14:04:03.233333,1.96555555
39,2024-05-09 14:06:41.800000,2024-05-09 14:08:22.666667,1.6811111166666668
39,2024-05-09 14:12:24.200000,2024-05-09 14:24:04.866667,11.677777783333331
39,2024-05-09 14:46:24.100000,2024-05-09 14:48:36.400000,2.205
39,2024-05-09 14:55:44.233333,2024-05-09 15:03:34.300000,7.83444445
39,2024-05-11 09:29:48.700000,2024-05-11 09:31:11.133333,1.3738888833333334
39,2024-05-11 10:37:53.466667,2024-05-11 11:01:41.566667,23.801666666666662
39,2024-05-11 11:05:41.966667,2024-05-11 11:06:27.866667,0.765
39,2024-05-11 11:06:50.200000,2024-05-11 11:20:12.900000,13.378333333333334
39,2024-05-11 11:20:22.600000,2024-05-11 11:21:47.800000,1.4200000000000002
39,2024-05-11 11:28:03.500000,2024-05-11 11:33:34.700000,5.52
39,2024-05-11 11:34:05.966667,2024-05-11 11:48:55.833333,14.8311111
39,2024-05-11 11:49:24.000000,2024-05-11 12:02:14.400000,12.84
39,2024-05-11 12:02:58.633333,2024-05-11 12:10:08.966667,7.172222233333333
39,2024-05-11 12:10:47.633333,2024-05-11 12:17:57.700000,7.167777783333333
39,2024-05-11 12:18:37.333333,2024-05-11 12:26:02.800000,7.424444449999999
39,2024-05-11 12:34:57.700000,2024-05-11 12:47:52.133333,12.907222216666666
39,2024-05-11 12:48:59.633333,2024-05-11 12:56:11.800000,7.2027777833333335
39,2024-05-11 12:58:49.966667,2024-05-11 13:21:31.066667,22.685
39,2024-05-11 13:22:26.233333,2024-05-11 13:36:45.900000,14.327777783333334
39,2024-05-11 13:38:07.233333,2024-05-11 14:01:26.766667,23.325555566666665
39,2024-05-11 14:01:48.900000,2024-05-11 14:04:49.300000,3.006666666666667
39,2024-05-11 14:05:37.200000,2024-05-11 14:21:05.466667,15.471111116666666
39,2024-05-12 10:36:19.033333,2024-05-12 10:37:38.566667,1.3255555666666663
39,2024-05-12 10:38:11.300000,2024-05-12 10:42:39.566667,4.471111116666666
39,2024-05-12 11:52:51.100000,2024-05-12 11:58:05.533333,5.24055555
39,2024-05-12 12:35:16.733333,2024-05-12 12:39:27.633333,4.181666666666667
39,2024-05-12 12:39:44.500000,2024-05-12 12:43:14.966667,3.5077777833333332
39,2024-05-12 12:49:16.733333,2024-05-12 12:57:48.933333,8.536666666666667
39,2024-05-12 13:02:28.666667,2024-05-12 13:03:18.766667,0.8350000000000001
39,2024-05-12 13:03:25.666667,2024-05-12 13:07:37.266667,4.193333333333333
39,2024-05-12 13:08:11.033333,2024-05-12 13:19:29.100000,11.301111116666668
39,2024-05-12 13:20:47.766667,2024-05-12 13:21:29.600000,0.6972222166666667
39,2024-05-12 13:23:33.566667,2024-05-12 13:26:18.200000,2.7438888833333333
39,2024-05-12 13:26:25.900000,2024-05-12 13:29:33.066667,3.11944445
39,2024-05-12 13:30:35.766667,2024-05-12 13:49:19.966667,18.736666666666668
39,2024-05-12 14:00:03.833333,2024-05-12 14:11:19.100000,11.25444445
39,2024-05-12 14:13:10.133333,2024-05-12 14:21:31.900000,8.362777783333334
39,2024-05-12 14:24:42.300000,2024-05-12 14:32:03.100000,7.346666666666667
39,2024-05-12 14:38:27.533333,2024-05-12 14:44:19.533333,5.866666666666666
39,2024-05-12 16:59:22.066667,2024-05-12 17:10:11.100000,10.817222216666666
39,2024-05-12 17:10:35.166667,2024-05-12 17:17:30.833333,6.927777766666667
39,2024-05-12 17:18:01.500000,2024-05-12 17:21:16.233333,3.2455555499999997
39,2024-05-12 17:21:46.133333,2024-05-12 17:27:51.200000,6.08444445
39,2024-05-12 17:28:22.800000,2024-05-12 17:44:32.900000,16.168333333333333
39,2024-05-12 17:47:07.433333,2024-05-12 17:51:09.766667,4.0388889
39,2024-05-13 09:05:29.066667,2024-05-13 09:07:26.100000,1.95055555
39,2024-05-13 09:09:34.766667,2024-05-13 09:11:08.766667,1.5666666666666669
39,2024-05-13 09:13:21.933333,2024-05-13 09:15:44.600000,2.3777777833333333
39,2024-05-13 09:20:31.800000,2024-05-13 09:34:26.100000,13.905
39,2024-05-13 09:38:28.933333,2024-05-13 09:40:04.166667,1.5872222333333332
39,2024-05-13 09:42:56.733333,2024-05-13 09:50:30.966667,7.570555566666667
39,2024-05-13 09:50:58.933333,2024-05-13 09:57:50.133333,6.8533333333333335
39,2024-05-13 09:58:30.533333,2024-05-13 10:03:27.366667,4.947222233333333
39,2024-05-13 10:03:52.233333,2024-05-13 10:14:49.533333,10.955
39,2024-05-13 10:15:11.000000,2024-05-13 10:26:48.500000,11.625
39,2024-05-13 10:37:25.666667,2024-05-13 10:42:31.533333,5.097777766666667
39,2024-05-13 10:56:35.366667,2024-05-13 11:00:22.966667,3.7933333333333334
39,2024-05-13 11:01:30.366667,2024-05-13 11:02:37.100000,1.1122222166666669
40,2024-04-20 12:35:13.300000,2024-04-20 12:59:45.033333,24.52888888333333
40,2024-04-23 12:05:42.600000,2024-04-23 12:11:04.766667,5.3694444500000005
40,2024-04-24 14:27:29.133333,2024-04-24 14:53:42.133333,26.216666666666665
40,2024-04-25 12:32:20.233333,2024-04-25 12:34:59.733333,2.658333333333333
40,2024-04-25 16:32:25.700000,2024-04-25 16:36:04.266667,3.6427777833333335
40,2024-04-29 09:25:10.666667,2024-04-29 09:32:29.433333,7.312777766666667
40,2024-04-30 14:28:54.700000,2024-04-30 14:31:21.666667,2.44944445
40,2024-05-01 11:30:38.833333,2024-05-01 11:47:13.566667,16.5788889
40,2024-05-01 11:47:19.900000,2024-05-01 12:01:29.500000,14.16
40,2024-05-01 14:00:52.333333,2024-05-01 14:17:23.400000,16.517777783333333
40,2024-05-01 14:50:09.900000,2024-05-01 15:02:55.433333,12.758888883333332
40,2024-05-01 15:02:58.200000,2024-05-01 15:08:52.166667,5.89944445
40,2024-05-01 15:09:33.300000,2024-05-01 15:13:04.733333,3.5238888833333335
40,2024-05-01 17:01:08.133333,2024-05-01 17:09:37.300000,8.486111116666667
40,2024-05-01 17:09:39.000000,2024-05-01 17:10:09.133333,0.5022222166666667
40,2024-05-01 17:10:09.933333,2024-05-01 17:37:00.833333,26.848333333333336
40,2024-05-01 17:37:02.166667,2024-05-01 17:48:28.933333,11.4461111
40,2024-05-01 17:48:39.700000,2024-05-01 17:59:56.800000,11.285
40,2024-05-01 18:43:42.300000,2024-05-01 18:55:42.266667,11.99944445
40,2024-05-07 10:27:13.166667,2024-05-07 10:48:10.233333,20.9511111
40,2024-05-07 11:35:13.466667,2024-05-07 11:38:25.100000,3.1938888833333334
40,2024-05-07 11:45:18.200000,2024-05-07 12:12:39.433333,27.353888883333333
40,2024-05-07 12:34:16.166667,2024-05-07 12:50:34.766667,16.31
40,2024-05-07 14:10:44.066667,2024-05-07 14:11:24.233333,0.6694444333333334
40,2024-05-13 11:06:04.100000,2024-05-13 11:27:42.066667,21.63277778333333
40,2024-05-13 14:46:09.966667,2024-05-13 14:47:29.000000,1.3172222166666667
40,2024-05-13 15:19:00.066667,2024-05-13 15:42:54.833333,23.912777766666668
41,2024-04-29 14:30:07.600000,2024-04-29 14:55:10.966667,25.056111116666667
41,2024-05-01 16:42:08.533333,2024-05-01 16:45:21.666667,3.2188889
42,2024-04-25 11:52:58.433333,2024-04-25 11:54:28.300000,1.4977777833333334
42,2024-04-25 11:57:50.633333,2024-04-25 11:59:16.333333,1.4283333333333337
42,2024-05-11 12:12:38.933333,2024-05-11 12:13:43.900000,1.0827777833333334
43,2024-04-18 09:04:39.933333,2024-04-18 09:30:32.533333,25.876666666666665
43,2024-04-23 15:06:26.566667,2024-04-23 15:07:34.300000,1.1288888833333333
43,2024-04-24 09:31:47.500000,2024-04-24 09:32:52.200000,1.0783333333333334
43,2024-04-24 09:34:42.200000,2024-04-24 09:36:49.733333,2.12555555
43,2024-04-28 10:12:01.766667,2024-04-28 10:31:16.833333,19.2511111
44,2024-04-28 11:16:01.100000,2024-04-28 11:16:47.733333,0.7772222166666667
45,2024-04-20 10:12:26.100000,2024-04-20 10:38:13.533333,25.79055555
45,2024-05-01 17:18:17.100000,2024-05-01 17:18:55.166667,0.63444445
45,2024-05-01 17:24:27.866667,2024-05-01 17:28:02.200000,3.572222216666667
45,2024-05-01 17:28:49.733333,2024-05-01 17:35:56.500000,7.112777783333333
45,2024-05-01 17:37:55.033333,2024-05-01 17:41:13.300000,3.30444445
45,2024-05-08 10:20:40.733333,2024-05-08 10:50:15.933333,29.586666666666662
45,2024-05-08 14:23:33.000000,2024-05-08 14:26:09.500000,2.6083333333333334
46,2024-04-28 10:03:43.966667,2024-04-28 10:19:20.400000,15.607222216666663
46,2024-04-30 12:01:50.966667,2024-04-30 12:25:15.466667,23.408333333333335
46,2024-05-01 17:11:35.333333,2024-05-01 17:21:43.333333,10.133333333333333
46,2024-05-01 17:31:25.033333,2024-05-01 17:53:25.900000,22.01444445
46,2024-05-01 17:53:51.500000,2024-05-01 17:55:16.733333,1.42055555
47,2024-04-23 11:12:33.633333,2024-04-23 11:28:29.533333,15.931666666666668
47,2024-04-28 09:53:16.933333,2024-04-28 10:10:20.333333,17.056666666666665
47,2024-04-28 10:26:30.500000,2024-04-28 10:42:40.933333,16.173888883333333
47,2024-05-01 16:45:39.800000,2024-05-01 17:04:08.266667,18.47444445
47,2024-05-01 17:04:36.000000,2024-05-01 17:22:30.366667,17.90611111666667
48,2024-04-22 10:21:29.933333,2024-04-22 10:22:08.033333,0.635
48,2024-05-13 17:07:42.100000,2024-05-13 17:37:07.133333,29.41722221666667
49,2024-04-18 17:47:43.866667,2024-04-18 18:08:39.266667,20.923333333333336
49,2024-04-23 11:16:39.633333,2024-04-23 11:46:08.466667,29.480555566666663
49,2024-05-01 16:23:47.533333,2024-05-01 16:33:45.900000,9.972777783333331
49,2024-05-01 16:34:30.233333,2024-05-01 16:49:00.033333,14.496666666666666
49,2024-05-01 16:52:29.000000,2024-05-01 17:12:33.433333,20.073888883333332
49,2024-05-08 17:12:05.200000,2024-05-08 17:16:10.666667,4.091111116666666
50,2024-04-17 14:00:49.800000,2024-04-17 14:01:23.933333,0.5688888833333333
50,2024-04-22 11:14:21.333333,2024-04-22 11:15:20.066667,0.9788889
50,2024-04-22 11:15:24.466667,2024-04-22 11:16:15.900000,0.8572222166666666
50,2024-04-22 11:30:26.400000,2024-04-22 11:32:39.000000,2.21
50,2024-04-24 11:39:18.900000,2024-04-24 11:43:45.000000,4.4350000000000005
50,2024-04-24 13:02:33.600000,2024-04-24 13:05:20.866667,2.7877777833333335
50,2024-04-24 13:26:16.533333,2024-04-24 13:31:51.566667,5.583888900000001
50,2024-04-24 13:31:55.866667,2024-04-24 13:32:42.100000,0.77055555
50,2024-04-24 13:32:46.333333,2024-04-24 13:40:29.666667,7.722222233333333
50,2024-04-25 17:48:02.900000,2024-04-25 17:50:06.100000,2.0533333333333332
50,2024-04-26 10:44:32.933333,2024-04-26 11:07:55.700000,23.37944445
50,2024-04-28 16:16:52.466667,2024-04-28 16:20:49.566667,3.951666666666666
50,2024-05-01 14:48:11.266667,2024-05-01 14:59:46.300000,11.583888883333334
50,2024-05-07 10:36:05.933333,2024-05-07 10:37:34.466667,1.4755555666666669
50,2024-05-07 11:36:06.700000,2024-05-07 11:38:15.466667,2.146111116666667
50,2024-05-07 12:20:16.100000,2024-05-07 12:25:49.800000,5.5616666666666665
50,2024-05-07 12:27:18.800000,2024-05-07 12:52:37.400000,25.31
50,2024-05-07 14:17:48.466667,2024-05-07 14:28:34.733333,10.7711111
50,2024-05-08 09:06:10.733333,2024-05-08 09:21:45.866667,15.585555566666669
50,2024-05-08 13:41:46.533333,2024-05-08 13:51:32.433333,9.765
50,2024-05-08 16:59:04.500000,2024-05-08 17:02:26.933333,3.3738888833333336
50,2024-05-13 11:26:42.800000,2024-05-13 11:54:44.133333,28.022222216666663
50,2024-05-13 16:35:28.733333,2024-05-13 16:55:40.233333,20.191666666666663
51,2024-04-26 18:06:03.833333,2024-04-26 18:06:54.133333,0.8383333333333333
51,2024-04-28 13:28:41.233333,2024-04-28 13:48:52.133333,20.18166666666667
51,2024-05-01 14:23:25.733333,2024-05-01 14:51:34.700000,28.149444449999997
51,2024-05-01 17:21:34.766667,2024-05-01 17:44:04.566667,22.496666666666663
51,2024-05-01 17:50:06.533333,2024-05-01 17:51:43.700000,1.61944445
51,2024-05-06 18:12:14.333333,2024-05-06 18:20:12.500000,7.96944445
51,2024-05-06 18:20:15.333333,2024-05-06 18:44:34.000000,24.311111116666662
51,2024-05-07 10:10:54.733333,2024-05-07 10:24:23.100000,13.472777783333331
52,2024-04-30 14:19:27.100000,2024-04-30 14:33:14.133333,13.783888883333333
52,2024-05-01 16:56:53.400000,2024-05-01 17:06:44.333333,9.848888883333332
52,2024-05-06 16:58:36.400000,2024-05-06 16:59:45.200000,1.1466666666666667
52,2024-05-06 17:05:45.933333,2024-05-06 17:07:46.533333,2.01
52,2024-05-06 17:10:15.100000,2024-05-06 17:21:12.366667,10.95444445
52,2024-05-06 17:21:16.866667,2024-05-06 17:25:46.766667,4.498333333333333
52,2024-05-06 17:32:35.500000,2024-05-06 17:39:02.700000,6.453333333333333
52,2024-05-06 17:53:56.033333,2024-05-06 17:56:33.633333,2.6266666666666665
52,2024-05-07 10:11:02.533333,2024-05-07 10:24:09.966667,13.1238889
52,2024-05-07 10:24:39.000000,2024-05-07 10:29:29.166667,4.836111116666667
52,2024-05-07 10:29:34.066667,2024-05-07 10:35:52.766667,6.3116666666666665
52,2024-05-07 10:35:59.266667,2024-05-07 10:45:04.600000,9.088888883333334
52,2024-05-07 10:45:19.566667,2024-05-07 11:06:26.533333,21.1161111
52,2024-05-07 11:06:31.433333,2024-05-07 11:17:49.700000,11.30444445
52,2024-05-07 11:17:50.466667,2024-05-07 11:34:05.733333,16.254444433333333
52,2024-05-07 11:34:09.033333,2024-05-07 11:55:36.833333,21.46333333333333
52,2024-05-07 11:55:41.700000,2024-05-07 11:59:36.966667,3.921111116666667
52,2024-05-07 11:59:41.833333,2024-05-07 12:01:22.733333,1.6816666666666669
52,2024-05-07 12:07:51.200000,2024-05-07 12:14:24.166667,6.549444449999999
52,2024-05-07 12:14:28.800000,2024-05-07 12:20:24.433333,5.927222216666666
52,2024-05-07 12:50:30.600000,2024-05-07 13:02:06.066667,11.591111116666667
52,2024-05-07 13:02:08.300000,2024-05-07 13:03:21.333333,1.2172222166666666
52,2024-05-07 13:03:31.400000,2024-05-07 13:04:38.233333,1.1138888833333334
52,2024-05-07 13:24:37.900000,2024-05-07 13:37:17.233333,12.65555555
52,2024-05-07 13:37:34.533333,2024-05-07 13:54:24.866667,16.8388889
52,2024-05-07 13:54:29.000000,2024-05-07 13:57:57.733333,3.478888883333333
52,2024-05-07 13:57:58.766667,2024-05-07 14:00:47.766667,2.816666666666667
52,2024-05-07 14:22:39.800000,2024-05-07 14:25:15.400000,2.5933333333333333
52,2024-05-07 15:59:14.866667,2024-05-07 16:04:09.300000,4.907222216666667
52,2024-05-07 16:53:42.766667,2024-05-07 16:54:45.233333,1.0411111
52,2024-05-07 18:28:13.933333,2024-05-07 18:33:54.433333,5.675
52,2024-05-07 18:34:05.100000,2024-05-07 18:38:55.900000,4.846666666666667
52,2024-05-07 18:38:56.433333,2024-05-07 18:51:21.200000,12.412777783333333
52,2024-05-08 10:16:34.400000,2024-05-08 10:17:51.900000,1.2916666666666667
52,2024-05-08 14:22:28.333333,2024-05-08 14:47:56.633333,25.471666666666668
53,2024-04-20 10:25:15.400000,2024-04-20 10:43:31.300000,18.265
53,2024-04-23 12:53:59.400000,2024-04-23 12:56:15.600000,2.27
53,2024-04-23 12:58:13.366667,2024-04-23 12:59:59.566667,1.77
53,2024-04-23 13:00:00.000000,2024-04-23 13:02:39.400000,2.6566666666666667
53,2024-05-01 17:15:52.800000,2024-05-01 17:28:57.600000,13.08
53,2024-05-01 17:30:13.800000,2024-05-01 17:48:33.033333,18.32055555
53,2024-05-02 10:56:22.066667,2024-05-02 11:10:25.166667,14.051666666666668
53,2024-05-02 11:48:46.766667,2024-05-02 12:03:32.700000,14.765555549999998
53,2024-05-06 17:02:56.100000,2024-05-06 17:05:02.933333,2.113888883333334
53,2024-05-06 17:07:05.800000,2024-05-06 17:07:50.166667,0.73944445
53,2024-05-06 17:09:34.866667,2024-05-06 17:10:24.266667,0.8233333333333334
53,2024-05-06 17:14:42.333333,2024-05-06 17:15:16.566667,0.5705555666666666
53,2024-05-06 17:23:43.400000,2024-05-06 17:25:51.700000,2.1383333333333336
53,2024-05-06 17:26:49.600000,2024-05-06 17:28:24.100000,1.575
53,2024-05-06 17:30:01.100000,2024-05-06 17:31:20.800000,1.3283333333333334
53,2024-05-06 17:32:30.433333,2024-05-06 17:33:15.700000,0.7544444499999999
53,2024-05-06 17:36:03.700000,2024-05-06 17:36:34.400000,0.5116666666666666
53,2024-05-06 17:36:55.233333,2024-05-06 17:38:24.733333,1.4916666666666667
53,2024-05-06 17:38:54.966667,2024-05-06 17:39:50.666667,0.9283333333333332
53,2024-05-06 17:41:37.000000,2024-05-06 17:50:31.233333,8.903888883333334
53,2024-05-06 17:55:55.700000,2024-05-06 17:56:40.066667,0.73944445
53,2024-05-06 18:01:23.266667,2024-05-06 18:03:59.100000,2.5972222166666667
53,2024-05-06 18:10:05.733333,2024-05-06 18:11:33.166667,1.4572222333333331
53,2024-05-06 18:11:44.233333,2024-05-06 18:12:41.900000,0.9611111166666666
53,2024-05-06 18:15:45.166667,2024-05-06 18:24:04.566667,8.323333333333332
53,2024-05-06 18:24:14.466667,2024-05-06 18:34:51.966667,10.625
53,2024-05-07 09:33:56.233333,2024-05-07 09:42:29.533333,8.555
53,2024-05-07 09:44:25.633333,2024-05-07 10:11:05.000000,26.65611111666667
53,2024-05-07 10:13:36.466667,2024-05-07 10:24:41.200000,11.078888883333333
53,2024-05-07 10:37:57.933333,2024-05-07 10:39:33.333333,1.59
53,2024-05-07 10:39:42.466667,2024-05-07 10:45:22.166667,5.661666666666666
53,2024-05-07 10:58:00.633333,2024-05-07 11:12:42.200000,14.692777783333334
53,2024-05-07 11:14:55.566667,2024-05-07 11:21:44.000000,6.807222216666667
53,2024-05-07 11:23:53.700000,2024-05-07 11:33:44.200000,9.841666666666669
53,2024-05-07 11:36:33.600000,2024-05-07 11:45:34.933333,9.022222216666668
53,2024-05-07 11:53:45.533333,2024-05-07 11:59:44.333333,5.98
53,2024-05-07 12:10:01.000000,2024-05-07 12:14:31.100000,4.501666666666667
53,2024-05-07 12:22:30.966667,2024-05-07 12:30:04.366667,7.556666666666667
53,2024-05-07 12:36:38.400000,2024-05-07 12:40:18.500000,3.6683333333333334
53,2024-05-07 12:40:35.266667,2024-05-07 12:43:06.033333,2.5127777666666664
53,2024-05-07 12:44:55.600000,2024-05-07 12:47:16.300000,2.345
53,2024-05-07 12:49:23.500000,2024-05-07 12:50:06.633333,0.7188888833333333
53,2024-05-07 12:52:43.433333,2024-05-07 12:54:14.066667,1.5105555666666668
53,2024-05-07 12:54:49.833333,2024-05-07 12:56:19.533333,1.495
53,2024-05-07 12:57:44.066667,2024-05-07 13:00:01.933333,2.297777766666667
53,2024-05-07 13:00:12.766667,2024-05-07 13:01:06.666667,0.8983333333333333
53,2024-05-07 13:02:03.000000,2024-05-07 13:03:35.433333,1.54055555
53,2024-05-07 13:04:01.500000,2024-05-07 13:05:26.433333,1.41555555
53,2024-05-07 13:06:34.733333,2024-05-07 13:08:17.933333,1.72
53,2024-05-07 13:20:48.533333,2024-05-07 13:23:31.766667,2.720555566666667
53,2024-05-07 13:59:45.800000,2024-05-07 14:02:13.866667,2.467777783333333
53,2024-05-07 14:05:12.066667,2024-05-07 14:05:49.833333,0.6294444333333333
53,2024-05-07 14:07:50.400000,2024-05-07 14:08:31.400000,0.6833333333333333
53,2024-05-07 14:08:43.900000,2024-05-07 14:10:34.500000,1.8433333333333333
53,2024-05-07 14:10:38.800000,2024-05-07 14:12:09.300000,1.5083333333333333
53,2024-05-07 14:17:23.666667,2024-05-07 14:22:41.600000,5.298888883333333
53,2024-05-07 14:26:09.533333,2024-05-07 14:26:46.500000,0.6161111166666667
53,2024-05-07 14:27:29.733333,2024-05-07 14:28:11.200000,0.6911111166666667
53,2024-05-07 14:29:03.466667,2024-05-07 14:30:06.400000,1.0488888833333332
53,2024-05-07 14:32:48.133333,2024-05-07 14:33:19.800000,0.5277777833333334
53,2024-05-07 14:33:28.433333,2024-05-07 14:36:34.066667,3.0938889
53,2024-05-07 14:37:13.066667,2024-05-07 14:48:12.333333,10.987777766666666
53,2024-05-07 14:50:52.033333,2024-05-07 14:51:22.733333,0.5116666666666666
53,2024-05-07 15:07:34.666667,2024-05-07 15:10:39.900000,3.0872222166666665
53,2024-05-07 15:16:39.166667,2024-05-07 15:18:07.366667,1.47
53,2024-05-07 15:18:17.566667,2024-05-07 15:18:57.333333,0.6627777666666667
53,2024-05-07 15:19:32.033333,2024-05-07 15:23:00.500000,3.47444445
53,2024-05-07 15:39:11.866667,2024-05-07 15:52:11.033333,12.9861111
53,2024-05-07 15:59:57.866667,2024-05-07 16:06:40.000000,6.702222216666667
53,2024-05-07 16:15:18.166667,2024-05-07 16:18:20.233333,3.034444433333334
53,2024-05-07 16:19:09.766667,2024-05-07 16:19:42.400000,0.5438888833333333
53,2024-05-07 16:22:24.166667,2024-05-07 16:27:21.433333,4.954444433333333
53,2024-05-07 16:31:12.533333,2024-05-07 16:34:05.466667,2.882222233333333
53,2024-05-07 16:34:05.966667,2024-05-07 16:35:26.700000,1.34555555
53,2024-05-07 16:36:34.566667,2024-05-07 16:38:25.700000,1.8522222166666664
53,2024-05-07 16:55:43.766667,2024-05-07 16:57:26.233333,1.7077777666666667
53,2024-05-07 16:58:37.666667,2024-05-07 17:00:40.800000,2.0522222166666664
53,2024-05-07 17:02:07.133333,2024-05-07 17:08:44.966667,6.630555566666667
53,2024-05-07 17:14:26.233333,2024-05-07 17:20:35.833333,6.16
53,2024-05-07 17:21:41.400000,2024-05-07 17:30:40.833333,8.99055555
53,2024-05-07 17:32:49.433333,2024-05-07 17:34:53.533333,2.068333333333334
53,2024-05-07 17:37:41.266667,2024-05-07 17:39:12.833333,1.5261111
53,2024-05-07 17:41:45.733333,2024-05-07 17:53:34.166667,11.807222233333333
53,2024-05-07 17:56:55.566667,2024-05-07 17:57:48.900000,0.8888888833333334
53,2024-05-07 18:04:13.266667,2024-05-07 18:06:21.733333,2.1411111000000003
53,2024-05-07 18:13:02.033333,2024-05-07 18:14:13.200000,1.186111116666667
53,2024-05-07 18:14:55.000000,2024-05-07 18:21:54.066667,6.98444445
53,2024-05-07 18:22:02.166667,2024-05-07 18:28:16.000000,6.23055555
53,2024-05-07 18:33:50.033333,2024-05-07 18:34:25.066667,0.5838889
53,2024-05-07 18:37:22.633333,2024-05-07 18:38:58.333333,1.595
53,2024-05-07 18:39:50.900000,2024-05-07 18:46:51.766667,7.01444445
53,2024-05-07 18:49:04.900000,2024-05-07 18:51:24.900000,2.3333333333333335
53,2024-05-08 09:27:20.600000,2024-05-08 09:32:15.500000,4.915
53,2024-05-08 09:34:04.200000,2024-05-08 09:34:35.100000,0.515
53,2024-05-08 09:34:45.733333,2024-05-08 09:36:44.000000,1.9711111166666664
53,2024-05-08 09:38:09.833333,2024-05-08 09:40:27.766667,2.2988889
53,2024-05-08 09:41:51.033333,2024-05-08 09:44:34.500000,2.72444445
53,2024-05-08 09:46:07.833333,2024-05-08 09:47:27.133333,1.3216666666666663
53,2024-05-08 09:51:38.100000,2024-05-08 09:52:43.133333,1.083888883333333
53,2024-05-08 09:55:31.866667,2024-05-08 09:57:15.400000,1.72555555
53,2024-05-08 10:00:11.800000,2024-05-08 10:01:36.500000,1.4116666666666666
53,2024-05-08 10:02:00.233333,2024-05-08 10:03:21.966667,1.3622222333333334
53,2024-05-08 10:03:58.000000,2024-05-08 10:05:03.233333,1.0872222166666667
53,2024-05-08 10:05:58.200000,2024-05-08 10:07:09.666667,1.1911111166666666
53,2024-05-08 10:09:15.833333,2024-05-08 10:14:04.300000,4.807777783333333
53,2024-05-08 11:30:40.866667,2024-05-08 11:31:44.066667,1.0533333333333337
53,2024-05-08 12:24:39.000000,2024-05-08 12:29:36.666667,4.961111116666667
53,2024-05-09 12:43:43.700000,2024-05-09 13:09:04.366667,25.34444445
53,2024-05-09 13:09:52.600000,2024-05-09 13:30:29.200000,20.61
54,2024-04-24 11:02:24.233333,2024-04-24 11:15:06.333333,12.701666666666666
54,2024-04-26 10:39:28.266667,2024-04-26 10:54:14.766667,14.775
54,2024-04-26 10:54:32.900000,2024-04-26 10:55:40.800000,1.1316666666666668
54,2024-04-26 10:55:53.766667,2024-04-26 10:58:09.166667,2.256666666666667
54,2024-04-26 11:02:00.266667,2024-04-26 11:07:15.600000,5.2555555499999995
54,2024-05-01 18:47:45.433333,2024-05-01 18:54:39.233333,6.8966666666666665
54,2024-05-01 18:55:56.833333,2024-05-01 18:57:17.933333,1.3516666666666666
54,2024-05-02 09:44:28.733333,2024-05-02 09:49:41.566667,5.2138889
54,2024-05-06 17:18:00.900000,2024-05-06 17:41:00.233333,22.988888883333335
54,2024-05-06 17:41:17.766667,2024-05-06 18:04:22.400000,23.077222216666662
54,2024-05-06 18:10:17.666667,2024-05-06 18:31:32.666667,21.25
54,2024-05-06 18:32:47.933333,2024-05-06 18:51:49.766667,19.030555566666667
54,2024-05-07 09:24:59.400000,2024-05-07 09:34:01.266667,9.031111116666668
54,2024-05-07 12:42:33.600000,2024-05-07 12:43:48.733333,1.2522222166666666
54,2024-05-07 12:43:58.933333,2024-05-07 12:45:28.266667,1.4888888999999998
54,2024-05-07 12:45:38.233333,2024-05-07 12:53:01.766667,7.392222233333333
54,2024-05-07 12:53:41.633333,2024-05-07 12:54:17.000000,0.58944445
54,2024-05-07 12:54:21.133333,2024-05-07 12:55:10.933333,0.83
54,2024-05-07 12:55:23.433333,2024-05-07 13:03:09.733333,7.771666666666667
54,2024-05-07 13:03:55.366667,2024-05-07 13:20:56.066667,17.011666666666667
54,2024-05-07 13:21:10.400000,2024-05-07 13:24:00.633333,2.8372222166666665
54,2024-05-07 13:24:02.833333,2024-05-07 13:49:12.700000,25.16444445
54,2024-05-07 13:52:42.100000,2024-05-07 14:13:38.633333,20.942222216666668
54,2024-05-07 14:14:01.633333,2024-05-07 14:16:09.233333,2.1266666666666665
54,2024-05-07 17:28:07.000000,2024-05-07 17:55:04.000000,26.95
54,2024-05-08 09:47:30.133333,2024-05-08 09:56:18.066667,8.7988889
54,2024-05-08 10:09:07.733333,2024-05-08 10:13:54.600000,4.781111116666667
54,2024-05-08 10:13:59.066667,2024-05-08 10:20:08.000000,6.148888883333333
54,2024-05-08 10:55:09.900000,2024-05-08 10:58:03.700000,2.896666666666667
54,2024-05-08 10:58:18.533333,2024-05-08 11:08:51.333333,10.546666666666663
54,2024-05-08 11:34:34.833333,2024-05-08 11:40:04.266667,5.490555566666667
54,2024-05-08 12:53:00.200000,2024-05-08 12:53:40.466667,0.6711111166666667
54,2024-05-08 14:26:07.400000,2024-05-08 14:39:40.533333,13.552222216666667
54,2024-05-08 14:39:53.666667,2024-05-08 15:00:38.033333,20.739444433333333
54,2024-05-08 17:41:44.133333,2024-05-08 17:42:16.000000,0.5311111166666667
54,2024-05-08 17:42:33.800000,2024-05-08 17:58:47.766667,16.232777783333333
54,2024-05-09 10:50:16.800000,2024-05-09 10:53:29.666667,3.21444445
54,2024-05-09 12:04:50.933333,2024-05-09 12:13:48.200000,8.95444445
54,2024-05-09 12:14:14.900000,2024-05-09 12:30:03.400000,15.808333333333334
54,2024-05-09 13:31:41.433333,2024-05-09 13:37:13.000000,5.526111116666667
54,2024-05-11 11:10:20.533333,2024-05-11 11:11:03.066667,0.7088888999999999
55,2024-04-24 14:34:55.633333,2024-04-24 14:51:47.066667,16.85722223333333
55,2024-04-28 12:31:53.066667,2024-04-28 12:56:45.600000,24.87555555
55,2024-05-01 16:47:47.333333,2024-05-01 17:12:40.200000,24.881111116666663
55,2024-05-06 17:00:12.133333,2024-05-06 17:09:48.233333,9.601666666666668
55,2024-05-06 17:09:54.866667,2024-05-06 17:14:36.066667,4.6866666666666665
55,2024-05-06 17:42:56.766667,2024-05-06 17:54:59.000000,12.037222216666668
55,2024-05-06 17:56:13.533333,2024-05-06 18:03:41.766667,7.470555566666667
55,2024-05-06 18:04:12.000000,2024-05-06 18:12:23.900000,8.198333333333332
55,2024-05-06 18:12:29.500000,2024-05-06 18:18:52.266667,6.379444449999999
55,2024-05-06 18:18:52.366667,2024-05-06 18:24:17.066667,5.411666666666666
55,2024-05-06 18:25:21.666667,2024-05-06 18:31:10.800000,5.818888883333333
55,2024-05-06 18:45:32.100000,2024-05-06 18:49:42.966667,4.181111116666667
55,2024-05-07 10:10:23.700000,2024-05-07 10:24:18.433333,13.912222216666668
55,2024-05-07 10:25:14.500000,2024-05-07 10:48:53.033333,23.642222216666667
55,2024-05-07 11:32:02.233333,2024-05-07 11:34:35.133333,2.5483333333333333
55,2024-05-07 11:34:49.466667,2024-05-07 11:36:18.933333,1.4911111
55,2024-05-07 11:36:53.200000,2024-05-07 11:37:54.500000,1.0216666666666667
55,2024-05-07 11:50:53.466667,2024-05-07 11:54:48.266667,3.9133333333333336
55,2024-05-07 12:54:34.533333,2024-05-07 13:24:04.766667,29.5038889
55,2024-05-07 13:26:07.066667,2024-05-07 13:43:47.466667,17.673333333333336
55,2024-05-07 13:44:01.533333,2024-05-07 13:55:20.533333,11.316666666666666
55,2024-05-07 14:01:42.933333,2024-05-07 14:04:09.566667,2.4438888999999997
55,2024-05-07 14:04:23.333333,2024-05-07 14:06:55.366667,2.5338889
55,2024-05-07 14:07:59.366667,2024-05-07 14:11:42.266667,3.715
55,2024-05-07 15:51:57.166667,2024-05-07 16:05:18.866667,13.361666666666668
55,2024-05-07 17:07:04.866667,2024-05-07 17:24:33.333333,17.474444433333336
55,2024-05-07 17:24:50.700000,2024-05-07 17:51:19.666667,26.482777783333333
55,2024-05-07 17:51:44.200000,2024-05-07 17:55:42.333333,3.968888883333334
55,2024-05-07 17:56:12.433333,2024-05-07 18:13:06.500000,16.901111116666666
55,2024-05-07 18:20:01.166667,2024-05-07 18:21:12.633333,1.1911111
55,2024-05-07 18:21:13.533333,2024-05-07 18:27:52.166667,6.643888899999999
55,2024-05-07 18:27:56.866667,2024-05-07 18:40:47.200000,12.838888883333334
55,2024-05-07 18:43:55.233333,2024-05-07 18:46:33.733333,2.6416666666666666
55,2024-05-08 09:44:08.266667,2024-05-08 09:46:27.433333,2.319444433333333
55,2024-05-08 09:51:36.866667,2024-05-08 10:16:37.200000,25.00555555
55,2024-05-08 10:16:39.066667,2024-05-08 10:27:23.833333,10.7461111
55,2024-05-08 10:28:47.566667,2024-05-08 10:47:54.166667,19.11
55,2024-05-08 14:09:30.866667,2024-05-08 14:22:47.733333,13.2811111
55,2024-05-08 14:22:57.966667,2024-05-08 14:30:20.566667,7.376666666666667
55,2024-05-08 15:38:29.966667,2024-05-08 15:58:52.933333,20.382777766666667
55,2024-05-08 16:00:00.266667,2024-05-08 16:07:03.900000,7.06055555
55,2024-05-08 17:40:34.666667,2024-05-08 18:05:51.266667,25.276666666666664
55,2024-05-08 18:06:27.500000,2024-05-08 18:10:11.866667,3.73944445
55,2024-05-11 11:06:39.466667,2024-05-11 11:11:12.433333,4.549444433333333
56,2024-04-25 11:53:04.266667,2024-04-25 11:53:34.333333,0.5011111
56,2024-05-02 10:32:44.000000,2024-05-02 10:42:01.300000,9.288333333333332
56,2024-05-06 17:10:09.333333,2024-05-06 17:40:09.166667,29.997222233333332
56,2024-05-06 17:40:36.633333,2024-05-06 17:48:26.400000,7.82944445
56,2024-05-06 17:48:52.033333,2024-05-06 18:02:57.633333,14.093333333333334
56,2024-05-06 18:03:08.800000,2024-05-06 18:03:51.166667,0.7061111166666667
56,2024-05-06 18:04:04.666667,2024-05-06 18:12:31.400000,8.44555555
56,2024-05-06 18:12:35.000000,2024-05-06 18:13:27.833333,0.8805555500000001
56,2024-05-06 18:16:09.633333,2024-05-06 18:21:01.866667,4.870555566666667
56,2024-05-06 18:23:14.333333,2024-05-06 18:25:15.300000,2.0161111166666665
56,2024-05-06 18:26:36.166667,2024-05-06 18:27:49.866667,1.2283333333333333
56,2024-05-06 18:30:46.200000,2024-05-06 18:35:32.633333,4.773888883333333
56,2024-05-07 09:11:56.666667,2024-05-07 09:40:37.166667,28.675
56,2024-05-07 09:40:53.333333,2024-05-07 09:53:15.766667,12.3738889
56,2024-05-07 10:11:04.366667,2024-05-07 10:12:57.000000,1.8772222166666663
56,2024-05-07 10:56:00.833333,2024-05-07 11:12:23.800000,16.382777783333335
56,2024-05-07 11:31:14.533333,2024-05-07 11:32:06.633333,0.8683333333333334
56,2024-05-07 11:32:34.566667,2024-05-07 11:33:45.966667,1.1900000000000002
56,2024-05-07 11:42:08.900000,2024-05-07 11:45:26.066667,3.2861111166666666
56,2024-05-07 11:45:32.333333,2024-05-07 11:55:43.533333,10.186666666666667
56,2024-05-07 11:56:06.633333,2024-05-07 11:58:31.233333,2.4099999999999997
56,2024-05-07 13:08:15.466667,2024-05-07 13:24:11.600000,15.93555555
56,2024-05-07 13:54:51.900000,2024-05-07 14:00:38.733333,5.78055555
56,2024-05-07 14:00:41.500000,2024-05-07 14:10:07.600000,9.435
56,2024-05-07 14:10:26.066667,2024-05-07 14:12:35.566667,2.158333333333333
56,2024-05-07 14:17:55.500000,2024-05-07 14:44:33.533333,26.633888883333334
56,2024-05-07 16:11:21.766667,2024-05-07 16:17:10.600000,5.813888883333333
56,2024-05-07 16:55:21.000000,2024-05-07 17:05:57.466667,10.607777783333336
56,2024-05-07 17:27:22.633333,2024-05-07 17:30:28.166667,3.092222233333333
56,2024-05-07 17:30:34.100000,2024-05-07 17:53:25.966667,22.86444445
56,2024-05-07 17:53:46.633333,2024-05-07 18:20:27.933333,26.688333333333333
56,2024-05-07 18:21:21.833333,2024-05-07 18:34:34.366667,13.2088889
56,2024-05-08 09:44:14.300000,2024-05-08 09:50:30.333333,6.267222216666667
56,2024-05-08 09:50:44.233333,2024-05-08 09:52:08.833333,1.41
56,2024-05-08 09:52:41.700000,2024-05-08 09:53:20.833333,0.6522222166666667
56,2024-05-08 09:53:43.500000,2024-05-08 09:56:46.166667,3.04444445
56,2024-05-08 09:56:50.400000,2024-05-08 09:59:01.066667,2.177777783333333
56,2024-05-08 09:59:21.233333,2024-05-08 10:02:40.633333,3.3233333333333333
56,2024-05-08 10:02:53.933333,2024-05-08 10:10:29.633333,7.595
56,2024-05-08 10:17:43.500000,2024-05-08 10:35:58.100000,18.243333333333332
56,2024-05-08 10:36:10.966667,2024-05-08 10:38:30.033333,2.3177777666666666
56,2024-05-08 10:38:45.366667,2024-05-08 11:07:10.866667,28.425
56,2024-05-08 12:34:43.233333,2024-05-08 12:35:25.433333,0.7033333333333334
56,2024-05-08 12:35:37.000000,2024-05-08 12:45:27.666667,9.84444445
56,2024-05-08 14:01:54.800000,2024-05-08 14:10:09.333333,8.242222216666667
56,2024-05-08 15:47:03.466667,2024-05-08 15:50:29.166667,3.4283333333333332
56,2024-05-08 15:50:54.333333,2024-05-08 16:01:13.533333,10.32
56,2024-05-08 16:01:36.600000,2024-05-08 16:03:01.900000,1.4216666666666666
56,2024-05-08 16:03:48.066667,2024-05-08 16:13:24.566667,9.608333333333333
56,2024-05-08 16:13:51.633333,2024-05-08 16:19:56.866667,6.087222233333334
56,2024-05-08 16:20:21.433333,2024-05-08 16:27:04.600000,6.71944445
56,2024-05-08 16:27:25.233333,2024-05-08 16:28:04.500000,0.65444445
56,2024-05-11 13:13:51.800000,2024-05-11 13:19:08.233333,5.273888883333333
56,2024-05-11 13:19:09.966667,2024-05-11 13:21:17.266667,2.1216666666666666
57,2024-04-17 15:47:42.000000,2024-04-17 15:48:54.966667,1.2161111166666667
57,2024-04-17 15:48:56.100000,2024-04-17 15:49:59.733333,1.06055555
57,2024-04-24 14:48:06.633333,2024-04-24 14:49:38.000000,1.5227777833333334
57,2024-04-29 09:48:31.233333,2024-04-29 10:07:33.733333,19.041666666666668
57,2024-04-30 16:01:53.633333,2024-04-30 16:03:37.933333,1.7383333333333333
57,2024-05-02 09:13:16.433333,2024-05-02 09:33:32.100000,20.261111116666665
57,2024-05-02 11:04:02.633333,2024-05-02 11:17:33.466667,13.5138889
57,2024-05-06 17:44:14.833333,2024-05-06 17:54:36.566667,10.362222233333334
57,2024-05-06 17:54:56.700000,2024-05-06 17:55:59.766667,1.051111116666667
57,2024-05-06 17:56:06.466667,2024-05-06 18:14:00.133333,17.894444433333334
57,2024-05-06 18:14:09.133333,2024-05-06 18:16:31.633333,2.375
57,2024-05-06 18:17:24.333333,2024-05-06 18:31:44.333333,14.333333333333334
57,2024-05-07 11:07:41.366667,2024-05-07 11:17:53.200000,10.197222216666669
57,2024-05-07 11:18:02.233333,2024-05-07 11:33:54.733333,15.875
57,2024-05-07 11:35:14.066667,2024-05-07 11:49:34.933333,14.347777766666669
57,2024-05-07 11:49:48.966667,2024-05-07 12:03:49.866667,14.015
57,2024-05-07 12:20:58.600000,2024-05-07 12:30:28.833333,9.503888883333332
57,2024-05-07 12:32:17.333333,2024-05-07 12:41:06.500000,8.819444449999999
57,2024-05-07 12:46:58.866667,2024-05-07 12:56:31.400000,9.542222216666666
57,2024-05-07 12:56:43.966667,2024-05-07 13:01:17.400000,4.557222216666667
57,2024-05-07 15:46:55.666667,2024-05-07 16:02:15.633333,15.332777766666668
57,2024-05-07 16:02:37.700000,2024-05-07 16:08:33.633333,5.932222216666667
57,2024-05-07 17:22:03.833333,2024-05-07 17:28:29.966667,6.435555566666666
57,2024-05-07 17:29:31.800000,2024-05-07 17:30:36.066667,1.0711111166666667
57,2024-05-07 17:30:37.933333,2024-05-07 17:40:37.066667,9.985555566666669
57,2024-05-07 17:51:07.433333,2024-05-07 17:53:53.166667,2.7622222333333335
57,2024-05-07 17:54:15.166667,2024-05-07 17:58:22.966667,4.13
57,2024-05-07 18:32:21.533333,2024-05-07 18:35:12.233333,2.845
57,2024-05-08 09:26:11.866667,2024-05-08 09:27:44.933333,1.5511111
57,2024-05-08 09:28:11.466667,2024-05-08 09:44:16.333333,16.0811111
57,2024-05-08 09:44:20.466667,2024-05-08 09:45:43.900000,1.39055555
57,2024-05-08 09:46:05.066667,2024-05-08 09:58:04.000000,11.982222216666663
57,2024-05-08 10:00:24.166667,2024-05-08 10:00:54.866667,0.5116666666666666
57,2024-05-08 10:01:14.800000,2024-05-08 10:01:46.100000,0.5216666666666667
57,2024-05-08 10:01:59.000000,2024-05-08 10:16:41.200000,14.703333333333337
57,2024-05-08 10:16:42.733333,2024-05-08 10:34:00.700000,17.29944445
57,2024-05-08 10:34:39.433333,2024-05-08 10:35:21.000000,0.6927777833333334
57,2024-05-08 10:35:32.933333,2024-05-08 10:42:41.166667,7.1372222333333335
57,2024-05-08 10:42:56.833333,2024-05-08 10:43:40.233333,0.7233333333333333
57,2024-05-08 10:43:51.766667,2024-05-08 10:58:21.066667,14.488333333333332
57,2024-05-08 11:01:44.600000,2024-05-08 11:11:16.566667,9.532777783333334
57,2024-05-08 12:26:36.533333,2024-05-08 12:29:44.666667,3.1355555666666666
57,2024-05-08 13:06:20.066667,2024-05-08 13:18:20.600000,12.008888883333332
57,2024-05-08 13:20:07.733333,2024-05-08 13:27:27.500000,7.32944445
57,2024-05-08 15:08:16.633333,2024-05-08 15:18:33.033333,10.273333333333332
57,2024-05-08 15:50:00.566667,2024-05-08 15:55:15.366667,5.246666666666667
57,2024-05-08 15:55:35.633333,2024-05-08 15:58:18.033333,2.7066666666666666
57,2024-05-08 16:18:16.566667,2024-05-08 16:21:20.033333,3.057777766666667
57,2024-05-08 16:21:41.333333,2024-05-08 16:45:40.333333,23.983333333333334
57,2024-05-08 17:34:01.700000,2024-05-08 17:34:44.600000,0.715
57,2024-05-08 17:34:57.166667,2024-05-08 17:43:04.466667,8.121666666666666
57,2024-05-08 17:43:26.733333,2024-05-08 18:00:15.600000,16.81444445
57,2024-05-09 11:55:09.033333,2024-05-09 11:59:59.666667,4.8438889
58,2024-04-24 13:04:28.933333,2024-04-24 13:31:55.166667,27.437222233333333
58,2024-04-24 13:53:49.433333,2024-04-24 14:10:27.433333,16.633333333333333
58,2024-04-28 13:05:45.666667,2024-04-28 13:08:46.266667,3.01
58,2024-04-30 15:10:57.733333,2024-04-30 15:16:16.266667,5.3088889
58,2024-05-01 13:10:34.266667,2024-05-01 13:24:34.433333,14.002777766666666
58,2024-05-01 16:39:58.666667,2024-05-01 16:49:37.933333,9.654444433333332
58,2024-05-01 16:49:43.700000,2024-05-01 17:09:15.200000,19.525
58,2024-05-06 17:42:19.866667,2024-05-06 17:49:33.666667,7.23
58,2024-05-06 17:49:44.733333,2024-05-06 17:56:08.566667,6.397222233333333
58,2024-05-06 17:56:10.366667,2024-05-06 18:03:15.433333,7.084444433333333
58,2024-05-06 18:03:25.166667,2024-05-06 18:04:06.600000,0.6905555499999999
58,2024-05-06 18:04:15.500000,2024-05-06 18:16:13.533333,11.967222216666666
58,2024-05-06 18:23:11.966667,2024-05-06 18:30:49.566667,7.626666666666667
58,2024-05-06 18:30:58.900000,2024-05-06 18:39:06.900000,8.133333333333333
58,2024-05-07 10:51:05.866667,2024-05-07 10:58:11.333333,7.0911111
58,2024-05-07 10:59:55.300000,2024-05-07 11:11:33.000000,11.628333333333334
58,2024-05-07 11:11:48.000000,2024-05-07 11:28:00.566667,16.20944445
58,2024-05-07 12:47:02.866667,2024-05-07 13:00:30.400000,13.458888883333334
58,2024-05-07 14:10:56.900000,2024-05-07 14:16:44.366667,5.7911111166666664
58,2024-05-07 14:17:01.400000,2024-05-07 14:18:57.400000,1.9333333333333331
58,2024-05-07 14:19:24.300000,2024-05-07 14:38:17.766667,18.891111116666664
58,2024-05-07 15:52:23.000000,2024-05-07 15:56:33.466667,4.17444445
58,2024-05-07 16:02:09.533333,2024-05-07 16:02:50.266667,0.6788889
58,2024-05-07 16:03:26.733333,2024-05-07 16:11:40.500000,8.229444449999999
58,2024-05-07 16:11:56.100000,2024-05-07 16:17:35.366667,5.65444445
58,2024-05-08 09:15:28.633333,2024-05-08 09:24:17.433333,8.813333333333333
58,2024-05-08 09:25:36.966667,2024-05-08 09:34:47.700000,9.178888883333334
58,2024-05-08 09:35:17.433333,2024-05-08 09:36:41.500000,1.4011111166666663
58,2024-05-08 09:37:52.800000,2024-05-08 09:40:24.400000,2.5266666666666664
58,2024-05-08 09:42:21.633333,2024-05-08 09:47:34.566667,5.215555566666667
58,2024-05-08 09:47:49.733333,2024-05-08 09:55:30.400000,7.677777783333334
58,2024-05-08 09:55:56.066667,2024-05-08 10:10:50.133333,14.9011111
58,2024-05-08 10:12:23.566667,2024-05-08 10:13:42.966667,1.3233333333333337
58,2024-05-08 10:15:44.466667,2024-05-08 10:20:03.500000,4.317222216666667
58,2024-05-08 10:21:24.500000,2024-05-08 10:23:16.166667,1.8611111166666667
58,2024-05-08 10:25:19.033333,2024-05-08 10:51:18.700000,25.99444445
58,2024-05-08 10:52:29.800000,2024-05-08 11:12:26.066667,19.937777783333335
58,2024-05-08 11:12:46.666667,2024-05-08 11:16:44.666667,3.966666666666667
58,2024-05-08 11:17:02.300000,2024-05-08 11:27:09.333333,10.117222216666669
58,2024-05-08 12:25:23.600000,2024-05-08 12:33:07.700000,7.735
58,2024-05-08 13:07:02.033333,2024-05-08 13:17:26.700000,10.411111116666666
58,2024-05-08 13:48:24.300000,2024-05-08 14:00:53.433333,12.48555555
58,2024-05-08 15:46:25.000000,2024-05-08 15:54:15.466667,7.841111116666666
58,2024-05-08 15:54:22.233333,2024-05-08 16:00:16.300000,5.901111116666667
58,2024-05-08 17:35:06.966667,2024-05-08 17:42:53.166667,7.77
59,2024-04-18 10:36:25.033333,2024-04-18 10:39:32.366667,3.122222233333334
59,2024-04-18 12:11:29.133333,2024-04-18 12:12:34.566667,1.0905555666666666
59,2024-04-18 12:12:35.366667,2024-04-18 12:22:29.600000,9.903888883333334
59,2024-04-28 10:30:40.233333,2024-04-28 10:48:15.366667,17.585555566666667
59,2024-04-30 12:01:17.333333,2024-04-30 12:06:32.766667,5.257222233333334
59,2024-05-06 17:40:01.066667,2024-05-06 18:03:27.233333,23.4361111
59,2024-05-06 18:29:24.066667,2024-05-06 18:31:00.833333,1.6127777666666667
59,2024-05-06 18:31:08.566667,2024-05-06 18:35:23.366667,4.246666666666667
59,2024-05-07 10:35:57.600000,2024-05-07 11:02:52.033333,26.907222216666664
59,2024-05-07 13:47:48.466667,2024-05-07 13:48:28.833333,0.6727777666666667
59,2024-05-08 09:40:18.100000,2024-05-08 09:46:28.100000,6.166666666666667
59,2024-05-08 09:50:28.566667,2024-05-08 09:54:42.333333,4.229444433333333
59,2024-05-08 09:55:05.233333,2024-05-08 09:59:52.566667,4.7888889
59,2024-05-08 09:59:57.866667,2024-05-08 10:23:08.533333,23.17777776666667
59,2024-05-08 10:23:13.466667,2024-05-08 10:47:47.033333,24.559444433333333
60,2024-04-16 18:22:06.233333,2024-04-16 18:24:41.366667,2.5855555666666663
60,2024-04-22 17:32:55.533333,2024-04-22 17:34:21.633333,1.4349999999999998
60,2024-04-23 09:00:49.700000,2024-04-23 09:02:02.500000,1.2133333333333334
60,2024-04-23 09:02:21.033333,2024-04-23 09:03:16.866667,0.9305555666666668
60,2024-04-23 10:43:22.266667,2024-04-23 11:02:54.100000,19.53055555
60,2024-04-23 11:12:34.133333,2024-04-23 11:35:46.200000,23.201111116666667
60,2024-04-23 16:35:32.966667,2024-04-23 16:50:44.866667,15.198333333333332
60,2024-04-24 10:45:41.566667,2024-04-24 10:55:13.300000,9.528888883333334
60,2024-04-24 10:56:23.266667,2024-04-24 10:58:33.866667,2.1766666666666667
60,2024-04-24 10:58:34.766667,2024-04-24 11:00:40.733333,2.0994444333333333
60,2024-04-24 12:40:03.533333,2024-04-24 12:53:58.900000,13.922777783333334
60,2024-04-24 13:04:07.866667,2024-04-24 13:07:56.733333,3.8144444333333336
60,2024-04-24 14:02:15.400000,2024-04-24 14:25:48.566667,23.552777783333333
60,2024-04-24 14:25:49.066667,2024-04-24 14:47:43.433333,21.906111099999997
60,2024-04-24 14:47:44.433333,2024-04-24 15:00:36.166667,12.862222233333334
60,2024-04-25 12:44:55.300000,2024-04-25 12:46:24.400000,1.485
60,2024-04-25 17:18:49.033333,2024-04-25 17:19:35.366667,0.7722222333333334
60,2024-04-28 09:57:55.000000,2024-04-28 10:12:08.333333,14.222222216666667
60,2024-04-28 10:18:26.600000,2024-04-28 10:38:08.166667,19.692777783333337
60,2024-04-29 18:54:41.400000,2024-04-29 18:58:22.033333,3.6772222166666664
60,2024-05-07 09:44:59.000000,2024-05-07 09:46:50.300000,1.855
60,2024-05-07 12:40:42.700000,2024-05-07 12:47:08.133333,6.423888883333333
60,2024-05-07 12:47:10.533333,2024-05-07 12:47:59.933333,0.8233333333333334
60,2024-05-07 16:08:26.600000,2024-05-07 16:18:36.333333,10.162222216666668
60,2024-05-07 16:24:50.933333,2024-05-07 16:26:03.033333,1.2016666666666669
60,2024-05-07 16:45:31.166667,2024-05-07 16:54:55.366667,9.403333333333334
60,2024-05-08 11:55:38.433333,2024-05-08 12:08:17.366667,12.6488889
60,2024-05-08 12:38:42.400000,2024-05-08 12:47:31.933333,8.825555549999999
60,2024-05-08 13:05:46.100000,2024-05-08 13:26:04.333333,20.303888883333332
60,2024-05-08 13:29:10.766667,2024-05-08 13:34:13.433333,5.044444433333334
60,2024-05-11 11:00:44.900000,2024-05-11 11:03:56.566667,3.19444445
60,2024-05-11 11:06:06.000000,2024-05-11 11:06:56.033333,0.8338888833333333
60,2024-05-11 11:20:20.566667,2024-05-11 11:25:11.100000,4.842222216666667
60,2024-05-11 11:25:45.766667,2024-05-11 11:26:20.833333,0.5844444333333333
60,2024-05-11 12:12:22.033333,2024-05-11 12:20:15.966667,7.8988889
60,2024-05-11 12:20:16.766667,2024-05-11 12:21:31.033333,1.2377777666666667
60,2024-05-12 12:25:58.200000,2024-05-12 12:26:29.600000,0.5233333333333333
60,2024-05-13 11:24:55.900000,2024-05-13 11:26:12.900000,1.2833333333333334
60,2024-05-13 11:31:57.933333,2024-05-13 11:32:35.466667,0.6255555666666666
60,2024-05-13 11:33:17.666667,2024-05-13 11:42:41.833333,9.402777766666668
60,2024-05-13 11:52:24.166667,2024-05-13 11:57:47.933333,5.3961111
60,2024-05-13 12:03:05.233333,2024-05-13 12:03:38.366667,0.5522222333333333
60,2024-05-13 12:08:16.266667,2024-05-13 12:12:28.833333,4.209444433333333
60,2024-05-13 12:19:33.866667,2024-05-13 12:20:16.600000,0.7122222166666667
60,2024-05-13 12:20:52.333333,2024-05-13 12:21:40.300000,0.79944445
60,2024-05-13 12:31:06.133333,2024-05-13 12:31:46.600000,0.67444445
60,2024-05-13 12:32:05.400000,2024-05-13 12:39:57.366667,7.866111116666667
60,2024-05-13 12:43:20.566667,2024-05-13 12:44:44.500000,1.3988888833333335
60,2024-05-13 12:44:45.733333,2024-05-13 12:46:08.533333,1.38
60,2024-05-13 12:48:25.466667,2024-05-13 12:49:56.466667,1.5166666666666666
60,2024-05-13 14:58:53.200000,2024-05-13 15:02:03.066667,3.16444445
60,2024-05-13 15:58:20.100000,2024-05-13 16:00:42.466667,2.3727777833333334
60,2024-05-13 16:02:14.433333,2024-05-13 16:14:08.100000,11.89444445
60,2024-05-14 11:05:16.800000,2024-05-14 11:24:29.833333,19.217222216666663
60,2024-05-15 15:51:04.266667,2024-05-15 16:04:31.333333,13.4511111
60,2024-05-15 16:22:23.966667,2024-05-15 16:45:57.966667,23.566666666666663
